mtllib sam_battery.mtl
o sam_battery
s 1
usemtl dark
v 0.050000 0.000000 0.050000
v 0.950000 0.000000 0.050000
v 0.950000 0.200000 0.050000
v 0.050000 0.200000 0.050000
vt 0.000000 0.000000
vt 1.000000 0.000000
vt 1.000000 1.000000
vt 0.000000 1.000000
f 1/1 2/2 3/3 4/4
v 0.950000 0.000000 0.950000
v 0.050000 0.000000 0.950000
v 0.050000 0.200000 0.950000
v 0.950000 0.200000 0.950000
vt 0.000000 0.000000
vt 1.000000 0.000000
vt 1.000000 1.000000
vt 0.000000 1.000000
f 5/5 6/6 7/7 8/8
v 0.050000 0.000000 0.950000
v 0.050000 0.000000 0.050000
v 0.050000 0.200000 0.050000
v 0.050000 0.200000 0.950000
vt 0.000000 0.000000
vt 1.000000 0.000000
vt 1.000000 1.000000
vt 0.000000 1.000000
f 9/9 10/10 11/11 12/12
v 0.950000 0.000000 0.050000
v 0.950000 0.000000 0.950000
v 0.950000 0.200000 0.950000
v 0.950000 0.200000 0.050000
vt 0.000000 0.000000
vt 1.000000 0.000000
vt 1.000000 1.000000
vt 0.000000 1.000000
f 13/13 14/14 15/15 16/16
v 0.050000 0.200000 0.050000
v 0.950000 0.200000 0.050000
v 0.950000 0.200000 0.950000
v 0.050000 0.200000 0.950000
vt 0.000000 0.000000
vt 1.000000 0.000000
vt 1.000000 1.000000
vt 0.000000 1.000000
f 17/17 18/18 19/19 20/20
v 0.050000 0.000000 0.950000
v 0.950000 0.000000 0.950000
v 0.950000 0.000000 0.050000
v 0.050000 0.000000 0.050000
vt 0.000000 0.000000
vt 1.000000 0.000000
vt 1.000000 1.000000
vt 0.000000 1.000000
f 21/21 22/22 23/23 24/24
usemtl body
v 0.500000 0.180000 0.190000
v 0.553831 0.180000 0.194710
v 0.553831 0.420000 0.194710
v 0.500000 0.420000 0.190000
vt 0.000000 0.000000
vt 1.000000 0.000000
vt 1.000000 1.000000
vt 0.000000 1.000000
f 25/25 26/26 27/27 28/28
v 0.500000 0.180000 0.500000
v 0.553831 0.180000 0.194710
v 0.500000 0.180000 0.190000
vt 0.000000 0.000000
vt 1.000000 0.000000
vt 1.000000 1.000000
f 29/29 30/30 31/31
v 0.500000 0.420000 0.500000
v 0.500000 0.420000 0.190000
v 0.553831 0.420000 0.194710
vt 0.000000 0.000000
vt 1.000000 0.000000
vt 1.000000 1.000000
f 32/32 33/33 34/34
v 0.553831 0.180000 0.194710
v 0.606026 0.180000 0.208695
v 0.606026 0.420000 0.208695
v 0.553831 0.420000 0.194710
vt 0.000000 0.000000
vt 1.000000 0.000000
vt 1.000000 1.000000
vt 0.000000 1.000000
f 35/35 36/36 37/37 38/38
v 0.500000 0.180000 0.500000
v 0.606026 0.180000 0.208695
v 0.553831 0.180000 0.194710
vt 0.000000 0.000000
vt 1.000000 0.000000
vt 1.000000 1.000000
f 39/39 40/40 41/41
v 0.500000 0.420000 0.500000
v 0.553831 0.420000 0.194710
v 0.606026 0.420000 0.208695
vt 0.000000 0.000000
vt 1.000000 0.000000
vt 1.000000 1.000000
f 42/42 43/43 44/44
v 0.606026 0.180000 0.208695
v 0.655000 0.180000 0.231532
v 0.655000 0.420000 0.231532
v 0.606026 0.420000 0.208695
vt 0.000000 0.000000
vt 1.000000 0.000000
vt 1.000000 1.000000
vt 0.000000 1.000000
f 45/45 46/46 47/47 48/48
v 0.500000 0.180000 0.500000
v 0.655000 0.180000 0.231532
v 0.606026 0.180000 0.208695
vt 0.000000 0.000000
vt 1.000000 0.000000
vt 1.000000 1.000000
f 49/49 50/50 51/51
v 0.500000 0.420000 0.500000
v 0.606026 0.420000 0.208695
v 0.655000 0.420000 0.231532
vt 0.000000 0.000000
vt 1.000000 0.000000
vt 1.000000 1.000000
f 52/52 53/53 54/54
v 0.655000 0.180000 0.231532
v 0.699264 0.180000 0.262526
v 0.699264 0.420000 0.262526
v 0.655000 0.420000 0.231532
vt 0.000000 0.000000
vt 1.000000 0.000000
vt 1.000000 1.000000
vt 0.000000 1.000000
f 55/55 56/56 57/57 58/58
v 0.500000 0.180000 0.500000
v 0.699264 0.180000 0.262526
v 0.655000 0.180000 0.231532
vt 0.000000 0.000000
vt 1.000000 0.000000
vt 1.000000 1.000000
f 59/59 60/60 61/61
v 0.500000 0.420000 0.500000
v 0.655000 0.420000 0.231532
v 0.699264 0.420000 0.262526
vt 0.000000 0.000000
vt 1.000000 0.000000
vt 1.000000 1.000000
f 62/62 63/63 64/64
v 0.699264 0.180000 0.262526
v 0.737474 0.180000 0.300736
v 0.737474 0.420000 0.300736
v 0.699264 0.420000 0.262526
vt 0.000000 0.000000
vt 1.000000 0.000000
vt 1.000000 1.000000
vt 0.000000 1.000000
f 65/65 66/66 67/67 68/68
v 0.500000 0.180000 0.500000
v 0.737474 0.180000 0.300736
v 0.699264 0.180000 0.262526
vt 0.000000 0.000000
vt 1.000000 0.000000
vt 1.000000 1.000000
f 69/69 70/70 71/71
v 0.500000 0.420000 0.500000
v 0.699264 0.420000 0.262526
v 0.737474 0.420000 0.300736
vt 0.000000 0.000000
vt 1.000000 0.000000
vt 1.000000 1.000000
f 72/72 73/73 74/74
v 0.737474 0.180000 0.300736
v 0.768468 0.180000 0.345000
v 0.768468 0.420000 0.345000
v 0.737474 0.420000 0.300736
vt 0.000000 0.000000
vt 1.000000 0.000000
vt 1.000000 1.000000
vt 0.000000 1.000000
f 75/75 76/76 77/77 78/78
v 0.500000 0.180000 0.500000
v 0.768468 0.180000 0.345000
v 0.737474 0.180000 0.300736
vt 0.000000 0.000000
vt 1.000000 0.000000
vt 1.000000 1.000000
f 79/79 80/80 81/81
v 0.500000 0.420000 0.500000
v 0.737474 0.420000 0.300736
v 0.768468 0.420000 0.345000
vt 0.000000 0.000000
vt 1.000000 0.000000
vt 1.000000 1.000000
f 82/82 83/83 84/84
v 0.768468 0.180000 0.345000
v 0.791305 0.180000 0.393974
v 0.791305 0.420000 0.393974
v 0.768468 0.420000 0.345000
vt 0.000000 0.000000
vt 1.000000 0.000000
vt 1.000000 1.000000
vt 0.000000 1.000000
f 85/85 86/86 87/87 88/88
v 0.500000 0.180000 0.500000
v 0.791305 0.180000 0.393974
v 0.768468 0.180000 0.345000
vt 0.000000 0.000000
vt 1.000000 0.000000
vt 1.000000 1.000000
f 89/89 90/90 91/91
v 0.500000 0.420000 0.500000
v 0.768468 0.420000 0.345000
v 0.791305 0.420000 0.393974
vt 0.000000 0.000000
vt 1.000000 0.000000
vt 1.000000 1.000000
f 92/92 93/93 94/94
v 0.791305 0.180000 0.393974
v 0.805290 0.180000 0.446169
v 0.805290 0.420000 0.446169
v 0.791305 0.420000 0.393974
vt 0.000000 0.000000
vt 1.000000 0.000000
vt 1.000000 1.000000
vt 0.000000 1.000000
f 95/95 96/96 97/97 98/98
v 0.500000 0.180000 0.500000
v 0.805290 0.180000 0.446169
v 0.791305 0.180000 0.393974
vt 0.000000 0.000000
vt 1.000000 0.000000
vt 1.000000 1.000000
f 99/99 100/100 101/101
v 0.500000 0.420000 0.500000
v 0.791305 0.420000 0.393974
v 0.805290 0.420000 0.446169
vt 0.000000 0.000000
vt 1.000000 0.000000
vt 1.000000 1.000000
f 102/102 103/103 104/104
v 0.805290 0.180000 0.446169
v 0.810000 0.180000 0.500000
v 0.810000 0.420000 0.500000
v 0.805290 0.420000 0.446169
vt 0.000000 0.000000
vt 1.000000 0.000000
vt 1.000000 1.000000
vt 0.000000 1.000000
f 105/105 106/106 107/107 108/108
v 0.500000 0.180000 0.500000
v 0.810000 0.180000 0.500000
v 0.805290 0.180000 0.446169
vt 0.000000 0.000000
vt 1.000000 0.000000
vt 1.000000 1.000000
f 109/109 110/110 111/111
v 0.500000 0.420000 0.500000
v 0.805290 0.420000 0.446169
v 0.810000 0.420000 0.500000
vt 0.000000 0.000000
vt 1.000000 0.000000
vt 1.000000 1.000000
f 112/112 113/113 114/114
v 0.810000 0.180000 0.500000
v 0.805290 0.180000 0.553831
v 0.805290 0.420000 0.553831
v 0.810000 0.420000 0.500000
vt 0.000000 0.000000
vt 1.000000 0.000000
vt 1.000000 1.000000
vt 0.000000 1.000000
f 115/115 116/116 117/117 118/118
v 0.500000 0.180000 0.500000
v 0.805290 0.180000 0.553831
v 0.810000 0.180000 0.500000
vt 0.000000 0.000000
vt 1.000000 0.000000
vt 1.000000 1.000000
f 119/119 120/120 121/121
v 0.500000 0.420000 0.500000
v 0.810000 0.420000 0.500000
v 0.805290 0.420000 0.553831
vt 0.000000 0.000000
vt 1.000000 0.000000
vt 1.000000 1.000000
f 122/122 123/123 124/124
v 0.805290 0.180000 0.553831
v 0.791305 0.180000 0.606026
v 0.791305 0.420000 0.606026
v 0.805290 0.420000 0.553831
vt 0.000000 0.000000
vt 1.000000 0.000000
vt 1.000000 1.000000
vt 0.000000 1.000000
f 125/125 126/126 127/127 128/128
v 0.500000 0.180000 0.500000
v 0.791305 0.180000 0.606026
v 0.805290 0.180000 0.553831
vt 0.000000 0.000000
vt 1.000000 0.000000
vt 1.000000 1.000000
f 129/129 130/130 131/131
v 0.500000 0.420000 0.500000
v 0.805290 0.420000 0.553831
v 0.791305 0.420000 0.606026
vt 0.000000 0.000000
vt 1.000000 0.000000
vt 1.000000 1.000000
f 132/132 133/133 134/134
v 0.791305 0.180000 0.606026
v 0.768468 0.180000 0.655000
v 0.768468 0.420000 0.655000
v 0.791305 0.420000 0.606026
vt 0.000000 0.000000
vt 1.000000 0.000000
vt 1.000000 1.000000
vt 0.000000 1.000000
f 135/135 136/136 137/137 138/138
v 0.500000 0.180000 0.500000
v 0.768468 0.180000 0.655000
v 0.791305 0.180000 0.606026
vt 0.000000 0.000000
vt 1.000000 0.000000
vt 1.000000 1.000000
f 139/139 140/140 141/141
v 0.500000 0.420000 0.500000
v 0.791305 0.420000 0.606026
v 0.768468 0.420000 0.655000
vt 0.000000 0.000000
vt 1.000000 0.000000
vt 1.000000 1.000000
f 142/142 143/143 144/144
v 0.768468 0.180000 0.655000
v 0.737474 0.180000 0.699264
v 0.737474 0.420000 0.699264
v 0.768468 0.420000 0.655000
vt 0.000000 0.000000
vt 1.000000 0.000000
vt 1.000000 1.000000
vt 0.000000 1.000000
f 145/145 146/146 147/147 148/148
v 0.500000 0.180000 0.500000
v 0.737474 0.180000 0.699264
v 0.768468 0.180000 0.655000
vt 0.000000 0.000000
vt 1.000000 0.000000
vt 1.000000 1.000000
f 149/149 150/150 151/151
v 0.500000 0.420000 0.500000
v 0.768468 0.420000 0.655000
v 0.737474 0.420000 0.699264
vt 0.000000 0.000000
vt 1.000000 0.000000
vt 1.000000 1.000000
f 152/152 153/153 154/154
v 0.737474 0.180000 0.699264
v 0.699264 0.180000 0.737474
v 0.699264 0.420000 0.737474
v 0.737474 0.420000 0.699264
vt 0.000000 0.000000
vt 1.000000 0.000000
vt 1.000000 1.000000
vt 0.000000 1.000000
f 155/155 156/156 157/157 158/158
v 0.500000 0.180000 0.500000
v 0.699264 0.180000 0.737474
v 0.737474 0.180000 0.699264
vt 0.000000 0.000000
vt 1.000000 0.000000
vt 1.000000 1.000000
f 159/159 160/160 161/161
v 0.500000 0.420000 0.500000
v 0.737474 0.420000 0.699264
v 0.699264 0.420000 0.737474
vt 0.000000 0.000000
vt 1.000000 0.000000
vt 1.000000 1.000000
f 162/162 163/163 164/164
v 0.699264 0.180000 0.737474
v 0.655000 0.180000 0.768468
v 0.655000 0.420000 0.768468
v 0.699264 0.420000 0.737474
vt 0.000000 0.000000
vt 1.000000 0.000000
vt 1.000000 1.000000
vt 0.000000 1.000000
f 165/165 166/166 167/167 168/168
v 0.500000 0.180000 0.500000
v 0.655000 0.180000 0.768468
v 0.699264 0.180000 0.737474
vt 0.000000 0.000000
vt 1.000000 0.000000
vt 1.000000 1.000000
f 169/169 170/170 171/171
v 0.500000 0.420000 0.500000
v 0.699264 0.420000 0.737474
v 0.655000 0.420000 0.768468
vt 0.000000 0.000000
vt 1.000000 0.000000
vt 1.000000 1.000000
f 172/172 173/173 174/174
v 0.655000 0.180000 0.768468
v 0.606026 0.180000 0.791305
v 0.606026 0.420000 0.791305
v 0.655000 0.420000 0.768468
vt 0.000000 0.000000
vt 1.000000 0.000000
vt 1.000000 1.000000
vt 0.000000 1.000000
f 175/175 176/176 177/177 178/178
v 0.500000 0.180000 0.500000
v 0.606026 0.180000 0.791305
v 0.655000 0.180000 0.768468
vt 0.000000 0.000000
vt 1.000000 0.000000
vt 1.000000 1.000000
f 179/179 180/180 181/181
v 0.500000 0.420000 0.500000
v 0.655000 0.420000 0.768468
v 0.606026 0.420000 0.791305
vt 0.000000 0.000000
vt 1.000000 0.000000
vt 1.000000 1.000000
f 182/182 183/183 184/184
v 0.606026 0.180000 0.791305
v 0.553831 0.180000 0.805290
v 0.553831 0.420000 0.805290
v 0.606026 0.420000 0.791305
vt 0.000000 0.000000
vt 1.000000 0.000000
vt 1.000000 1.000000
vt 0.000000 1.000000
f 185/185 186/186 187/187 188/188
v 0.500000 0.180000 0.500000
v 0.553831 0.180000 0.805290
v 0.606026 0.180000 0.791305
vt 0.000000 0.000000
vt 1.000000 0.000000
vt 1.000000 1.000000
f 189/189 190/190 191/191
v 0.500000 0.420000 0.500000
v 0.606026 0.420000 0.791305
v 0.553831 0.420000 0.805290
vt 0.000000 0.000000
vt 1.000000 0.000000
vt 1.000000 1.000000
f 192/192 193/193 194/194
v 0.553831 0.180000 0.805290
v 0.500000 0.180000 0.810000
v 0.500000 0.420000 0.810000
v 0.553831 0.420000 0.805290
vt 0.000000 0.000000
vt 1.000000 0.000000
vt 1.000000 1.000000
vt 0.000000 1.000000
f 195/195 196/196 197/197 198/198
v 0.500000 0.180000 0.500000
v 0.500000 0.180000 0.810000
v 0.553831 0.180000 0.805290
vt 0.000000 0.000000
vt 1.000000 0.000000
vt 1.000000 1.000000
f 199/199 200/200 201/201
v 0.500000 0.420000 0.500000
v 0.553831 0.420000 0.805290
v 0.500000 0.420000 0.810000
vt 0.000000 0.000000
vt 1.000000 0.000000
vt 1.000000 1.000000
f 202/202 203/203 204/204
v 0.500000 0.180000 0.810000
v 0.446169 0.180000 0.805290
v 0.446169 0.420000 0.805290
v 0.500000 0.420000 0.810000
vt 0.000000 0.000000
vt 1.000000 0.000000
vt 1.000000 1.000000
vt 0.000000 1.000000
f 205/205 206/206 207/207 208/208
v 0.500000 0.180000 0.500000
v 0.446169 0.180000 0.805290
v 0.500000 0.180000 0.810000
vt 0.000000 0.000000
vt 1.000000 0.000000
vt 1.000000 1.000000
f 209/209 210/210 211/211
v 0.500000 0.420000 0.500000
v 0.500000 0.420000 0.810000
v 0.446169 0.420000 0.805290
vt 0.000000 0.000000
vt 1.000000 0.000000
vt 1.000000 1.000000
f 212/212 213/213 214/214
v 0.446169 0.180000 0.805290
v 0.393974 0.180000 0.791305
v 0.393974 0.420000 0.791305
v 0.446169 0.420000 0.805290
vt 0.000000 0.000000
vt 1.000000 0.000000
vt 1.000000 1.000000
vt 0.000000 1.000000
f 215/215 216/216 217/217 218/218
v 0.500000 0.180000 0.500000
v 0.393974 0.180000 0.791305
v 0.446169 0.180000 0.805290
vt 0.000000 0.000000
vt 1.000000 0.000000
vt 1.000000 1.000000
f 219/219 220/220 221/221
v 0.500000 0.420000 0.500000
v 0.446169 0.420000 0.805290
v 0.393974 0.420000 0.791305
vt 0.000000 0.000000
vt 1.000000 0.000000
vt 1.000000 1.000000
f 222/222 223/223 224/224
v 0.393974 0.180000 0.791305
v 0.345000 0.180000 0.768468
v 0.345000 0.420000 0.768468
v 0.393974 0.420000 0.791305
vt 0.000000 0.000000
vt 1.000000 0.000000
vt 1.000000 1.000000
vt 0.000000 1.000000
f 225/225 226/226 227/227 228/228
v 0.500000 0.180000 0.500000
v 0.345000 0.180000 0.768468
v 0.393974 0.180000 0.791305
vt 0.000000 0.000000
vt 1.000000 0.000000
vt 1.000000 1.000000
f 229/229 230/230 231/231
v 0.500000 0.420000 0.500000
v 0.393974 0.420000 0.791305
v 0.345000 0.420000 0.768468
vt 0.000000 0.000000
vt 1.000000 0.000000
vt 1.000000 1.000000
f 232/232 233/233 234/234
v 0.345000 0.180000 0.768468
v 0.300736 0.180000 0.737474
v 0.300736 0.420000 0.737474
v 0.345000 0.420000 0.768468
vt 0.000000 0.000000
vt 1.000000 0.000000
vt 1.000000 1.000000
vt 0.000000 1.000000
f 235/235 236/236 237/237 238/238
v 0.500000 0.180000 0.500000
v 0.300736 0.180000 0.737474
v 0.345000 0.180000 0.768468
vt 0.000000 0.000000
vt 1.000000 0.000000
vt 1.000000 1.000000
f 239/239 240/240 241/241
v 0.500000 0.420000 0.500000
v 0.345000 0.420000 0.768468
v 0.300736 0.420000 0.737474
vt 0.000000 0.000000
vt 1.000000 0.000000
vt 1.000000 1.000000
f 242/242 243/243 244/244
v 0.300736 0.180000 0.737474
v 0.262526 0.180000 0.699264
v 0.262526 0.420000 0.699264
v 0.300736 0.420000 0.737474
vt 0.000000 0.000000
vt 1.000000 0.000000
vt 1.000000 1.000000
vt 0.000000 1.000000
f 245/245 246/246 247/247 248/248
v 0.500000 0.180000 0.500000
v 0.262526 0.180000 0.699264
v 0.300736 0.180000 0.737474
vt 0.000000 0.000000
vt 1.000000 0.000000
vt 1.000000 1.000000
f 249/249 250/250 251/251
v 0.500000 0.420000 0.500000
v 0.300736 0.420000 0.737474
v 0.262526 0.420000 0.699264
vt 0.000000 0.000000
vt 1.000000 0.000000
vt 1.000000 1.000000
f 252/252 253/253 254/254
v 0.262526 0.180000 0.699264
v 0.231532 0.180000 0.655000
v 0.231532 0.420000 0.655000
v 0.262526 0.420000 0.699264
vt 0.000000 0.000000
vt 1.000000 0.000000
vt 1.000000 1.000000
vt 0.000000 1.000000
f 255/255 256/256 257/257 258/258
v 0.500000 0.180000 0.500000
v 0.231532 0.180000 0.655000
v 0.262526 0.180000 0.699264
vt 0.000000 0.000000
vt 1.000000 0.000000
vt 1.000000 1.000000
f 259/259 260/260 261/261
v 0.500000 0.420000 0.500000
v 0.262526 0.420000 0.699264
v 0.231532 0.420000 0.655000
vt 0.000000 0.000000
vt 1.000000 0.000000
vt 1.000000 1.000000
f 262/262 263/263 264/264
v 0.231532 0.180000 0.655000
v 0.208695 0.180000 0.606026
v 0.208695 0.420000 0.606026
v 0.231532 0.420000 0.655000
vt 0.000000 0.000000
vt 1.000000 0.000000
vt 1.000000 1.000000
vt 0.000000 1.000000
f 265/265 266/266 267/267 268/268
v 0.500000 0.180000 0.500000
v 0.208695 0.180000 0.606026
v 0.231532 0.180000 0.655000
vt 0.000000 0.000000
vt 1.000000 0.000000
vt 1.000000 1.000000
f 269/269 270/270 271/271
v 0.500000 0.420000 0.500000
v 0.231532 0.420000 0.655000
v 0.208695 0.420000 0.606026
vt 0.000000 0.000000
vt 1.000000 0.000000
vt 1.000000 1.000000
f 272/272 273/273 274/274
v 0.208695 0.180000 0.606026
v 0.194710 0.180000 0.553831
v 0.194710 0.420000 0.553831
v 0.208695 0.420000 0.606026
vt 0.000000 0.000000
vt 1.000000 0.000000
vt 1.000000 1.000000
vt 0.000000 1.000000
f 275/275 276/276 277/277 278/278
v 0.500000 0.180000 0.500000
v 0.194710 0.180000 0.553831
v 0.208695 0.180000 0.606026
vt 0.000000 0.000000
vt 1.000000 0.000000
vt 1.000000 1.000000
f 279/279 280/280 281/281
v 0.500000 0.420000 0.500000
v 0.208695 0.420000 0.606026
v 0.194710 0.420000 0.553831
vt 0.000000 0.000000
vt 1.000000 0.000000
vt 1.000000 1.000000
f 282/282 283/283 284/284
v 0.194710 0.180000 0.553831
v 0.190000 0.180000 0.500000
v 0.190000 0.420000 0.500000
v 0.194710 0.420000 0.553831
vt 0.000000 0.000000
vt 1.000000 0.000000
vt 1.000000 1.000000
vt 0.000000 1.000000
f 285/285 286/286 287/287 288/288
v 0.500000 0.180000 0.500000
v 0.190000 0.180000 0.500000
v 0.194710 0.180000 0.553831
vt 0.000000 0.000000
vt 1.000000 0.000000
vt 1.000000 1.000000
f 289/289 290/290 291/291
v 0.500000 0.420000 0.500000
v 0.194710 0.420000 0.553831
v 0.190000 0.420000 0.500000
vt 0.000000 0.000000
vt 1.000000 0.000000
vt 1.000000 1.000000
f 292/292 293/293 294/294
v 0.190000 0.180000 0.500000
v 0.194710 0.180000 0.446169
v 0.194710 0.420000 0.446169
v 0.190000 0.420000 0.500000
vt 0.000000 0.000000
vt 1.000000 0.000000
vt 1.000000 1.000000
vt 0.000000 1.000000
f 295/295 296/296 297/297 298/298
v 0.500000 0.180000 0.500000
v 0.194710 0.180000 0.446169
v 0.190000 0.180000 0.500000
vt 0.000000 0.000000
vt 1.000000 0.000000
vt 1.000000 1.000000
f 299/299 300/300 301/301
v 0.500000 0.420000 0.500000
v 0.190000 0.420000 0.500000
v 0.194710 0.420000 0.446169
vt 0.000000 0.000000
vt 1.000000 0.000000
vt 1.000000 1.000000
f 302/302 303/303 304/304
v 0.194710 0.180000 0.446169
v 0.208695 0.180000 0.393974
v 0.208695 0.420000 0.393974
v 0.194710 0.420000 0.446169
vt 0.000000 0.000000
vt 1.000000 0.000000
vt 1.000000 1.000000
vt 0.000000 1.000000
f 305/305 306/306 307/307 308/308
v 0.500000 0.180000 0.500000
v 0.208695 0.180000 0.393974
v 0.194710 0.180000 0.446169
vt 0.000000 0.000000
vt 1.000000 0.000000
vt 1.000000 1.000000
f 309/309 310/310 311/311
v 0.500000 0.420000 0.500000
v 0.194710 0.420000 0.446169
v 0.208695 0.420000 0.393974
vt 0.000000 0.000000
vt 1.000000 0.000000
vt 1.000000 1.000000
f 312/312 313/313 314/314
v 0.208695 0.180000 0.393974
v 0.231532 0.180000 0.345000
v 0.231532 0.420000 0.345000
v 0.208695 0.420000 0.393974
vt 0.000000 0.000000
vt 1.000000 0.000000
vt 1.000000 1.000000
vt 0.000000 1.000000
f 315/315 316/316 317/317 318/318
v 0.500000 0.180000 0.500000
v 0.231532 0.180000 0.345000
v 0.208695 0.180000 0.393974
vt 0.000000 0.000000
vt 1.000000 0.000000
vt 1.000000 1.000000
f 319/319 320/320 321/321
v 0.500000 0.420000 0.500000
v 0.208695 0.420000 0.393974
v 0.231532 0.420000 0.345000
vt 0.000000 0.000000
vt 1.000000 0.000000
vt 1.000000 1.000000
f 322/322 323/323 324/324
v 0.231532 0.180000 0.345000
v 0.262526 0.180000 0.300736
v 0.262526 0.420000 0.300736
v 0.231532 0.420000 0.345000
vt 0.000000 0.000000
vt 1.000000 0.000000
vt 1.000000 1.000000
vt 0.000000 1.000000
f 325/325 326/326 327/327 328/328
v 0.500000 0.180000 0.500000
v 0.262526 0.180000 0.300736
v 0.231532 0.180000 0.345000
vt 0.000000 0.000000
vt 1.000000 0.000000
vt 1.000000 1.000000
f 329/329 330/330 331/331
v 0.500000 0.420000 0.500000
v 0.231532 0.420000 0.345000
v 0.262526 0.420000 0.300736
vt 0.000000 0.000000
vt 1.000000 0.000000
vt 1.000000 1.000000
f 332/332 333/333 334/334
v 0.262526 0.180000 0.300736
v 0.300736 0.180000 0.262526
v 0.300736 0.420000 0.262526
v 0.262526 0.420000 0.300736
vt 0.000000 0.000000
vt 1.000000 0.000000
vt 1.000000 1.000000
vt 0.000000 1.000000
f 335/335 336/336 337/337 338/338
v 0.500000 0.180000 0.500000
v 0.300736 0.180000 0.262526
v 0.262526 0.180000 0.300736
vt 0.000000 0.000000
vt 1.000000 0.000000
vt 1.000000 1.000000
f 339/339 340/340 341/341
v 0.500000 0.420000 0.500000
v 0.262526 0.420000 0.300736
v 0.300736 0.420000 0.262526
vt 0.000000 0.000000
vt 1.000000 0.000000
vt 1.000000 1.000000
f 342/342 343/343 344/344
v 0.300736 0.180000 0.262526
v 0.345000 0.180000 0.231532
v 0.345000 0.420000 0.231532
v 0.300736 0.420000 0.262526
vt 0.000000 0.000000
vt 1.000000 0.000000
vt 1.000000 1.000000
vt 0.000000 1.000000
f 345/345 346/346 347/347 348/348
v 0.500000 0.180000 0.500000
v 0.345000 0.180000 0.231532
v 0.300736 0.180000 0.262526
vt 0.000000 0.000000
vt 1.000000 0.000000
vt 1.000000 1.000000
f 349/349 350/350 351/351
v 0.500000 0.420000 0.500000
v 0.300736 0.420000 0.262526
v 0.345000 0.420000 0.231532
vt 0.000000 0.000000
vt 1.000000 0.000000
vt 1.000000 1.000000
f 352/352 353/353 354/354
v 0.345000 0.180000 0.231532
v 0.393974 0.180000 0.208695
v 0.393974 0.420000 0.208695
v 0.345000 0.420000 0.231532
vt 0.000000 0.000000
vt 1.000000 0.000000
vt 1.000000 1.000000
vt 0.000000 1.000000
f 355/355 356/356 357/357 358/358
v 0.500000 0.180000 0.500000
v 0.393974 0.180000 0.208695
v 0.345000 0.180000 0.231532
vt 0.000000 0.000000
vt 1.000000 0.000000
vt 1.000000 1.000000
f 359/359 360/360 361/361
v 0.500000 0.420000 0.500000
v 0.345000 0.420000 0.231532
v 0.393974 0.420000 0.208695
vt 0.000000 0.000000
vt 1.000000 0.000000
vt 1.000000 1.000000
f 362/362 363/363 364/364
v 0.393974 0.180000 0.208695
v 0.446169 0.180000 0.194710
v 0.446169 0.420000 0.194710
v 0.393974 0.420000 0.208695
vt 0.000000 0.000000
vt 1.000000 0.000000
vt 1.000000 1.000000
vt 0.000000 1.000000
f 365/365 366/366 367/367 368/368
v 0.500000 0.180000 0.500000
v 0.446169 0.180000 0.194710
v 0.393974 0.180000 0.208695
vt 0.000000 0.000000
vt 1.000000 0.000000
vt 1.000000 1.000000
f 369/369 370/370 371/371
v 0.500000 0.420000 0.500000
v 0.393974 0.420000 0.208695
v 0.446169 0.420000 0.194710
vt 0.000000 0.000000
vt 1.000000 0.000000
vt 1.000000 1.000000
f 372/372 373/373 374/374
v 0.446169 0.180000 0.194710
v 0.500000 0.180000 0.190000
v 0.500000 0.420000 0.190000
v 0.446169 0.420000 0.194710
vt 0.000000 0.000000
vt 1.000000 0.000000
vt 1.000000 1.000000
vt 0.000000 1.000000
f 375/375 376/376 377/377 378/378
v 0.500000 0.180000 0.500000
v 0.500000 0.180000 0.190000
v 0.446169 0.180000 0.194710
vt 0.000000 0.000000
vt 1.000000 0.000000
vt 1.000000 1.000000
f 379/379 380/380 381/381
v 0.500000 0.420000 0.500000
v 0.446169 0.420000 0.194710
v 0.500000 0.420000 0.190000
vt 0.000000 0.000000
vt 1.000000 0.000000
vt 1.000000 1.000000
f 382/382 383/383 384/384
v 0.405000 0.420000 0.620000
v 0.402785 0.428422 0.634563
v 0.402785 1.258422 0.154563
v 0.405000 1.250000 0.140000
vt 0.000000 0.000000
vt 1.000000 0.000000
vt 1.000000 1.000000
vt 0.000000 1.000000
f 385/385 386/386 387/387 388/388
v 0.340000 0.420000 0.620000
v 0.402785 0.428422 0.634563
v 0.405000 0.420000 0.620000
vt 0.000000 0.000000
vt 1.000000 0.000000
vt 1.000000 1.000000
f 389/389 390/390 391/391
v 0.340000 1.250000 0.140000
v 0.405000 1.250000 0.140000
v 0.402785 1.258422 0.154563
vt 0.000000 0.000000
vt 1.000000 0.000000
vt 1.000000 1.000000
f 392/392 393/393 394/394
v 0.402785 0.428422 0.634563
v 0.396292 0.436270 0.648134
v 0.396292 1.266270 0.168134
v 0.402785 1.258422 0.154563
vt 0.000000 0.000000
vt 1.000000 0.000000
vt 1.000000 1.000000
vt 0.000000 1.000000
f 395/395 396/396 397/397 398/398
v 0.340000 0.420000 0.620000
v 0.396292 0.436270 0.648134
v 0.402785 0.428422 0.634563
vt 0.000000 0.000000
vt 1.000000 0.000000
vt 1.000000 1.000000
f 399/399 400/400 401/401
v 0.340000 1.250000 0.140000
v 0.402785 1.258422 0.154563
v 0.396292 1.266270 0.168134
vt 0.000000 0.000000
vt 1.000000 0.000000
vt 1.000000 1.000000
f 402/402 403/403 404/404
v 0.396292 0.436270 0.648134
v 0.385962 0.443010 0.659788
v 0.385962 1.273010 0.179788
v 0.396292 1.266270 0.168134
vt 0.000000 0.000000
vt 1.000000 0.000000
vt 1.000000 1.000000
vt 0.000000 1.000000
f 405/405 406/406 407/407 408/408
v 0.340000 0.420000 0.620000
v 0.385962 0.443010 0.659788
v 0.396292 0.436270 0.648134
vt 0.000000 0.000000
vt 1.000000 0.000000
vt 1.000000 1.000000
f 409/409 410/410 411/411
v 0.340000 1.250000 0.140000
v 0.396292 1.266270 0.168134
v 0.385962 1.273010 0.179788
vt 0.000000 0.000000
vt 1.000000 0.000000
vt 1.000000 1.000000
f 412/412 413/413 414/414
v 0.385962 0.443010 0.659788
v 0.372500 0.448181 0.668730
v 0.372500 1.278181 0.188730
v 0.385962 1.273010 0.179788
vt 0.000000 0.000000
vt 1.000000 0.000000
vt 1.000000 1.000000
vt 0.000000 1.000000
f 415/415 416/416 417/417 418/418
v 0.340000 0.420000 0.620000
v 0.372500 0.448181 0.668730
v 0.385962 0.443010 0.659788
vt 0.000000 0.000000
vt 1.000000 0.000000
vt 1.000000 1.000000
f 419/419 420/420 421/421
v 0.340000 1.250000 0.140000
v 0.385962 1.273010 0.179788
v 0.372500 1.278181 0.188730
vt 0.000000 0.000000
vt 1.000000 0.000000
vt 1.000000 1.000000
f 422/422 423/423 424/424
v 0.372500 0.448181 0.668730
v 0.356823 0.451432 0.674351
v 0.356823 1.281432 0.194351
v 0.372500 1.278181 0.188730
vt 0.000000 0.000000
vt 1.000000 0.000000
vt 1.000000 1.000000
vt 0.000000 1.000000
f 425/425 426/426 427/427 428/428
v 0.340000 0.420000 0.620000
v 0.356823 0.451432 0.674351
v 0.372500 0.448181 0.668730
vt 0.000000 0.000000
vt 1.000000 0.000000
vt 1.000000 1.000000
f 429/429 430/430 431/431
v 0.340000 1.250000 0.140000
v 0.372500 1.278181 0.188730
v 0.356823 1.281432 0.194351
vt 0.000000 0.000000
vt 1.000000 0.000000
vt 1.000000 1.000000
f 432/432 433/433 434/434
v 0.356823 0.451432 0.674351
v 0.340000 0.452541 0.676268
v 0.340000 1.282541 0.196268
v 0.356823 1.281432 0.194351
vt 0.000000 0.000000
vt 1.000000 0.000000
vt 1.000000 1.000000
vt 0.000000 1.000000
f 435/435 436/436 437/437 438/438
v 0.340000 0.420000 0.620000
v 0.340000 0.452541 0.676268
v 0.356823 0.451432 0.674351
vt 0.000000 0.000000
vt 1.000000 0.000000
vt 1.000000 1.000000
f 439/439 440/440 441/441
v 0.340000 1.250000 0.140000
v 0.356823 1.281432 0.194351
v 0.340000 1.282541 0.196268
vt 0.000000 0.000000
vt 1.000000 0.000000
vt 1.000000 1.000000
f 442/442 443/443 444/444
v 0.340000 0.452541 0.676268
v 0.323177 0.451432 0.674351
v 0.323177 1.281432 0.194351
v 0.340000 1.282541 0.196268
vt 0.000000 0.000000
vt 1.000000 0.000000
vt 1.000000 1.000000
vt 0.000000 1.000000
f 445/445 446/446 447/447 448/448
v 0.340000 0.420000 0.620000
v 0.323177 0.451432 0.674351
v 0.340000 0.452541 0.676268
vt 0.000000 0.000000
vt 1.000000 0.000000
vt 1.000000 1.000000
f 449/449 450/450 451/451
v 0.340000 1.250000 0.140000
v 0.340000 1.282541 0.196268
v 0.323177 1.281432 0.194351
vt 0.000000 0.000000
vt 1.000000 0.000000
vt 1.000000 1.000000
f 452/452 453/453 454/454
v 0.323177 0.451432 0.674351
v 0.307500 0.448181 0.668730
v 0.307500 1.278181 0.188730
v 0.323177 1.281432 0.194351
vt 0.000000 0.000000
vt 1.000000 0.000000
vt 1.000000 1.000000
vt 0.000000 1.000000
f 455/455 456/456 457/457 458/458
v 0.340000 0.420000 0.620000
v 0.307500 0.448181 0.668730
v 0.323177 0.451432 0.674351
vt 0.000000 0.000000
vt 1.000000 0.000000
vt 1.000000 1.000000
f 459/459 460/460 461/461
v 0.340000 1.250000 0.140000
v 0.323177 1.281432 0.194351
v 0.307500 1.278181 0.188730
vt 0.000000 0.000000
vt 1.000000 0.000000
vt 1.000000 1.000000
f 462/462 463/463 464/464
v 0.307500 0.448181 0.668730
v 0.294038 0.443010 0.659788
v 0.294038 1.273010 0.179788
v 0.307500 1.278181 0.188730
vt 0.000000 0.000000
vt 1.000000 0.000000
vt 1.000000 1.000000
vt 0.000000 1.000000
f 465/465 466/466 467/467 468/468
v 0.340000 0.420000 0.620000
v 0.294038 0.443010 0.659788
v 0.307500 0.448181 0.668730
vt 0.000000 0.000000
vt 1.000000 0.000000
vt 1.000000 1.000000
f 469/469 470/470 471/471
v 0.340000 1.250000 0.140000
v 0.307500 1.278181 0.188730
v 0.294038 1.273010 0.179788
vt 0.000000 0.000000
vt 1.000000 0.000000
vt 1.000000 1.000000
f 472/472 473/473 474/474
v 0.294038 0.443010 0.659788
v 0.283708 0.436270 0.648134
v 0.283708 1.266270 0.168134
v 0.294038 1.273010 0.179788
vt 0.000000 0.000000
vt 1.000000 0.000000
vt 1.000000 1.000000
vt 0.000000 1.000000
f 475/475 476/476 477/477 478/478
v 0.340000 0.420000 0.620000
v 0.283708 0.436270 0.648134
v 0.294038 0.443010 0.659788
vt 0.000000 0.000000
vt 1.000000 0.000000
vt 1.000000 1.000000
f 479/479 480/480 481/481
v 0.340000 1.250000 0.140000
v 0.294038 1.273010 0.179788
v 0.283708 1.266270 0.168134
vt 0.000000 0.000000
vt 1.000000 0.000000
vt 1.000000 1.000000
f 482/482 483/483 484/484
v 0.283708 0.436270 0.648134
v 0.277215 0.428422 0.634563
v 0.277215 1.258422 0.154563
v 0.283708 1.266270 0.168134
vt 0.000000 0.000000
vt 1.000000 0.000000
vt 1.000000 1.000000
vt 0.000000 1.000000
f 485/485 486/486 487/487 488/488
v 0.340000 0.420000 0.620000
v 0.277215 0.428422 0.634563
v 0.283708 0.436270 0.648134
vt 0.000000 0.000000
vt 1.000000 0.000000
vt 1.000000 1.000000
f 489/489 490/490 491/491
v 0.340000 1.250000 0.140000
v 0.283708 1.266270 0.168134
v 0.277215 1.258422 0.154563
vt 0.000000 0.000000
vt 1.000000 0.000000
vt 1.000000 1.000000
f 492/492 493/493 494/494
v 0.277215 0.428422 0.634563
v 0.275000 0.420000 0.620000
v 0.275000 1.250000 0.140000
v 0.277215 1.258422 0.154563
vt 0.000000 0.000000
vt 1.000000 0.000000
vt 1.000000 1.000000
vt 0.000000 1.000000
f 495/495 496/496 497/497 498/498
v 0.340000 0.420000 0.620000
v 0.275000 0.420000 0.620000
v 0.277215 0.428422 0.634563
vt 0.000000 0.000000
vt 1.000000 0.000000
vt 1.000000 1.000000
f 499/499 500/500 501/501
v 0.340000 1.250000 0.140000
v 0.277215 1.258422 0.154563
v 0.275000 1.250000 0.140000
vt 0.000000 0.000000
vt 1.000000 0.000000
vt 1.000000 1.000000
f 502/502 503/503 504/504
v 0.275000 0.420000 0.620000
v 0.277215 0.411578 0.605437
v 0.277215 1.241578 0.125437
v 0.275000 1.250000 0.140000
vt 0.000000 0.000000
vt 1.000000 0.000000
vt 1.000000 1.000000
vt 0.000000 1.000000
f 505/505 506/506 507/507 508/508
v 0.340000 0.420000 0.620000
v 0.277215 0.411578 0.605437
v 0.275000 0.420000 0.620000
vt 0.000000 0.000000
vt 1.000000 0.000000
vt 1.000000 1.000000
f 509/509 510/510 511/511
v 0.340000 1.250000 0.140000
v 0.275000 1.250000 0.140000
v 0.277215 1.241578 0.125437
vt 0.000000 0.000000
vt 1.000000 0.000000
vt 1.000000 1.000000
f 512/512 513/513 514/514
v 0.277215 0.411578 0.605437
v 0.283708 0.403730 0.591866
v 0.283708 1.233730 0.111866
v 0.277215 1.241578 0.125437
vt 0.000000 0.000000
vt 1.000000 0.000000
vt 1.000000 1.000000
vt 0.000000 1.000000
f 515/515 516/516 517/517 518/518
v 0.340000 0.420000 0.620000
v 0.283708 0.403730 0.591866
v 0.277215 0.411578 0.605437
vt 0.000000 0.000000
vt 1.000000 0.000000
vt 1.000000 1.000000
f 519/519 520/520 521/521
v 0.340000 1.250000 0.140000
v 0.277215 1.241578 0.125437
v 0.283708 1.233730 0.111866
vt 0.000000 0.000000
vt 1.000000 0.000000
vt 1.000000 1.000000
f 522/522 523/523 524/524
v 0.283708 0.403730 0.591866
v 0.294038 0.396990 0.580212
v 0.294038 1.226990 0.100212
v 0.283708 1.233730 0.111866
vt 0.000000 0.000000
vt 1.000000 0.000000
vt 1.000000 1.000000
vt 0.000000 1.000000
f 525/525 526/526 527/527 528/528
v 0.340000 0.420000 0.620000
v 0.294038 0.396990 0.580212
v 0.283708 0.403730 0.591866
vt 0.000000 0.000000
vt 1.000000 0.000000
vt 1.000000 1.000000
f 529/529 530/530 531/531
v 0.340000 1.250000 0.140000
v 0.283708 1.233730 0.111866
v 0.294038 1.226990 0.100212
vt 0.000000 0.000000
vt 1.000000 0.000000
vt 1.000000 1.000000
f 532/532 533/533 534/534
v 0.294038 0.396990 0.580212
v 0.307500 0.391819 0.571270
v 0.307500 1.221819 0.091270
v 0.294038 1.226990 0.100212
vt 0.000000 0.000000
vt 1.000000 0.000000
vt 1.000000 1.000000
vt 0.000000 1.000000
f 535/535 536/536 537/537 538/538
v 0.340000 0.420000 0.620000
v 0.307500 0.391819 0.571270
v 0.294038 0.396990 0.580212
vt 0.000000 0.000000
vt 1.000000 0.000000
vt 1.000000 1.000000
f 539/539 540/540 541/541
v 0.340000 1.250000 0.140000
v 0.294038 1.226990 0.100212
v 0.307500 1.221819 0.091270
vt 0.000000 0.000000
vt 1.000000 0.000000
vt 1.000000 1.000000
f 542/542 543/543 544/544
v 0.307500 0.391819 0.571270
v 0.323177 0.388568 0.565649
v 0.323177 1.218568 0.085649
v 0.307500 1.221819 0.091270
vt 0.000000 0.000000
vt 1.000000 0.000000
vt 1.000000 1.000000
vt 0.000000 1.000000
f 545/545 546/546 547/547 548/548
v 0.340000 0.420000 0.620000
v 0.323177 0.388568 0.565649
v 0.307500 0.391819 0.571270
vt 0.000000 0.000000
vt 1.000000 0.000000
vt 1.000000 1.000000
f 549/549 550/550 551/551
v 0.340000 1.250000 0.140000
v 0.307500 1.221819 0.091270
v 0.323177 1.218568 0.085649
vt 0.000000 0.000000
vt 1.000000 0.000000
vt 1.000000 1.000000
f 552/552 553/553 554/554
v 0.323177 0.388568 0.565649
v 0.340000 0.387459 0.563732
v 0.340000 1.217459 0.083732
v 0.323177 1.218568 0.085649
vt 0.000000 0.000000
vt 1.000000 0.000000
vt 1.000000 1.000000
vt 0.000000 1.000000
f 555/555 556/556 557/557 558/558
v 0.340000 0.420000 0.620000
v 0.340000 0.387459 0.563732
v 0.323177 0.388568 0.565649
vt 0.000000 0.000000
vt 1.000000 0.000000
vt 1.000000 1.000000
f 559/559 560/560 561/561
v 0.340000 1.250000 0.140000
v 0.323177 1.218568 0.085649
v 0.340000 1.217459 0.083732
vt 0.000000 0.000000
vt 1.000000 0.000000
vt 1.000000 1.000000
f 562/562 563/563 564/564
v 0.340000 0.387459 0.563732
v 0.356823 0.388568 0.565649
v 0.356823 1.218568 0.085649
v 0.340000 1.217459 0.083732
vt 0.000000 0.000000
vt 1.000000 0.000000
vt 1.000000 1.000000
vt 0.000000 1.000000
f 565/565 566/566 567/567 568/568
v 0.340000 0.420000 0.620000
v 0.356823 0.388568 0.565649
v 0.340000 0.387459 0.563732
vt 0.000000 0.000000
vt 1.000000 0.000000
vt 1.000000 1.000000
f 569/569 570/570 571/571
v 0.340000 1.250000 0.140000
v 0.340000 1.217459 0.083732
v 0.356823 1.218568 0.085649
vt 0.000000 0.000000
vt 1.000000 0.000000
vt 1.000000 1.000000
f 572/572 573/573 574/574
v 0.356823 0.388568 0.565649
v 0.372500 0.391819 0.571270
v 0.372500 1.221819 0.091270
v 0.356823 1.218568 0.085649
vt 0.000000 0.000000
vt 1.000000 0.000000
vt 1.000000 1.000000
vt 0.000000 1.000000
f 575/575 576/576 577/577 578/578
v 0.340000 0.420000 0.620000
v 0.372500 0.391819 0.571270
v 0.356823 0.388568 0.565649
vt 0.000000 0.000000
vt 1.000000 0.000000
vt 1.000000 1.000000
f 579/579 580/580 581/581
v 0.340000 1.250000 0.140000
v 0.356823 1.218568 0.085649
v 0.372500 1.221819 0.091270
vt 0.000000 0.000000
vt 1.000000 0.000000
vt 1.000000 1.000000
f 582/582 583/583 584/584
v 0.372500 0.391819 0.571270
v 0.385962 0.396990 0.580212
v 0.385962 1.226990 0.100212
v 0.372500 1.221819 0.091270
vt 0.000000 0.000000
vt 1.000000 0.000000
vt 1.000000 1.000000
vt 0.000000 1.000000
f 585/585 586/586 587/587 588/588
v 0.340000 0.420000 0.620000
v 0.385962 0.396990 0.580212
v 0.372500 0.391819 0.571270
vt 0.000000 0.000000
vt 1.000000 0.000000
vt 1.000000 1.000000
f 589/589 590/590 591/591
v 0.340000 1.250000 0.140000
v 0.372500 1.221819 0.091270
v 0.385962 1.226990 0.100212
vt 0.000000 0.000000
vt 1.000000 0.000000
vt 1.000000 1.000000
f 592/592 593/593 594/594
v 0.385962 0.396990 0.580212
v 0.396292 0.403730 0.591866
v 0.396292 1.233730 0.111866
v 0.385962 1.226990 0.100212
vt 0.000000 0.000000
vt 1.000000 0.000000
vt 1.000000 1.000000
vt 0.000000 1.000000
f 595/595 596/596 597/597 598/598
v 0.340000 0.420000 0.620000
v 0.396292 0.403730 0.591866
v 0.385962 0.396990 0.580212
vt 0.000000 0.000000
vt 1.000000 0.000000
vt 1.000000 1.000000
f 599/599 600/600 601/601
v 0.340000 1.250000 0.140000
v 0.385962 1.226990 0.100212
v 0.396292 1.233730 0.111866
vt 0.000000 0.000000
vt 1.000000 0.000000
vt 1.000000 1.000000
f 602/602 603/603 604/604
v 0.396292 0.403730 0.591866
v 0.402785 0.411578 0.605437
v 0.402785 1.241578 0.125437
v 0.396292 1.233730 0.111866
vt 0.000000 0.000000
vt 1.000000 0.000000
vt 1.000000 1.000000
vt 0.000000 1.000000
f 605/605 606/606 607/607 608/608
v 0.340000 0.420000 0.620000
v 0.402785 0.411578 0.605437
v 0.396292 0.403730 0.591866
vt 0.000000 0.000000
vt 1.000000 0.000000
vt 1.000000 1.000000
f 609/609 610/610 611/611
v 0.340000 1.250000 0.140000
v 0.396292 1.233730 0.111866
v 0.402785 1.241578 0.125437
vt 0.000000 0.000000
vt 1.000000 0.000000
vt 1.000000 1.000000
f 612/612 613/613 614/614
v 0.402785 0.411578 0.605437
v 0.405000 0.420000 0.620000
v 0.405000 1.250000 0.140000
v 0.402785 1.241578 0.125437
vt 0.000000 0.000000
vt 1.000000 0.000000
vt 1.000000 1.000000
vt 0.000000 1.000000
f 615/615 616/616 617/617 618/618
v 0.340000 0.420000 0.620000
v 0.405000 0.420000 0.620000
v 0.402785 0.411578 0.605437
vt 0.000000 0.000000
vt 1.000000 0.000000
vt 1.000000 1.000000
f 619/619 620/620 621/621
v 0.340000 1.250000 0.140000
v 0.402785 1.241578 0.125437
v 0.405000 1.250000 0.140000
vt 0.000000 0.000000
vt 1.000000 0.000000
vt 1.000000 1.000000
f 622/622 623/623 624/624
usemtl accent
v 0.405000 1.250000 0.140000
v 0.402785 1.259332 0.153998
v 0.340000 1.340000 0.080000
vt 0.000000 0.000000
vt 1.000000 0.000000
vt 1.000000 1.000000
f 625/625 626/626 627/627
v 0.340000 1.250000 0.140000
v 0.402785 1.259332 0.153998
v 0.405000 1.250000 0.140000
vt 0.000000 0.000000
vt 1.000000 0.000000
vt 1.000000 1.000000
f 628/628 629/629 630/630
v 0.402785 1.259332 0.153998
v 0.396292 1.268028 0.167042
v 0.340000 1.340000 0.080000
vt 0.000000 0.000000
vt 1.000000 0.000000
vt 1.000000 1.000000
f 631/631 632/632 633/633
v 0.340000 1.250000 0.140000
v 0.396292 1.268028 0.167042
v 0.402785 1.259332 0.153998
vt 0.000000 0.000000
vt 1.000000 0.000000
vt 1.000000 1.000000
f 634/634 635/635 636/636
v 0.396292 1.268028 0.167042
v 0.385962 1.275495 0.178243
v 0.340000 1.340000 0.080000
vt 0.000000 0.000000
vt 1.000000 0.000000
vt 1.000000 1.000000
f 637/637 638/638 639/639
v 0.340000 1.250000 0.140000
v 0.385962 1.275495 0.178243
v 0.396292 1.268028 0.167042
vt 0.000000 0.000000
vt 1.000000 0.000000
vt 1.000000 1.000000
f 640/640 641/641 642/642
v 0.385962 1.275495 0.178243
v 0.372500 1.281225 0.186837
v 0.340000 1.340000 0.080000
vt 0.000000 0.000000
vt 1.000000 0.000000
vt 1.000000 1.000000
f 643/643 644/644 645/645
v 0.340000 1.250000 0.140000
v 0.372500 1.281225 0.186837
v 0.385962 1.275495 0.178243
vt 0.000000 0.000000
vt 1.000000 0.000000
vt 1.000000 1.000000
f 646/646 647/647 648/648
v 0.372500 1.281225 0.186837
v 0.356823 1.284827 0.192240
v 0.340000 1.340000 0.080000
vt 0.000000 0.000000
vt 1.000000 0.000000
vt 1.000000 1.000000
f 649/649 650/650 651/651
v 0.340000 1.250000 0.140000
v 0.356823 1.284827 0.192240
v 0.372500 1.281225 0.186837
vt 0.000000 0.000000
vt 1.000000 0.000000
vt 1.000000 1.000000
f 652/652 653/653 654/654
v 0.356823 1.284827 0.192240
v 0.340000 1.286056 0.194083
v 0.340000 1.340000 0.080000
vt 0.000000 0.000000
vt 1.000000 0.000000
vt 1.000000 1.000000
f 655/655 656/656 657/657
v 0.340000 1.250000 0.140000
v 0.340000 1.286056 0.194083
v 0.356823 1.284827 0.192240
vt 0.000000 0.000000
vt 1.000000 0.000000
vt 1.000000 1.000000
f 658/658 659/659 660/660
v 0.340000 1.286056 0.194083
v 0.323177 1.284827 0.192240
v 0.340000 1.340000 0.080000
vt 0.000000 0.000000
vt 1.000000 0.000000
vt 1.000000 1.000000
f 661/661 662/662 663/663
v 0.340000 1.250000 0.140000
v 0.323177 1.284827 0.192240
v 0.340000 1.286056 0.194083
vt 0.000000 0.000000
vt 1.000000 0.000000
vt 1.000000 1.000000
f 664/664 665/665 666/666
v 0.323177 1.284827 0.192240
v 0.307500 1.281225 0.186837
v 0.340000 1.340000 0.080000
vt 0.000000 0.000000
vt 1.000000 0.000000
vt 1.000000 1.000000
f 667/667 668/668 669/669
v 0.340000 1.250000 0.140000
v 0.307500 1.281225 0.186837
v 0.323177 1.284827 0.192240
vt 0.000000 0.000000
vt 1.000000 0.000000
vt 1.000000 1.000000
f 670/670 671/671 672/672
v 0.307500 1.281225 0.186837
v 0.294038 1.275495 0.178243
v 0.340000 1.340000 0.080000
vt 0.000000 0.000000
vt 1.000000 0.000000
vt 1.000000 1.000000
f 673/673 674/674 675/675
v 0.340000 1.250000 0.140000
v 0.294038 1.275495 0.178243
v 0.307500 1.281225 0.186837
vt 0.000000 0.000000
vt 1.000000 0.000000
vt 1.000000 1.000000
f 676/676 677/677 678/678
v 0.294038 1.275495 0.178243
v 0.283708 1.268028 0.167042
v 0.340000 1.340000 0.080000
vt 0.000000 0.000000
vt 1.000000 0.000000
vt 1.000000 1.000000
f 679/679 680/680 681/681
v 0.340000 1.250000 0.140000
v 0.283708 1.268028 0.167042
v 0.294038 1.275495 0.178243
vt 0.000000 0.000000
vt 1.000000 0.000000
vt 1.000000 1.000000
f 682/682 683/683 684/684
v 0.283708 1.268028 0.167042
v 0.277215 1.259332 0.153998
v 0.340000 1.340000 0.080000
vt 0.000000 0.000000
vt 1.000000 0.000000
vt 1.000000 1.000000
f 685/685 686/686 687/687
v 0.340000 1.250000 0.140000
v 0.277215 1.259332 0.153998
v 0.283708 1.268028 0.167042
vt 0.000000 0.000000
vt 1.000000 0.000000
vt 1.000000 1.000000
f 688/688 689/689 690/690
v 0.277215 1.259332 0.153998
v 0.275000 1.250000 0.140000
v 0.340000 1.340000 0.080000
vt 0.000000 0.000000
vt 1.000000 0.000000
vt 1.000000 1.000000
f 691/691 692/692 693/693
v 0.340000 1.250000 0.140000
v 0.275000 1.250000 0.140000
v 0.277215 1.259332 0.153998
vt 0.000000 0.000000
vt 1.000000 0.000000
vt 1.000000 1.000000
f 694/694 695/695 696/696
v 0.275000 1.250000 0.140000
v 0.277215 1.240668 0.126002
v 0.340000 1.340000 0.080000
vt 0.000000 0.000000
vt 1.000000 0.000000
vt 1.000000 1.000000
f 697/697 698/698 699/699
v 0.340000 1.250000 0.140000
v 0.277215 1.240668 0.126002
v 0.275000 1.250000 0.140000
vt 0.000000 0.000000
vt 1.000000 0.000000
vt 1.000000 1.000000
f 700/700 701/701 702/702
v 0.277215 1.240668 0.126002
v 0.283708 1.231972 0.112958
v 0.340000 1.340000 0.080000
vt 0.000000 0.000000
vt 1.000000 0.000000
vt 1.000000 1.000000
f 703/703 704/704 705/705
v 0.340000 1.250000 0.140000
v 0.283708 1.231972 0.112958
v 0.277215 1.240668 0.126002
vt 0.000000 0.000000
vt 1.000000 0.000000
vt 1.000000 1.000000
f 706/706 707/707 708/708
v 0.283708 1.231972 0.112958
v 0.294038 1.224505 0.101757
v 0.340000 1.340000 0.080000
vt 0.000000 0.000000
vt 1.000000 0.000000
vt 1.000000 1.000000
f 709/709 710/710 711/711
v 0.340000 1.250000 0.140000
v 0.294038 1.224505 0.101757
v 0.283708 1.231972 0.112958
vt 0.000000 0.000000
vt 1.000000 0.000000
vt 1.000000 1.000000
f 712/712 713/713 714/714
v 0.294038 1.224505 0.101757
v 0.307500 1.218775 0.093163
v 0.340000 1.340000 0.080000
vt 0.000000 0.000000
vt 1.000000 0.000000
vt 1.000000 1.000000
f 715/715 716/716 717/717
v 0.340000 1.250000 0.140000
v 0.307500 1.218775 0.093163
v 0.294038 1.224505 0.101757
vt 0.000000 0.000000
vt 1.000000 0.000000
vt 1.000000 1.000000
f 718/718 719/719 720/720
v 0.307500 1.218775 0.093163
v 0.323177 1.215173 0.087760
v 0.340000 1.340000 0.080000
vt 0.000000 0.000000
vt 1.000000 0.000000
vt 1.000000 1.000000
f 721/721 722/722 723/723
v 0.340000 1.250000 0.140000
v 0.323177 1.215173 0.087760
v 0.307500 1.218775 0.093163
vt 0.000000 0.000000
vt 1.000000 0.000000
vt 1.000000 1.000000
f 724/724 725/725 726/726
v 0.323177 1.215173 0.087760
v 0.340000 1.213944 0.085917
v 0.340000 1.340000 0.080000
vt 0.000000 0.000000
vt 1.000000 0.000000
vt 1.000000 1.000000
f 727/727 728/728 729/729
v 0.340000 1.250000 0.140000
v 0.340000 1.213944 0.085917
v 0.323177 1.215173 0.087760
vt 0.000000 0.000000
vt 1.000000 0.000000
vt 1.000000 1.000000
f 730/730 731/731 732/732
v 0.340000 1.213944 0.085917
v 0.356823 1.215173 0.087760
v 0.340000 1.340000 0.080000
vt 0.000000 0.000000
vt 1.000000 0.000000
vt 1.000000 1.000000
f 733/733 734/734 735/735
v 0.340000 1.250000 0.140000
v 0.356823 1.215173 0.087760
v 0.340000 1.213944 0.085917
vt 0.000000 0.000000
vt 1.000000 0.000000
vt 1.000000 1.000000
f 736/736 737/737 738/738
v 0.356823 1.215173 0.087760
v 0.372500 1.218775 0.093163
v 0.340000 1.340000 0.080000
vt 0.000000 0.000000
vt 1.000000 0.000000
vt 1.000000 1.000000
f 739/739 740/740 741/741
v 0.340000 1.250000 0.140000
v 0.372500 1.218775 0.093163
v 0.356823 1.215173 0.087760
vt 0.000000 0.000000
vt 1.000000 0.000000
vt 1.000000 1.000000
f 742/742 743/743 744/744
v 0.372500 1.218775 0.093163
v 0.385962 1.224505 0.101757
v 0.340000 1.340000 0.080000
vt 0.000000 0.000000
vt 1.000000 0.000000
vt 1.000000 1.000000
f 745/745 746/746 747/747
v 0.340000 1.250000 0.140000
v 0.385962 1.224505 0.101757
v 0.372500 1.218775 0.093163
vt 0.000000 0.000000
vt 1.000000 0.000000
vt 1.000000 1.000000
f 748/748 749/749 750/750
v 0.385962 1.224505 0.101757
v 0.396292 1.231972 0.112958
v 0.340000 1.340000 0.080000
vt 0.000000 0.000000
vt 1.000000 0.000000
vt 1.000000 1.000000
f 751/751 752/752 753/753
v 0.340000 1.250000 0.140000
v 0.396292 1.231972 0.112958
v 0.385962 1.224505 0.101757
vt 0.000000 0.000000
vt 1.000000 0.000000
vt 1.000000 1.000000
f 754/754 755/755 756/756
v 0.396292 1.231972 0.112958
v 0.402785 1.240668 0.126002
v 0.340000 1.340000 0.080000
vt 0.000000 0.000000
vt 1.000000 0.000000
vt 1.000000 1.000000
f 757/757 758/758 759/759
v 0.340000 1.250000 0.140000
v 0.402785 1.240668 0.126002
v 0.396292 1.231972 0.112958
vt 0.000000 0.000000
vt 1.000000 0.000000
vt 1.000000 1.000000
f 760/760 761/761 762/762
v 0.402785 1.240668 0.126002
v 0.405000 1.250000 0.140000
v 0.340000 1.340000 0.080000
vt 0.000000 0.000000
vt 1.000000 0.000000
vt 1.000000 1.000000
f 763/763 764/764 765/765
v 0.340000 1.250000 0.140000
v 0.405000 1.250000 0.140000
v 0.402785 1.240668 0.126002
vt 0.000000 0.000000
vt 1.000000 0.000000
vt 1.000000 1.000000
f 766/766 767/767 768/768
usemtl body
v 0.405000 0.420000 0.820000
v 0.402785 0.428422 0.834563
v 0.402785 1.258422 0.354563
v 0.405000 1.250000 0.340000
vt 0.000000 0.000000
vt 1.000000 0.000000
vt 1.000000 1.000000
vt 0.000000 1.000000
f 769/769 770/770 771/771 772/772
v 0.340000 0.420000 0.820000
v 0.402785 0.428422 0.834563
v 0.405000 0.420000 0.820000
vt 0.000000 0.000000
vt 1.000000 0.000000
vt 1.000000 1.000000
f 773/773 774/774 775/775
v 0.340000 1.250000 0.340000
v 0.405000 1.250000 0.340000
v 0.402785 1.258422 0.354563
vt 0.000000 0.000000
vt 1.000000 0.000000
vt 1.000000 1.000000
f 776/776 777/777 778/778
v 0.402785 0.428422 0.834563
v 0.396292 0.436270 0.848134
v 0.396292 1.266270 0.368134
v 0.402785 1.258422 0.354563
vt 0.000000 0.000000
vt 1.000000 0.000000
vt 1.000000 1.000000
vt 0.000000 1.000000
f 779/779 780/780 781/781 782/782
v 0.340000 0.420000 0.820000
v 0.396292 0.436270 0.848134
v 0.402785 0.428422 0.834563
vt 0.000000 0.000000
vt 1.000000 0.000000
vt 1.000000 1.000000
f 783/783 784/784 785/785
v 0.340000 1.250000 0.340000
v 0.402785 1.258422 0.354563
v 0.396292 1.266270 0.368134
vt 0.000000 0.000000
vt 1.000000 0.000000
vt 1.000000 1.000000
f 786/786 787/787 788/788
v 0.396292 0.436270 0.848134
v 0.385962 0.443010 0.859788
v 0.385962 1.273010 0.379788
v 0.396292 1.266270 0.368134
vt 0.000000 0.000000
vt 1.000000 0.000000
vt 1.000000 1.000000
vt 0.000000 1.000000
f 789/789 790/790 791/791 792/792
v 0.340000 0.420000 0.820000
v 0.385962 0.443010 0.859788
v 0.396292 0.436270 0.848134
vt 0.000000 0.000000
vt 1.000000 0.000000
vt 1.000000 1.000000
f 793/793 794/794 795/795
v 0.340000 1.250000 0.340000
v 0.396292 1.266270 0.368134
v 0.385962 1.273010 0.379788
vt 0.000000 0.000000
vt 1.000000 0.000000
vt 1.000000 1.000000
f 796/796 797/797 798/798
v 0.385962 0.443010 0.859788
v 0.372500 0.448181 0.868730
v 0.372500 1.278181 0.388730
v 0.385962 1.273010 0.379788
vt 0.000000 0.000000
vt 1.000000 0.000000
vt 1.000000 1.000000
vt 0.000000 1.000000
f 799/799 800/800 801/801 802/802
v 0.340000 0.420000 0.820000
v 0.372500 0.448181 0.868730
v 0.385962 0.443010 0.859788
vt 0.000000 0.000000
vt 1.000000 0.000000
vt 1.000000 1.000000
f 803/803 804/804 805/805
v 0.340000 1.250000 0.340000
v 0.385962 1.273010 0.379788
v 0.372500 1.278181 0.388730
vt 0.000000 0.000000
vt 1.000000 0.000000
vt 1.000000 1.000000
f 806/806 807/807 808/808
v 0.372500 0.448181 0.868730
v 0.356823 0.451432 0.874351
v 0.356823 1.281432 0.394351
v 0.372500 1.278181 0.388730
vt 0.000000 0.000000
vt 1.000000 0.000000
vt 1.000000 1.000000
vt 0.000000 1.000000
f 809/809 810/810 811/811 812/812
v 0.340000 0.420000 0.820000
v 0.356823 0.451432 0.874351
v 0.372500 0.448181 0.868730
vt 0.000000 0.000000
vt 1.000000 0.000000
vt 1.000000 1.000000
f 813/813 814/814 815/815
v 0.340000 1.250000 0.340000
v 0.372500 1.278181 0.388730
v 0.356823 1.281432 0.394351
vt 0.000000 0.000000
vt 1.000000 0.000000
vt 1.000000 1.000000
f 816/816 817/817 818/818
v 0.356823 0.451432 0.874351
v 0.340000 0.452541 0.876268
v 0.340000 1.282541 0.396268
v 0.356823 1.281432 0.394351
vt 0.000000 0.000000
vt 1.000000 0.000000
vt 1.000000 1.000000
vt 0.000000 1.000000
f 819/819 820/820 821/821 822/822
v 0.340000 0.420000 0.820000
v 0.340000 0.452541 0.876268
v 0.356823 0.451432 0.874351
vt 0.000000 0.000000
vt 1.000000 0.000000
vt 1.000000 1.000000
f 823/823 824/824 825/825
v 0.340000 1.250000 0.340000
v 0.356823 1.281432 0.394351
v 0.340000 1.282541 0.396268
vt 0.000000 0.000000
vt 1.000000 0.000000
vt 1.000000 1.000000
f 826/826 827/827 828/828
v 0.340000 0.452541 0.876268
v 0.323177 0.451432 0.874351
v 0.323177 1.281432 0.394351
v 0.340000 1.282541 0.396268
vt 0.000000 0.000000
vt 1.000000 0.000000
vt 1.000000 1.000000
vt 0.000000 1.000000
f 829/829 830/830 831/831 832/832
v 0.340000 0.420000 0.820000
v 0.323177 0.451432 0.874351
v 0.340000 0.452541 0.876268
vt 0.000000 0.000000
vt 1.000000 0.000000
vt 1.000000 1.000000
f 833/833 834/834 835/835
v 0.340000 1.250000 0.340000
v 0.340000 1.282541 0.396268
v 0.323177 1.281432 0.394351
vt 0.000000 0.000000
vt 1.000000 0.000000
vt 1.000000 1.000000
f 836/836 837/837 838/838
v 0.323177 0.451432 0.874351
v 0.307500 0.448181 0.868730
v 0.307500 1.278181 0.388730
v 0.323177 1.281432 0.394351
vt 0.000000 0.000000
vt 1.000000 0.000000
vt 1.000000 1.000000
vt 0.000000 1.000000
f 839/839 840/840 841/841 842/842
v 0.340000 0.420000 0.820000
v 0.307500 0.448181 0.868730
v 0.323177 0.451432 0.874351
vt 0.000000 0.000000
vt 1.000000 0.000000
vt 1.000000 1.000000
f 843/843 844/844 845/845
v 0.340000 1.250000 0.340000
v 0.323177 1.281432 0.394351
v 0.307500 1.278181 0.388730
vt 0.000000 0.000000
vt 1.000000 0.000000
vt 1.000000 1.000000
f 846/846 847/847 848/848
v 0.307500 0.448181 0.868730
v 0.294038 0.443010 0.859788
v 0.294038 1.273010 0.379788
v 0.307500 1.278181 0.388730
vt 0.000000 0.000000
vt 1.000000 0.000000
vt 1.000000 1.000000
vt 0.000000 1.000000
f 849/849 850/850 851/851 852/852
v 0.340000 0.420000 0.820000
v 0.294038 0.443010 0.859788
v 0.307500 0.448181 0.868730
vt 0.000000 0.000000
vt 1.000000 0.000000
vt 1.000000 1.000000
f 853/853 854/854 855/855
v 0.340000 1.250000 0.340000
v 0.307500 1.278181 0.388730
v 0.294038 1.273010 0.379788
vt 0.000000 0.000000
vt 1.000000 0.000000
vt 1.000000 1.000000
f 856/856 857/857 858/858
v 0.294038 0.443010 0.859788
v 0.283708 0.436270 0.848134
v 0.283708 1.266270 0.368134
v 0.294038 1.273010 0.379788
vt 0.000000 0.000000
vt 1.000000 0.000000
vt 1.000000 1.000000
vt 0.000000 1.000000
f 859/859 860/860 861/861 862/862
v 0.340000 0.420000 0.820000
v 0.283708 0.436270 0.848134
v 0.294038 0.443010 0.859788
vt 0.000000 0.000000
vt 1.000000 0.000000
vt 1.000000 1.000000
f 863/863 864/864 865/865
v 0.340000 1.250000 0.340000
v 0.294038 1.273010 0.379788
v 0.283708 1.266270 0.368134
vt 0.000000 0.000000
vt 1.000000 0.000000
vt 1.000000 1.000000
f 866/866 867/867 868/868
v 0.283708 0.436270 0.848134
v 0.277215 0.428422 0.834563
v 0.277215 1.258422 0.354563
v 0.283708 1.266270 0.368134
vt 0.000000 0.000000
vt 1.000000 0.000000
vt 1.000000 1.000000
vt 0.000000 1.000000
f 869/869 870/870 871/871 872/872
v 0.340000 0.420000 0.820000
v 0.277215 0.428422 0.834563
v 0.283708 0.436270 0.848134
vt 0.000000 0.000000
vt 1.000000 0.000000
vt 1.000000 1.000000
f 873/873 874/874 875/875
v 0.340000 1.250000 0.340000
v 0.283708 1.266270 0.368134
v 0.277215 1.258422 0.354563
vt 0.000000 0.000000
vt 1.000000 0.000000
vt 1.000000 1.000000
f 876/876 877/877 878/878
v 0.277215 0.428422 0.834563
v 0.275000 0.420000 0.820000
v 0.275000 1.250000 0.340000
v 0.277215 1.258422 0.354563
vt 0.000000 0.000000
vt 1.000000 0.000000
vt 1.000000 1.000000
vt 0.000000 1.000000
f 879/879 880/880 881/881 882/882
v 0.340000 0.420000 0.820000
v 0.275000 0.420000 0.820000
v 0.277215 0.428422 0.834563
vt 0.000000 0.000000
vt 1.000000 0.000000
vt 1.000000 1.000000
f 883/883 884/884 885/885
v 0.340000 1.250000 0.340000
v 0.277215 1.258422 0.354563
v 0.275000 1.250000 0.340000
vt 0.000000 0.000000
vt 1.000000 0.000000
vt 1.000000 1.000000
f 886/886 887/887 888/888
v 0.275000 0.420000 0.820000
v 0.277215 0.411578 0.805437
v 0.277215 1.241578 0.325437
v 0.275000 1.250000 0.340000
vt 0.000000 0.000000
vt 1.000000 0.000000
vt 1.000000 1.000000
vt 0.000000 1.000000
f 889/889 890/890 891/891 892/892
v 0.340000 0.420000 0.820000
v 0.277215 0.411578 0.805437
v 0.275000 0.420000 0.820000
vt 0.000000 0.000000
vt 1.000000 0.000000
vt 1.000000 1.000000
f 893/893 894/894 895/895
v 0.340000 1.250000 0.340000
v 0.275000 1.250000 0.340000
v 0.277215 1.241578 0.325437
vt 0.000000 0.000000
vt 1.000000 0.000000
vt 1.000000 1.000000
f 896/896 897/897 898/898
v 0.277215 0.411578 0.805437
v 0.283708 0.403730 0.791866
v 0.283708 1.233730 0.311866
v 0.277215 1.241578 0.325437
vt 0.000000 0.000000
vt 1.000000 0.000000
vt 1.000000 1.000000
vt 0.000000 1.000000
f 899/899 900/900 901/901 902/902
v 0.340000 0.420000 0.820000
v 0.283708 0.403730 0.791866
v 0.277215 0.411578 0.805437
vt 0.000000 0.000000
vt 1.000000 0.000000
vt 1.000000 1.000000
f 903/903 904/904 905/905
v 0.340000 1.250000 0.340000
v 0.277215 1.241578 0.325437
v 0.283708 1.233730 0.311866
vt 0.000000 0.000000
vt 1.000000 0.000000
vt 1.000000 1.000000
f 906/906 907/907 908/908
v 0.283708 0.403730 0.791866
v 0.294038 0.396990 0.780212
v 0.294038 1.226990 0.300212
v 0.283708 1.233730 0.311866
vt 0.000000 0.000000
vt 1.000000 0.000000
vt 1.000000 1.000000
vt 0.000000 1.000000
f 909/909 910/910 911/911 912/912
v 0.340000 0.420000 0.820000
v 0.294038 0.396990 0.780212
v 0.283708 0.403730 0.791866
vt 0.000000 0.000000
vt 1.000000 0.000000
vt 1.000000 1.000000
f 913/913 914/914 915/915
v 0.340000 1.250000 0.340000
v 0.283708 1.233730 0.311866
v 0.294038 1.226990 0.300212
vt 0.000000 0.000000
vt 1.000000 0.000000
vt 1.000000 1.000000
f 916/916 917/917 918/918
v 0.294038 0.396990 0.780212
v 0.307500 0.391819 0.771270
v 0.307500 1.221819 0.291270
v 0.294038 1.226990 0.300212
vt 0.000000 0.000000
vt 1.000000 0.000000
vt 1.000000 1.000000
vt 0.000000 1.000000
f 919/919 920/920 921/921 922/922
v 0.340000 0.420000 0.820000
v 0.307500 0.391819 0.771270
v 0.294038 0.396990 0.780212
vt 0.000000 0.000000
vt 1.000000 0.000000
vt 1.000000 1.000000
f 923/923 924/924 925/925
v 0.340000 1.250000 0.340000
v 0.294038 1.226990 0.300212
v 0.307500 1.221819 0.291270
vt 0.000000 0.000000
vt 1.000000 0.000000
vt 1.000000 1.000000
f 926/926 927/927 928/928
v 0.307500 0.391819 0.771270
v 0.323177 0.388568 0.765649
v 0.323177 1.218568 0.285649
v 0.307500 1.221819 0.291270
vt 0.000000 0.000000
vt 1.000000 0.000000
vt 1.000000 1.000000
vt 0.000000 1.000000
f 929/929 930/930 931/931 932/932
v 0.340000 0.420000 0.820000
v 0.323177 0.388568 0.765649
v 0.307500 0.391819 0.771270
vt 0.000000 0.000000
vt 1.000000 0.000000
vt 1.000000 1.000000
f 933/933 934/934 935/935
v 0.340000 1.250000 0.340000
v 0.307500 1.221819 0.291270
v 0.323177 1.218568 0.285649
vt 0.000000 0.000000
vt 1.000000 0.000000
vt 1.000000 1.000000
f 936/936 937/937 938/938
v 0.323177 0.388568 0.765649
v 0.340000 0.387459 0.763732
v 0.340000 1.217459 0.283732
v 0.323177 1.218568 0.285649
vt 0.000000 0.000000
vt 1.000000 0.000000
vt 1.000000 1.000000
vt 0.000000 1.000000
f 939/939 940/940 941/941 942/942
v 0.340000 0.420000 0.820000
v 0.340000 0.387459 0.763732
v 0.323177 0.388568 0.765649
vt 0.000000 0.000000
vt 1.000000 0.000000
vt 1.000000 1.000000
f 943/943 944/944 945/945
v 0.340000 1.250000 0.340000
v 0.323177 1.218568 0.285649
v 0.340000 1.217459 0.283732
vt 0.000000 0.000000
vt 1.000000 0.000000
vt 1.000000 1.000000
f 946/946 947/947 948/948
v 0.340000 0.387459 0.763732
v 0.356823 0.388568 0.765649
v 0.356823 1.218568 0.285649
v 0.340000 1.217459 0.283732
vt 0.000000 0.000000
vt 1.000000 0.000000
vt 1.000000 1.000000
vt 0.000000 1.000000
f 949/949 950/950 951/951 952/952
v 0.340000 0.420000 0.820000
v 0.356823 0.388568 0.765649
v 0.340000 0.387459 0.763732
vt 0.000000 0.000000
vt 1.000000 0.000000
vt 1.000000 1.000000
f 953/953 954/954 955/955
v 0.340000 1.250000 0.340000
v 0.340000 1.217459 0.283732
v 0.356823 1.218568 0.285649
vt 0.000000 0.000000
vt 1.000000 0.000000
vt 1.000000 1.000000
f 956/956 957/957 958/958
v 0.356823 0.388568 0.765649
v 0.372500 0.391819 0.771270
v 0.372500 1.221819 0.291270
v 0.356823 1.218568 0.285649
vt 0.000000 0.000000
vt 1.000000 0.000000
vt 1.000000 1.000000
vt 0.000000 1.000000
f 959/959 960/960 961/961 962/962
v 0.340000 0.420000 0.820000
v 0.372500 0.391819 0.771270
v 0.356823 0.388568 0.765649
vt 0.000000 0.000000
vt 1.000000 0.000000
vt 1.000000 1.000000
f 963/963 964/964 965/965
v 0.340000 1.250000 0.340000
v 0.356823 1.218568 0.285649
v 0.372500 1.221819 0.291270
vt 0.000000 0.000000
vt 1.000000 0.000000
vt 1.000000 1.000000
f 966/966 967/967 968/968
v 0.372500 0.391819 0.771270
v 0.385962 0.396990 0.780212
v 0.385962 1.226990 0.300212
v 0.372500 1.221819 0.291270
vt 0.000000 0.000000
vt 1.000000 0.000000
vt 1.000000 1.000000
vt 0.000000 1.000000
f 969/969 970/970 971/971 972/972
v 0.340000 0.420000 0.820000
v 0.385962 0.396990 0.780212
v 0.372500 0.391819 0.771270
vt 0.000000 0.000000
vt 1.000000 0.000000
vt 1.000000 1.000000
f 973/973 974/974 975/975
v 0.340000 1.250000 0.340000
v 0.372500 1.221819 0.291270
v 0.385962 1.226990 0.300212
vt 0.000000 0.000000
vt 1.000000 0.000000
vt 1.000000 1.000000
f 976/976 977/977 978/978
v 0.385962 0.396990 0.780212
v 0.396292 0.403730 0.791866
v 0.396292 1.233730 0.311866
v 0.385962 1.226990 0.300212
vt 0.000000 0.000000
vt 1.000000 0.000000
vt 1.000000 1.000000
vt 0.000000 1.000000
f 979/979 980/980 981/981 982/982
v 0.340000 0.420000 0.820000
v 0.396292 0.403730 0.791866
v 0.385962 0.396990 0.780212
vt 0.000000 0.000000
vt 1.000000 0.000000
vt 1.000000 1.000000
f 983/983 984/984 985/985
v 0.340000 1.250000 0.340000
v 0.385962 1.226990 0.300212
v 0.396292 1.233730 0.311866
vt 0.000000 0.000000
vt 1.000000 0.000000
vt 1.000000 1.000000
f 986/986 987/987 988/988
v 0.396292 0.403730 0.791866
v 0.402785 0.411578 0.805437
v 0.402785 1.241578 0.325437
v 0.396292 1.233730 0.311866
vt 0.000000 0.000000
vt 1.000000 0.000000
vt 1.000000 1.000000
vt 0.000000 1.000000
f 989/989 990/990 991/991 992/992
v 0.340000 0.420000 0.820000
v 0.402785 0.411578 0.805437
v 0.396292 0.403730 0.791866
vt 0.000000 0.000000
vt 1.000000 0.000000
vt 1.000000 1.000000
f 993/993 994/994 995/995
v 0.340000 1.250000 0.340000
v 0.396292 1.233730 0.311866
v 0.402785 1.241578 0.325437
vt 0.000000 0.000000
vt 1.000000 0.000000
vt 1.000000 1.000000
f 996/996 997/997 998/998
v 0.402785 0.411578 0.805437
v 0.405000 0.420000 0.820000
v 0.405000 1.250000 0.340000
v 0.402785 1.241578 0.325437
vt 0.000000 0.000000
vt 1.000000 0.000000
vt 1.000000 1.000000
vt 0.000000 1.000000
f 999/999 1000/1000 1001/1001 1002/1002
v 0.340000 0.420000 0.820000
v 0.405000 0.420000 0.820000
v 0.402785 0.411578 0.805437
vt 0.000000 0.000000
vt 1.000000 0.000000
vt 1.000000 1.000000
f 1003/1003 1004/1004 1005/1005
v 0.340000 1.250000 0.340000
v 0.402785 1.241578 0.325437
v 0.405000 1.250000 0.340000
vt 0.000000 0.000000
vt 1.000000 0.000000
vt 1.000000 1.000000
f 1006/1006 1007/1007 1008/1008
usemtl accent
v 0.405000 1.250000 0.340000
v 0.402785 1.259332 0.353998
v 0.340000 1.340000 0.280000
vt 0.000000 0.000000
vt 1.000000 0.000000
vt 1.000000 1.000000
f 1009/1009 1010/1010 1011/1011
v 0.340000 1.250000 0.340000
v 0.402785 1.259332 0.353998
v 0.405000 1.250000 0.340000
vt 0.000000 0.000000
vt 1.000000 0.000000
vt 1.000000 1.000000
f 1012/1012 1013/1013 1014/1014
v 0.402785 1.259332 0.353998
v 0.396292 1.268028 0.367042
v 0.340000 1.340000 0.280000
vt 0.000000 0.000000
vt 1.000000 0.000000
vt 1.000000 1.000000
f 1015/1015 1016/1016 1017/1017
v 0.340000 1.250000 0.340000
v 0.396292 1.268028 0.367042
v 0.402785 1.259332 0.353998
vt 0.000000 0.000000
vt 1.000000 0.000000
vt 1.000000 1.000000
f 1018/1018 1019/1019 1020/1020
v 0.396292 1.268028 0.367042
v 0.385962 1.275495 0.378243
v 0.340000 1.340000 0.280000
vt 0.000000 0.000000
vt 1.000000 0.000000
vt 1.000000 1.000000
f 1021/1021 1022/1022 1023/1023
v 0.340000 1.250000 0.340000
v 0.385962 1.275495 0.378243
v 0.396292 1.268028 0.367042
vt 0.000000 0.000000
vt 1.000000 0.000000
vt 1.000000 1.000000
f 1024/1024 1025/1025 1026/1026
v 0.385962 1.275495 0.378243
v 0.372500 1.281225 0.386837
v 0.340000 1.340000 0.280000
vt 0.000000 0.000000
vt 1.000000 0.000000
vt 1.000000 1.000000
f 1027/1027 1028/1028 1029/1029
v 0.340000 1.250000 0.340000
v 0.372500 1.281225 0.386837
v 0.385962 1.275495 0.378243
vt 0.000000 0.000000
vt 1.000000 0.000000
vt 1.000000 1.000000
f 1030/1030 1031/1031 1032/1032
v 0.372500 1.281225 0.386837
v 0.356823 1.284827 0.392240
v 0.340000 1.340000 0.280000
vt 0.000000 0.000000
vt 1.000000 0.000000
vt 1.000000 1.000000
f 1033/1033 1034/1034 1035/1035
v 0.340000 1.250000 0.340000
v 0.356823 1.284827 0.392240
v 0.372500 1.281225 0.386837
vt 0.000000 0.000000
vt 1.000000 0.000000
vt 1.000000 1.000000
f 1036/1036 1037/1037 1038/1038
v 0.356823 1.284827 0.392240
v 0.340000 1.286056 0.394083
v 0.340000 1.340000 0.280000
vt 0.000000 0.000000
vt 1.000000 0.000000
vt 1.000000 1.000000
f 1039/1039 1040/1040 1041/1041
v 0.340000 1.250000 0.340000
v 0.340000 1.286056 0.394083
v 0.356823 1.284827 0.392240
vt 0.000000 0.000000
vt 1.000000 0.000000
vt 1.000000 1.000000
f 1042/1042 1043/1043 1044/1044
v 0.340000 1.286056 0.394083
v 0.323177 1.284827 0.392240
v 0.340000 1.340000 0.280000
vt 0.000000 0.000000
vt 1.000000 0.000000
vt 1.000000 1.000000
f 1045/1045 1046/1046 1047/1047
v 0.340000 1.250000 0.340000
v 0.323177 1.284827 0.392240
v 0.340000 1.286056 0.394083
vt 0.000000 0.000000
vt 1.000000 0.000000
vt 1.000000 1.000000
f 1048/1048 1049/1049 1050/1050
v 0.323177 1.284827 0.392240
v 0.307500 1.281225 0.386837
v 0.340000 1.340000 0.280000
vt 0.000000 0.000000
vt 1.000000 0.000000
vt 1.000000 1.000000
f 1051/1051 1052/1052 1053/1053
v 0.340000 1.250000 0.340000
v 0.307500 1.281225 0.386837
v 0.323177 1.284827 0.392240
vt 0.000000 0.000000
vt 1.000000 0.000000
vt 1.000000 1.000000
f 1054/1054 1055/1055 1056/1056
v 0.307500 1.281225 0.386837
v 0.294038 1.275495 0.378243
v 0.340000 1.340000 0.280000
vt 0.000000 0.000000
vt 1.000000 0.000000
vt 1.000000 1.000000
f 1057/1057 1058/1058 1059/1059
v 0.340000 1.250000 0.340000
v 0.294038 1.275495 0.378243
v 0.307500 1.281225 0.386837
vt 0.000000 0.000000
vt 1.000000 0.000000
vt 1.000000 1.000000
f 1060/1060 1061/1061 1062/1062
v 0.294038 1.275495 0.378243
v 0.283708 1.268028 0.367042
v 0.340000 1.340000 0.280000
vt 0.000000 0.000000
vt 1.000000 0.000000
vt 1.000000 1.000000
f 1063/1063 1064/1064 1065/1065
v 0.340000 1.250000 0.340000
v 0.283708 1.268028 0.367042
v 0.294038 1.275495 0.378243
vt 0.000000 0.000000
vt 1.000000 0.000000
vt 1.000000 1.000000
f 1066/1066 1067/1067 1068/1068
v 0.283708 1.268028 0.367042
v 0.277215 1.259332 0.353998
v 0.340000 1.340000 0.280000
vt 0.000000 0.000000
vt 1.000000 0.000000
vt 1.000000 1.000000
f 1069/1069 1070/1070 1071/1071
v 0.340000 1.250000 0.340000
v 0.277215 1.259332 0.353998
v 0.283708 1.268028 0.367042
vt 0.000000 0.000000
vt 1.000000 0.000000
vt 1.000000 1.000000
f 1072/1072 1073/1073 1074/1074
v 0.277215 1.259332 0.353998
v 0.275000 1.250000 0.340000
v 0.340000 1.340000 0.280000
vt 0.000000 0.000000
vt 1.000000 0.000000
vt 1.000000 1.000000
f 1075/1075 1076/1076 1077/1077
v 0.340000 1.250000 0.340000
v 0.275000 1.250000 0.340000
v 0.277215 1.259332 0.353998
vt 0.000000 0.000000
vt 1.000000 0.000000
vt 1.000000 1.000000
f 1078/1078 1079/1079 1080/1080
v 0.275000 1.250000 0.340000
v 0.277215 1.240668 0.326002
v 0.340000 1.340000 0.280000
vt 0.000000 0.000000
vt 1.000000 0.000000
vt 1.000000 1.000000
f 1081/1081 1082/1082 1083/1083
v 0.340000 1.250000 0.340000
v 0.277215 1.240668 0.326002
v 0.275000 1.250000 0.340000
vt 0.000000 0.000000
vt 1.000000 0.000000
vt 1.000000 1.000000
f 1084/1084 1085/1085 1086/1086
v 0.277215 1.240668 0.326002
v 0.283708 1.231972 0.312958
v 0.340000 1.340000 0.280000
vt 0.000000 0.000000
vt 1.000000 0.000000
vt 1.000000 1.000000
f 1087/1087 1088/1088 1089/1089
v 0.340000 1.250000 0.340000
v 0.283708 1.231972 0.312958
v 0.277215 1.240668 0.326002
vt 0.000000 0.000000
vt 1.000000 0.000000
vt 1.000000 1.000000
f 1090/1090 1091/1091 1092/1092
v 0.283708 1.231972 0.312958
v 0.294038 1.224505 0.301757
v 0.340000 1.340000 0.280000
vt 0.000000 0.000000
vt 1.000000 0.000000
vt 1.000000 1.000000
f 1093/1093 1094/1094 1095/1095
v 0.340000 1.250000 0.340000
v 0.294038 1.224505 0.301757
v 0.283708 1.231972 0.312958
vt 0.000000 0.000000
vt 1.000000 0.000000
vt 1.000000 1.000000
f 1096/1096 1097/1097 1098/1098
v 0.294038 1.224505 0.301757
v 0.307500 1.218775 0.293163
v 0.340000 1.340000 0.280000
vt 0.000000 0.000000
vt 1.000000 0.000000
vt 1.000000 1.000000
f 1099/1099 1100/1100 1101/1101
v 0.340000 1.250000 0.340000
v 0.307500 1.218775 0.293163
v 0.294038 1.224505 0.301757
vt 0.000000 0.000000
vt 1.000000 0.000000
vt 1.000000 1.000000
f 1102/1102 1103/1103 1104/1104
v 0.307500 1.218775 0.293163
v 0.323177 1.215173 0.287760
v 0.340000 1.340000 0.280000
vt 0.000000 0.000000
vt 1.000000 0.000000
vt 1.000000 1.000000
f 1105/1105 1106/1106 1107/1107
v 0.340000 1.250000 0.340000
v 0.323177 1.215173 0.287760
v 0.307500 1.218775 0.293163
vt 0.000000 0.000000
vt 1.000000 0.000000
vt 1.000000 1.000000
f 1108/1108 1109/1109 1110/1110
v 0.323177 1.215173 0.287760
v 0.340000 1.213944 0.285917
v 0.340000 1.340000 0.280000
vt 0.000000 0.000000
vt 1.000000 0.000000
vt 1.000000 1.000000
f 1111/1111 1112/1112 1113/1113
v 0.340000 1.250000 0.340000
v 0.340000 1.213944 0.285917
v 0.323177 1.215173 0.287760
vt 0.000000 0.000000
vt 1.000000 0.000000
vt 1.000000 1.000000
f 1114/1114 1115/1115 1116/1116
v 0.340000 1.213944 0.285917
v 0.356823 1.215173 0.287760
v 0.340000 1.340000 0.280000
vt 0.000000 0.000000
vt 1.000000 0.000000
vt 1.000000 1.000000
f 1117/1117 1118/1118 1119/1119
v 0.340000 1.250000 0.340000
v 0.356823 1.215173 0.287760
v 0.340000 1.213944 0.285917
vt 0.000000 0.000000
vt 1.000000 0.000000
vt 1.000000 1.000000
f 1120/1120 1121/1121 1122/1122
v 0.356823 1.215173 0.287760
v 0.372500 1.218775 0.293163
v 0.340000 1.340000 0.280000
vt 0.000000 0.000000
vt 1.000000 0.000000
vt 1.000000 1.000000
f 1123/1123 1124/1124 1125/1125
v 0.340000 1.250000 0.340000
v 0.372500 1.218775 0.293163
v 0.356823 1.215173 0.287760
vt 0.000000 0.000000
vt 1.000000 0.000000
vt 1.000000 1.000000
f 1126/1126 1127/1127 1128/1128
v 0.372500 1.218775 0.293163
v 0.385962 1.224505 0.301757
v 0.340000 1.340000 0.280000
vt 0.000000 0.000000
vt 1.000000 0.000000
vt 1.000000 1.000000
f 1129/1129 1130/1130 1131/1131
v 0.340000 1.250000 0.340000
v 0.385962 1.224505 0.301757
v 0.372500 1.218775 0.293163
vt 0.000000 0.000000
vt 1.000000 0.000000
vt 1.000000 1.000000
f 1132/1132 1133/1133 1134/1134
v 0.385962 1.224505 0.301757
v 0.396292 1.231972 0.312958
v 0.340000 1.340000 0.280000
vt 0.000000 0.000000
vt 1.000000 0.000000
vt 1.000000 1.000000
f 1135/1135 1136/1136 1137/1137
v 0.340000 1.250000 0.340000
v 0.396292 1.231972 0.312958
v 0.385962 1.224505 0.301757
vt 0.000000 0.000000
vt 1.000000 0.000000
vt 1.000000 1.000000
f 1138/1138 1139/1139 1140/1140
v 0.396292 1.231972 0.312958
v 0.402785 1.240668 0.326002
v 0.340000 1.340000 0.280000
vt 0.000000 0.000000
vt 1.000000 0.000000
vt 1.000000 1.000000
f 1141/1141 1142/1142 1143/1143
v 0.340000 1.250000 0.340000
v 0.402785 1.240668 0.326002
v 0.396292 1.231972 0.312958
vt 0.000000 0.000000
vt 1.000000 0.000000
vt 1.000000 1.000000
f 1144/1144 1145/1145 1146/1146
v 0.402785 1.240668 0.326002
v 0.405000 1.250000 0.340000
v 0.340000 1.340000 0.280000
vt 0.000000 0.000000
vt 1.000000 0.000000
vt 1.000000 1.000000
f 1147/1147 1148/1148 1149/1149
v 0.340000 1.250000 0.340000
v 0.405000 1.250000 0.340000
v 0.402785 1.240668 0.326002
vt 0.000000 0.000000
vt 1.000000 0.000000
vt 1.000000 1.000000
f 1150/1150 1151/1151 1152/1152
usemtl body
v 0.725000 0.420000 0.620000
v 0.722785 0.428422 0.634563
v 0.722785 1.258422 0.154563
v 0.725000 1.250000 0.140000
vt 0.000000 0.000000
vt 1.000000 0.000000
vt 1.000000 1.000000
vt 0.000000 1.000000
f 1153/1153 1154/1154 1155/1155 1156/1156
v 0.660000 0.420000 0.620000
v 0.722785 0.428422 0.634563
v 0.725000 0.420000 0.620000
vt 0.000000 0.000000
vt 1.000000 0.000000
vt 1.000000 1.000000
f 1157/1157 1158/1158 1159/1159
v 0.660000 1.250000 0.140000
v 0.725000 1.250000 0.140000
v 0.722785 1.258422 0.154563
vt 0.000000 0.000000
vt 1.000000 0.000000
vt 1.000000 1.000000
f 1160/1160 1161/1161 1162/1162
v 0.722785 0.428422 0.634563
v 0.716292 0.436270 0.648134
v 0.716292 1.266270 0.168134
v 0.722785 1.258422 0.154563
vt 0.000000 0.000000
vt 1.000000 0.000000
vt 1.000000 1.000000
vt 0.000000 1.000000
f 1163/1163 1164/1164 1165/1165 1166/1166
v 0.660000 0.420000 0.620000
v 0.716292 0.436270 0.648134
v 0.722785 0.428422 0.634563
vt 0.000000 0.000000
vt 1.000000 0.000000
vt 1.000000 1.000000
f 1167/1167 1168/1168 1169/1169
v 0.660000 1.250000 0.140000
v 0.722785 1.258422 0.154563
v 0.716292 1.266270 0.168134
vt 0.000000 0.000000
vt 1.000000 0.000000
vt 1.000000 1.000000
f 1170/1170 1171/1171 1172/1172
v 0.716292 0.436270 0.648134
v 0.705962 0.443010 0.659788
v 0.705962 1.273010 0.179788
v 0.716292 1.266270 0.168134
vt 0.000000 0.000000
vt 1.000000 0.000000
vt 1.000000 1.000000
vt 0.000000 1.000000
f 1173/1173 1174/1174 1175/1175 1176/1176
v 0.660000 0.420000 0.620000
v 0.705962 0.443010 0.659788
v 0.716292 0.436270 0.648134
vt 0.000000 0.000000
vt 1.000000 0.000000
vt 1.000000 1.000000
f 1177/1177 1178/1178 1179/1179
v 0.660000 1.250000 0.140000
v 0.716292 1.266270 0.168134
v 0.705962 1.273010 0.179788
vt 0.000000 0.000000
vt 1.000000 0.000000
vt 1.000000 1.000000
f 1180/1180 1181/1181 1182/1182
v 0.705962 0.443010 0.659788
v 0.692500 0.448181 0.668730
v 0.692500 1.278181 0.188730
v 0.705962 1.273010 0.179788
vt 0.000000 0.000000
vt 1.000000 0.000000
vt 1.000000 1.000000
vt 0.000000 1.000000
f 1183/1183 1184/1184 1185/1185 1186/1186
v 0.660000 0.420000 0.620000
v 0.692500 0.448181 0.668730
v 0.705962 0.443010 0.659788
vt 0.000000 0.000000
vt 1.000000 0.000000
vt 1.000000 1.000000
f 1187/1187 1188/1188 1189/1189
v 0.660000 1.250000 0.140000
v 0.705962 1.273010 0.179788
v 0.692500 1.278181 0.188730
vt 0.000000 0.000000
vt 1.000000 0.000000
vt 1.000000 1.000000
f 1190/1190 1191/1191 1192/1192
v 0.692500 0.448181 0.668730
v 0.676823 0.451432 0.674351
v 0.676823 1.281432 0.194351
v 0.692500 1.278181 0.188730
vt 0.000000 0.000000
vt 1.000000 0.000000
vt 1.000000 1.000000
vt 0.000000 1.000000
f 1193/1193 1194/1194 1195/1195 1196/1196
v 0.660000 0.420000 0.620000
v 0.676823 0.451432 0.674351
v 0.692500 0.448181 0.668730
vt 0.000000 0.000000
vt 1.000000 0.000000
vt 1.000000 1.000000
f 1197/1197 1198/1198 1199/1199
v 0.660000 1.250000 0.140000
v 0.692500 1.278181 0.188730
v 0.676823 1.281432 0.194351
vt 0.000000 0.000000
vt 1.000000 0.000000
vt 1.000000 1.000000
f 1200/1200 1201/1201 1202/1202
v 0.676823 0.451432 0.674351
v 0.660000 0.452541 0.676268
v 0.660000 1.282541 0.196268
v 0.676823 1.281432 0.194351
vt 0.000000 0.000000
vt 1.000000 0.000000
vt 1.000000 1.000000
vt 0.000000 1.000000
f 1203/1203 1204/1204 1205/1205 1206/1206
v 0.660000 0.420000 0.620000
v 0.660000 0.452541 0.676268
v 0.676823 0.451432 0.674351
vt 0.000000 0.000000
vt 1.000000 0.000000
vt 1.000000 1.000000
f 1207/1207 1208/1208 1209/1209
v 0.660000 1.250000 0.140000
v 0.676823 1.281432 0.194351
v 0.660000 1.282541 0.196268
vt 0.000000 0.000000
vt 1.000000 0.000000
vt 1.000000 1.000000
f 1210/1210 1211/1211 1212/1212
v 0.660000 0.452541 0.676268
v 0.643177 0.451432 0.674351
v 0.643177 1.281432 0.194351
v 0.660000 1.282541 0.196268
vt 0.000000 0.000000
vt 1.000000 0.000000
vt 1.000000 1.000000
vt 0.000000 1.000000
f 1213/1213 1214/1214 1215/1215 1216/1216
v 0.660000 0.420000 0.620000
v 0.643177 0.451432 0.674351
v 0.660000 0.452541 0.676268
vt 0.000000 0.000000
vt 1.000000 0.000000
vt 1.000000 1.000000
f 1217/1217 1218/1218 1219/1219
v 0.660000 1.250000 0.140000
v 0.660000 1.282541 0.196268
v 0.643177 1.281432 0.194351
vt 0.000000 0.000000
vt 1.000000 0.000000
vt 1.000000 1.000000
f 1220/1220 1221/1221 1222/1222
v 0.643177 0.451432 0.674351
v 0.627500 0.448181 0.668730
v 0.627500 1.278181 0.188730
v 0.643177 1.281432 0.194351
vt 0.000000 0.000000
vt 1.000000 0.000000
vt 1.000000 1.000000
vt 0.000000 1.000000
f 1223/1223 1224/1224 1225/1225 1226/1226
v 0.660000 0.420000 0.620000
v 0.627500 0.448181 0.668730
v 0.643177 0.451432 0.674351
vt 0.000000 0.000000
vt 1.000000 0.000000
vt 1.000000 1.000000
f 1227/1227 1228/1228 1229/1229
v 0.660000 1.250000 0.140000
v 0.643177 1.281432 0.194351
v 0.627500 1.278181 0.188730
vt 0.000000 0.000000
vt 1.000000 0.000000
vt 1.000000 1.000000
f 1230/1230 1231/1231 1232/1232
v 0.627500 0.448181 0.668730
v 0.614038 0.443010 0.659788
v 0.614038 1.273010 0.179788
v 0.627500 1.278181 0.188730
vt 0.000000 0.000000
vt 1.000000 0.000000
vt 1.000000 1.000000
vt 0.000000 1.000000
f 1233/1233 1234/1234 1235/1235 1236/1236
v 0.660000 0.420000 0.620000
v 0.614038 0.443010 0.659788
v 0.627500 0.448181 0.668730
vt 0.000000 0.000000
vt 1.000000 0.000000
vt 1.000000 1.000000
f 1237/1237 1238/1238 1239/1239
v 0.660000 1.250000 0.140000
v 0.627500 1.278181 0.188730
v 0.614038 1.273010 0.179788
vt 0.000000 0.000000
vt 1.000000 0.000000
vt 1.000000 1.000000
f 1240/1240 1241/1241 1242/1242
v 0.614038 0.443010 0.659788
v 0.603708 0.436270 0.648134
v 0.603708 1.266270 0.168134
v 0.614038 1.273010 0.179788
vt 0.000000 0.000000
vt 1.000000 0.000000
vt 1.000000 1.000000
vt 0.000000 1.000000
f 1243/1243 1244/1244 1245/1245 1246/1246
v 0.660000 0.420000 0.620000
v 0.603708 0.436270 0.648134
v 0.614038 0.443010 0.659788
vt 0.000000 0.000000
vt 1.000000 0.000000
vt 1.000000 1.000000
f 1247/1247 1248/1248 1249/1249
v 0.660000 1.250000 0.140000
v 0.614038 1.273010 0.179788
v 0.603708 1.266270 0.168134
vt 0.000000 0.000000
vt 1.000000 0.000000
vt 1.000000 1.000000
f 1250/1250 1251/1251 1252/1252
v 0.603708 0.436270 0.648134
v 0.597215 0.428422 0.634563
v 0.597215 1.258422 0.154563
v 0.603708 1.266270 0.168134
vt 0.000000 0.000000
vt 1.000000 0.000000
vt 1.000000 1.000000
vt 0.000000 1.000000
f 1253/1253 1254/1254 1255/1255 1256/1256
v 0.660000 0.420000 0.620000
v 0.597215 0.428422 0.634563
v 0.603708 0.436270 0.648134
vt 0.000000 0.000000
vt 1.000000 0.000000
vt 1.000000 1.000000
f 1257/1257 1258/1258 1259/1259
v 0.660000 1.250000 0.140000
v 0.603708 1.266270 0.168134
v 0.597215 1.258422 0.154563
vt 0.000000 0.000000
vt 1.000000 0.000000
vt 1.000000 1.000000
f 1260/1260 1261/1261 1262/1262
v 0.597215 0.428422 0.634563
v 0.595000 0.420000 0.620000
v 0.595000 1.250000 0.140000
v 0.597215 1.258422 0.154563
vt 0.000000 0.000000
vt 1.000000 0.000000
vt 1.000000 1.000000
vt 0.000000 1.000000
f 1263/1263 1264/1264 1265/1265 1266/1266
v 0.660000 0.420000 0.620000
v 0.595000 0.420000 0.620000
v 0.597215 0.428422 0.634563
vt 0.000000 0.000000
vt 1.000000 0.000000
vt 1.000000 1.000000
f 1267/1267 1268/1268 1269/1269
v 0.660000 1.250000 0.140000
v 0.597215 1.258422 0.154563
v 0.595000 1.250000 0.140000
vt 0.000000 0.000000
vt 1.000000 0.000000
vt 1.000000 1.000000
f 1270/1270 1271/1271 1272/1272
v 0.595000 0.420000 0.620000
v 0.597215 0.411578 0.605437
v 0.597215 1.241578 0.125437
v 0.595000 1.250000 0.140000
vt 0.000000 0.000000
vt 1.000000 0.000000
vt 1.000000 1.000000
vt 0.000000 1.000000
f 1273/1273 1274/1274 1275/1275 1276/1276
v 0.660000 0.420000 0.620000
v 0.597215 0.411578 0.605437
v 0.595000 0.420000 0.620000
vt 0.000000 0.000000
vt 1.000000 0.000000
vt 1.000000 1.000000
f 1277/1277 1278/1278 1279/1279
v 0.660000 1.250000 0.140000
v 0.595000 1.250000 0.140000
v 0.597215 1.241578 0.125437
vt 0.000000 0.000000
vt 1.000000 0.000000
vt 1.000000 1.000000
f 1280/1280 1281/1281 1282/1282
v 0.597215 0.411578 0.605437
v 0.603708 0.403730 0.591866
v 0.603708 1.233730 0.111866
v 0.597215 1.241578 0.125437
vt 0.000000 0.000000
vt 1.000000 0.000000
vt 1.000000 1.000000
vt 0.000000 1.000000
f 1283/1283 1284/1284 1285/1285 1286/1286
v 0.660000 0.420000 0.620000
v 0.603708 0.403730 0.591866
v 0.597215 0.411578 0.605437
vt 0.000000 0.000000
vt 1.000000 0.000000
vt 1.000000 1.000000
f 1287/1287 1288/1288 1289/1289
v 0.660000 1.250000 0.140000
v 0.597215 1.241578 0.125437
v 0.603708 1.233730 0.111866
vt 0.000000 0.000000
vt 1.000000 0.000000
vt 1.000000 1.000000
f 1290/1290 1291/1291 1292/1292
v 0.603708 0.403730 0.591866
v 0.614038 0.396990 0.580212
v 0.614038 1.226990 0.100212
v 0.603708 1.233730 0.111866
vt 0.000000 0.000000
vt 1.000000 0.000000
vt 1.000000 1.000000
vt 0.000000 1.000000
f 1293/1293 1294/1294 1295/1295 1296/1296
v 0.660000 0.420000 0.620000
v 0.614038 0.396990 0.580212
v 0.603708 0.403730 0.591866
vt 0.000000 0.000000
vt 1.000000 0.000000
vt 1.000000 1.000000
f 1297/1297 1298/1298 1299/1299
v 0.660000 1.250000 0.140000
v 0.603708 1.233730 0.111866
v 0.614038 1.226990 0.100212
vt 0.000000 0.000000
vt 1.000000 0.000000
vt 1.000000 1.000000
f 1300/1300 1301/1301 1302/1302
v 0.614038 0.396990 0.580212
v 0.627500 0.391819 0.571270
v 0.627500 1.221819 0.091270
v 0.614038 1.226990 0.100212
vt 0.000000 0.000000
vt 1.000000 0.000000
vt 1.000000 1.000000
vt 0.000000 1.000000
f 1303/1303 1304/1304 1305/1305 1306/1306
v 0.660000 0.420000 0.620000
v 0.627500 0.391819 0.571270
v 0.614038 0.396990 0.580212
vt 0.000000 0.000000
vt 1.000000 0.000000
vt 1.000000 1.000000
f 1307/1307 1308/1308 1309/1309
v 0.660000 1.250000 0.140000
v 0.614038 1.226990 0.100212
v 0.627500 1.221819 0.091270
vt 0.000000 0.000000
vt 1.000000 0.000000
vt 1.000000 1.000000
f 1310/1310 1311/1311 1312/1312
v 0.627500 0.391819 0.571270
v 0.643177 0.388568 0.565649
v 0.643177 1.218568 0.085649
v 0.627500 1.221819 0.091270
vt 0.000000 0.000000
vt 1.000000 0.000000
vt 1.000000 1.000000
vt 0.000000 1.000000
f 1313/1313 1314/1314 1315/1315 1316/1316
v 0.660000 0.420000 0.620000
v 0.643177 0.388568 0.565649
v 0.627500 0.391819 0.571270
vt 0.000000 0.000000
vt 1.000000 0.000000
vt 1.000000 1.000000
f 1317/1317 1318/1318 1319/1319
v 0.660000 1.250000 0.140000
v 0.627500 1.221819 0.091270
v 0.643177 1.218568 0.085649
vt 0.000000 0.000000
vt 1.000000 0.000000
vt 1.000000 1.000000
f 1320/1320 1321/1321 1322/1322
v 0.643177 0.388568 0.565649
v 0.660000 0.387459 0.563732
v 0.660000 1.217459 0.083732
v 0.643177 1.218568 0.085649
vt 0.000000 0.000000
vt 1.000000 0.000000
vt 1.000000 1.000000
vt 0.000000 1.000000
f 1323/1323 1324/1324 1325/1325 1326/1326
v 0.660000 0.420000 0.620000
v 0.660000 0.387459 0.563732
v 0.643177 0.388568 0.565649
vt 0.000000 0.000000
vt 1.000000 0.000000
vt 1.000000 1.000000
f 1327/1327 1328/1328 1329/1329
v 0.660000 1.250000 0.140000
v 0.643177 1.218568 0.085649
v 0.660000 1.217459 0.083732
vt 0.000000 0.000000
vt 1.000000 0.000000
vt 1.000000 1.000000
f 1330/1330 1331/1331 1332/1332
v 0.660000 0.387459 0.563732
v 0.676823 0.388568 0.565649
v 0.676823 1.218568 0.085649
v 0.660000 1.217459 0.083732
vt 0.000000 0.000000
vt 1.000000 0.000000
vt 1.000000 1.000000
vt 0.000000 1.000000
f 1333/1333 1334/1334 1335/1335 1336/1336
v 0.660000 0.420000 0.620000
v 0.676823 0.388568 0.565649
v 0.660000 0.387459 0.563732
vt 0.000000 0.000000
vt 1.000000 0.000000
vt 1.000000 1.000000
f 1337/1337 1338/1338 1339/1339
v 0.660000 1.250000 0.140000
v 0.660000 1.217459 0.083732
v 0.676823 1.218568 0.085649
vt 0.000000 0.000000
vt 1.000000 0.000000
vt 1.000000 1.000000
f 1340/1340 1341/1341 1342/1342
v 0.676823 0.388568 0.565649
v 0.692500 0.391819 0.571270
v 0.692500 1.221819 0.091270
v 0.676823 1.218568 0.085649
vt 0.000000 0.000000
vt 1.000000 0.000000
vt 1.000000 1.000000
vt 0.000000 1.000000
f 1343/1343 1344/1344 1345/1345 1346/1346
v 0.660000 0.420000 0.620000
v 0.692500 0.391819 0.571270
v 0.676823 0.388568 0.565649
vt 0.000000 0.000000
vt 1.000000 0.000000
vt 1.000000 1.000000
f 1347/1347 1348/1348 1349/1349
v 0.660000 1.250000 0.140000
v 0.676823 1.218568 0.085649
v 0.692500 1.221819 0.091270
vt 0.000000 0.000000
vt 1.000000 0.000000
vt 1.000000 1.000000
f 1350/1350 1351/1351 1352/1352
v 0.692500 0.391819 0.571270
v 0.705962 0.396990 0.580212
v 0.705962 1.226990 0.100212
v 0.692500 1.221819 0.091270
vt 0.000000 0.000000
vt 1.000000 0.000000
vt 1.000000 1.000000
vt 0.000000 1.000000
f 1353/1353 1354/1354 1355/1355 1356/1356
v 0.660000 0.420000 0.620000
v 0.705962 0.396990 0.580212
v 0.692500 0.391819 0.571270
vt 0.000000 0.000000
vt 1.000000 0.000000
vt 1.000000 1.000000
f 1357/1357 1358/1358 1359/1359
v 0.660000 1.250000 0.140000
v 0.692500 1.221819 0.091270
v 0.705962 1.226990 0.100212
vt 0.000000 0.000000
vt 1.000000 0.000000
vt 1.000000 1.000000
f 1360/1360 1361/1361 1362/1362
v 0.705962 0.396990 0.580212
v 0.716292 0.403730 0.591866
v 0.716292 1.233730 0.111866
v 0.705962 1.226990 0.100212
vt 0.000000 0.000000
vt 1.000000 0.000000
vt 1.000000 1.000000
vt 0.000000 1.000000
f 1363/1363 1364/1364 1365/1365 1366/1366
v 0.660000 0.420000 0.620000
v 0.716292 0.403730 0.591866
v 0.705962 0.396990 0.580212
vt 0.000000 0.000000
vt 1.000000 0.000000
vt 1.000000 1.000000
f 1367/1367 1368/1368 1369/1369
v 0.660000 1.250000 0.140000
v 0.705962 1.226990 0.100212
v 0.716292 1.233730 0.111866
vt 0.000000 0.000000
vt 1.000000 0.000000
vt 1.000000 1.000000
f 1370/1370 1371/1371 1372/1372
v 0.716292 0.403730 0.591866
v 0.722785 0.411578 0.605437
v 0.722785 1.241578 0.125437
v 0.716292 1.233730 0.111866
vt 0.000000 0.000000
vt 1.000000 0.000000
vt 1.000000 1.000000
vt 0.000000 1.000000
f 1373/1373 1374/1374 1375/1375 1376/1376
v 0.660000 0.420000 0.620000
v 0.722785 0.411578 0.605437
v 0.716292 0.403730 0.591866
vt 0.000000 0.000000
vt 1.000000 0.000000
vt 1.000000 1.000000
f 1377/1377 1378/1378 1379/1379
v 0.660000 1.250000 0.140000
v 0.716292 1.233730 0.111866
v 0.722785 1.241578 0.125437
vt 0.000000 0.000000
vt 1.000000 0.000000
vt 1.000000 1.000000
f 1380/1380 1381/1381 1382/1382
v 0.722785 0.411578 0.605437
v 0.725000 0.420000 0.620000
v 0.725000 1.250000 0.140000
v 0.722785 1.241578 0.125437
vt 0.000000 0.000000
vt 1.000000 0.000000
vt 1.000000 1.000000
vt 0.000000 1.000000
f 1383/1383 1384/1384 1385/1385 1386/1386
v 0.660000 0.420000 0.620000
v 0.725000 0.420000 0.620000
v 0.722785 0.411578 0.605437
vt 0.000000 0.000000
vt 1.000000 0.000000
vt 1.000000 1.000000
f 1387/1387 1388/1388 1389/1389
v 0.660000 1.250000 0.140000
v 0.722785 1.241578 0.125437
v 0.725000 1.250000 0.140000
vt 0.000000 0.000000
vt 1.000000 0.000000
vt 1.000000 1.000000
f 1390/1390 1391/1391 1392/1392
usemtl accent
v 0.725000 1.250000 0.140000
v 0.722785 1.259332 0.153998
v 0.660000 1.340000 0.080000
vt 0.000000 0.000000
vt 1.000000 0.000000
vt 1.000000 1.000000
f 1393/1393 1394/1394 1395/1395
v 0.660000 1.250000 0.140000
v 0.722785 1.259332 0.153998
v 0.725000 1.250000 0.140000
vt 0.000000 0.000000
vt 1.000000 0.000000
vt 1.000000 1.000000
f 1396/1396 1397/1397 1398/1398
v 0.722785 1.259332 0.153998
v 0.716292 1.268028 0.167042
v 0.660000 1.340000 0.080000
vt 0.000000 0.000000
vt 1.000000 0.000000
vt 1.000000 1.000000
f 1399/1399 1400/1400 1401/1401
v 0.660000 1.250000 0.140000
v 0.716292 1.268028 0.167042
v 0.722785 1.259332 0.153998
vt 0.000000 0.000000
vt 1.000000 0.000000
vt 1.000000 1.000000
f 1402/1402 1403/1403 1404/1404
v 0.716292 1.268028 0.167042
v 0.705962 1.275495 0.178243
v 0.660000 1.340000 0.080000
vt 0.000000 0.000000
vt 1.000000 0.000000
vt 1.000000 1.000000
f 1405/1405 1406/1406 1407/1407
v 0.660000 1.250000 0.140000
v 0.705962 1.275495 0.178243
v 0.716292 1.268028 0.167042
vt 0.000000 0.000000
vt 1.000000 0.000000
vt 1.000000 1.000000
f 1408/1408 1409/1409 1410/1410
v 0.705962 1.275495 0.178243
v 0.692500 1.281225 0.186837
v 0.660000 1.340000 0.080000
vt 0.000000 0.000000
vt 1.000000 0.000000
vt 1.000000 1.000000
f 1411/1411 1412/1412 1413/1413
v 0.660000 1.250000 0.140000
v 0.692500 1.281225 0.186837
v 0.705962 1.275495 0.178243
vt 0.000000 0.000000
vt 1.000000 0.000000
vt 1.000000 1.000000
f 1414/1414 1415/1415 1416/1416
v 0.692500 1.281225 0.186837
v 0.676823 1.284827 0.192240
v 0.660000 1.340000 0.080000
vt 0.000000 0.000000
vt 1.000000 0.000000
vt 1.000000 1.000000
f 1417/1417 1418/1418 1419/1419
v 0.660000 1.250000 0.140000
v 0.676823 1.284827 0.192240
v 0.692500 1.281225 0.186837
vt 0.000000 0.000000
vt 1.000000 0.000000
vt 1.000000 1.000000
f 1420/1420 1421/1421 1422/1422
v 0.676823 1.284827 0.192240
v 0.660000 1.286056 0.194083
v 0.660000 1.340000 0.080000
vt 0.000000 0.000000
vt 1.000000 0.000000
vt 1.000000 1.000000
f 1423/1423 1424/1424 1425/1425
v 0.660000 1.250000 0.140000
v 0.660000 1.286056 0.194083
v 0.676823 1.284827 0.192240
vt 0.000000 0.000000
vt 1.000000 0.000000
vt 1.000000 1.000000
f 1426/1426 1427/1427 1428/1428
v 0.660000 1.286056 0.194083
v 0.643177 1.284827 0.192240
v 0.660000 1.340000 0.080000
vt 0.000000 0.000000
vt 1.000000 0.000000
vt 1.000000 1.000000
f 1429/1429 1430/1430 1431/1431
v 0.660000 1.250000 0.140000
v 0.643177 1.284827 0.192240
v 0.660000 1.286056 0.194083
vt 0.000000 0.000000
vt 1.000000 0.000000
vt 1.000000 1.000000
f 1432/1432 1433/1433 1434/1434
v 0.643177 1.284827 0.192240
v 0.627500 1.281225 0.186837
v 0.660000 1.340000 0.080000
vt 0.000000 0.000000
vt 1.000000 0.000000
vt 1.000000 1.000000
f 1435/1435 1436/1436 1437/1437
v 0.660000 1.250000 0.140000
v 0.627500 1.281225 0.186837
v 0.643177 1.284827 0.192240
vt 0.000000 0.000000
vt 1.000000 0.000000
vt 1.000000 1.000000
f 1438/1438 1439/1439 1440/1440
v 0.627500 1.281225 0.186837
v 0.614038 1.275495 0.178243
v 0.660000 1.340000 0.080000
vt 0.000000 0.000000
vt 1.000000 0.000000
vt 1.000000 1.000000
f 1441/1441 1442/1442 1443/1443
v 0.660000 1.250000 0.140000
v 0.614038 1.275495 0.178243
v 0.627500 1.281225 0.186837
vt 0.000000 0.000000
vt 1.000000 0.000000
vt 1.000000 1.000000
f 1444/1444 1445/1445 1446/1446
v 0.614038 1.275495 0.178243
v 0.603708 1.268028 0.167042
v 0.660000 1.340000 0.080000
vt 0.000000 0.000000
vt 1.000000 0.000000
vt 1.000000 1.000000
f 1447/1447 1448/1448 1449/1449
v 0.660000 1.250000 0.140000
v 0.603708 1.268028 0.167042
v 0.614038 1.275495 0.178243
vt 0.000000 0.000000
vt 1.000000 0.000000
vt 1.000000 1.000000
f 1450/1450 1451/1451 1452/1452
v 0.603708 1.268028 0.167042
v 0.597215 1.259332 0.153998
v 0.660000 1.340000 0.080000
vt 0.000000 0.000000
vt 1.000000 0.000000
vt 1.000000 1.000000
f 1453/1453 1454/1454 1455/1455
v 0.660000 1.250000 0.140000
v 0.597215 1.259332 0.153998
v 0.603708 1.268028 0.167042
vt 0.000000 0.000000
vt 1.000000 0.000000
vt 1.000000 1.000000
f 1456/1456 1457/1457 1458/1458
v 0.597215 1.259332 0.153998
v 0.595000 1.250000 0.140000
v 0.660000 1.340000 0.080000
vt 0.000000 0.000000
vt 1.000000 0.000000
vt 1.000000 1.000000
f 1459/1459 1460/1460 1461/1461
v 0.660000 1.250000 0.140000
v 0.595000 1.250000 0.140000
v 0.597215 1.259332 0.153998
vt 0.000000 0.000000
vt 1.000000 0.000000
vt 1.000000 1.000000
f 1462/1462 1463/1463 1464/1464
v 0.595000 1.250000 0.140000
v 0.597215 1.240668 0.126002
v 0.660000 1.340000 0.080000
vt 0.000000 0.000000
vt 1.000000 0.000000
vt 1.000000 1.000000
f 1465/1465 1466/1466 1467/1467
v 0.660000 1.250000 0.140000
v 0.597215 1.240668 0.126002
v 0.595000 1.250000 0.140000
vt 0.000000 0.000000
vt 1.000000 0.000000
vt 1.000000 1.000000
f 1468/1468 1469/1469 1470/1470
v 0.597215 1.240668 0.126002
v 0.603708 1.231972 0.112958
v 0.660000 1.340000 0.080000
vt 0.000000 0.000000
vt 1.000000 0.000000
vt 1.000000 1.000000
f 1471/1471 1472/1472 1473/1473
v 0.660000 1.250000 0.140000
v 0.603708 1.231972 0.112958
v 0.597215 1.240668 0.126002
vt 0.000000 0.000000
vt 1.000000 0.000000
vt 1.000000 1.000000
f 1474/1474 1475/1475 1476/1476
v 0.603708 1.231972 0.112958
v 0.614038 1.224505 0.101757
v 0.660000 1.340000 0.080000
vt 0.000000 0.000000
vt 1.000000 0.000000
vt 1.000000 1.000000
f 1477/1477 1478/1478 1479/1479
v 0.660000 1.250000 0.140000
v 0.614038 1.224505 0.101757
v 0.603708 1.231972 0.112958
vt 0.000000 0.000000
vt 1.000000 0.000000
vt 1.000000 1.000000
f 1480/1480 1481/1481 1482/1482
v 0.614038 1.224505 0.101757
v 0.627500 1.218775 0.093163
v 0.660000 1.340000 0.080000
vt 0.000000 0.000000
vt 1.000000 0.000000
vt 1.000000 1.000000
f 1483/1483 1484/1484 1485/1485
v 0.660000 1.250000 0.140000
v 0.627500 1.218775 0.093163
v 0.614038 1.224505 0.101757
vt 0.000000 0.000000
vt 1.000000 0.000000
vt 1.000000 1.000000
f 1486/1486 1487/1487 1488/1488
v 0.627500 1.218775 0.093163
v 0.643177 1.215173 0.087760
v 0.660000 1.340000 0.080000
vt 0.000000 0.000000
vt 1.000000 0.000000
vt 1.000000 1.000000
f 1489/1489 1490/1490 1491/1491
v 0.660000 1.250000 0.140000
v 0.643177 1.215173 0.087760
v 0.627500 1.218775 0.093163
vt 0.000000 0.000000
vt 1.000000 0.000000
vt 1.000000 1.000000
f 1492/1492 1493/1493 1494/1494
v 0.643177 1.215173 0.087760
v 0.660000 1.213944 0.085917
v 0.660000 1.340000 0.080000
vt 0.000000 0.000000
vt 1.000000 0.000000
vt 1.000000 1.000000
f 1495/1495 1496/1496 1497/1497
v 0.660000 1.250000 0.140000
v 0.660000 1.213944 0.085917
v 0.643177 1.215173 0.087760
vt 0.000000 0.000000
vt 1.000000 0.000000
vt 1.000000 1.000000
f 1498/1498 1499/1499 1500/1500
v 0.660000 1.213944 0.085917
v 0.676823 1.215173 0.087760
v 0.660000 1.340000 0.080000
vt 0.000000 0.000000
vt 1.000000 0.000000
vt 1.000000 1.000000
f 1501/1501 1502/1502 1503/1503
v 0.660000 1.250000 0.140000
v 0.676823 1.215173 0.087760
v 0.660000 1.213944 0.085917
vt 0.000000 0.000000
vt 1.000000 0.000000
vt 1.000000 1.000000
f 1504/1504 1505/1505 1506/1506
v 0.676823 1.215173 0.087760
v 0.692500 1.218775 0.093163
v 0.660000 1.340000 0.080000
vt 0.000000 0.000000
vt 1.000000 0.000000
vt 1.000000 1.000000
f 1507/1507 1508/1508 1509/1509
v 0.660000 1.250000 0.140000
v 0.692500 1.218775 0.093163
v 0.676823 1.215173 0.087760
vt 0.000000 0.000000
vt 1.000000 0.000000
vt 1.000000 1.000000
f 1510/1510 1511/1511 1512/1512
v 0.692500 1.218775 0.093163
v 0.705962 1.224505 0.101757
v 0.660000 1.340000 0.080000
vt 0.000000 0.000000
vt 1.000000 0.000000
vt 1.000000 1.000000
f 1513/1513 1514/1514 1515/1515
v 0.660000 1.250000 0.140000
v 0.705962 1.224505 0.101757
v 0.692500 1.218775 0.093163
vt 0.000000 0.000000
vt 1.000000 0.000000
vt 1.000000 1.000000
f 1516/1516 1517/1517 1518/1518
v 0.705962 1.224505 0.101757
v 0.716292 1.231972 0.112958
v 0.660000 1.340000 0.080000
vt 0.000000 0.000000
vt 1.000000 0.000000
vt 1.000000 1.000000
f 1519/1519 1520/1520 1521/1521
v 0.660000 1.250000 0.140000
v 0.716292 1.231972 0.112958
v 0.705962 1.224505 0.101757
vt 0.000000 0.000000
vt 1.000000 0.000000
vt 1.000000 1.000000
f 1522/1522 1523/1523 1524/1524
v 0.716292 1.231972 0.112958
v 0.722785 1.240668 0.126002
v 0.660000 1.340000 0.080000
vt 0.000000 0.000000
vt 1.000000 0.000000
vt 1.000000 1.000000
f 1525/1525 1526/1526 1527/1527
v 0.660000 1.250000 0.140000
v 0.722785 1.240668 0.126002
v 0.716292 1.231972 0.112958
vt 0.000000 0.000000
vt 1.000000 0.000000
vt 1.000000 1.000000
f 1528/1528 1529/1529 1530/1530
v 0.722785 1.240668 0.126002
v 0.725000 1.250000 0.140000
v 0.660000 1.340000 0.080000
vt 0.000000 0.000000
vt 1.000000 0.000000
vt 1.000000 1.000000
f 1531/1531 1532/1532 1533/1533
v 0.660000 1.250000 0.140000
v 0.725000 1.250000 0.140000
v 0.722785 1.240668 0.126002
vt 0.000000 0.000000
vt 1.000000 0.000000
vt 1.000000 1.000000
f 1534/1534 1535/1535 1536/1536
usemtl body
v 0.725000 0.420000 0.820000
v 0.722785 0.428422 0.834563
v 0.722785 1.258422 0.354563
v 0.725000 1.250000 0.340000
vt 0.000000 0.000000
vt 1.000000 0.000000
vt 1.000000 1.000000
vt 0.000000 1.000000
f 1537/1537 1538/1538 1539/1539 1540/1540
v 0.660000 0.420000 0.820000
v 0.722785 0.428422 0.834563
v 0.725000 0.420000 0.820000
vt 0.000000 0.000000
vt 1.000000 0.000000
vt 1.000000 1.000000
f 1541/1541 1542/1542 1543/1543
v 0.660000 1.250000 0.340000
v 0.725000 1.250000 0.340000
v 0.722785 1.258422 0.354563
vt 0.000000 0.000000
vt 1.000000 0.000000
vt 1.000000 1.000000
f 1544/1544 1545/1545 1546/1546
v 0.722785 0.428422 0.834563
v 0.716292 0.436270 0.848134
v 0.716292 1.266270 0.368134
v 0.722785 1.258422 0.354563
vt 0.000000 0.000000
vt 1.000000 0.000000
vt 1.000000 1.000000
vt 0.000000 1.000000
f 1547/1547 1548/1548 1549/1549 1550/1550
v 0.660000 0.420000 0.820000
v 0.716292 0.436270 0.848134
v 0.722785 0.428422 0.834563
vt 0.000000 0.000000
vt 1.000000 0.000000
vt 1.000000 1.000000
f 1551/1551 1552/1552 1553/1553
v 0.660000 1.250000 0.340000
v 0.722785 1.258422 0.354563
v 0.716292 1.266270 0.368134
vt 0.000000 0.000000
vt 1.000000 0.000000
vt 1.000000 1.000000
f 1554/1554 1555/1555 1556/1556
v 0.716292 0.436270 0.848134
v 0.705962 0.443010 0.859788
v 0.705962 1.273010 0.379788
v 0.716292 1.266270 0.368134
vt 0.000000 0.000000
vt 1.000000 0.000000
vt 1.000000 1.000000
vt 0.000000 1.000000
f 1557/1557 1558/1558 1559/1559 1560/1560
v 0.660000 0.420000 0.820000
v 0.705962 0.443010 0.859788
v 0.716292 0.436270 0.848134
vt 0.000000 0.000000
vt 1.000000 0.000000
vt 1.000000 1.000000
f 1561/1561 1562/1562 1563/1563
v 0.660000 1.250000 0.340000
v 0.716292 1.266270 0.368134
v 0.705962 1.273010 0.379788
vt 0.000000 0.000000
vt 1.000000 0.000000
vt 1.000000 1.000000
f 1564/1564 1565/1565 1566/1566
v 0.705962 0.443010 0.859788
v 0.692500 0.448181 0.868730
v 0.692500 1.278181 0.388730
v 0.705962 1.273010 0.379788
vt 0.000000 0.000000
vt 1.000000 0.000000
vt 1.000000 1.000000
vt 0.000000 1.000000
f 1567/1567 1568/1568 1569/1569 1570/1570
v 0.660000 0.420000 0.820000
v 0.692500 0.448181 0.868730
v 0.705962 0.443010 0.859788
vt 0.000000 0.000000
vt 1.000000 0.000000
vt 1.000000 1.000000
f 1571/1571 1572/1572 1573/1573
v 0.660000 1.250000 0.340000
v 0.705962 1.273010 0.379788
v 0.692500 1.278181 0.388730
vt 0.000000 0.000000
vt 1.000000 0.000000
vt 1.000000 1.000000
f 1574/1574 1575/1575 1576/1576
v 0.692500 0.448181 0.868730
v 0.676823 0.451432 0.874351
v 0.676823 1.281432 0.394351
v 0.692500 1.278181 0.388730
vt 0.000000 0.000000
vt 1.000000 0.000000
vt 1.000000 1.000000
vt 0.000000 1.000000
f 1577/1577 1578/1578 1579/1579 1580/1580
v 0.660000 0.420000 0.820000
v 0.676823 0.451432 0.874351
v 0.692500 0.448181 0.868730
vt 0.000000 0.000000
vt 1.000000 0.000000
vt 1.000000 1.000000
f 1581/1581 1582/1582 1583/1583
v 0.660000 1.250000 0.340000
v 0.692500 1.278181 0.388730
v 0.676823 1.281432 0.394351
vt 0.000000 0.000000
vt 1.000000 0.000000
vt 1.000000 1.000000
f 1584/1584 1585/1585 1586/1586
v 0.676823 0.451432 0.874351
v 0.660000 0.452541 0.876268
v 0.660000 1.282541 0.396268
v 0.676823 1.281432 0.394351
vt 0.000000 0.000000
vt 1.000000 0.000000
vt 1.000000 1.000000
vt 0.000000 1.000000
f 1587/1587 1588/1588 1589/1589 1590/1590
v 0.660000 0.420000 0.820000
v 0.660000 0.452541 0.876268
v 0.676823 0.451432 0.874351
vt 0.000000 0.000000
vt 1.000000 0.000000
vt 1.000000 1.000000
f 1591/1591 1592/1592 1593/1593
v 0.660000 1.250000 0.340000
v 0.676823 1.281432 0.394351
v 0.660000 1.282541 0.396268
vt 0.000000 0.000000
vt 1.000000 0.000000
vt 1.000000 1.000000
f 1594/1594 1595/1595 1596/1596
v 0.660000 0.452541 0.876268
v 0.643177 0.451432 0.874351
v 0.643177 1.281432 0.394351
v 0.660000 1.282541 0.396268
vt 0.000000 0.000000
vt 1.000000 0.000000
vt 1.000000 1.000000
vt 0.000000 1.000000
f 1597/1597 1598/1598 1599/1599 1600/1600
v 0.660000 0.420000 0.820000
v 0.643177 0.451432 0.874351
v 0.660000 0.452541 0.876268
vt 0.000000 0.000000
vt 1.000000 0.000000
vt 1.000000 1.000000
f 1601/1601 1602/1602 1603/1603
v 0.660000 1.250000 0.340000
v 0.660000 1.282541 0.396268
v 0.643177 1.281432 0.394351
vt 0.000000 0.000000
vt 1.000000 0.000000
vt 1.000000 1.000000
f 1604/1604 1605/1605 1606/1606
v 0.643177 0.451432 0.874351
v 0.627500 0.448181 0.868730
v 0.627500 1.278181 0.388730
v 0.643177 1.281432 0.394351
vt 0.000000 0.000000
vt 1.000000 0.000000
vt 1.000000 1.000000
vt 0.000000 1.000000
f 1607/1607 1608/1608 1609/1609 1610/1610
v 0.660000 0.420000 0.820000
v 0.627500 0.448181 0.868730
v 0.643177 0.451432 0.874351
vt 0.000000 0.000000
vt 1.000000 0.000000
vt 1.000000 1.000000
f 1611/1611 1612/1612 1613/1613
v 0.660000 1.250000 0.340000
v 0.643177 1.281432 0.394351
v 0.627500 1.278181 0.388730
vt 0.000000 0.000000
vt 1.000000 0.000000
vt 1.000000 1.000000
f 1614/1614 1615/1615 1616/1616
v 0.627500 0.448181 0.868730
v 0.614038 0.443010 0.859788
v 0.614038 1.273010 0.379788
v 0.627500 1.278181 0.388730
vt 0.000000 0.000000
vt 1.000000 0.000000
vt 1.000000 1.000000
vt 0.000000 1.000000
f 1617/1617 1618/1618 1619/1619 1620/1620
v 0.660000 0.420000 0.820000
v 0.614038 0.443010 0.859788
v 0.627500 0.448181 0.868730
vt 0.000000 0.000000
vt 1.000000 0.000000
vt 1.000000 1.000000
f 1621/1621 1622/1622 1623/1623
v 0.660000 1.250000 0.340000
v 0.627500 1.278181 0.388730
v 0.614038 1.273010 0.379788
vt 0.000000 0.000000
vt 1.000000 0.000000
vt 1.000000 1.000000
f 1624/1624 1625/1625 1626/1626
v 0.614038 0.443010 0.859788
v 0.603708 0.436270 0.848134
v 0.603708 1.266270 0.368134
v 0.614038 1.273010 0.379788
vt 0.000000 0.000000
vt 1.000000 0.000000
vt 1.000000 1.000000
vt 0.000000 1.000000
f 1627/1627 1628/1628 1629/1629 1630/1630
v 0.660000 0.420000 0.820000
v 0.603708 0.436270 0.848134
v 0.614038 0.443010 0.859788
vt 0.000000 0.000000
vt 1.000000 0.000000
vt 1.000000 1.000000
f 1631/1631 1632/1632 1633/1633
v 0.660000 1.250000 0.340000
v 0.614038 1.273010 0.379788
v 0.603708 1.266270 0.368134
vt 0.000000 0.000000
vt 1.000000 0.000000
vt 1.000000 1.000000
f 1634/1634 1635/1635 1636/1636
v 0.603708 0.436270 0.848134
v 0.597215 0.428422 0.834563
v 0.597215 1.258422 0.354563
v 0.603708 1.266270 0.368134
vt 0.000000 0.000000
vt 1.000000 0.000000
vt 1.000000 1.000000
vt 0.000000 1.000000
f 1637/1637 1638/1638 1639/1639 1640/1640
v 0.660000 0.420000 0.820000
v 0.597215 0.428422 0.834563
v 0.603708 0.436270 0.848134
vt 0.000000 0.000000
vt 1.000000 0.000000
vt 1.000000 1.000000
f 1641/1641 1642/1642 1643/1643
v 0.660000 1.250000 0.340000
v 0.603708 1.266270 0.368134
v 0.597215 1.258422 0.354563
vt 0.000000 0.000000
vt 1.000000 0.000000
vt 1.000000 1.000000
f 1644/1644 1645/1645 1646/1646
v 0.597215 0.428422 0.834563
v 0.595000 0.420000 0.820000
v 0.595000 1.250000 0.340000
v 0.597215 1.258422 0.354563
vt 0.000000 0.000000
vt 1.000000 0.000000
vt 1.000000 1.000000
vt 0.000000 1.000000
f 1647/1647 1648/1648 1649/1649 1650/1650
v 0.660000 0.420000 0.820000
v 0.595000 0.420000 0.820000
v 0.597215 0.428422 0.834563
vt 0.000000 0.000000
vt 1.000000 0.000000
vt 1.000000 1.000000
f 1651/1651 1652/1652 1653/1653
v 0.660000 1.250000 0.340000
v 0.597215 1.258422 0.354563
v 0.595000 1.250000 0.340000
vt 0.000000 0.000000
vt 1.000000 0.000000
vt 1.000000 1.000000
f 1654/1654 1655/1655 1656/1656
v 0.595000 0.420000 0.820000
v 0.597215 0.411578 0.805437
v 0.597215 1.241578 0.325437
v 0.595000 1.250000 0.340000
vt 0.000000 0.000000
vt 1.000000 0.000000
vt 1.000000 1.000000
vt 0.000000 1.000000
f 1657/1657 1658/1658 1659/1659 1660/1660
v 0.660000 0.420000 0.820000
v 0.597215 0.411578 0.805437
v 0.595000 0.420000 0.820000
vt 0.000000 0.000000
vt 1.000000 0.000000
vt 1.000000 1.000000
f 1661/1661 1662/1662 1663/1663
v 0.660000 1.250000 0.340000
v 0.595000 1.250000 0.340000
v 0.597215 1.241578 0.325437
vt 0.000000 0.000000
vt 1.000000 0.000000
vt 1.000000 1.000000
f 1664/1664 1665/1665 1666/1666
v 0.597215 0.411578 0.805437
v 0.603708 0.403730 0.791866
v 0.603708 1.233730 0.311866
v 0.597215 1.241578 0.325437
vt 0.000000 0.000000
vt 1.000000 0.000000
vt 1.000000 1.000000
vt 0.000000 1.000000
f 1667/1667 1668/1668 1669/1669 1670/1670
v 0.660000 0.420000 0.820000
v 0.603708 0.403730 0.791866
v 0.597215 0.411578 0.805437
vt 0.000000 0.000000
vt 1.000000 0.000000
vt 1.000000 1.000000
f 1671/1671 1672/1672 1673/1673
v 0.660000 1.250000 0.340000
v 0.597215 1.241578 0.325437
v 0.603708 1.233730 0.311866
vt 0.000000 0.000000
vt 1.000000 0.000000
vt 1.000000 1.000000
f 1674/1674 1675/1675 1676/1676
v 0.603708 0.403730 0.791866
v 0.614038 0.396990 0.780212
v 0.614038 1.226990 0.300212
v 0.603708 1.233730 0.311866
vt 0.000000 0.000000
vt 1.000000 0.000000
vt 1.000000 1.000000
vt 0.000000 1.000000
f 1677/1677 1678/1678 1679/1679 1680/1680
v 0.660000 0.420000 0.820000
v 0.614038 0.396990 0.780212
v 0.603708 0.403730 0.791866
vt 0.000000 0.000000
vt 1.000000 0.000000
vt 1.000000 1.000000
f 1681/1681 1682/1682 1683/1683
v 0.660000 1.250000 0.340000
v 0.603708 1.233730 0.311866
v 0.614038 1.226990 0.300212
vt 0.000000 0.000000
vt 1.000000 0.000000
vt 1.000000 1.000000
f 1684/1684 1685/1685 1686/1686
v 0.614038 0.396990 0.780212
v 0.627500 0.391819 0.771270
v 0.627500 1.221819 0.291270
v 0.614038 1.226990 0.300212
vt 0.000000 0.000000
vt 1.000000 0.000000
vt 1.000000 1.000000
vt 0.000000 1.000000
f 1687/1687 1688/1688 1689/1689 1690/1690
v 0.660000 0.420000 0.820000
v 0.627500 0.391819 0.771270
v 0.614038 0.396990 0.780212
vt 0.000000 0.000000
vt 1.000000 0.000000
vt 1.000000 1.000000
f 1691/1691 1692/1692 1693/1693
v 0.660000 1.250000 0.340000
v 0.614038 1.226990 0.300212
v 0.627500 1.221819 0.291270
vt 0.000000 0.000000
vt 1.000000 0.000000
vt 1.000000 1.000000
f 1694/1694 1695/1695 1696/1696
v 0.627500 0.391819 0.771270
v 0.643177 0.388568 0.765649
v 0.643177 1.218568 0.285649
v 0.627500 1.221819 0.291270
vt 0.000000 0.000000
vt 1.000000 0.000000
vt 1.000000 1.000000
vt 0.000000 1.000000
f 1697/1697 1698/1698 1699/1699 1700/1700
v 0.660000 0.420000 0.820000
v 0.643177 0.388568 0.765649
v 0.627500 0.391819 0.771270
vt 0.000000 0.000000
vt 1.000000 0.000000
vt 1.000000 1.000000
f 1701/1701 1702/1702 1703/1703
v 0.660000 1.250000 0.340000
v 0.627500 1.221819 0.291270
v 0.643177 1.218568 0.285649
vt 0.000000 0.000000
vt 1.000000 0.000000
vt 1.000000 1.000000
f 1704/1704 1705/1705 1706/1706
v 0.643177 0.388568 0.765649
v 0.660000 0.387459 0.763732
v 0.660000 1.217459 0.283732
v 0.643177 1.218568 0.285649
vt 0.000000 0.000000
vt 1.000000 0.000000
vt 1.000000 1.000000
vt 0.000000 1.000000
f 1707/1707 1708/1708 1709/1709 1710/1710
v 0.660000 0.420000 0.820000
v 0.660000 0.387459 0.763732
v 0.643177 0.388568 0.765649
vt 0.000000 0.000000
vt 1.000000 0.000000
vt 1.000000 1.000000
f 1711/1711 1712/1712 1713/1713
v 0.660000 1.250000 0.340000
v 0.643177 1.218568 0.285649
v 0.660000 1.217459 0.283732
vt 0.000000 0.000000
vt 1.000000 0.000000
vt 1.000000 1.000000
f 1714/1714 1715/1715 1716/1716
v 0.660000 0.387459 0.763732
v 0.676823 0.388568 0.765649
v 0.676823 1.218568 0.285649
v 0.660000 1.217459 0.283732
vt 0.000000 0.000000
vt 1.000000 0.000000
vt 1.000000 1.000000
vt 0.000000 1.000000
f 1717/1717 1718/1718 1719/1719 1720/1720
v 0.660000 0.420000 0.820000
v 0.676823 0.388568 0.765649
v 0.660000 0.387459 0.763732
vt 0.000000 0.000000
vt 1.000000 0.000000
vt 1.000000 1.000000
f 1721/1721 1722/1722 1723/1723
v 0.660000 1.250000 0.340000
v 0.660000 1.217459 0.283732
v 0.676823 1.218568 0.285649
vt 0.000000 0.000000
vt 1.000000 0.000000
vt 1.000000 1.000000
f 1724/1724 1725/1725 1726/1726
v 0.676823 0.388568 0.765649
v 0.692500 0.391819 0.771270
v 0.692500 1.221819 0.291270
v 0.676823 1.218568 0.285649
vt 0.000000 0.000000
vt 1.000000 0.000000
vt 1.000000 1.000000
vt 0.000000 1.000000
f 1727/1727 1728/1728 1729/1729 1730/1730
v 0.660000 0.420000 0.820000
v 0.692500 0.391819 0.771270
v 0.676823 0.388568 0.765649
vt 0.000000 0.000000
vt 1.000000 0.000000
vt 1.000000 1.000000
f 1731/1731 1732/1732 1733/1733
v 0.660000 1.250000 0.340000
v 0.676823 1.218568 0.285649
v 0.692500 1.221819 0.291270
vt 0.000000 0.000000
vt 1.000000 0.000000
vt 1.000000 1.000000
f 1734/1734 1735/1735 1736/1736
v 0.692500 0.391819 0.771270
v 0.705962 0.396990 0.780212
v 0.705962 1.226990 0.300212
v 0.692500 1.221819 0.291270
vt 0.000000 0.000000
vt 1.000000 0.000000
vt 1.000000 1.000000
vt 0.000000 1.000000
f 1737/1737 1738/1738 1739/1739 1740/1740
v 0.660000 0.420000 0.820000
v 0.705962 0.396990 0.780212
v 0.692500 0.391819 0.771270
vt 0.000000 0.000000
vt 1.000000 0.000000
vt 1.000000 1.000000
f 1741/1741 1742/1742 1743/1743
v 0.660000 1.250000 0.340000
v 0.692500 1.221819 0.291270
v 0.705962 1.226990 0.300212
vt 0.000000 0.000000
vt 1.000000 0.000000
vt 1.000000 1.000000
f 1744/1744 1745/1745 1746/1746
v 0.705962 0.396990 0.780212
v 0.716292 0.403730 0.791866
v 0.716292 1.233730 0.311866
v 0.705962 1.226990 0.300212
vt 0.000000 0.000000
vt 1.000000 0.000000
vt 1.000000 1.000000
vt 0.000000 1.000000
f 1747/1747 1748/1748 1749/1749 1750/1750
v 0.660000 0.420000 0.820000
v 0.716292 0.403730 0.791866
v 0.705962 0.396990 0.780212
vt 0.000000 0.000000
vt 1.000000 0.000000
vt 1.000000 1.000000
f 1751/1751 1752/1752 1753/1753
v 0.660000 1.250000 0.340000
v 0.705962 1.226990 0.300212
v 0.716292 1.233730 0.311866
vt 0.000000 0.000000
vt 1.000000 0.000000
vt 1.000000 1.000000
f 1754/1754 1755/1755 1756/1756
v 0.716292 0.403730 0.791866
v 0.722785 0.411578 0.805437
v 0.722785 1.241578 0.325437
v 0.716292 1.233730 0.311866
vt 0.000000 0.000000
vt 1.000000 0.000000
vt 1.000000 1.000000
vt 0.000000 1.000000
f 1757/1757 1758/1758 1759/1759 1760/1760
v 0.660000 0.420000 0.820000
v 0.722785 0.411578 0.805437
v 0.716292 0.403730 0.791866
vt 0.000000 0.000000
vt 1.000000 0.000000
vt 1.000000 1.000000
f 1761/1761 1762/1762 1763/1763
v 0.660000 1.250000 0.340000
v 0.716292 1.233730 0.311866
v 0.722785 1.241578 0.325437
vt 0.000000 0.000000
vt 1.000000 0.000000
vt 1.000000 1.000000
f 1764/1764 1765/1765 1766/1766
v 0.722785 0.411578 0.805437
v 0.725000 0.420000 0.820000
v 0.725000 1.250000 0.340000
v 0.722785 1.241578 0.325437
vt 0.000000 0.000000
vt 1.000000 0.000000
vt 1.000000 1.000000
vt 0.000000 1.000000
f 1767/1767 1768/1768 1769/1769 1770/1770
v 0.660000 0.420000 0.820000
v 0.725000 0.420000 0.820000
v 0.722785 0.411578 0.805437
vt 0.000000 0.000000
vt 1.000000 0.000000
vt 1.000000 1.000000
f 1771/1771 1772/1772 1773/1773
v 0.660000 1.250000 0.340000
v 0.722785 1.241578 0.325437
v 0.725000 1.250000 0.340000
vt 0.000000 0.000000
vt 1.000000 0.000000
vt 1.000000 1.000000
f 1774/1774 1775/1775 1776/1776
usemtl accent
v 0.725000 1.250000 0.340000
v 0.722785 1.259332 0.353998
v 0.660000 1.340000 0.280000
vt 0.000000 0.000000
vt 1.000000 0.000000
vt 1.000000 1.000000
f 1777/1777 1778/1778 1779/1779
v 0.660000 1.250000 0.340000
v 0.722785 1.259332 0.353998
v 0.725000 1.250000 0.340000
vt 0.000000 0.000000
vt 1.000000 0.000000
vt 1.000000 1.000000
f 1780/1780 1781/1781 1782/1782
v 0.722785 1.259332 0.353998
v 0.716292 1.268028 0.367042
v 0.660000 1.340000 0.280000
vt 0.000000 0.000000
vt 1.000000 0.000000
vt 1.000000 1.000000
f 1783/1783 1784/1784 1785/1785
v 0.660000 1.250000 0.340000
v 0.716292 1.268028 0.367042
v 0.722785 1.259332 0.353998
vt 0.000000 0.000000
vt 1.000000 0.000000
vt 1.000000 1.000000
f 1786/1786 1787/1787 1788/1788
v 0.716292 1.268028 0.367042
v 0.705962 1.275495 0.378243
v 0.660000 1.340000 0.280000
vt 0.000000 0.000000
vt 1.000000 0.000000
vt 1.000000 1.000000
f 1789/1789 1790/1790 1791/1791
v 0.660000 1.250000 0.340000
v 0.705962 1.275495 0.378243
v 0.716292 1.268028 0.367042
vt 0.000000 0.000000
vt 1.000000 0.000000
vt 1.000000 1.000000
f 1792/1792 1793/1793 1794/1794
v 0.705962 1.275495 0.378243
v 0.692500 1.281225 0.386837
v 0.660000 1.340000 0.280000
vt 0.000000 0.000000
vt 1.000000 0.000000
vt 1.000000 1.000000
f 1795/1795 1796/1796 1797/1797
v 0.660000 1.250000 0.340000
v 0.692500 1.281225 0.386837
v 0.705962 1.275495 0.378243
vt 0.000000 0.000000
vt 1.000000 0.000000
vt 1.000000 1.000000
f 1798/1798 1799/1799 1800/1800
v 0.692500 1.281225 0.386837
v 0.676823 1.284827 0.392240
v 0.660000 1.340000 0.280000
vt 0.000000 0.000000
vt 1.000000 0.000000
vt 1.000000 1.000000
f 1801/1801 1802/1802 1803/1803
v 0.660000 1.250000 0.340000
v 0.676823 1.284827 0.392240
v 0.692500 1.281225 0.386837
vt 0.000000 0.000000
vt 1.000000 0.000000
vt 1.000000 1.000000
f 1804/1804 1805/1805 1806/1806
v 0.676823 1.284827 0.392240
v 0.660000 1.286056 0.394083
v 0.660000 1.340000 0.280000
vt 0.000000 0.000000
vt 1.000000 0.000000
vt 1.000000 1.000000
f 1807/1807 1808/1808 1809/1809
v 0.660000 1.250000 0.340000
v 0.660000 1.286056 0.394083
v 0.676823 1.284827 0.392240
vt 0.000000 0.000000
vt 1.000000 0.000000
vt 1.000000 1.000000
f 1810/1810 1811/1811 1812/1812
v 0.660000 1.286056 0.394083
v 0.643177 1.284827 0.392240
v 0.660000 1.340000 0.280000
vt 0.000000 0.000000
vt 1.000000 0.000000
vt 1.000000 1.000000
f 1813/1813 1814/1814 1815/1815
v 0.660000 1.250000 0.340000
v 0.643177 1.284827 0.392240
v 0.660000 1.286056 0.394083
vt 0.000000 0.000000
vt 1.000000 0.000000
vt 1.000000 1.000000
f 1816/1816 1817/1817 1818/1818
v 0.643177 1.284827 0.392240
v 0.627500 1.281225 0.386837
v 0.660000 1.340000 0.280000
vt 0.000000 0.000000
vt 1.000000 0.000000
vt 1.000000 1.000000
f 1819/1819 1820/1820 1821/1821
v 0.660000 1.250000 0.340000
v 0.627500 1.281225 0.386837
v 0.643177 1.284827 0.392240
vt 0.000000 0.000000
vt 1.000000 0.000000
vt 1.000000 1.000000
f 1822/1822 1823/1823 1824/1824
v 0.627500 1.281225 0.386837
v 0.614038 1.275495 0.378243
v 0.660000 1.340000 0.280000
vt 0.000000 0.000000
vt 1.000000 0.000000
vt 1.000000 1.000000
f 1825/1825 1826/1826 1827/1827
v 0.660000 1.250000 0.340000
v 0.614038 1.275495 0.378243
v 0.627500 1.281225 0.386837
vt 0.000000 0.000000
vt 1.000000 0.000000
vt 1.000000 1.000000
f 1828/1828 1829/1829 1830/1830
v 0.614038 1.275495 0.378243
v 0.603708 1.268028 0.367042
v 0.660000 1.340000 0.280000
vt 0.000000 0.000000
vt 1.000000 0.000000
vt 1.000000 1.000000
f 1831/1831 1832/1832 1833/1833
v 0.660000 1.250000 0.340000
v 0.603708 1.268028 0.367042
v 0.614038 1.275495 0.378243
vt 0.000000 0.000000
vt 1.000000 0.000000
vt 1.000000 1.000000
f 1834/1834 1835/1835 1836/1836
v 0.603708 1.268028 0.367042
v 0.597215 1.259332 0.353998
v 0.660000 1.340000 0.280000
vt 0.000000 0.000000
vt 1.000000 0.000000
vt 1.000000 1.000000
f 1837/1837 1838/1838 1839/1839
v 0.660000 1.250000 0.340000
v 0.597215 1.259332 0.353998
v 0.603708 1.268028 0.367042
vt 0.000000 0.000000
vt 1.000000 0.000000
vt 1.000000 1.000000
f 1840/1840 1841/1841 1842/1842
v 0.597215 1.259332 0.353998
v 0.595000 1.250000 0.340000
v 0.660000 1.340000 0.280000
vt 0.000000 0.000000
vt 1.000000 0.000000
vt 1.000000 1.000000
f 1843/1843 1844/1844 1845/1845
v 0.660000 1.250000 0.340000
v 0.595000 1.250000 0.340000
v 0.597215 1.259332 0.353998
vt 0.000000 0.000000
vt 1.000000 0.000000
vt 1.000000 1.000000
f 1846/1846 1847/1847 1848/1848
v 0.595000 1.250000 0.340000
v 0.597215 1.240668 0.326002
v 0.660000 1.340000 0.280000
vt 0.000000 0.000000
vt 1.000000 0.000000
vt 1.000000 1.000000
f 1849/1849 1850/1850 1851/1851
v 0.660000 1.250000 0.340000
v 0.597215 1.240668 0.326002
v 0.595000 1.250000 0.340000
vt 0.000000 0.000000
vt 1.000000 0.000000
vt 1.000000 1.000000
f 1852/1852 1853/1853 1854/1854
v 0.597215 1.240668 0.326002
v 0.603708 1.231972 0.312958
v 0.660000 1.340000 0.280000
vt 0.000000 0.000000
vt 1.000000 0.000000
vt 1.000000 1.000000
f 1855/1855 1856/1856 1857/1857
v 0.660000 1.250000 0.340000
v 0.603708 1.231972 0.312958
v 0.597215 1.240668 0.326002
vt 0.000000 0.000000
vt 1.000000 0.000000
vt 1.000000 1.000000
f 1858/1858 1859/1859 1860/1860
v 0.603708 1.231972 0.312958
v 0.614038 1.224505 0.301757
v 0.660000 1.340000 0.280000
vt 0.000000 0.000000
vt 1.000000 0.000000
vt 1.000000 1.000000
f 1861/1861 1862/1862 1863/1863
v 0.660000 1.250000 0.340000
v 0.614038 1.224505 0.301757
v 0.603708 1.231972 0.312958
vt 0.000000 0.000000
vt 1.000000 0.000000
vt 1.000000 1.000000
f 1864/1864 1865/1865 1866/1866
v 0.614038 1.224505 0.301757
v 0.627500 1.218775 0.293163
v 0.660000 1.340000 0.280000
vt 0.000000 0.000000
vt 1.000000 0.000000
vt 1.000000 1.000000
f 1867/1867 1868/1868 1869/1869
v 0.660000 1.250000 0.340000
v 0.627500 1.218775 0.293163
v 0.614038 1.224505 0.301757
vt 0.000000 0.000000
vt 1.000000 0.000000
vt 1.000000 1.000000
f 1870/1870 1871/1871 1872/1872
v 0.627500 1.218775 0.293163
v 0.643177 1.215173 0.287760
v 0.660000 1.340000 0.280000
vt 0.000000 0.000000
vt 1.000000 0.000000
vt 1.000000 1.000000
f 1873/1873 1874/1874 1875/1875
v 0.660000 1.250000 0.340000
v 0.643177 1.215173 0.287760
v 0.627500 1.218775 0.293163
vt 0.000000 0.000000
vt 1.000000 0.000000
vt 1.000000 1.000000
f 1876/1876 1877/1877 1878/1878
v 0.643177 1.215173 0.287760
v 0.660000 1.213944 0.285917
v 0.660000 1.340000 0.280000
vt 0.000000 0.000000
vt 1.000000 0.000000
vt 1.000000 1.000000
f 1879/1879 1880/1880 1881/1881
v 0.660000 1.250000 0.340000
v 0.660000 1.213944 0.285917
v 0.643177 1.215173 0.287760
vt 0.000000 0.000000
vt 1.000000 0.000000
vt 1.000000 1.000000
f 1882/1882 1883/1883 1884/1884
v 0.660000 1.213944 0.285917
v 0.676823 1.215173 0.287760
v 0.660000 1.340000 0.280000
vt 0.000000 0.000000
vt 1.000000 0.000000
vt 1.000000 1.000000
f 1885/1885 1886/1886 1887/1887
v 0.660000 1.250000 0.340000
v 0.676823 1.215173 0.287760
v 0.660000 1.213944 0.285917
vt 0.000000 0.000000
vt 1.000000 0.000000
vt 1.000000 1.000000
f 1888/1888 1889/1889 1890/1890
v 0.676823 1.215173 0.287760
v 0.692500 1.218775 0.293163
v 0.660000 1.340000 0.280000
vt 0.000000 0.000000
vt 1.000000 0.000000
vt 1.000000 1.000000
f 1891/1891 1892/1892 1893/1893
v 0.660000 1.250000 0.340000
v 0.692500 1.218775 0.293163
v 0.676823 1.215173 0.287760
vt 0.000000 0.000000
vt 1.000000 0.000000
vt 1.000000 1.000000
f 1894/1894 1895/1895 1896/1896
v 0.692500 1.218775 0.293163
v 0.705962 1.224505 0.301757
v 0.660000 1.340000 0.280000
vt 0.000000 0.000000
vt 1.000000 0.000000
vt 1.000000 1.000000
f 1897/1897 1898/1898 1899/1899
v 0.660000 1.250000 0.340000
v 0.705962 1.224505 0.301757
v 0.692500 1.218775 0.293163
vt 0.000000 0.000000
vt 1.000000 0.000000
vt 1.000000 1.000000
f 1900/1900 1901/1901 1902/1902
v 0.705962 1.224505 0.301757
v 0.716292 1.231972 0.312958
v 0.660000 1.340000 0.280000
vt 0.000000 0.000000
vt 1.000000 0.000000
vt 1.000000 1.000000
f 1903/1903 1904/1904 1905/1905
v 0.660000 1.250000 0.340000
v 0.716292 1.231972 0.312958
v 0.705962 1.224505 0.301757
vt 0.000000 0.000000
vt 1.000000 0.000000
vt 1.000000 1.000000
f 1906/1906 1907/1907 1908/1908
v 0.716292 1.231972 0.312958
v 0.722785 1.240668 0.326002
v 0.660000 1.340000 0.280000
vt 0.000000 0.000000
vt 1.000000 0.000000
vt 1.000000 1.000000
f 1909/1909 1910/1910 1911/1911
v 0.660000 1.250000 0.340000
v 0.722785 1.240668 0.326002
v 0.716292 1.231972 0.312958
vt 0.000000 0.000000
vt 1.000000 0.000000
vt 1.000000 1.000000
f 1912/1912 1913/1913 1914/1914
v 0.722785 1.240668 0.326002
v 0.725000 1.250000 0.340000
v 0.660000 1.340000 0.280000
vt 0.000000 0.000000
vt 1.000000 0.000000
vt 1.000000 1.000000
f 1915/1915 1916/1916 1917/1917
v 0.660000 1.250000 0.340000
v 0.725000 1.250000 0.340000
v 0.722785 1.240668 0.326002
vt 0.000000 0.000000
vt 1.000000 0.000000
vt 1.000000 1.000000
f 1918/1918 1919/1919 1920/1920
