mtllib slbm_tube.mtl
o slbm_tube
s 1
usemtl dark
v 0.500000 0.020000 0.190000
v 0.548495 0.020000 0.193817
v 0.548495 1.350000 0.193817
v 0.500000 1.350000 0.190000
vt 0.000000 0.000000
vt 1.000000 0.000000
vt 1.000000 1.000000
vt 0.000000 1.000000
f 1/1 2/2 3/3 4/4
v 0.500000 0.020000 0.500000
v 0.548495 0.020000 0.193817
v 0.500000 0.020000 0.190000
vt 0.000000 0.000000
vt 1.000000 0.000000
vt 1.000000 1.000000
f 5/5 6/6 7/7
v 0.500000 1.350000 0.500000
v 0.500000 1.350000 0.190000
v 0.548495 1.350000 0.193817
vt 0.000000 0.000000
vt 1.000000 0.000000
vt 1.000000 1.000000
f 8/8 9/9 10/10
v 0.548495 0.020000 0.193817
v 0.595795 0.020000 0.205172
v 0.595795 1.350000 0.205172
v 0.548495 1.350000 0.193817
vt 0.000000 0.000000
vt 1.000000 0.000000
vt 1.000000 1.000000
vt 0.000000 1.000000
f 11/11 12/12 13/13 14/14
v 0.500000 0.020000 0.500000
v 0.595795 0.020000 0.205172
v 0.548495 0.020000 0.193817
vt 0.000000 0.000000
vt 1.000000 0.000000
vt 1.000000 1.000000
f 15/15 16/16 17/17
v 0.500000 1.350000 0.500000
v 0.548495 1.350000 0.193817
v 0.595795 1.350000 0.205172
vt 0.000000 0.000000
vt 1.000000 0.000000
vt 1.000000 1.000000
f 18/18 19/19 20/20
v 0.595795 0.020000 0.205172
v 0.640737 0.020000 0.223788
v 0.640737 1.350000 0.223788
v 0.595795 1.350000 0.205172
vt 0.000000 0.000000
vt 1.000000 0.000000
vt 1.000000 1.000000
vt 0.000000 1.000000
f 21/21 22/22 23/23 24/24
v 0.500000 0.020000 0.500000
v 0.640737 0.020000 0.223788
v 0.595795 0.020000 0.205172
vt 0.000000 0.000000
vt 1.000000 0.000000
vt 1.000000 1.000000
f 25/25 26/26 27/27
v 0.500000 1.350000 0.500000
v 0.595795 1.350000 0.205172
v 0.640737 1.350000 0.223788
vt 0.000000 0.000000
vt 1.000000 0.000000
vt 1.000000 1.000000
f 28/28 29/29 30/30
v 0.640737 0.020000 0.223788
v 0.682213 0.020000 0.249205
v 0.682213 1.350000 0.249205
v 0.640737 1.350000 0.223788
vt 0.000000 0.000000
vt 1.000000 0.000000
vt 1.000000 1.000000
vt 0.000000 1.000000
f 31/31 32/32 33/33 34/34
v 0.500000 0.020000 0.500000
v 0.682213 0.020000 0.249205
v 0.640737 0.020000 0.223788
vt 0.000000 0.000000
vt 1.000000 0.000000
vt 1.000000 1.000000
f 35/35 36/36 37/37
v 0.500000 1.350000 0.500000
v 0.640737 1.350000 0.223788
v 0.682213 1.350000 0.249205
vt 0.000000 0.000000
vt 1.000000 0.000000
vt 1.000000 1.000000
f 38/38 39/39 40/40
v 0.682213 0.020000 0.249205
v 0.719203 0.020000 0.280797
v 0.719203 1.350000 0.280797
v 0.682213 1.350000 0.249205
vt 0.000000 0.000000
vt 1.000000 0.000000
vt 1.000000 1.000000
vt 0.000000 1.000000
f 41/41 42/42 43/43 44/44
v 0.500000 0.020000 0.500000
v 0.719203 0.020000 0.280797
v 0.682213 0.020000 0.249205
vt 0.000000 0.000000
vt 1.000000 0.000000
vt 1.000000 1.000000
f 45/45 46/46 47/47
v 0.500000 1.350000 0.500000
v 0.682213 1.350000 0.249205
v 0.719203 1.350000 0.280797
vt 0.000000 0.000000
vt 1.000000 0.000000
vt 1.000000 1.000000
f 48/48 49/49 50/50
v 0.719203 0.020000 0.280797
v 0.750795 0.020000 0.317787
v 0.750795 1.350000 0.317787
v 0.719203 1.350000 0.280797
vt 0.000000 0.000000
vt 1.000000 0.000000
vt 1.000000 1.000000
vt 0.000000 1.000000
f 51/51 52/52 53/53 54/54
v 0.500000 0.020000 0.500000
v 0.750795 0.020000 0.317787
v 0.719203 0.020000 0.280797
vt 0.000000 0.000000
vt 1.000000 0.000000
vt 1.000000 1.000000
f 55/55 56/56 57/57
v 0.500000 1.350000 0.500000
v 0.719203 1.350000 0.280797
v 0.750795 1.350000 0.317787
vt 0.000000 0.000000
vt 1.000000 0.000000
vt 1.000000 1.000000
f 58/58 59/59 60/60
v 0.750795 0.020000 0.317787
v 0.776212 0.020000 0.359263
v 0.776212 1.350000 0.359263
v 0.750795 1.350000 0.317787
vt 0.000000 0.000000
vt 1.000000 0.000000
vt 1.000000 1.000000
vt 0.000000 1.000000
f 61/61 62/62 63/63 64/64
v 0.500000 0.020000 0.500000
v 0.776212 0.020000 0.359263
v 0.750795 0.020000 0.317787
vt 0.000000 0.000000
vt 1.000000 0.000000
vt 1.000000 1.000000
f 65/65 66/66 67/67
v 0.500000 1.350000 0.500000
v 0.750795 1.350000 0.317787
v 0.776212 1.350000 0.359263
vt 0.000000 0.000000
vt 1.000000 0.000000
vt 1.000000 1.000000
f 68/68 69/69 70/70
v 0.776212 0.020000 0.359263
v 0.794828 0.020000 0.404205
v 0.794828 1.350000 0.404205
v 0.776212 1.350000 0.359263
vt 0.000000 0.000000
vt 1.000000 0.000000
vt 1.000000 1.000000
vt 0.000000 1.000000
f 71/71 72/72 73/73 74/74
v 0.500000 0.020000 0.500000
v 0.794828 0.020000 0.404205
v 0.776212 0.020000 0.359263
vt 0.000000 0.000000
vt 1.000000 0.000000
vt 1.000000 1.000000
f 75/75 76/76 77/77
v 0.500000 1.350000 0.500000
v 0.776212 1.350000 0.359263
v 0.794828 1.350000 0.404205
vt 0.000000 0.000000
vt 1.000000 0.000000
vt 1.000000 1.000000
f 78/78 79/79 80/80
v 0.794828 0.020000 0.404205
v 0.806183 0.020000 0.451505
v 0.806183 1.350000 0.451505
v 0.794828 1.350000 0.404205
vt 0.000000 0.000000
vt 1.000000 0.000000
vt 1.000000 1.000000
vt 0.000000 1.000000
f 81/81 82/82 83/83 84/84
v 0.500000 0.020000 0.500000
v 0.806183 0.020000 0.451505
v 0.794828 0.020000 0.404205
vt 0.000000 0.000000
vt 1.000000 0.000000
vt 1.000000 1.000000
f 85/85 86/86 87/87
v 0.500000 1.350000 0.500000
v 0.794828 1.350000 0.404205
v 0.806183 1.350000 0.451505
vt 0.000000 0.000000
vt 1.000000 0.000000
vt 1.000000 1.000000
f 88/88 89/89 90/90
v 0.806183 0.020000 0.451505
v 0.810000 0.020000 0.500000
v 0.810000 1.350000 0.500000
v 0.806183 1.350000 0.451505
vt 0.000000 0.000000
vt 1.000000 0.000000
vt 1.000000 1.000000
vt 0.000000 1.000000
f 91/91 92/92 93/93 94/94
v 0.500000 0.020000 0.500000
v 0.810000 0.020000 0.500000
v 0.806183 0.020000 0.451505
vt 0.000000 0.000000
vt 1.000000 0.000000
vt 1.000000 1.000000
f 95/95 96/96 97/97
v 0.500000 1.350000 0.500000
v 0.806183 1.350000 0.451505
v 0.810000 1.350000 0.500000
vt 0.000000 0.000000
vt 1.000000 0.000000
vt 1.000000 1.000000
f 98/98 99/99 100/100
v 0.810000 0.020000 0.500000
v 0.806183 0.020000 0.548495
v 0.806183 1.350000 0.548495
v 0.810000 1.350000 0.500000
vt 0.000000 0.000000
vt 1.000000 0.000000
vt 1.000000 1.000000
vt 0.000000 1.000000
f 101/101 102/102 103/103 104/104
v 0.500000 0.020000 0.500000
v 0.806183 0.020000 0.548495
v 0.810000 0.020000 0.500000
vt 0.000000 0.000000
vt 1.000000 0.000000
vt 1.000000 1.000000
f 105/105 106/106 107/107
v 0.500000 1.350000 0.500000
v 0.810000 1.350000 0.500000
v 0.806183 1.350000 0.548495
vt 0.000000 0.000000
vt 1.000000 0.000000
vt 1.000000 1.000000
f 108/108 109/109 110/110
v 0.806183 0.020000 0.548495
v 0.794828 0.020000 0.595795
v 0.794828 1.350000 0.595795
v 0.806183 1.350000 0.548495
vt 0.000000 0.000000
vt 1.000000 0.000000
vt 1.000000 1.000000
vt 0.000000 1.000000
f 111/111 112/112 113/113 114/114
v 0.500000 0.020000 0.500000
v 0.794828 0.020000 0.595795
v 0.806183 0.020000 0.548495
vt 0.000000 0.000000
vt 1.000000 0.000000
vt 1.000000 1.000000
f 115/115 116/116 117/117
v 0.500000 1.350000 0.500000
v 0.806183 1.350000 0.548495
v 0.794828 1.350000 0.595795
vt 0.000000 0.000000
vt 1.000000 0.000000
vt 1.000000 1.000000
f 118/118 119/119 120/120
v 0.794828 0.020000 0.595795
v 0.776212 0.020000 0.640737
v 0.776212 1.350000 0.640737
v 0.794828 1.350000 0.595795
vt 0.000000 0.000000
vt 1.000000 0.000000
vt 1.000000 1.000000
vt 0.000000 1.000000
f 121/121 122/122 123/123 124/124
v 0.500000 0.020000 0.500000
v 0.776212 0.020000 0.640737
v 0.794828 0.020000 0.595795
vt 0.000000 0.000000
vt 1.000000 0.000000
vt 1.000000 1.000000
f 125/125 126/126 127/127
v 0.500000 1.350000 0.500000
v 0.794828 1.350000 0.595795
v 0.776212 1.350000 0.640737
vt 0.000000 0.000000
vt 1.000000 0.000000
vt 1.000000 1.000000
f 128/128 129/129 130/130
v 0.776212 0.020000 0.640737
v 0.750795 0.020000 0.682213
v 0.750795 1.350000 0.682213
v 0.776212 1.350000 0.640737
vt 0.000000 0.000000
vt 1.000000 0.000000
vt 1.000000 1.000000
vt 0.000000 1.000000
f 131/131 132/132 133/133 134/134
v 0.500000 0.020000 0.500000
v 0.750795 0.020000 0.682213
v 0.776212 0.020000 0.640737
vt 0.000000 0.000000
vt 1.000000 0.000000
vt 1.000000 1.000000
f 135/135 136/136 137/137
v 0.500000 1.350000 0.500000
v 0.776212 1.350000 0.640737
v 0.750795 1.350000 0.682213
vt 0.000000 0.000000
vt 1.000000 0.000000
vt 1.000000 1.000000
f 138/138 139/139 140/140
v 0.750795 0.020000 0.682213
v 0.719203 0.020000 0.719203
v 0.719203 1.350000 0.719203
v 0.750795 1.350000 0.682213
vt 0.000000 0.000000
vt 1.000000 0.000000
vt 1.000000 1.000000
vt 0.000000 1.000000
f 141/141 142/142 143/143 144/144
v 0.500000 0.020000 0.500000
v 0.719203 0.020000 0.719203
v 0.750795 0.020000 0.682213
vt 0.000000 0.000000
vt 1.000000 0.000000
vt 1.000000 1.000000
f 145/145 146/146 147/147
v 0.500000 1.350000 0.500000
v 0.750795 1.350000 0.682213
v 0.719203 1.350000 0.719203
vt 0.000000 0.000000
vt 1.000000 0.000000
vt 1.000000 1.000000
f 148/148 149/149 150/150
v 0.719203 0.020000 0.719203
v 0.682213 0.020000 0.750795
v 0.682213 1.350000 0.750795
v 0.719203 1.350000 0.719203
vt 0.000000 0.000000
vt 1.000000 0.000000
vt 1.000000 1.000000
vt 0.000000 1.000000
f 151/151 152/152 153/153 154/154
v 0.500000 0.020000 0.500000
v 0.682213 0.020000 0.750795
v 0.719203 0.020000 0.719203
vt 0.000000 0.000000
vt 1.000000 0.000000
vt 1.000000 1.000000
f 155/155 156/156 157/157
v 0.500000 1.350000 0.500000
v 0.719203 1.350000 0.719203
v 0.682213 1.350000 0.750795
vt 0.000000 0.000000
vt 1.000000 0.000000
vt 1.000000 1.000000
f 158/158 159/159 160/160
v 0.682213 0.020000 0.750795
v 0.640737 0.020000 0.776212
v 0.640737 1.350000 0.776212
v 0.682213 1.350000 0.750795
vt 0.000000 0.000000
vt 1.000000 0.000000
vt 1.000000 1.000000
vt 0.000000 1.000000
f 161/161 162/162 163/163 164/164
v 0.500000 0.020000 0.500000
v 0.640737 0.020000 0.776212
v 0.682213 0.020000 0.750795
vt 0.000000 0.000000
vt 1.000000 0.000000
vt 1.000000 1.000000
f 165/165 166/166 167/167
v 0.500000 1.350000 0.500000
v 0.682213 1.350000 0.750795
v 0.640737 1.350000 0.776212
vt 0.000000 0.000000
vt 1.000000 0.000000
vt 1.000000 1.000000
f 168/168 169/169 170/170
v 0.640737 0.020000 0.776212
v 0.595795 0.020000 0.794828
v 0.595795 1.350000 0.794828
v 0.640737 1.350000 0.776212
vt 0.000000 0.000000
vt 1.000000 0.000000
vt 1.000000 1.000000
vt 0.000000 1.000000
f 171/171 172/172 173/173 174/174
v 0.500000 0.020000 0.500000
v 0.595795 0.020000 0.794828
v 0.640737 0.020000 0.776212
vt 0.000000 0.000000
vt 1.000000 0.000000
vt 1.000000 1.000000
f 175/175 176/176 177/177
v 0.500000 1.350000 0.500000
v 0.640737 1.350000 0.776212
v 0.595795 1.350000 0.794828
vt 0.000000 0.000000
vt 1.000000 0.000000
vt 1.000000 1.000000
f 178/178 179/179 180/180
v 0.595795 0.020000 0.794828
v 0.548495 0.020000 0.806183
v 0.548495 1.350000 0.806183
v 0.595795 1.350000 0.794828
vt 0.000000 0.000000
vt 1.000000 0.000000
vt 1.000000 1.000000
vt 0.000000 1.000000
f 181/181 182/182 183/183 184/184
v 0.500000 0.020000 0.500000
v 0.548495 0.020000 0.806183
v 0.595795 0.020000 0.794828
vt 0.000000 0.000000
vt 1.000000 0.000000
vt 1.000000 1.000000
f 185/185 186/186 187/187
v 0.500000 1.350000 0.500000
v 0.595795 1.350000 0.794828
v 0.548495 1.350000 0.806183
vt 0.000000 0.000000
vt 1.000000 0.000000
vt 1.000000 1.000000
f 188/188 189/189 190/190
v 0.548495 0.020000 0.806183
v 0.500000 0.020000 0.810000
v 0.500000 1.350000 0.810000
v 0.548495 1.350000 0.806183
vt 0.000000 0.000000
vt 1.000000 0.000000
vt 1.000000 1.000000
vt 0.000000 1.000000
f 191/191 192/192 193/193 194/194
v 0.500000 0.020000 0.500000
v 0.500000 0.020000 0.810000
v 0.548495 0.020000 0.806183
vt 0.000000 0.000000
vt 1.000000 0.000000
vt 1.000000 1.000000
f 195/195 196/196 197/197
v 0.500000 1.350000 0.500000
v 0.548495 1.350000 0.806183
v 0.500000 1.350000 0.810000
vt 0.000000 0.000000
vt 1.000000 0.000000
vt 1.000000 1.000000
f 198/198 199/199 200/200
v 0.500000 0.020000 0.810000
v 0.451505 0.020000 0.806183
v 0.451505 1.350000 0.806183
v 0.500000 1.350000 0.810000
vt 0.000000 0.000000
vt 1.000000 0.000000
vt 1.000000 1.000000
vt 0.000000 1.000000
f 201/201 202/202 203/203 204/204
v 0.500000 0.020000 0.500000
v 0.451505 0.020000 0.806183
v 0.500000 0.020000 0.810000
vt 0.000000 0.000000
vt 1.000000 0.000000
vt 1.000000 1.000000
f 205/205 206/206 207/207
v 0.500000 1.350000 0.500000
v 0.500000 1.350000 0.810000
v 0.451505 1.350000 0.806183
vt 0.000000 0.000000
vt 1.000000 0.000000
vt 1.000000 1.000000
f 208/208 209/209 210/210
v 0.451505 0.020000 0.806183
v 0.404205 0.020000 0.794828
v 0.404205 1.350000 0.794828
v 0.451505 1.350000 0.806183
vt 0.000000 0.000000
vt 1.000000 0.000000
vt 1.000000 1.000000
vt 0.000000 1.000000
f 211/211 212/212 213/213 214/214
v 0.500000 0.020000 0.500000
v 0.404205 0.020000 0.794828
v 0.451505 0.020000 0.806183
vt 0.000000 0.000000
vt 1.000000 0.000000
vt 1.000000 1.000000
f 215/215 216/216 217/217
v 0.500000 1.350000 0.500000
v 0.451505 1.350000 0.806183
v 0.404205 1.350000 0.794828
vt 0.000000 0.000000
vt 1.000000 0.000000
vt 1.000000 1.000000
f 218/218 219/219 220/220
v 0.404205 0.020000 0.794828
v 0.359263 0.020000 0.776212
v 0.359263 1.350000 0.776212
v 0.404205 1.350000 0.794828
vt 0.000000 0.000000
vt 1.000000 0.000000
vt 1.000000 1.000000
vt 0.000000 1.000000
f 221/221 222/222 223/223 224/224
v 0.500000 0.020000 0.500000
v 0.359263 0.020000 0.776212
v 0.404205 0.020000 0.794828
vt 0.000000 0.000000
vt 1.000000 0.000000
vt 1.000000 1.000000
f 225/225 226/226 227/227
v 0.500000 1.350000 0.500000
v 0.404205 1.350000 0.794828
v 0.359263 1.350000 0.776212
vt 0.000000 0.000000
vt 1.000000 0.000000
vt 1.000000 1.000000
f 228/228 229/229 230/230
v 0.359263 0.020000 0.776212
v 0.317787 0.020000 0.750795
v 0.317787 1.350000 0.750795
v 0.359263 1.350000 0.776212
vt 0.000000 0.000000
vt 1.000000 0.000000
vt 1.000000 1.000000
vt 0.000000 1.000000
f 231/231 232/232 233/233 234/234
v 0.500000 0.020000 0.500000
v 0.317787 0.020000 0.750795
v 0.359263 0.020000 0.776212
vt 0.000000 0.000000
vt 1.000000 0.000000
vt 1.000000 1.000000
f 235/235 236/236 237/237
v 0.500000 1.350000 0.500000
v 0.359263 1.350000 0.776212
v 0.317787 1.350000 0.750795
vt 0.000000 0.000000
vt 1.000000 0.000000
vt 1.000000 1.000000
f 238/238 239/239 240/240
v 0.317787 0.020000 0.750795
v 0.280797 0.020000 0.719203
v 0.280797 1.350000 0.719203
v 0.317787 1.350000 0.750795
vt 0.000000 0.000000
vt 1.000000 0.000000
vt 1.000000 1.000000
vt 0.000000 1.000000
f 241/241 242/242 243/243 244/244
v 0.500000 0.020000 0.500000
v 0.280797 0.020000 0.719203
v 0.317787 0.020000 0.750795
vt 0.000000 0.000000
vt 1.000000 0.000000
vt 1.000000 1.000000
f 245/245 246/246 247/247
v 0.500000 1.350000 0.500000
v 0.317787 1.350000 0.750795
v 0.280797 1.350000 0.719203
vt 0.000000 0.000000
vt 1.000000 0.000000
vt 1.000000 1.000000
f 248/248 249/249 250/250
v 0.280797 0.020000 0.719203
v 0.249205 0.020000 0.682213
v 0.249205 1.350000 0.682213
v 0.280797 1.350000 0.719203
vt 0.000000 0.000000
vt 1.000000 0.000000
vt 1.000000 1.000000
vt 0.000000 1.000000
f 251/251 252/252 253/253 254/254
v 0.500000 0.020000 0.500000
v 0.249205 0.020000 0.682213
v 0.280797 0.020000 0.719203
vt 0.000000 0.000000
vt 1.000000 0.000000
vt 1.000000 1.000000
f 255/255 256/256 257/257
v 0.500000 1.350000 0.500000
v 0.280797 1.350000 0.719203
v 0.249205 1.350000 0.682213
vt 0.000000 0.000000
vt 1.000000 0.000000
vt 1.000000 1.000000
f 258/258 259/259 260/260
v 0.249205 0.020000 0.682213
v 0.223788 0.020000 0.640737
v 0.223788 1.350000 0.640737
v 0.249205 1.350000 0.682213
vt 0.000000 0.000000
vt 1.000000 0.000000
vt 1.000000 1.000000
vt 0.000000 1.000000
f 261/261 262/262 263/263 264/264
v 0.500000 0.020000 0.500000
v 0.223788 0.020000 0.640737
v 0.249205 0.020000 0.682213
vt 0.000000 0.000000
vt 1.000000 0.000000
vt 1.000000 1.000000
f 265/265 266/266 267/267
v 0.500000 1.350000 0.500000
v 0.249205 1.350000 0.682213
v 0.223788 1.350000 0.640737
vt 0.000000 0.000000
vt 1.000000 0.000000
vt 1.000000 1.000000
f 268/268 269/269 270/270
v 0.223788 0.020000 0.640737
v 0.205172 0.020000 0.595795
v 0.205172 1.350000 0.595795
v 0.223788 1.350000 0.640737
vt 0.000000 0.000000
vt 1.000000 0.000000
vt 1.000000 1.000000
vt 0.000000 1.000000
f 271/271 272/272 273/273 274/274
v 0.500000 0.020000 0.500000
v 0.205172 0.020000 0.595795
v 0.223788 0.020000 0.640737
vt 0.000000 0.000000
vt 1.000000 0.000000
vt 1.000000 1.000000
f 275/275 276/276 277/277
v 0.500000 1.350000 0.500000
v 0.223788 1.350000 0.640737
v 0.205172 1.350000 0.595795
vt 0.000000 0.000000
vt 1.000000 0.000000
vt 1.000000 1.000000
f 278/278 279/279 280/280
v 0.205172 0.020000 0.595795
v 0.193817 0.020000 0.548495
v 0.193817 1.350000 0.548495
v 0.205172 1.350000 0.595795
vt 0.000000 0.000000
vt 1.000000 0.000000
vt 1.000000 1.000000
vt 0.000000 1.000000
f 281/281 282/282 283/283 284/284
v 0.500000 0.020000 0.500000
v 0.193817 0.020000 0.548495
v 0.205172 0.020000 0.595795
vt 0.000000 0.000000
vt 1.000000 0.000000
vt 1.000000 1.000000
f 285/285 286/286 287/287
v 0.500000 1.350000 0.500000
v 0.205172 1.350000 0.595795
v 0.193817 1.350000 0.548495
vt 0.000000 0.000000
vt 1.000000 0.000000
vt 1.000000 1.000000
f 288/288 289/289 290/290
v 0.193817 0.020000 0.548495
v 0.190000 0.020000 0.500000
v 0.190000 1.350000 0.500000
v 0.193817 1.350000 0.548495
vt 0.000000 0.000000
vt 1.000000 0.000000
vt 1.000000 1.000000
vt 0.000000 1.000000
f 291/291 292/292 293/293 294/294
v 0.500000 0.020000 0.500000
v 0.190000 0.020000 0.500000
v 0.193817 0.020000 0.548495
vt 0.000000 0.000000
vt 1.000000 0.000000
vt 1.000000 1.000000
f 295/295 296/296 297/297
v 0.500000 1.350000 0.500000
v 0.193817 1.350000 0.548495
v 0.190000 1.350000 0.500000
vt 0.000000 0.000000
vt 1.000000 0.000000
vt 1.000000 1.000000
f 298/298 299/299 300/300
v 0.190000 0.020000 0.500000
v 0.193817 0.020000 0.451505
v 0.193817 1.350000 0.451505
v 0.190000 1.350000 0.500000
vt 0.000000 0.000000
vt 1.000000 0.000000
vt 1.000000 1.000000
vt 0.000000 1.000000
f 301/301 302/302 303/303 304/304
v 0.500000 0.020000 0.500000
v 0.193817 0.020000 0.451505
v 0.190000 0.020000 0.500000
vt 0.000000 0.000000
vt 1.000000 0.000000
vt 1.000000 1.000000
f 305/305 306/306 307/307
v 0.500000 1.350000 0.500000
v 0.190000 1.350000 0.500000
v 0.193817 1.350000 0.451505
vt 0.000000 0.000000
vt 1.000000 0.000000
vt 1.000000 1.000000
f 308/308 309/309 310/310
v 0.193817 0.020000 0.451505
v 0.205172 0.020000 0.404205
v 0.205172 1.350000 0.404205
v 0.193817 1.350000 0.451505
vt 0.000000 0.000000
vt 1.000000 0.000000
vt 1.000000 1.000000
vt 0.000000 1.000000
f 311/311 312/312 313/313 314/314
v 0.500000 0.020000 0.500000
v 0.205172 0.020000 0.404205
v 0.193817 0.020000 0.451505
vt 0.000000 0.000000
vt 1.000000 0.000000
vt 1.000000 1.000000
f 315/315 316/316 317/317
v 0.500000 1.350000 0.500000
v 0.193817 1.350000 0.451505
v 0.205172 1.350000 0.404205
vt 0.000000 0.000000
vt 1.000000 0.000000
vt 1.000000 1.000000
f 318/318 319/319 320/320
v 0.205172 0.020000 0.404205
v 0.223788 0.020000 0.359263
v 0.223788 1.350000 0.359263
v 0.205172 1.350000 0.404205
vt 0.000000 0.000000
vt 1.000000 0.000000
vt 1.000000 1.000000
vt 0.000000 1.000000
f 321/321 322/322 323/323 324/324
v 0.500000 0.020000 0.500000
v 0.223788 0.020000 0.359263
v 0.205172 0.020000 0.404205
vt 0.000000 0.000000
vt 1.000000 0.000000
vt 1.000000 1.000000
f 325/325 326/326 327/327
v 0.500000 1.350000 0.500000
v 0.205172 1.350000 0.404205
v 0.223788 1.350000 0.359263
vt 0.000000 0.000000
vt 1.000000 0.000000
vt 1.000000 1.000000
f 328/328 329/329 330/330
v 0.223788 0.020000 0.359263
v 0.249205 0.020000 0.317787
v 0.249205 1.350000 0.317787
v 0.223788 1.350000 0.359263
vt 0.000000 0.000000
vt 1.000000 0.000000
vt 1.000000 1.000000
vt 0.000000 1.000000
f 331/331 332/332 333/333 334/334
v 0.500000 0.020000 0.500000
v 0.249205 0.020000 0.317787
v 0.223788 0.020000 0.359263
vt 0.000000 0.000000
vt 1.000000 0.000000
vt 1.000000 1.000000
f 335/335 336/336 337/337
v 0.500000 1.350000 0.500000
v 0.223788 1.350000 0.359263
v 0.249205 1.350000 0.317787
vt 0.000000 0.000000
vt 1.000000 0.000000
vt 1.000000 1.000000
f 338/338 339/339 340/340
v 0.249205 0.020000 0.317787
v 0.280797 0.020000 0.280797
v 0.280797 1.350000 0.280797
v 0.249205 1.350000 0.317787
vt 0.000000 0.000000
vt 1.000000 0.000000
vt 1.000000 1.000000
vt 0.000000 1.000000
f 341/341 342/342 343/343 344/344
v 0.500000 0.020000 0.500000
v 0.280797 0.020000 0.280797
v 0.249205 0.020000 0.317787
vt 0.000000 0.000000
vt 1.000000 0.000000
vt 1.000000 1.000000
f 345/345 346/346 347/347
v 0.500000 1.350000 0.500000
v 0.249205 1.350000 0.317787
v 0.280797 1.350000 0.280797
vt 0.000000 0.000000
vt 1.000000 0.000000
vt 1.000000 1.000000
f 348/348 349/349 350/350
v 0.280797 0.020000 0.280797
v 0.317787 0.020000 0.249205
v 0.317787 1.350000 0.249205
v 0.280797 1.350000 0.280797
vt 0.000000 0.000000
vt 1.000000 0.000000
vt 1.000000 1.000000
vt 0.000000 1.000000
f 351/351 352/352 353/353 354/354
v 0.500000 0.020000 0.500000
v 0.317787 0.020000 0.249205
v 0.280797 0.020000 0.280797
vt 0.000000 0.000000
vt 1.000000 0.000000
vt 1.000000 1.000000
f 355/355 356/356 357/357
v 0.500000 1.350000 0.500000
v 0.280797 1.350000 0.280797
v 0.317787 1.350000 0.249205
vt 0.000000 0.000000
vt 1.000000 0.000000
vt 1.000000 1.000000
f 358/358 359/359 360/360
v 0.317787 0.020000 0.249205
v 0.359263 0.020000 0.223788
v 0.359263 1.350000 0.223788
v 0.317787 1.350000 0.249205
vt 0.000000 0.000000
vt 1.000000 0.000000
vt 1.000000 1.000000
vt 0.000000 1.000000
f 361/361 362/362 363/363 364/364
v 0.500000 0.020000 0.500000
v 0.359263 0.020000 0.223788
v 0.317787 0.020000 0.249205
vt 0.000000 0.000000
vt 1.000000 0.000000
vt 1.000000 1.000000
f 365/365 366/366 367/367
v 0.500000 1.350000 0.500000
v 0.317787 1.350000 0.249205
v 0.359263 1.350000 0.223788
vt 0.000000 0.000000
vt 1.000000 0.000000
vt 1.000000 1.000000
f 368/368 369/369 370/370
v 0.359263 0.020000 0.223788
v 0.404205 0.020000 0.205172
v 0.404205 1.350000 0.205172
v 0.359263 1.350000 0.223788
vt 0.000000 0.000000
vt 1.000000 0.000000
vt 1.000000 1.000000
vt 0.000000 1.000000
f 371/371 372/372 373/373 374/374
v 0.500000 0.020000 0.500000
v 0.404205 0.020000 0.205172
v 0.359263 0.020000 0.223788
vt 0.000000 0.000000
vt 1.000000 0.000000
vt 1.000000 1.000000
f 375/375 376/376 377/377
v 0.500000 1.350000 0.500000
v 0.359263 1.350000 0.223788
v 0.404205 1.350000 0.205172
vt 0.000000 0.000000
vt 1.000000 0.000000
vt 1.000000 1.000000
f 378/378 379/379 380/380
v 0.404205 0.020000 0.205172
v 0.451505 0.020000 0.193817
v 0.451505 1.350000 0.193817
v 0.404205 1.350000 0.205172
vt 0.000000 0.000000
vt 1.000000 0.000000
vt 1.000000 1.000000
vt 0.000000 1.000000
f 381/381 382/382 383/383 384/384
v 0.500000 0.020000 0.500000
v 0.451505 0.020000 0.193817
v 0.404205 0.020000 0.205172
vt 0.000000 0.000000
vt 1.000000 0.000000
vt 1.000000 1.000000
f 385/385 386/386 387/387
v 0.500000 1.350000 0.500000
v 0.404205 1.350000 0.205172
v 0.451505 1.350000 0.193817
vt 0.000000 0.000000
vt 1.000000 0.000000
vt 1.000000 1.000000
f 388/388 389/389 390/390
v 0.451505 0.020000 0.193817
v 0.500000 0.020000 0.190000
v 0.500000 1.350000 0.190000
v 0.451505 1.350000 0.193817
vt 0.000000 0.000000
vt 1.000000 0.000000
vt 1.000000 1.000000
vt 0.000000 1.000000
f 391/391 392/392 393/393 394/394
v 0.500000 0.020000 0.500000
v 0.500000 0.020000 0.190000
v 0.451505 0.020000 0.193817
vt 0.000000 0.000000
vt 1.000000 0.000000
vt 1.000000 1.000000
f 395/395 396/396 397/397
v 0.500000 1.350000 0.500000
v 0.451505 1.350000 0.193817
v 0.500000 1.350000 0.190000
vt 0.000000 0.000000
vt 1.000000 0.000000
vt 1.000000 1.000000
f 398/398 399/399 400/400
usemtl body
v 0.500000 0.100000 0.395000
v 0.520484 0.100000 0.397018
v 0.520484 1.550000 0.397018
v 0.500000 1.550000 0.395000
vt 0.000000 0.000000
vt 1.000000 0.000000
vt 1.000000 1.000000
vt 0.000000 1.000000
f 401/401 402/402 403/403 404/404
v 0.500000 0.100000 0.500000
v 0.520484 0.100000 0.397018
v 0.500000 0.100000 0.395000
vt 0.000000 0.000000
vt 1.000000 0.000000
vt 1.000000 1.000000
f 405/405 406/406 407/407
v 0.500000 1.550000 0.500000
v 0.500000 1.550000 0.395000
v 0.520484 1.550000 0.397018
vt 0.000000 0.000000
vt 1.000000 0.000000
vt 1.000000 1.000000
f 408/408 409/409 410/410
v 0.520484 0.100000 0.397018
v 0.540182 0.100000 0.402993
v 0.540182 1.550000 0.402993
v 0.520484 1.550000 0.397018
vt 0.000000 0.000000
vt 1.000000 0.000000
vt 1.000000 1.000000
vt 0.000000 1.000000
f 411/411 412/412 413/413 414/414
v 0.500000 0.100000 0.500000
v 0.540182 0.100000 0.402993
v 0.520484 0.100000 0.397018
vt 0.000000 0.000000
vt 1.000000 0.000000
vt 1.000000 1.000000
f 415/415 416/416 417/417
v 0.500000 1.550000 0.500000
v 0.520484 1.550000 0.397018
v 0.540182 1.550000 0.402993
vt 0.000000 0.000000
vt 1.000000 0.000000
vt 1.000000 1.000000
f 418/418 419/419 420/420
v 0.540182 0.100000 0.402993
v 0.558335 0.100000 0.412696
v 0.558335 1.550000 0.412696
v 0.540182 1.550000 0.402993
vt 0.000000 0.000000
vt 1.000000 0.000000
vt 1.000000 1.000000
vt 0.000000 1.000000
f 421/421 422/422 423/423 424/424
v 0.500000 0.100000 0.500000
v 0.558335 0.100000 0.412696
v 0.540182 0.100000 0.402993
vt 0.000000 0.000000
vt 1.000000 0.000000
vt 1.000000 1.000000
f 425/425 426/426 427/427
v 0.500000 1.550000 0.500000
v 0.540182 1.550000 0.402993
v 0.558335 1.550000 0.412696
vt 0.000000 0.000000
vt 1.000000 0.000000
vt 1.000000 1.000000
f 428/428 429/429 430/430
v 0.558335 0.100000 0.412696
v 0.574246 0.100000 0.425754
v 0.574246 1.550000 0.425754
v 0.558335 1.550000 0.412696
vt 0.000000 0.000000
vt 1.000000 0.000000
vt 1.000000 1.000000
vt 0.000000 1.000000
f 431/431 432/432 433/433 434/434
v 0.500000 0.100000 0.500000
v 0.574246 0.100000 0.425754
v 0.558335 0.100000 0.412696
vt 0.000000 0.000000
vt 1.000000 0.000000
vt 1.000000 1.000000
f 435/435 436/436 437/437
v 0.500000 1.550000 0.500000
v 0.558335 1.550000 0.412696
v 0.574246 1.550000 0.425754
vt 0.000000 0.000000
vt 1.000000 0.000000
vt 1.000000 1.000000
f 438/438 439/439 440/440
v 0.574246 0.100000 0.425754
v 0.587304 0.100000 0.441665
v 0.587304 1.550000 0.441665
v 0.574246 1.550000 0.425754
vt 0.000000 0.000000
vt 1.000000 0.000000
vt 1.000000 1.000000
vt 0.000000 1.000000
f 441/441 442/442 443/443 444/444
v 0.500000 0.100000 0.500000
v 0.587304 0.100000 0.441665
v 0.574246 0.100000 0.425754
vt 0.000000 0.000000
vt 1.000000 0.000000
vt 1.000000 1.000000
f 445/445 446/446 447/447
v 0.500000 1.550000 0.500000
v 0.574246 1.550000 0.425754
v 0.587304 1.550000 0.441665
vt 0.000000 0.000000
vt 1.000000 0.000000
vt 1.000000 1.000000
f 448/448 449/449 450/450
v 0.587304 0.100000 0.441665
v 0.597007 0.100000 0.459818
v 0.597007 1.550000 0.459818
v 0.587304 1.550000 0.441665
vt 0.000000 0.000000
vt 1.000000 0.000000
vt 1.000000 1.000000
vt 0.000000 1.000000
f 451/451 452/452 453/453 454/454
v 0.500000 0.100000 0.500000
v 0.597007 0.100000 0.459818
v 0.587304 0.100000 0.441665
vt 0.000000 0.000000
vt 1.000000 0.000000
vt 1.000000 1.000000
f 455/455 456/456 457/457
v 0.500000 1.550000 0.500000
v 0.587304 1.550000 0.441665
v 0.597007 1.550000 0.459818
vt 0.000000 0.000000
vt 1.000000 0.000000
vt 1.000000 1.000000
f 458/458 459/459 460/460
v 0.597007 0.100000 0.459818
v 0.602982 0.100000 0.479516
v 0.602982 1.550000 0.479516
v 0.597007 1.550000 0.459818
vt 0.000000 0.000000
vt 1.000000 0.000000
vt 1.000000 1.000000
vt 0.000000 1.000000
f 461/461 462/462 463/463 464/464
v 0.500000 0.100000 0.500000
v 0.602982 0.100000 0.479516
v 0.597007 0.100000 0.459818
vt 0.000000 0.000000
vt 1.000000 0.000000
vt 1.000000 1.000000
f 465/465 466/466 467/467
v 0.500000 1.550000 0.500000
v 0.597007 1.550000 0.459818
v 0.602982 1.550000 0.479516
vt 0.000000 0.000000
vt 1.000000 0.000000
vt 1.000000 1.000000
f 468/468 469/469 470/470
v 0.602982 0.100000 0.479516
v 0.605000 0.100000 0.500000
v 0.605000 1.550000 0.500000
v 0.602982 1.550000 0.479516
vt 0.000000 0.000000
vt 1.000000 0.000000
vt 1.000000 1.000000
vt 0.000000 1.000000
f 471/471 472/472 473/473 474/474
v 0.500000 0.100000 0.500000
v 0.605000 0.100000 0.500000
v 0.602982 0.100000 0.479516
vt 0.000000 0.000000
vt 1.000000 0.000000
vt 1.000000 1.000000
f 475/475 476/476 477/477
v 0.500000 1.550000 0.500000
v 0.602982 1.550000 0.479516
v 0.605000 1.550000 0.500000
vt 0.000000 0.000000
vt 1.000000 0.000000
vt 1.000000 1.000000
f 478/478 479/479 480/480
v 0.605000 0.100000 0.500000
v 0.602982 0.100000 0.520484
v 0.602982 1.550000 0.520484
v 0.605000 1.550000 0.500000
vt 0.000000 0.000000
vt 1.000000 0.000000
vt 1.000000 1.000000
vt 0.000000 1.000000
f 481/481 482/482 483/483 484/484
v 0.500000 0.100000 0.500000
v 0.602982 0.100000 0.520484
v 0.605000 0.100000 0.500000
vt 0.000000 0.000000
vt 1.000000 0.000000
vt 1.000000 1.000000
f 485/485 486/486 487/487
v 0.500000 1.550000 0.500000
v 0.605000 1.550000 0.500000
v 0.602982 1.550000 0.520484
vt 0.000000 0.000000
vt 1.000000 0.000000
vt 1.000000 1.000000
f 488/488 489/489 490/490
v 0.602982 0.100000 0.520484
v 0.597007 0.100000 0.540182
v 0.597007 1.550000 0.540182
v 0.602982 1.550000 0.520484
vt 0.000000 0.000000
vt 1.000000 0.000000
vt 1.000000 1.000000
vt 0.000000 1.000000
f 491/491 492/492 493/493 494/494
v 0.500000 0.100000 0.500000
v 0.597007 0.100000 0.540182
v 0.602982 0.100000 0.520484
vt 0.000000 0.000000
vt 1.000000 0.000000
vt 1.000000 1.000000
f 495/495 496/496 497/497
v 0.500000 1.550000 0.500000
v 0.602982 1.550000 0.520484
v 0.597007 1.550000 0.540182
vt 0.000000 0.000000
vt 1.000000 0.000000
vt 1.000000 1.000000
f 498/498 499/499 500/500
v 0.597007 0.100000 0.540182
v 0.587304 0.100000 0.558335
v 0.587304 1.550000 0.558335
v 0.597007 1.550000 0.540182
vt 0.000000 0.000000
vt 1.000000 0.000000
vt 1.000000 1.000000
vt 0.000000 1.000000
f 501/501 502/502 503/503 504/504
v 0.500000 0.100000 0.500000
v 0.587304 0.100000 0.558335
v 0.597007 0.100000 0.540182
vt 0.000000 0.000000
vt 1.000000 0.000000
vt 1.000000 1.000000
f 505/505 506/506 507/507
v 0.500000 1.550000 0.500000
v 0.597007 1.550000 0.540182
v 0.587304 1.550000 0.558335
vt 0.000000 0.000000
vt 1.000000 0.000000
vt 1.000000 1.000000
f 508/508 509/509 510/510
v 0.587304 0.100000 0.558335
v 0.574246 0.100000 0.574246
v 0.574246 1.550000 0.574246
v 0.587304 1.550000 0.558335
vt 0.000000 0.000000
vt 1.000000 0.000000
vt 1.000000 1.000000
vt 0.000000 1.000000
f 511/511 512/512 513/513 514/514
v 0.500000 0.100000 0.500000
v 0.574246 0.100000 0.574246
v 0.587304 0.100000 0.558335
vt 0.000000 0.000000
vt 1.000000 0.000000
vt 1.000000 1.000000
f 515/515 516/516 517/517
v 0.500000 1.550000 0.500000
v 0.587304 1.550000 0.558335
v 0.574246 1.550000 0.574246
vt 0.000000 0.000000
vt 1.000000 0.000000
vt 1.000000 1.000000
f 518/518 519/519 520/520
v 0.574246 0.100000 0.574246
v 0.558335 0.100000 0.587304
v 0.558335 1.550000 0.587304
v 0.574246 1.550000 0.574246
vt 0.000000 0.000000
vt 1.000000 0.000000
vt 1.000000 1.000000
vt 0.000000 1.000000
f 521/521 522/522 523/523 524/524
v 0.500000 0.100000 0.500000
v 0.558335 0.100000 0.587304
v 0.574246 0.100000 0.574246
vt 0.000000 0.000000
vt 1.000000 0.000000
vt 1.000000 1.000000
f 525/525 526/526 527/527
v 0.500000 1.550000 0.500000
v 0.574246 1.550000 0.574246
v 0.558335 1.550000 0.587304
vt 0.000000 0.000000
vt 1.000000 0.000000
vt 1.000000 1.000000
f 528/528 529/529 530/530
v 0.558335 0.100000 0.587304
v 0.540182 0.100000 0.597007
v 0.540182 1.550000 0.597007
v 0.558335 1.550000 0.587304
vt 0.000000 0.000000
vt 1.000000 0.000000
vt 1.000000 1.000000
vt 0.000000 1.000000
f 531/531 532/532 533/533 534/534
v 0.500000 0.100000 0.500000
v 0.540182 0.100000 0.597007
v 0.558335 0.100000 0.587304
vt 0.000000 0.000000
vt 1.000000 0.000000
vt 1.000000 1.000000
f 535/535 536/536 537/537
v 0.500000 1.550000 0.500000
v 0.558335 1.550000 0.587304
v 0.540182 1.550000 0.597007
vt 0.000000 0.000000
vt 1.000000 0.000000
vt 1.000000 1.000000
f 538/538 539/539 540/540
v 0.540182 0.100000 0.597007
v 0.520484 0.100000 0.602982
v 0.520484 1.550000 0.602982
v 0.540182 1.550000 0.597007
vt 0.000000 0.000000
vt 1.000000 0.000000
vt 1.000000 1.000000
vt 0.000000 1.000000
f 541/541 542/542 543/543 544/544
v 0.500000 0.100000 0.500000
v 0.520484 0.100000 0.602982
v 0.540182 0.100000 0.597007
vt 0.000000 0.000000
vt 1.000000 0.000000
vt 1.000000 1.000000
f 545/545 546/546 547/547
v 0.500000 1.550000 0.500000
v 0.540182 1.550000 0.597007
v 0.520484 1.550000 0.602982
vt 0.000000 0.000000
vt 1.000000 0.000000
vt 1.000000 1.000000
f 548/548 549/549 550/550
v 0.520484 0.100000 0.602982
v 0.500000 0.100000 0.605000
v 0.500000 1.550000 0.605000
v 0.520484 1.550000 0.602982
vt 0.000000 0.000000
vt 1.000000 0.000000
vt 1.000000 1.000000
vt 0.000000 1.000000
f 551/551 552/552 553/553 554/554
v 0.500000 0.100000 0.500000
v 0.500000 0.100000 0.605000
v 0.520484 0.100000 0.602982
vt 0.000000 0.000000
vt 1.000000 0.000000
vt 1.000000 1.000000
f 555/555 556/556 557/557
v 0.500000 1.550000 0.500000
v 0.520484 1.550000 0.602982
v 0.500000 1.550000 0.605000
vt 0.000000 0.000000
vt 1.000000 0.000000
vt 1.000000 1.000000
f 558/558 559/559 560/560
v 0.500000 0.100000 0.605000
v 0.479516 0.100000 0.602982
v 0.479516 1.550000 0.602982
v 0.500000 1.550000 0.605000
vt 0.000000 0.000000
vt 1.000000 0.000000
vt 1.000000 1.000000
vt 0.000000 1.000000
f 561/561 562/562 563/563 564/564
v 0.500000 0.100000 0.500000
v 0.479516 0.100000 0.602982
v 0.500000 0.100000 0.605000
vt 0.000000 0.000000
vt 1.000000 0.000000
vt 1.000000 1.000000
f 565/565 566/566 567/567
v 0.500000 1.550000 0.500000
v 0.500000 1.550000 0.605000
v 0.479516 1.550000 0.602982
vt 0.000000 0.000000
vt 1.000000 0.000000
vt 1.000000 1.000000
f 568/568 569/569 570/570
v 0.479516 0.100000 0.602982
v 0.459818 0.100000 0.597007
v 0.459818 1.550000 0.597007
v 0.479516 1.550000 0.602982
vt 0.000000 0.000000
vt 1.000000 0.000000
vt 1.000000 1.000000
vt 0.000000 1.000000
f 571/571 572/572 573/573 574/574
v 0.500000 0.100000 0.500000
v 0.459818 0.100000 0.597007
v 0.479516 0.100000 0.602982
vt 0.000000 0.000000
vt 1.000000 0.000000
vt 1.000000 1.000000
f 575/575 576/576 577/577
v 0.500000 1.550000 0.500000
v 0.479516 1.550000 0.602982
v 0.459818 1.550000 0.597007
vt 0.000000 0.000000
vt 1.000000 0.000000
vt 1.000000 1.000000
f 578/578 579/579 580/580
v 0.459818 0.100000 0.597007
v 0.441665 0.100000 0.587304
v 0.441665 1.550000 0.587304
v 0.459818 1.550000 0.597007
vt 0.000000 0.000000
vt 1.000000 0.000000
vt 1.000000 1.000000
vt 0.000000 1.000000
f 581/581 582/582 583/583 584/584
v 0.500000 0.100000 0.500000
v 0.441665 0.100000 0.587304
v 0.459818 0.100000 0.597007
vt 0.000000 0.000000
vt 1.000000 0.000000
vt 1.000000 1.000000
f 585/585 586/586 587/587
v 0.500000 1.550000 0.500000
v 0.459818 1.550000 0.597007
v 0.441665 1.550000 0.587304
vt 0.000000 0.000000
vt 1.000000 0.000000
vt 1.000000 1.000000
f 588/588 589/589 590/590
v 0.441665 0.100000 0.587304
v 0.425754 0.100000 0.574246
v 0.425754 1.550000 0.574246
v 0.441665 1.550000 0.587304
vt 0.000000 0.000000
vt 1.000000 0.000000
vt 1.000000 1.000000
vt 0.000000 1.000000
f 591/591 592/592 593/593 594/594
v 0.500000 0.100000 0.500000
v 0.425754 0.100000 0.574246
v 0.441665 0.100000 0.587304
vt 0.000000 0.000000
vt 1.000000 0.000000
vt 1.000000 1.000000
f 595/595 596/596 597/597
v 0.500000 1.550000 0.500000
v 0.441665 1.550000 0.587304
v 0.425754 1.550000 0.574246
vt 0.000000 0.000000
vt 1.000000 0.000000
vt 1.000000 1.000000
f 598/598 599/599 600/600
v 0.425754 0.100000 0.574246
v 0.412696 0.100000 0.558335
v 0.412696 1.550000 0.558335
v 0.425754 1.550000 0.574246
vt 0.000000 0.000000
vt 1.000000 0.000000
vt 1.000000 1.000000
vt 0.000000 1.000000
f 601/601 602/602 603/603 604/604
v 0.500000 0.100000 0.500000
v 0.412696 0.100000 0.558335
v 0.425754 0.100000 0.574246
vt 0.000000 0.000000
vt 1.000000 0.000000
vt 1.000000 1.000000
f 605/605 606/606 607/607
v 0.500000 1.550000 0.500000
v 0.425754 1.550000 0.574246
v 0.412696 1.550000 0.558335
vt 0.000000 0.000000
vt 1.000000 0.000000
vt 1.000000 1.000000
f 608/608 609/609 610/610
v 0.412696 0.100000 0.558335
v 0.402993 0.100000 0.540182
v 0.402993 1.550000 0.540182
v 0.412696 1.550000 0.558335
vt 0.000000 0.000000
vt 1.000000 0.000000
vt 1.000000 1.000000
vt 0.000000 1.000000
f 611/611 612/612 613/613 614/614
v 0.500000 0.100000 0.500000
v 0.402993 0.100000 0.540182
v 0.412696 0.100000 0.558335
vt 0.000000 0.000000
vt 1.000000 0.000000
vt 1.000000 1.000000
f 615/615 616/616 617/617
v 0.500000 1.550000 0.500000
v 0.412696 1.550000 0.558335
v 0.402993 1.550000 0.540182
vt 0.000000 0.000000
vt 1.000000 0.000000
vt 1.000000 1.000000
f 618/618 619/619 620/620
v 0.402993 0.100000 0.540182
v 0.397018 0.100000 0.520484
v 0.397018 1.550000 0.520484
v 0.402993 1.550000 0.540182
vt 0.000000 0.000000
vt 1.000000 0.000000
vt 1.000000 1.000000
vt 0.000000 1.000000
f 621/621 622/622 623/623 624/624
v 0.500000 0.100000 0.500000
v 0.397018 0.100000 0.520484
v 0.402993 0.100000 0.540182
vt 0.000000 0.000000
vt 1.000000 0.000000
vt 1.000000 1.000000
f 625/625 626/626 627/627
v 0.500000 1.550000 0.500000
v 0.402993 1.550000 0.540182
v 0.397018 1.550000 0.520484
vt 0.000000 0.000000
vt 1.000000 0.000000
vt 1.000000 1.000000
f 628/628 629/629 630/630
v 0.397018 0.100000 0.520484
v 0.395000 0.100000 0.500000
v 0.395000 1.550000 0.500000
v 0.397018 1.550000 0.520484
vt 0.000000 0.000000
vt 1.000000 0.000000
vt 1.000000 1.000000
vt 0.000000 1.000000
f 631/631 632/632 633/633 634/634
v 0.500000 0.100000 0.500000
v 0.395000 0.100000 0.500000
v 0.397018 0.100000 0.520484
vt 0.000000 0.000000
vt 1.000000 0.000000
vt 1.000000 1.000000
f 635/635 636/636 637/637
v 0.500000 1.550000 0.500000
v 0.397018 1.550000 0.520484
v 0.395000 1.550000 0.500000
vt 0.000000 0.000000
vt 1.000000 0.000000
vt 1.000000 1.000000
f 638/638 639/639 640/640
v 0.395000 0.100000 0.500000
v 0.397018 0.100000 0.479516
v 0.397018 1.550000 0.479516
v 0.395000 1.550000 0.500000
vt 0.000000 0.000000
vt 1.000000 0.000000
vt 1.000000 1.000000
vt 0.000000 1.000000
f 641/641 642/642 643/643 644/644
v 0.500000 0.100000 0.500000
v 0.397018 0.100000 0.479516
v 0.395000 0.100000 0.500000
vt 0.000000 0.000000
vt 1.000000 0.000000
vt 1.000000 1.000000
f 645/645 646/646 647/647
v 0.500000 1.550000 0.500000
v 0.395000 1.550000 0.500000
v 0.397018 1.550000 0.479516
vt 0.000000 0.000000
vt 1.000000 0.000000
vt 1.000000 1.000000
f 648/648 649/649 650/650
v 0.397018 0.100000 0.479516
v 0.402993 0.100000 0.459818
v 0.402993 1.550000 0.459818
v 0.397018 1.550000 0.479516
vt 0.000000 0.000000
vt 1.000000 0.000000
vt 1.000000 1.000000
vt 0.000000 1.000000
f 651/651 652/652 653/653 654/654
v 0.500000 0.100000 0.500000
v 0.402993 0.100000 0.459818
v 0.397018 0.100000 0.479516
vt 0.000000 0.000000
vt 1.000000 0.000000
vt 1.000000 1.000000
f 655/655 656/656 657/657
v 0.500000 1.550000 0.500000
v 0.397018 1.550000 0.479516
v 0.402993 1.550000 0.459818
vt 0.000000 0.000000
vt 1.000000 0.000000
vt 1.000000 1.000000
f 658/658 659/659 660/660
v 0.402993 0.100000 0.459818
v 0.412696 0.100000 0.441665
v 0.412696 1.550000 0.441665
v 0.402993 1.550000 0.459818
vt 0.000000 0.000000
vt 1.000000 0.000000
vt 1.000000 1.000000
vt 0.000000 1.000000
f 661/661 662/662 663/663 664/664
v 0.500000 0.100000 0.500000
v 0.412696 0.100000 0.441665
v 0.402993 0.100000 0.459818
vt 0.000000 0.000000
vt 1.000000 0.000000
vt 1.000000 1.000000
f 665/665 666/666 667/667
v 0.500000 1.550000 0.500000
v 0.402993 1.550000 0.459818
v 0.412696 1.550000 0.441665
vt 0.000000 0.000000
vt 1.000000 0.000000
vt 1.000000 1.000000
f 668/668 669/669 670/670
v 0.412696 0.100000 0.441665
v 0.425754 0.100000 0.425754
v 0.425754 1.550000 0.425754
v 0.412696 1.550000 0.441665
vt 0.000000 0.000000
vt 1.000000 0.000000
vt 1.000000 1.000000
vt 0.000000 1.000000
f 671/671 672/672 673/673 674/674
v 0.500000 0.100000 0.500000
v 0.425754 0.100000 0.425754
v 0.412696 0.100000 0.441665
vt 0.000000 0.000000
vt 1.000000 0.000000
vt 1.000000 1.000000
f 675/675 676/676 677/677
v 0.500000 1.550000 0.500000
v 0.412696 1.550000 0.441665
v 0.425754 1.550000 0.425754
vt 0.000000 0.000000
vt 1.000000 0.000000
vt 1.000000 1.000000
f 678/678 679/679 680/680
v 0.425754 0.100000 0.425754
v 0.441665 0.100000 0.412696
v 0.441665 1.550000 0.412696
v 0.425754 1.550000 0.425754
vt 0.000000 0.000000
vt 1.000000 0.000000
vt 1.000000 1.000000
vt 0.000000 1.000000
f 681/681 682/682 683/683 684/684
v 0.500000 0.100000 0.500000
v 0.441665 0.100000 0.412696
v 0.425754 0.100000 0.425754
vt 0.000000 0.000000
vt 1.000000 0.000000
vt 1.000000 1.000000
f 685/685 686/686 687/687
v 0.500000 1.550000 0.500000
v 0.425754 1.550000 0.425754
v 0.441665 1.550000 0.412696
vt 0.000000 0.000000
vt 1.000000 0.000000
vt 1.000000 1.000000
f 688/688 689/689 690/690
v 0.441665 0.100000 0.412696
v 0.459818 0.100000 0.402993
v 0.459818 1.550000 0.402993
v 0.441665 1.550000 0.412696
vt 0.000000 0.000000
vt 1.000000 0.000000
vt 1.000000 1.000000
vt 0.000000 1.000000
f 691/691 692/692 693/693 694/694
v 0.500000 0.100000 0.500000
v 0.459818 0.100000 0.402993
v 0.441665 0.100000 0.412696
vt 0.000000 0.000000
vt 1.000000 0.000000
vt 1.000000 1.000000
f 695/695 696/696 697/697
v 0.500000 1.550000 0.500000
v 0.441665 1.550000 0.412696
v 0.459818 1.550000 0.402993
vt 0.000000 0.000000
vt 1.000000 0.000000
vt 1.000000 1.000000
f 698/698 699/699 700/700
v 0.459818 0.100000 0.402993
v 0.479516 0.100000 0.397018
v 0.479516 1.550000 0.397018
v 0.459818 1.550000 0.402993
vt 0.000000 0.000000
vt 1.000000 0.000000
vt 1.000000 1.000000
vt 0.000000 1.000000
f 701/701 702/702 703/703 704/704
v 0.500000 0.100000 0.500000
v 0.479516 0.100000 0.397018
v 0.459818 0.100000 0.402993
vt 0.000000 0.000000
vt 1.000000 0.000000
vt 1.000000 1.000000
f 705/705 706/706 707/707
v 0.500000 1.550000 0.500000
v 0.459818 1.550000 0.402993
v 0.479516 1.550000 0.397018
vt 0.000000 0.000000
vt 1.000000 0.000000
vt 1.000000 1.000000
f 708/708 709/709 710/710
v 0.479516 0.100000 0.397018
v 0.500000 0.100000 0.395000
v 0.500000 1.550000 0.395000
v 0.479516 1.550000 0.397018
vt 0.000000 0.000000
vt 1.000000 0.000000
vt 1.000000 1.000000
vt 0.000000 1.000000
f 711/711 712/712 713/713 714/714
v 0.500000 0.100000 0.500000
v 0.500000 0.100000 0.395000
v 0.479516 0.100000 0.397018
vt 0.000000 0.000000
vt 1.000000 0.000000
vt 1.000000 1.000000
f 715/715 716/716 717/717
v 0.500000 1.550000 0.500000
v 0.479516 1.550000 0.397018
v 0.500000 1.550000 0.395000
vt 0.000000 0.000000
vt 1.000000 0.000000
vt 1.000000 1.000000
f 718/718 719/719 720/720
usemtl accent
v 0.500000 1.550000 0.395000
v 0.520484 1.550000 0.397018
v 0.500000 1.720000 0.500000
vt 0.000000 0.000000
vt 1.000000 0.000000
vt 1.000000 1.000000
f 721/721 722/722 723/723
v 0.500000 1.550000 0.500000
v 0.520484 1.550000 0.397018
v 0.500000 1.550000 0.395000
vt 0.000000 0.000000
vt 1.000000 0.000000
vt 1.000000 1.000000
f 724/724 725/725 726/726
v 0.520484 1.550000 0.397018
v 0.540182 1.550000 0.402993
v 0.500000 1.720000 0.500000
vt 0.000000 0.000000
vt 1.000000 0.000000
vt 1.000000 1.000000
f 727/727 728/728 729/729
v 0.500000 1.550000 0.500000
v 0.540182 1.550000 0.402993
v 0.520484 1.550000 0.397018
vt 0.000000 0.000000
vt 1.000000 0.000000
vt 1.000000 1.000000
f 730/730 731/731 732/732
v 0.540182 1.550000 0.402993
v 0.558335 1.550000 0.412696
v 0.500000 1.720000 0.500000
vt 0.000000 0.000000
vt 1.000000 0.000000
vt 1.000000 1.000000
f 733/733 734/734 735/735
v 0.500000 1.550000 0.500000
v 0.558335 1.550000 0.412696
v 0.540182 1.550000 0.402993
vt 0.000000 0.000000
vt 1.000000 0.000000
vt 1.000000 1.000000
f 736/736 737/737 738/738
v 0.558335 1.550000 0.412696
v 0.574246 1.550000 0.425754
v 0.500000 1.720000 0.500000
vt 0.000000 0.000000
vt 1.000000 0.000000
vt 1.000000 1.000000
f 739/739 740/740 741/741
v 0.500000 1.550000 0.500000
v 0.574246 1.550000 0.425754
v 0.558335 1.550000 0.412696
vt 0.000000 0.000000
vt 1.000000 0.000000
vt 1.000000 1.000000
f 742/742 743/743 744/744
v 0.574246 1.550000 0.425754
v 0.587304 1.550000 0.441665
v 0.500000 1.720000 0.500000
vt 0.000000 0.000000
vt 1.000000 0.000000
vt 1.000000 1.000000
f 745/745 746/746 747/747
v 0.500000 1.550000 0.500000
v 0.587304 1.550000 0.441665
v 0.574246 1.550000 0.425754
vt 0.000000 0.000000
vt 1.000000 0.000000
vt 1.000000 1.000000
f 748/748 749/749 750/750
v 0.587304 1.550000 0.441665
v 0.597007 1.550000 0.459818
v 0.500000 1.720000 0.500000
vt 0.000000 0.000000
vt 1.000000 0.000000
vt 1.000000 1.000000
f 751/751 752/752 753/753
v 0.500000 1.550000 0.500000
v 0.597007 1.550000 0.459818
v 0.587304 1.550000 0.441665
vt 0.000000 0.000000
vt 1.000000 0.000000
vt 1.000000 1.000000
f 754/754 755/755 756/756
v 0.597007 1.550000 0.459818
v 0.602982 1.550000 0.479516
v 0.500000 1.720000 0.500000
vt 0.000000 0.000000
vt 1.000000 0.000000
vt 1.000000 1.000000
f 757/757 758/758 759/759
v 0.500000 1.550000 0.500000
v 0.602982 1.550000 0.479516
v 0.597007 1.550000 0.459818
vt 0.000000 0.000000
vt 1.000000 0.000000
vt 1.000000 1.000000
f 760/760 761/761 762/762
v 0.602982 1.550000 0.479516
v 0.605000 1.550000 0.500000
v 0.500000 1.720000 0.500000
vt 0.000000 0.000000
vt 1.000000 0.000000
vt 1.000000 1.000000
f 763/763 764/764 765/765
v 0.500000 1.550000 0.500000
v 0.605000 1.550000 0.500000
v 0.602982 1.550000 0.479516
vt 0.000000 0.000000
vt 1.000000 0.000000
vt 1.000000 1.000000
f 766/766 767/767 768/768
v 0.605000 1.550000 0.500000
v 0.602982 1.550000 0.520484
v 0.500000 1.720000 0.500000
vt 0.000000 0.000000
vt 1.000000 0.000000
vt 1.000000 1.000000
f 769/769 770/770 771/771
v 0.500000 1.550000 0.500000
v 0.602982 1.550000 0.520484
v 0.605000 1.550000 0.500000
vt 0.000000 0.000000
vt 1.000000 0.000000
vt 1.000000 1.000000
f 772/772 773/773 774/774
v 0.602982 1.550000 0.520484
v 0.597007 1.550000 0.540182
v 0.500000 1.720000 0.500000
vt 0.000000 0.000000
vt 1.000000 0.000000
vt 1.000000 1.000000
f 775/775 776/776 777/777
v 0.500000 1.550000 0.500000
v 0.597007 1.550000 0.540182
v 0.602982 1.550000 0.520484
vt 0.000000 0.000000
vt 1.000000 0.000000
vt 1.000000 1.000000
f 778/778 779/779 780/780
v 0.597007 1.550000 0.540182
v 0.587304 1.550000 0.558335
v 0.500000 1.720000 0.500000
vt 0.000000 0.000000
vt 1.000000 0.000000
vt 1.000000 1.000000
f 781/781 782/782 783/783
v 0.500000 1.550000 0.500000
v 0.587304 1.550000 0.558335
v 0.597007 1.550000 0.540182
vt 0.000000 0.000000
vt 1.000000 0.000000
vt 1.000000 1.000000
f 784/784 785/785 786/786
v 0.587304 1.550000 0.558335
v 0.574246 1.550000 0.574246
v 0.500000 1.720000 0.500000
vt 0.000000 0.000000
vt 1.000000 0.000000
vt 1.000000 1.000000
f 787/787 788/788 789/789
v 0.500000 1.550000 0.500000
v 0.574246 1.550000 0.574246
v 0.587304 1.550000 0.558335
vt 0.000000 0.000000
vt 1.000000 0.000000
vt 1.000000 1.000000
f 790/790 791/791 792/792
v 0.574246 1.550000 0.574246
v 0.558335 1.550000 0.587304
v 0.500000 1.720000 0.500000
vt 0.000000 0.000000
vt 1.000000 0.000000
vt 1.000000 1.000000
f 793/793 794/794 795/795
v 0.500000 1.550000 0.500000
v 0.558335 1.550000 0.587304
v 0.574246 1.550000 0.574246
vt 0.000000 0.000000
vt 1.000000 0.000000
vt 1.000000 1.000000
f 796/796 797/797 798/798
v 0.558335 1.550000 0.587304
v 0.540182 1.550000 0.597007
v 0.500000 1.720000 0.500000
vt 0.000000 0.000000
vt 1.000000 0.000000
vt 1.000000 1.000000
f 799/799 800/800 801/801
v 0.500000 1.550000 0.500000
v 0.540182 1.550000 0.597007
v 0.558335 1.550000 0.587304
vt 0.000000 0.000000
vt 1.000000 0.000000
vt 1.000000 1.000000
f 802/802 803/803 804/804
v 0.540182 1.550000 0.597007
v 0.520484 1.550000 0.602982
v 0.500000 1.720000 0.500000
vt 0.000000 0.000000
vt 1.000000 0.000000
vt 1.000000 1.000000
f 805/805 806/806 807/807
v 0.500000 1.550000 0.500000
v 0.520484 1.550000 0.602982
v 0.540182 1.550000 0.597007
vt 0.000000 0.000000
vt 1.000000 0.000000
vt 1.000000 1.000000
f 808/808 809/809 810/810
v 0.520484 1.550000 0.602982
v 0.500000 1.550000 0.605000
v 0.500000 1.720000 0.500000
vt 0.000000 0.000000
vt 1.000000 0.000000
vt 1.000000 1.000000
f 811/811 812/812 813/813
v 0.500000 1.550000 0.500000
v 0.500000 1.550000 0.605000
v 0.520484 1.550000 0.602982
vt 0.000000 0.000000
vt 1.000000 0.000000
vt 1.000000 1.000000
f 814/814 815/815 816/816
v 0.500000 1.550000 0.605000
v 0.479516 1.550000 0.602982
v 0.500000 1.720000 0.500000
vt 0.000000 0.000000
vt 1.000000 0.000000
vt 1.000000 1.000000
f 817/817 818/818 819/819
v 0.500000 1.550000 0.500000
v 0.479516 1.550000 0.602982
v 0.500000 1.550000 0.605000
vt 0.000000 0.000000
vt 1.000000 0.000000
vt 1.000000 1.000000
f 820/820 821/821 822/822
v 0.479516 1.550000 0.602982
v 0.459818 1.550000 0.597007
v 0.500000 1.720000 0.500000
vt 0.000000 0.000000
vt 1.000000 0.000000
vt 1.000000 1.000000
f 823/823 824/824 825/825
v 0.500000 1.550000 0.500000
v 0.459818 1.550000 0.597007
v 0.479516 1.550000 0.602982
vt 0.000000 0.000000
vt 1.000000 0.000000
vt 1.000000 1.000000
f 826/826 827/827 828/828
v 0.459818 1.550000 0.597007
v 0.441665 1.550000 0.587304
v 0.500000 1.720000 0.500000
vt 0.000000 0.000000
vt 1.000000 0.000000
vt 1.000000 1.000000
f 829/829 830/830 831/831
v 0.500000 1.550000 0.500000
v 0.441665 1.550000 0.587304
v 0.459818 1.550000 0.597007
vt 0.000000 0.000000
vt 1.000000 0.000000
vt 1.000000 1.000000
f 832/832 833/833 834/834
v 0.441665 1.550000 0.587304
v 0.425754 1.550000 0.574246
v 0.500000 1.720000 0.500000
vt 0.000000 0.000000
vt 1.000000 0.000000
vt 1.000000 1.000000
f 835/835 836/836 837/837
v 0.500000 1.550000 0.500000
v 0.425754 1.550000 0.574246
v 0.441665 1.550000 0.587304
vt 0.000000 0.000000
vt 1.000000 0.000000
vt 1.000000 1.000000
f 838/838 839/839 840/840
v 0.425754 1.550000 0.574246
v 0.412696 1.550000 0.558335
v 0.500000 1.720000 0.500000
vt 0.000000 0.000000
vt 1.000000 0.000000
vt 1.000000 1.000000
f 841/841 842/842 843/843
v 0.500000 1.550000 0.500000
v 0.412696 1.550000 0.558335
v 0.425754 1.550000 0.574246
vt 0.000000 0.000000
vt 1.000000 0.000000
vt 1.000000 1.000000
f 844/844 845/845 846/846
v 0.412696 1.550000 0.558335
v 0.402993 1.550000 0.540182
v 0.500000 1.720000 0.500000
vt 0.000000 0.000000
vt 1.000000 0.000000
vt 1.000000 1.000000
f 847/847 848/848 849/849
v 0.500000 1.550000 0.500000
v 0.402993 1.550000 0.540182
v 0.412696 1.550000 0.558335
vt 0.000000 0.000000
vt 1.000000 0.000000
vt 1.000000 1.000000
f 850/850 851/851 852/852
v 0.402993 1.550000 0.540182
v 0.397018 1.550000 0.520484
v 0.500000 1.720000 0.500000
vt 0.000000 0.000000
vt 1.000000 0.000000
vt 1.000000 1.000000
f 853/853 854/854 855/855
v 0.500000 1.550000 0.500000
v 0.397018 1.550000 0.520484
v 0.402993 1.550000 0.540182
vt 0.000000 0.000000
vt 1.000000 0.000000
vt 1.000000 1.000000
f 856/856 857/857 858/858
v 0.397018 1.550000 0.520484
v 0.395000 1.550000 0.500000
v 0.500000 1.720000 0.500000
vt 0.000000 0.000000
vt 1.000000 0.000000
vt 1.000000 1.000000
f 859/859 860/860 861/861
v 0.500000 1.550000 0.500000
v 0.395000 1.550000 0.500000
v 0.397018 1.550000 0.520484
vt 0.000000 0.000000
vt 1.000000 0.000000
vt 1.000000 1.000000
f 862/862 863/863 864/864
v 0.395000 1.550000 0.500000
v 0.397018 1.550000 0.479516
v 0.500000 1.720000 0.500000
vt 0.000000 0.000000
vt 1.000000 0.000000
vt 1.000000 1.000000
f 865/865 866/866 867/867
v 0.500000 1.550000 0.500000
v 0.397018 1.550000 0.479516
v 0.395000 1.550000 0.500000
vt 0.000000 0.000000
vt 1.000000 0.000000
vt 1.000000 1.000000
f 868/868 869/869 870/870
v 0.397018 1.550000 0.479516
v 0.402993 1.550000 0.459818
v 0.500000 1.720000 0.500000
vt 0.000000 0.000000
vt 1.000000 0.000000
vt 1.000000 1.000000
f 871/871 872/872 873/873
v 0.500000 1.550000 0.500000
v 0.402993 1.550000 0.459818
v 0.397018 1.550000 0.479516
vt 0.000000 0.000000
vt 1.000000 0.000000
vt 1.000000 1.000000
f 874/874 875/875 876/876
v 0.402993 1.550000 0.459818
v 0.412696 1.550000 0.441665
v 0.500000 1.720000 0.500000
vt 0.000000 0.000000
vt 1.000000 0.000000
vt 1.000000 1.000000
f 877/877 878/878 879/879
v 0.500000 1.550000 0.500000
v 0.412696 1.550000 0.441665
v 0.402993 1.550000 0.459818
vt 0.000000 0.000000
vt 1.000000 0.000000
vt 1.000000 1.000000
f 880/880 881/881 882/882
v 0.412696 1.550000 0.441665
v 0.425754 1.550000 0.425754
v 0.500000 1.720000 0.500000
vt 0.000000 0.000000
vt 1.000000 0.000000
vt 1.000000 1.000000
f 883/883 884/884 885/885
v 0.500000 1.550000 0.500000
v 0.425754 1.550000 0.425754
v 0.412696 1.550000 0.441665
vt 0.000000 0.000000
vt 1.000000 0.000000
vt 1.000000 1.000000
f 886/886 887/887 888/888
v 0.425754 1.550000 0.425754
v 0.441665 1.550000 0.412696
v 0.500000 1.720000 0.500000
vt 0.000000 0.000000
vt 1.000000 0.000000
vt 1.000000 1.000000
f 889/889 890/890 891/891
v 0.500000 1.550000 0.500000
v 0.441665 1.550000 0.412696
v 0.425754 1.550000 0.425754
vt 0.000000 0.000000
vt 1.000000 0.000000
vt 1.000000 1.000000
f 892/892 893/893 894/894
v 0.441665 1.550000 0.412696
v 0.459818 1.550000 0.402993
v 0.500000 1.720000 0.500000
vt 0.000000 0.000000
vt 1.000000 0.000000
vt 1.000000 1.000000
f 895/895 896/896 897/897
v 0.500000 1.550000 0.500000
v 0.459818 1.550000 0.402993
v 0.441665 1.550000 0.412696
vt 0.000000 0.000000
vt 1.000000 0.000000
vt 1.000000 1.000000
f 898/898 899/899 900/900
v 0.459818 1.550000 0.402993
v 0.479516 1.550000 0.397018
v 0.500000 1.720000 0.500000
vt 0.000000 0.000000
vt 1.000000 0.000000
vt 1.000000 1.000000
f 901/901 902/902 903/903
v 0.500000 1.550000 0.500000
v 0.479516 1.550000 0.397018
v 0.459818 1.550000 0.402993
vt 0.000000 0.000000
vt 1.000000 0.000000
vt 1.000000 1.000000
f 904/904 905/905 906/906
v 0.479516 1.550000 0.397018
v 0.500000 1.550000 0.395000
v 0.500000 1.720000 0.500000
vt 0.000000 0.000000
vt 1.000000 0.000000
vt 1.000000 1.000000
f 907/907 908/908 909/909
v 0.500000 1.550000 0.500000
v 0.500000 1.550000 0.395000
v 0.479516 1.550000 0.397018
vt 0.000000 0.000000
vt 1.000000 0.000000
vt 1.000000 1.000000
f 910/910 911/911 912/912
v 0.500000 0.200000 0.160000
v 0.553188 0.200000 0.164186
v 0.553188 0.235000 0.164186
v 0.500000 0.235000 0.160000
vt 0.000000 0.000000
vt 1.000000 0.000000
vt 1.000000 1.000000
vt 0.000000 1.000000
f 913/913 914/914 915/915 916/916
v 0.500000 0.200000 0.500000
v 0.553188 0.200000 0.164186
v 0.500000 0.200000 0.160000
vt 0.000000 0.000000
vt 1.000000 0.000000
vt 1.000000 1.000000
f 917/917 918/918 919/919
v 0.500000 0.235000 0.500000
v 0.500000 0.235000 0.160000
v 0.553188 0.235000 0.164186
vt 0.000000 0.000000
vt 1.000000 0.000000
vt 1.000000 1.000000
f 920/920 921/921 922/922
v 0.553188 0.200000 0.164186
v 0.605066 0.200000 0.176641
v 0.605066 0.235000 0.176641
v 0.553188 0.235000 0.164186
vt 0.000000 0.000000
vt 1.000000 0.000000
vt 1.000000 1.000000
vt 0.000000 1.000000
f 923/923 924/924 925/925 926/926
v 0.500000 0.200000 0.500000
v 0.605066 0.200000 0.176641
v 0.553188 0.200000 0.164186
vt 0.000000 0.000000
vt 1.000000 0.000000
vt 1.000000 1.000000
f 927/927 928/928 929/929
v 0.500000 0.235000 0.500000
v 0.553188 0.235000 0.164186
v 0.605066 0.235000 0.176641
vt 0.000000 0.000000
vt 1.000000 0.000000
vt 1.000000 1.000000
f 930/930 931/931 932/932
v 0.605066 0.200000 0.176641
v 0.654357 0.200000 0.197058
v 0.654357 0.235000 0.197058
v 0.605066 0.235000 0.176641
vt 0.000000 0.000000
vt 1.000000 0.000000
vt 1.000000 1.000000
vt 0.000000 1.000000
f 933/933 934/934 935/935 936/936
v 0.500000 0.200000 0.500000
v 0.654357 0.200000 0.197058
v 0.605066 0.200000 0.176641
vt 0.000000 0.000000
vt 1.000000 0.000000
vt 1.000000 1.000000
f 937/937 938/938 939/939
v 0.500000 0.235000 0.500000
v 0.605066 0.235000 0.176641
v 0.654357 0.235000 0.197058
vt 0.000000 0.000000
vt 1.000000 0.000000
vt 1.000000 1.000000
f 940/940 941/941 942/942
v 0.654357 0.200000 0.197058
v 0.699847 0.200000 0.224934
v 0.699847 0.235000 0.224934
v 0.654357 0.235000 0.197058
vt 0.000000 0.000000
vt 1.000000 0.000000
vt 1.000000 1.000000
vt 0.000000 1.000000
f 943/943 944/944 945/945 946/946
v 0.500000 0.200000 0.500000
v 0.699847 0.200000 0.224934
v 0.654357 0.200000 0.197058
vt 0.000000 0.000000
vt 1.000000 0.000000
vt 1.000000 1.000000
f 947/947 948/948 949/949
v 0.500000 0.235000 0.500000
v 0.654357 0.235000 0.197058
v 0.699847 0.235000 0.224934
vt 0.000000 0.000000
vt 1.000000 0.000000
vt 1.000000 1.000000
f 950/950 951/951 952/952
v 0.699847 0.200000 0.224934
v 0.740416 0.200000 0.259584
v 0.740416 0.235000 0.259584
v 0.699847 0.235000 0.224934
vt 0.000000 0.000000
vt 1.000000 0.000000
vt 1.000000 1.000000
vt 0.000000 1.000000
f 953/953 954/954 955/955 956/956
v 0.500000 0.200000 0.500000
v 0.740416 0.200000 0.259584
v 0.699847 0.200000 0.224934
vt 0.000000 0.000000
vt 1.000000 0.000000
vt 1.000000 1.000000
f 957/957 958/958 959/959
v 0.500000 0.235000 0.500000
v 0.699847 0.235000 0.224934
v 0.740416 0.235000 0.259584
vt 0.000000 0.000000
vt 1.000000 0.000000
vt 1.000000 1.000000
f 960/960 961/961 962/962
v 0.740416 0.200000 0.259584
v 0.775066 0.200000 0.300153
v 0.775066 0.235000 0.300153
v 0.740416 0.235000 0.259584
vt 0.000000 0.000000
vt 1.000000 0.000000
vt 1.000000 1.000000
vt 0.000000 1.000000
f 963/963 964/964 965/965 966/966
v 0.500000 0.200000 0.500000
v 0.775066 0.200000 0.300153
v 0.740416 0.200000 0.259584
vt 0.000000 0.000000
vt 1.000000 0.000000
vt 1.000000 1.000000
f 967/967 968/968 969/969
v 0.500000 0.235000 0.500000
v 0.740416 0.235000 0.259584
v 0.775066 0.235000 0.300153
vt 0.000000 0.000000
vt 1.000000 0.000000
vt 1.000000 1.000000
f 970/970 971/971 972/972
v 0.775066 0.200000 0.300153
v 0.802942 0.200000 0.345643
v 0.802942 0.235000 0.345643
v 0.775066 0.235000 0.300153
vt 0.000000 0.000000
vt 1.000000 0.000000
vt 1.000000 1.000000
vt 0.000000 1.000000
f 973/973 974/974 975/975 976/976
v 0.500000 0.200000 0.500000
v 0.802942 0.200000 0.345643
v 0.775066 0.200000 0.300153
vt 0.000000 0.000000
vt 1.000000 0.000000
vt 1.000000 1.000000
f 977/977 978/978 979/979
v 0.500000 0.235000 0.500000
v 0.775066 0.235000 0.300153
v 0.802942 0.235000 0.345643
vt 0.000000 0.000000
vt 1.000000 0.000000
vt 1.000000 1.000000
f 980/980 981/981 982/982
v 0.802942 0.200000 0.345643
v 0.823359 0.200000 0.394934
v 0.823359 0.235000 0.394934
v 0.802942 0.235000 0.345643
vt 0.000000 0.000000
vt 1.000000 0.000000
vt 1.000000 1.000000
vt 0.000000 1.000000
f 983/983 984/984 985/985 986/986
v 0.500000 0.200000 0.500000
v 0.823359 0.200000 0.394934
v 0.802942 0.200000 0.345643
vt 0.000000 0.000000
vt 1.000000 0.000000
vt 1.000000 1.000000
f 987/987 988/988 989/989
v 0.500000 0.235000 0.500000
v 0.802942 0.235000 0.345643
v 0.823359 0.235000 0.394934
vt 0.000000 0.000000
vt 1.000000 0.000000
vt 1.000000 1.000000
f 990/990 991/991 992/992
v 0.823359 0.200000 0.394934
v 0.835814 0.200000 0.446812
v 0.835814 0.235000 0.446812
v 0.823359 0.235000 0.394934
vt 0.000000 0.000000
vt 1.000000 0.000000
vt 1.000000 1.000000
vt 0.000000 1.000000
f 993/993 994/994 995/995 996/996
v 0.500000 0.200000 0.500000
v 0.835814 0.200000 0.446812
v 0.823359 0.200000 0.394934
vt 0.000000 0.000000
vt 1.000000 0.000000
vt 1.000000 1.000000
f 997/997 998/998 999/999
v 0.500000 0.235000 0.500000
v 0.823359 0.235000 0.394934
v 0.835814 0.235000 0.446812
vt 0.000000 0.000000
vt 1.000000 0.000000
vt 1.000000 1.000000
f 1000/1000 1001/1001 1002/1002
v 0.835814 0.200000 0.446812
v 0.840000 0.200000 0.500000
v 0.840000 0.235000 0.500000
v 0.835814 0.235000 0.446812
vt 0.000000 0.000000
vt 1.000000 0.000000
vt 1.000000 1.000000
vt 0.000000 1.000000
f 1003/1003 1004/1004 1005/1005 1006/1006
v 0.500000 0.200000 0.500000
v 0.840000 0.200000 0.500000
v 0.835814 0.200000 0.446812
vt 0.000000 0.000000
vt 1.000000 0.000000
vt 1.000000 1.000000
f 1007/1007 1008/1008 1009/1009
v 0.500000 0.235000 0.500000
v 0.835814 0.235000 0.446812
v 0.840000 0.235000 0.500000
vt 0.000000 0.000000
vt 1.000000 0.000000
vt 1.000000 1.000000
f 1010/1010 1011/1011 1012/1012
v 0.840000 0.200000 0.500000
v 0.835814 0.200000 0.553188
v 0.835814 0.235000 0.553188
v 0.840000 0.235000 0.500000
vt 0.000000 0.000000
vt 1.000000 0.000000
vt 1.000000 1.000000
vt 0.000000 1.000000
f 1013/1013 1014/1014 1015/1015 1016/1016
v 0.500000 0.200000 0.500000
v 0.835814 0.200000 0.553188
v 0.840000 0.200000 0.500000
vt 0.000000 0.000000
vt 1.000000 0.000000
vt 1.000000 1.000000
f 1017/1017 1018/1018 1019/1019
v 0.500000 0.235000 0.500000
v 0.840000 0.235000 0.500000
v 0.835814 0.235000 0.553188
vt 0.000000 0.000000
vt 1.000000 0.000000
vt 1.000000 1.000000
f 1020/1020 1021/1021 1022/1022
v 0.835814 0.200000 0.553188
v 0.823359 0.200000 0.605066
v 0.823359 0.235000 0.605066
v 0.835814 0.235000 0.553188
vt 0.000000 0.000000
vt 1.000000 0.000000
vt 1.000000 1.000000
vt 0.000000 1.000000
f 1023/1023 1024/1024 1025/1025 1026/1026
v 0.500000 0.200000 0.500000
v 0.823359 0.200000 0.605066
v 0.835814 0.200000 0.553188
vt 0.000000 0.000000
vt 1.000000 0.000000
vt 1.000000 1.000000
f 1027/1027 1028/1028 1029/1029
v 0.500000 0.235000 0.500000
v 0.835814 0.235000 0.553188
v 0.823359 0.235000 0.605066
vt 0.000000 0.000000
vt 1.000000 0.000000
vt 1.000000 1.000000
f 1030/1030 1031/1031 1032/1032
v 0.823359 0.200000 0.605066
v 0.802942 0.200000 0.654357
v 0.802942 0.235000 0.654357
v 0.823359 0.235000 0.605066
vt 0.000000 0.000000
vt 1.000000 0.000000
vt 1.000000 1.000000
vt 0.000000 1.000000
f 1033/1033 1034/1034 1035/1035 1036/1036
v 0.500000 0.200000 0.500000
v 0.802942 0.200000 0.654357
v 0.823359 0.200000 0.605066
vt 0.000000 0.000000
vt 1.000000 0.000000
vt 1.000000 1.000000
f 1037/1037 1038/1038 1039/1039
v 0.500000 0.235000 0.500000
v 0.823359 0.235000 0.605066
v 0.802942 0.235000 0.654357
vt 0.000000 0.000000
vt 1.000000 0.000000
vt 1.000000 1.000000
f 1040/1040 1041/1041 1042/1042
v 0.802942 0.200000 0.654357
v 0.775066 0.200000 0.699847
v 0.775066 0.235000 0.699847
v 0.802942 0.235000 0.654357
vt 0.000000 0.000000
vt 1.000000 0.000000
vt 1.000000 1.000000
vt 0.000000 1.000000
f 1043/1043 1044/1044 1045/1045 1046/1046
v 0.500000 0.200000 0.500000
v 0.775066 0.200000 0.699847
v 0.802942 0.200000 0.654357
vt 0.000000 0.000000
vt 1.000000 0.000000
vt 1.000000 1.000000
f 1047/1047 1048/1048 1049/1049
v 0.500000 0.235000 0.500000
v 0.802942 0.235000 0.654357
v 0.775066 0.235000 0.699847
vt 0.000000 0.000000
vt 1.000000 0.000000
vt 1.000000 1.000000
f 1050/1050 1051/1051 1052/1052
v 0.775066 0.200000 0.699847
v 0.740416 0.200000 0.740416
v 0.740416 0.235000 0.740416
v 0.775066 0.235000 0.699847
vt 0.000000 0.000000
vt 1.000000 0.000000
vt 1.000000 1.000000
vt 0.000000 1.000000
f 1053/1053 1054/1054 1055/1055 1056/1056
v 0.500000 0.200000 0.500000
v 0.740416 0.200000 0.740416
v 0.775066 0.200000 0.699847
vt 0.000000 0.000000
vt 1.000000 0.000000
vt 1.000000 1.000000
f 1057/1057 1058/1058 1059/1059
v 0.500000 0.235000 0.500000
v 0.775066 0.235000 0.699847
v 0.740416 0.235000 0.740416
vt 0.000000 0.000000
vt 1.000000 0.000000
vt 1.000000 1.000000
f 1060/1060 1061/1061 1062/1062
v 0.740416 0.200000 0.740416
v 0.699847 0.200000 0.775066
v 0.699847 0.235000 0.775066
v 0.740416 0.235000 0.740416
vt 0.000000 0.000000
vt 1.000000 0.000000
vt 1.000000 1.000000
vt 0.000000 1.000000
f 1063/1063 1064/1064 1065/1065 1066/1066
v 0.500000 0.200000 0.500000
v 0.699847 0.200000 0.775066
v 0.740416 0.200000 0.740416
vt 0.000000 0.000000
vt 1.000000 0.000000
vt 1.000000 1.000000
f 1067/1067 1068/1068 1069/1069
v 0.500000 0.235000 0.500000
v 0.740416 0.235000 0.740416
v 0.699847 0.235000 0.775066
vt 0.000000 0.000000
vt 1.000000 0.000000
vt 1.000000 1.000000
f 1070/1070 1071/1071 1072/1072
v 0.699847 0.200000 0.775066
v 0.654357 0.200000 0.802942
v 0.654357 0.235000 0.802942
v 0.699847 0.235000 0.775066
vt 0.000000 0.000000
vt 1.000000 0.000000
vt 1.000000 1.000000
vt 0.000000 1.000000
f 1073/1073 1074/1074 1075/1075 1076/1076
v 0.500000 0.200000 0.500000
v 0.654357 0.200000 0.802942
v 0.699847 0.200000 0.775066
vt 0.000000 0.000000
vt 1.000000 0.000000
vt 1.000000 1.000000
f 1077/1077 1078/1078 1079/1079
v 0.500000 0.235000 0.500000
v 0.699847 0.235000 0.775066
v 0.654357 0.235000 0.802942
vt 0.000000 0.000000
vt 1.000000 0.000000
vt 1.000000 1.000000
f 1080/1080 1081/1081 1082/1082
v 0.654357 0.200000 0.802942
v 0.605066 0.200000 0.823359
v 0.605066 0.235000 0.823359
v 0.654357 0.235000 0.802942
vt 0.000000 0.000000
vt 1.000000 0.000000
vt 1.000000 1.000000
vt 0.000000 1.000000
f 1083/1083 1084/1084 1085/1085 1086/1086
v 0.500000 0.200000 0.500000
v 0.605066 0.200000 0.823359
v 0.654357 0.200000 0.802942
vt 0.000000 0.000000
vt 1.000000 0.000000
vt 1.000000 1.000000
f 1087/1087 1088/1088 1089/1089
v 0.500000 0.235000 0.500000
v 0.654357 0.235000 0.802942
v 0.605066 0.235000 0.823359
vt 0.000000 0.000000
vt 1.000000 0.000000
vt 1.000000 1.000000
f 1090/1090 1091/1091 1092/1092
v 0.605066 0.200000 0.823359
v 0.553188 0.200000 0.835814
v 0.553188 0.235000 0.835814
v 0.605066 0.235000 0.823359
vt 0.000000 0.000000
vt 1.000000 0.000000
vt 1.000000 1.000000
vt 0.000000 1.000000
f 1093/1093 1094/1094 1095/1095 1096/1096
v 0.500000 0.200000 0.500000
v 0.553188 0.200000 0.835814
v 0.605066 0.200000 0.823359
vt 0.000000 0.000000
vt 1.000000 0.000000
vt 1.000000 1.000000
f 1097/1097 1098/1098 1099/1099
v 0.500000 0.235000 0.500000
v 0.605066 0.235000 0.823359
v 0.553188 0.235000 0.835814
vt 0.000000 0.000000
vt 1.000000 0.000000
vt 1.000000 1.000000
f 1100/1100 1101/1101 1102/1102
v 0.553188 0.200000 0.835814
v 0.500000 0.200000 0.840000
v 0.500000 0.235000 0.840000
v 0.553188 0.235000 0.835814
vt 0.000000 0.000000
vt 1.000000 0.000000
vt 1.000000 1.000000
vt 0.000000 1.000000
f 1103/1103 1104/1104 1105/1105 1106/1106
v 0.500000 0.200000 0.500000
v 0.500000 0.200000 0.840000
v 0.553188 0.200000 0.835814
vt 0.000000 0.000000
vt 1.000000 0.000000
vt 1.000000 1.000000
f 1107/1107 1108/1108 1109/1109
v 0.500000 0.235000 0.500000
v 0.553188 0.235000 0.835814
v 0.500000 0.235000 0.840000
vt 0.000000 0.000000
vt 1.000000 0.000000
vt 1.000000 1.000000
f 1110/1110 1111/1111 1112/1112
v 0.500000 0.200000 0.840000
v 0.446812 0.200000 0.835814
v 0.446812 0.235000 0.835814
v 0.500000 0.235000 0.840000
vt 0.000000 0.000000
vt 1.000000 0.000000
vt 1.000000 1.000000
vt 0.000000 1.000000
f 1113/1113 1114/1114 1115/1115 1116/1116
v 0.500000 0.200000 0.500000
v 0.446812 0.200000 0.835814
v 0.500000 0.200000 0.840000
vt 0.000000 0.000000
vt 1.000000 0.000000
vt 1.000000 1.000000
f 1117/1117 1118/1118 1119/1119
v 0.500000 0.235000 0.500000
v 0.500000 0.235000 0.840000
v 0.446812 0.235000 0.835814
vt 0.000000 0.000000
vt 1.000000 0.000000
vt 1.000000 1.000000
f 1120/1120 1121/1121 1122/1122
v 0.446812 0.200000 0.835814
v 0.394934 0.200000 0.823359
v 0.394934 0.235000 0.823359
v 0.446812 0.235000 0.835814
vt 0.000000 0.000000
vt 1.000000 0.000000
vt 1.000000 1.000000
vt 0.000000 1.000000
f 1123/1123 1124/1124 1125/1125 1126/1126
v 0.500000 0.200000 0.500000
v 0.394934 0.200000 0.823359
v 0.446812 0.200000 0.835814
vt 0.000000 0.000000
vt 1.000000 0.000000
vt 1.000000 1.000000
f 1127/1127 1128/1128 1129/1129
v 0.500000 0.235000 0.500000
v 0.446812 0.235000 0.835814
v 0.394934 0.235000 0.823359
vt 0.000000 0.000000
vt 1.000000 0.000000
vt 1.000000 1.000000
f 1130/1130 1131/1131 1132/1132
v 0.394934 0.200000 0.823359
v 0.345643 0.200000 0.802942
v 0.345643 0.235000 0.802942
v 0.394934 0.235000 0.823359
vt 0.000000 0.000000
vt 1.000000 0.000000
vt 1.000000 1.000000
vt 0.000000 1.000000
f 1133/1133 1134/1134 1135/1135 1136/1136
v 0.500000 0.200000 0.500000
v 0.345643 0.200000 0.802942
v 0.394934 0.200000 0.823359
vt 0.000000 0.000000
vt 1.000000 0.000000
vt 1.000000 1.000000
f 1137/1137 1138/1138 1139/1139
v 0.500000 0.235000 0.500000
v 0.394934 0.235000 0.823359
v 0.345643 0.235000 0.802942
vt 0.000000 0.000000
vt 1.000000 0.000000
vt 1.000000 1.000000
f 1140/1140 1141/1141 1142/1142
v 0.345643 0.200000 0.802942
v 0.300153 0.200000 0.775066
v 0.300153 0.235000 0.775066
v 0.345643 0.235000 0.802942
vt 0.000000 0.000000
vt 1.000000 0.000000
vt 1.000000 1.000000
vt 0.000000 1.000000
f 1143/1143 1144/1144 1145/1145 1146/1146
v 0.500000 0.200000 0.500000
v 0.300153 0.200000 0.775066
v 0.345643 0.200000 0.802942
vt 0.000000 0.000000
vt 1.000000 0.000000
vt 1.000000 1.000000
f 1147/1147 1148/1148 1149/1149
v 0.500000 0.235000 0.500000
v 0.345643 0.235000 0.802942
v 0.300153 0.235000 0.775066
vt 0.000000 0.000000
vt 1.000000 0.000000
vt 1.000000 1.000000
f 1150/1150 1151/1151 1152/1152
v 0.300153 0.200000 0.775066
v 0.259584 0.200000 0.740416
v 0.259584 0.235000 0.740416
v 0.300153 0.235000 0.775066
vt 0.000000 0.000000
vt 1.000000 0.000000
vt 1.000000 1.000000
vt 0.000000 1.000000
f 1153/1153 1154/1154 1155/1155 1156/1156
v 0.500000 0.200000 0.500000
v 0.259584 0.200000 0.740416
v 0.300153 0.200000 0.775066
vt 0.000000 0.000000
vt 1.000000 0.000000
vt 1.000000 1.000000
f 1157/1157 1158/1158 1159/1159
v 0.500000 0.235000 0.500000
v 0.300153 0.235000 0.775066
v 0.259584 0.235000 0.740416
vt 0.000000 0.000000
vt 1.000000 0.000000
vt 1.000000 1.000000
f 1160/1160 1161/1161 1162/1162
v 0.259584 0.200000 0.740416
v 0.224934 0.200000 0.699847
v 0.224934 0.235000 0.699847
v 0.259584 0.235000 0.740416
vt 0.000000 0.000000
vt 1.000000 0.000000
vt 1.000000 1.000000
vt 0.000000 1.000000
f 1163/1163 1164/1164 1165/1165 1166/1166
v 0.500000 0.200000 0.500000
v 0.224934 0.200000 0.699847
v 0.259584 0.200000 0.740416
vt 0.000000 0.000000
vt 1.000000 0.000000
vt 1.000000 1.000000
f 1167/1167 1168/1168 1169/1169
v 0.500000 0.235000 0.500000
v 0.259584 0.235000 0.740416
v 0.224934 0.235000 0.699847
vt 0.000000 0.000000
vt 1.000000 0.000000
vt 1.000000 1.000000
f 1170/1170 1171/1171 1172/1172
v 0.224934 0.200000 0.699847
v 0.197058 0.200000 0.654357
v 0.197058 0.235000 0.654357
v 0.224934 0.235000 0.699847
vt 0.000000 0.000000
vt 1.000000 0.000000
vt 1.000000 1.000000
vt 0.000000 1.000000
f 1173/1173 1174/1174 1175/1175 1176/1176
v 0.500000 0.200000 0.500000
v 0.197058 0.200000 0.654357
v 0.224934 0.200000 0.699847
vt 0.000000 0.000000
vt 1.000000 0.000000
vt 1.000000 1.000000
f 1177/1177 1178/1178 1179/1179
v 0.500000 0.235000 0.500000
v 0.224934 0.235000 0.699847
v 0.197058 0.235000 0.654357
vt 0.000000 0.000000
vt 1.000000 0.000000
vt 1.000000 1.000000
f 1180/1180 1181/1181 1182/1182
v 0.197058 0.200000 0.654357
v 0.176641 0.200000 0.605066
v 0.176641 0.235000 0.605066
v 0.197058 0.235000 0.654357
vt 0.000000 0.000000
vt 1.000000 0.000000
vt 1.000000 1.000000
vt 0.000000 1.000000
f 1183/1183 1184/1184 1185/1185 1186/1186
v 0.500000 0.200000 0.500000
v 0.176641 0.200000 0.605066
v 0.197058 0.200000 0.654357
vt 0.000000 0.000000
vt 1.000000 0.000000
vt 1.000000 1.000000
f 1187/1187 1188/1188 1189/1189
v 0.500000 0.235000 0.500000
v 0.197058 0.235000 0.654357
v 0.176641 0.235000 0.605066
vt 0.000000 0.000000
vt 1.000000 0.000000
vt 1.000000 1.000000
f 1190/1190 1191/1191 1192/1192
v 0.176641 0.200000 0.605066
v 0.164186 0.200000 0.553188
v 0.164186 0.235000 0.553188
v 0.176641 0.235000 0.605066
vt 0.000000 0.000000
vt 1.000000 0.000000
vt 1.000000 1.000000
vt 0.000000 1.000000
f 1193/1193 1194/1194 1195/1195 1196/1196
v 0.500000 0.200000 0.500000
v 0.164186 0.200000 0.553188
v 0.176641 0.200000 0.605066
vt 0.000000 0.000000
vt 1.000000 0.000000
vt 1.000000 1.000000
f 1197/1197 1198/1198 1199/1199
v 0.500000 0.235000 0.500000
v 0.176641 0.235000 0.605066
v 0.164186 0.235000 0.553188
vt 0.000000 0.000000
vt 1.000000 0.000000
vt 1.000000 1.000000
f 1200/1200 1201/1201 1202/1202
v 0.164186 0.200000 0.553188
v 0.160000 0.200000 0.500000
v 0.160000 0.235000 0.500000
v 0.164186 0.235000 0.553188
vt 0.000000 0.000000
vt 1.000000 0.000000
vt 1.000000 1.000000
vt 0.000000 1.000000
f 1203/1203 1204/1204 1205/1205 1206/1206
v 0.500000 0.200000 0.500000
v 0.160000 0.200000 0.500000
v 0.164186 0.200000 0.553188
vt 0.000000 0.000000
vt 1.000000 0.000000
vt 1.000000 1.000000
f 1207/1207 1208/1208 1209/1209
v 0.500000 0.235000 0.500000
v 0.164186 0.235000 0.553188
v 0.160000 0.235000 0.500000
vt 0.000000 0.000000
vt 1.000000 0.000000
vt 1.000000 1.000000
f 1210/1210 1211/1211 1212/1212
v 0.160000 0.200000 0.500000
v 0.164186 0.200000 0.446812
v 0.164186 0.235000 0.446812
v 0.160000 0.235000 0.500000
vt 0.000000 0.000000
vt 1.000000 0.000000
vt 1.000000 1.000000
vt 0.000000 1.000000
f 1213/1213 1214/1214 1215/1215 1216/1216
v 0.500000 0.200000 0.500000
v 0.164186 0.200000 0.446812
v 0.160000 0.200000 0.500000
vt 0.000000 0.000000
vt 1.000000 0.000000
vt 1.000000 1.000000
f 1217/1217 1218/1218 1219/1219
v 0.500000 0.235000 0.500000
v 0.160000 0.235000 0.500000
v 0.164186 0.235000 0.446812
vt 0.000000 0.000000
vt 1.000000 0.000000
vt 1.000000 1.000000
f 1220/1220 1221/1221 1222/1222
v 0.164186 0.200000 0.446812
v 0.176641 0.200000 0.394934
v 0.176641 0.235000 0.394934
v 0.164186 0.235000 0.446812
vt 0.000000 0.000000
vt 1.000000 0.000000
vt 1.000000 1.000000
vt 0.000000 1.000000
f 1223/1223 1224/1224 1225/1225 1226/1226
v 0.500000 0.200000 0.500000
v 0.176641 0.200000 0.394934
v 0.164186 0.200000 0.446812
vt 0.000000 0.000000
vt 1.000000 0.000000
vt 1.000000 1.000000
f 1227/1227 1228/1228 1229/1229
v 0.500000 0.235000 0.500000
v 0.164186 0.235000 0.446812
v 0.176641 0.235000 0.394934
vt 0.000000 0.000000
vt 1.000000 0.000000
vt 1.000000 1.000000
f 1230/1230 1231/1231 1232/1232
v 0.176641 0.200000 0.394934
v 0.197058 0.200000 0.345643
v 0.197058 0.235000 0.345643
v 0.176641 0.235000 0.394934
vt 0.000000 0.000000
vt 1.000000 0.000000
vt 1.000000 1.000000
vt 0.000000 1.000000
f 1233/1233 1234/1234 1235/1235 1236/1236
v 0.500000 0.200000 0.500000
v 0.197058 0.200000 0.345643
v 0.176641 0.200000 0.394934
vt 0.000000 0.000000
vt 1.000000 0.000000
vt 1.000000 1.000000
f 1237/1237 1238/1238 1239/1239
v 0.500000 0.235000 0.500000
v 0.176641 0.235000 0.394934
v 0.197058 0.235000 0.345643
vt 0.000000 0.000000
vt 1.000000 0.000000
vt 1.000000 1.000000
f 1240/1240 1241/1241 1242/1242
v 0.197058 0.200000 0.345643
v 0.224934 0.200000 0.300153
v 0.224934 0.235000 0.300153
v 0.197058 0.235000 0.345643
vt 0.000000 0.000000
vt 1.000000 0.000000
vt 1.000000 1.000000
vt 0.000000 1.000000
f 1243/1243 1244/1244 1245/1245 1246/1246
v 0.500000 0.200000 0.500000
v 0.224934 0.200000 0.300153
v 0.197058 0.200000 0.345643
vt 0.000000 0.000000
vt 1.000000 0.000000
vt 1.000000 1.000000
f 1247/1247 1248/1248 1249/1249
v 0.500000 0.235000 0.500000
v 0.197058 0.235000 0.345643
v 0.224934 0.235000 0.300153
vt 0.000000 0.000000
vt 1.000000 0.000000
vt 1.000000 1.000000
f 1250/1250 1251/1251 1252/1252
v 0.224934 0.200000 0.300153
v 0.259584 0.200000 0.259584
v 0.259584 0.235000 0.259584
v 0.224934 0.235000 0.300153
vt 0.000000 0.000000
vt 1.000000 0.000000
vt 1.000000 1.000000
vt 0.000000 1.000000
f 1253/1253 1254/1254 1255/1255 1256/1256
v 0.500000 0.200000 0.500000
v 0.259584 0.200000 0.259584
v 0.224934 0.200000 0.300153
vt 0.000000 0.000000
vt 1.000000 0.000000
vt 1.000000 1.000000
f 1257/1257 1258/1258 1259/1259
v 0.500000 0.235000 0.500000
v 0.224934 0.235000 0.300153
v 0.259584 0.235000 0.259584
vt 0.000000 0.000000
vt 1.000000 0.000000
vt 1.000000 1.000000
f 1260/1260 1261/1261 1262/1262
v 0.259584 0.200000 0.259584
v 0.300153 0.200000 0.224934
v 0.300153 0.235000 0.224934
v 0.259584 0.235000 0.259584
vt 0.000000 0.000000
vt 1.000000 0.000000
vt 1.000000 1.000000
vt 0.000000 1.000000
f 1263/1263 1264/1264 1265/1265 1266/1266
v 0.500000 0.200000 0.500000
v 0.300153 0.200000 0.224934
v 0.259584 0.200000 0.259584
vt 0.000000 0.000000
vt 1.000000 0.000000
vt 1.000000 1.000000
f 1267/1267 1268/1268 1269/1269
v 0.500000 0.235000 0.500000
v 0.259584 0.235000 0.259584
v 0.300153 0.235000 0.224934
vt 0.000000 0.000000
vt 1.000000 0.000000
vt 1.000000 1.000000
f 1270/1270 1271/1271 1272/1272
v 0.300153 0.200000 0.224934
v 0.345643 0.200000 0.197058
v 0.345643 0.235000 0.197058
v 0.300153 0.235000 0.224934
vt 0.000000 0.000000
vt 1.000000 0.000000
vt 1.000000 1.000000
vt 0.000000 1.000000
f 1273/1273 1274/1274 1275/1275 1276/1276
v 0.500000 0.200000 0.500000
v 0.345643 0.200000 0.197058
v 0.300153 0.200000 0.224934
vt 0.000000 0.000000
vt 1.000000 0.000000
vt 1.000000 1.000000
f 1277/1277 1278/1278 1279/1279
v 0.500000 0.235000 0.500000
v 0.300153 0.235000 0.224934
v 0.345643 0.235000 0.197058
vt 0.000000 0.000000
vt 1.000000 0.000000
vt 1.000000 1.000000
f 1280/1280 1281/1281 1282/1282
v 0.345643 0.200000 0.197058
v 0.394934 0.200000 0.176641
v 0.394934 0.235000 0.176641
v 0.345643 0.235000 0.197058
vt 0.000000 0.000000
vt 1.000000 0.000000
vt 1.000000 1.000000
vt 0.000000 1.000000
f 1283/1283 1284/1284 1285/1285 1286/1286
v 0.500000 0.200000 0.500000
v 0.394934 0.200000 0.176641
v 0.345643 0.200000 0.197058
vt 0.000000 0.000000
vt 1.000000 0.000000
vt 1.000000 1.000000
f 1287/1287 1288/1288 1289/1289
v 0.500000 0.235000 0.500000
v 0.345643 0.235000 0.197058
v 0.394934 0.235000 0.176641
vt 0.000000 0.000000
vt 1.000000 0.000000
vt 1.000000 1.000000
f 1290/1290 1291/1291 1292/1292
v 0.394934 0.200000 0.176641
v 0.446812 0.200000 0.164186
v 0.446812 0.235000 0.164186
v 0.394934 0.235000 0.176641
vt 0.000000 0.000000
vt 1.000000 0.000000
vt 1.000000 1.000000
vt 0.000000 1.000000
f 1293/1293 1294/1294 1295/1295 1296/1296
v 0.500000 0.200000 0.500000
v 0.446812 0.200000 0.164186
v 0.394934 0.200000 0.176641
vt 0.000000 0.000000
vt 1.000000 0.000000
vt 1.000000 1.000000
f 1297/1297 1298/1298 1299/1299
v 0.500000 0.235000 0.500000
v 0.394934 0.235000 0.176641
v 0.446812 0.235000 0.164186
vt 0.000000 0.000000
vt 1.000000 0.000000
vt 1.000000 1.000000
f 1300/1300 1301/1301 1302/1302
v 0.446812 0.200000 0.164186
v 0.500000 0.200000 0.160000
v 0.500000 0.235000 0.160000
v 0.446812 0.235000 0.164186
vt 0.000000 0.000000
vt 1.000000 0.000000
vt 1.000000 1.000000
vt 0.000000 1.000000
f 1303/1303 1304/1304 1305/1305 1306/1306
v 0.500000 0.200000 0.500000
v 0.500000 0.200000 0.160000
v 0.446812 0.200000 0.164186
vt 0.000000 0.000000
vt 1.000000 0.000000
vt 1.000000 1.000000
f 1307/1307 1308/1308 1309/1309
v 0.500000 0.235000 0.500000
v 0.446812 0.235000 0.164186
v 0.500000 0.235000 0.160000
vt 0.000000 0.000000
vt 1.000000 0.000000
vt 1.000000 1.000000
f 1310/1310 1311/1311 1312/1312
v 0.500000 0.650000 0.160000
v 0.553188 0.650000 0.164186
v 0.553188 0.685000 0.164186
v 0.500000 0.685000 0.160000
vt 0.000000 0.000000
vt 1.000000 0.000000
vt 1.000000 1.000000
vt 0.000000 1.000000
f 1313/1313 1314/1314 1315/1315 1316/1316
v 0.500000 0.650000 0.500000
v 0.553188 0.650000 0.164186
v 0.500000 0.650000 0.160000
vt 0.000000 0.000000
vt 1.000000 0.000000
vt 1.000000 1.000000
f 1317/1317 1318/1318 1319/1319
v 0.500000 0.685000 0.500000
v 0.500000 0.685000 0.160000
v 0.553188 0.685000 0.164186
vt 0.000000 0.000000
vt 1.000000 0.000000
vt 1.000000 1.000000
f 1320/1320 1321/1321 1322/1322
v 0.553188 0.650000 0.164186
v 0.605066 0.650000 0.176641
v 0.605066 0.685000 0.176641
v 0.553188 0.685000 0.164186
vt 0.000000 0.000000
vt 1.000000 0.000000
vt 1.000000 1.000000
vt 0.000000 1.000000
f 1323/1323 1324/1324 1325/1325 1326/1326
v 0.500000 0.650000 0.500000
v 0.605066 0.650000 0.176641
v 0.553188 0.650000 0.164186
vt 0.000000 0.000000
vt 1.000000 0.000000
vt 1.000000 1.000000
f 1327/1327 1328/1328 1329/1329
v 0.500000 0.685000 0.500000
v 0.553188 0.685000 0.164186
v 0.605066 0.685000 0.176641
vt 0.000000 0.000000
vt 1.000000 0.000000
vt 1.000000 1.000000
f 1330/1330 1331/1331 1332/1332
v 0.605066 0.650000 0.176641
v 0.654357 0.650000 0.197058
v 0.654357 0.685000 0.197058
v 0.605066 0.685000 0.176641
vt 0.000000 0.000000
vt 1.000000 0.000000
vt 1.000000 1.000000
vt 0.000000 1.000000
f 1333/1333 1334/1334 1335/1335 1336/1336
v 0.500000 0.650000 0.500000
v 0.654357 0.650000 0.197058
v 0.605066 0.650000 0.176641
vt 0.000000 0.000000
vt 1.000000 0.000000
vt 1.000000 1.000000
f 1337/1337 1338/1338 1339/1339
v 0.500000 0.685000 0.500000
v 0.605066 0.685000 0.176641
v 0.654357 0.685000 0.197058
vt 0.000000 0.000000
vt 1.000000 0.000000
vt 1.000000 1.000000
f 1340/1340 1341/1341 1342/1342
v 0.654357 0.650000 0.197058
v 0.699847 0.650000 0.224934
v 0.699847 0.685000 0.224934
v 0.654357 0.685000 0.197058
vt 0.000000 0.000000
vt 1.000000 0.000000
vt 1.000000 1.000000
vt 0.000000 1.000000
f 1343/1343 1344/1344 1345/1345 1346/1346
v 0.500000 0.650000 0.500000
v 0.699847 0.650000 0.224934
v 0.654357 0.650000 0.197058
vt 0.000000 0.000000
vt 1.000000 0.000000
vt 1.000000 1.000000
f 1347/1347 1348/1348 1349/1349
v 0.500000 0.685000 0.500000
v 0.654357 0.685000 0.197058
v 0.699847 0.685000 0.224934
vt 0.000000 0.000000
vt 1.000000 0.000000
vt 1.000000 1.000000
f 1350/1350 1351/1351 1352/1352
v 0.699847 0.650000 0.224934
v 0.740416 0.650000 0.259584
v 0.740416 0.685000 0.259584
v 0.699847 0.685000 0.224934
vt 0.000000 0.000000
vt 1.000000 0.000000
vt 1.000000 1.000000
vt 0.000000 1.000000
f 1353/1353 1354/1354 1355/1355 1356/1356
v 0.500000 0.650000 0.500000
v 0.740416 0.650000 0.259584
v 0.699847 0.650000 0.224934
vt 0.000000 0.000000
vt 1.000000 0.000000
vt 1.000000 1.000000
f 1357/1357 1358/1358 1359/1359
v 0.500000 0.685000 0.500000
v 0.699847 0.685000 0.224934
v 0.740416 0.685000 0.259584
vt 0.000000 0.000000
vt 1.000000 0.000000
vt 1.000000 1.000000
f 1360/1360 1361/1361 1362/1362
v 0.740416 0.650000 0.259584
v 0.775066 0.650000 0.300153
v 0.775066 0.685000 0.300153
v 0.740416 0.685000 0.259584
vt 0.000000 0.000000
vt 1.000000 0.000000
vt 1.000000 1.000000
vt 0.000000 1.000000
f 1363/1363 1364/1364 1365/1365 1366/1366
v 0.500000 0.650000 0.500000
v 0.775066 0.650000 0.300153
v 0.740416 0.650000 0.259584
vt 0.000000 0.000000
vt 1.000000 0.000000
vt 1.000000 1.000000
f 1367/1367 1368/1368 1369/1369
v 0.500000 0.685000 0.500000
v 0.740416 0.685000 0.259584
v 0.775066 0.685000 0.300153
vt 0.000000 0.000000
vt 1.000000 0.000000
vt 1.000000 1.000000
f 1370/1370 1371/1371 1372/1372
v 0.775066 0.650000 0.300153
v 0.802942 0.650000 0.345643
v 0.802942 0.685000 0.345643
v 0.775066 0.685000 0.300153
vt 0.000000 0.000000
vt 1.000000 0.000000
vt 1.000000 1.000000
vt 0.000000 1.000000
f 1373/1373 1374/1374 1375/1375 1376/1376
v 0.500000 0.650000 0.500000
v 0.802942 0.650000 0.345643
v 0.775066 0.650000 0.300153
vt 0.000000 0.000000
vt 1.000000 0.000000
vt 1.000000 1.000000
f 1377/1377 1378/1378 1379/1379
v 0.500000 0.685000 0.500000
v 0.775066 0.685000 0.300153
v 0.802942 0.685000 0.345643
vt 0.000000 0.000000
vt 1.000000 0.000000
vt 1.000000 1.000000
f 1380/1380 1381/1381 1382/1382
v 0.802942 0.650000 0.345643
v 0.823359 0.650000 0.394934
v 0.823359 0.685000 0.394934
v 0.802942 0.685000 0.345643
vt 0.000000 0.000000
vt 1.000000 0.000000
vt 1.000000 1.000000
vt 0.000000 1.000000
f 1383/1383 1384/1384 1385/1385 1386/1386
v 0.500000 0.650000 0.500000
v 0.823359 0.650000 0.394934
v 0.802942 0.650000 0.345643
vt 0.000000 0.000000
vt 1.000000 0.000000
vt 1.000000 1.000000
f 1387/1387 1388/1388 1389/1389
v 0.500000 0.685000 0.500000
v 0.802942 0.685000 0.345643
v 0.823359 0.685000 0.394934
vt 0.000000 0.000000
vt 1.000000 0.000000
vt 1.000000 1.000000
f 1390/1390 1391/1391 1392/1392
v 0.823359 0.650000 0.394934
v 0.835814 0.650000 0.446812
v 0.835814 0.685000 0.446812
v 0.823359 0.685000 0.394934
vt 0.000000 0.000000
vt 1.000000 0.000000
vt 1.000000 1.000000
vt 0.000000 1.000000
f 1393/1393 1394/1394 1395/1395 1396/1396
v 0.500000 0.650000 0.500000
v 0.835814 0.650000 0.446812
v 0.823359 0.650000 0.394934
vt 0.000000 0.000000
vt 1.000000 0.000000
vt 1.000000 1.000000
f 1397/1397 1398/1398 1399/1399
v 0.500000 0.685000 0.500000
v 0.823359 0.685000 0.394934
v 0.835814 0.685000 0.446812
vt 0.000000 0.000000
vt 1.000000 0.000000
vt 1.000000 1.000000
f 1400/1400 1401/1401 1402/1402
v 0.835814 0.650000 0.446812
v 0.840000 0.650000 0.500000
v 0.840000 0.685000 0.500000
v 0.835814 0.685000 0.446812
vt 0.000000 0.000000
vt 1.000000 0.000000
vt 1.000000 1.000000
vt 0.000000 1.000000
f 1403/1403 1404/1404 1405/1405 1406/1406
v 0.500000 0.650000 0.500000
v 0.840000 0.650000 0.500000
v 0.835814 0.650000 0.446812
vt 0.000000 0.000000
vt 1.000000 0.000000
vt 1.000000 1.000000
f 1407/1407 1408/1408 1409/1409
v 0.500000 0.685000 0.500000
v 0.835814 0.685000 0.446812
v 0.840000 0.685000 0.500000
vt 0.000000 0.000000
vt 1.000000 0.000000
vt 1.000000 1.000000
f 1410/1410 1411/1411 1412/1412
v 0.840000 0.650000 0.500000
v 0.835814 0.650000 0.553188
v 0.835814 0.685000 0.553188
v 0.840000 0.685000 0.500000
vt 0.000000 0.000000
vt 1.000000 0.000000
vt 1.000000 1.000000
vt 0.000000 1.000000
f 1413/1413 1414/1414 1415/1415 1416/1416
v 0.500000 0.650000 0.500000
v 0.835814 0.650000 0.553188
v 0.840000 0.650000 0.500000
vt 0.000000 0.000000
vt 1.000000 0.000000
vt 1.000000 1.000000
f 1417/1417 1418/1418 1419/1419
v 0.500000 0.685000 0.500000
v 0.840000 0.685000 0.500000
v 0.835814 0.685000 0.553188
vt 0.000000 0.000000
vt 1.000000 0.000000
vt 1.000000 1.000000
f 1420/1420 1421/1421 1422/1422
v 0.835814 0.650000 0.553188
v 0.823359 0.650000 0.605066
v 0.823359 0.685000 0.605066
v 0.835814 0.685000 0.553188
vt 0.000000 0.000000
vt 1.000000 0.000000
vt 1.000000 1.000000
vt 0.000000 1.000000
f 1423/1423 1424/1424 1425/1425 1426/1426
v 0.500000 0.650000 0.500000
v 0.823359 0.650000 0.605066
v 0.835814 0.650000 0.553188
vt 0.000000 0.000000
vt 1.000000 0.000000
vt 1.000000 1.000000
f 1427/1427 1428/1428 1429/1429
v 0.500000 0.685000 0.500000
v 0.835814 0.685000 0.553188
v 0.823359 0.685000 0.605066
vt 0.000000 0.000000
vt 1.000000 0.000000
vt 1.000000 1.000000
f 1430/1430 1431/1431 1432/1432
v 0.823359 0.650000 0.605066
v 0.802942 0.650000 0.654357
v 0.802942 0.685000 0.654357
v 0.823359 0.685000 0.605066
vt 0.000000 0.000000
vt 1.000000 0.000000
vt 1.000000 1.000000
vt 0.000000 1.000000
f 1433/1433 1434/1434 1435/1435 1436/1436
v 0.500000 0.650000 0.500000
v 0.802942 0.650000 0.654357
v 0.823359 0.650000 0.605066
vt 0.000000 0.000000
vt 1.000000 0.000000
vt 1.000000 1.000000
f 1437/1437 1438/1438 1439/1439
v 0.500000 0.685000 0.500000
v 0.823359 0.685000 0.605066
v 0.802942 0.685000 0.654357
vt 0.000000 0.000000
vt 1.000000 0.000000
vt 1.000000 1.000000
f 1440/1440 1441/1441 1442/1442
v 0.802942 0.650000 0.654357
v 0.775066 0.650000 0.699847
v 0.775066 0.685000 0.699847
v 0.802942 0.685000 0.654357
vt 0.000000 0.000000
vt 1.000000 0.000000
vt 1.000000 1.000000
vt 0.000000 1.000000
f 1443/1443 1444/1444 1445/1445 1446/1446
v 0.500000 0.650000 0.500000
v 0.775066 0.650000 0.699847
v 0.802942 0.650000 0.654357
vt 0.000000 0.000000
vt 1.000000 0.000000
vt 1.000000 1.000000
f 1447/1447 1448/1448 1449/1449
v 0.500000 0.685000 0.500000
v 0.802942 0.685000 0.654357
v 0.775066 0.685000 0.699847
vt 0.000000 0.000000
vt 1.000000 0.000000
vt 1.000000 1.000000
f 1450/1450 1451/1451 1452/1452
v 0.775066 0.650000 0.699847
v 0.740416 0.650000 0.740416
v 0.740416 0.685000 0.740416
v 0.775066 0.685000 0.699847
vt 0.000000 0.000000
vt 1.000000 0.000000
vt 1.000000 1.000000
vt 0.000000 1.000000
f 1453/1453 1454/1454 1455/1455 1456/1456
v 0.500000 0.650000 0.500000
v 0.740416 0.650000 0.740416
v 0.775066 0.650000 0.699847
vt 0.000000 0.000000
vt 1.000000 0.000000
vt 1.000000 1.000000
f 1457/1457 1458/1458 1459/1459
v 0.500000 0.685000 0.500000
v 0.775066 0.685000 0.699847
v 0.740416 0.685000 0.740416
vt 0.000000 0.000000
vt 1.000000 0.000000
vt 1.000000 1.000000
f 1460/1460 1461/1461 1462/1462
v 0.740416 0.650000 0.740416
v 0.699847 0.650000 0.775066
v 0.699847 0.685000 0.775066
v 0.740416 0.685000 0.740416
vt 0.000000 0.000000
vt 1.000000 0.000000
vt 1.000000 1.000000
vt 0.000000 1.000000
f 1463/1463 1464/1464 1465/1465 1466/1466
v 0.500000 0.650000 0.500000
v 0.699847 0.650000 0.775066
v 0.740416 0.650000 0.740416
vt 0.000000 0.000000
vt 1.000000 0.000000
vt 1.000000 1.000000
f 1467/1467 1468/1468 1469/1469
v 0.500000 0.685000 0.500000
v 0.740416 0.685000 0.740416
v 0.699847 0.685000 0.775066
vt 0.000000 0.000000
vt 1.000000 0.000000
vt 1.000000 1.000000
f 1470/1470 1471/1471 1472/1472
v 0.699847 0.650000 0.775066
v 0.654357 0.650000 0.802942
v 0.654357 0.685000 0.802942
v 0.699847 0.685000 0.775066
vt 0.000000 0.000000
vt 1.000000 0.000000
vt 1.000000 1.000000
vt 0.000000 1.000000
f 1473/1473 1474/1474 1475/1475 1476/1476
v 0.500000 0.650000 0.500000
v 0.654357 0.650000 0.802942
v 0.699847 0.650000 0.775066
vt 0.000000 0.000000
vt 1.000000 0.000000
vt 1.000000 1.000000
f 1477/1477 1478/1478 1479/1479
v 0.500000 0.685000 0.500000
v 0.699847 0.685000 0.775066
v 0.654357 0.685000 0.802942
vt 0.000000 0.000000
vt 1.000000 0.000000
vt 1.000000 1.000000
f 1480/1480 1481/1481 1482/1482
v 0.654357 0.650000 0.802942
v 0.605066 0.650000 0.823359
v 0.605066 0.685000 0.823359
v 0.654357 0.685000 0.802942
vt 0.000000 0.000000
vt 1.000000 0.000000
vt 1.000000 1.000000
vt 0.000000 1.000000
f 1483/1483 1484/1484 1485/1485 1486/1486
v 0.500000 0.650000 0.500000
v 0.605066 0.650000 0.823359
v 0.654357 0.650000 0.802942
vt 0.000000 0.000000
vt 1.000000 0.000000
vt 1.000000 1.000000
f 1487/1487 1488/1488 1489/1489
v 0.500000 0.685000 0.500000
v 0.654357 0.685000 0.802942
v 0.605066 0.685000 0.823359
vt 0.000000 0.000000
vt 1.000000 0.000000
vt 1.000000 1.000000
f 1490/1490 1491/1491 1492/1492
v 0.605066 0.650000 0.823359
v 0.553188 0.650000 0.835814
v 0.553188 0.685000 0.835814
v 0.605066 0.685000 0.823359
vt 0.000000 0.000000
vt 1.000000 0.000000
vt 1.000000 1.000000
vt 0.000000 1.000000
f 1493/1493 1494/1494 1495/1495 1496/1496
v 0.500000 0.650000 0.500000
v 0.553188 0.650000 0.835814
v 0.605066 0.650000 0.823359
vt 0.000000 0.000000
vt 1.000000 0.000000
vt 1.000000 1.000000
f 1497/1497 1498/1498 1499/1499
v 0.500000 0.685000 0.500000
v 0.605066 0.685000 0.823359
v 0.553188 0.685000 0.835814
vt 0.000000 0.000000
vt 1.000000 0.000000
vt 1.000000 1.000000
f 1500/1500 1501/1501 1502/1502
v 0.553188 0.650000 0.835814
v 0.500000 0.650000 0.840000
v 0.500000 0.685000 0.840000
v 0.553188 0.685000 0.835814
vt 0.000000 0.000000
vt 1.000000 0.000000
vt 1.000000 1.000000
vt 0.000000 1.000000
f 1503/1503 1504/1504 1505/1505 1506/1506
v 0.500000 0.650000 0.500000
v 0.500000 0.650000 0.840000
v 0.553188 0.650000 0.835814
vt 0.000000 0.000000
vt 1.000000 0.000000
vt 1.000000 1.000000
f 1507/1507 1508/1508 1509/1509
v 0.500000 0.685000 0.500000
v 0.553188 0.685000 0.835814
v 0.500000 0.685000 0.840000
vt 0.000000 0.000000
vt 1.000000 0.000000
vt 1.000000 1.000000
f 1510/1510 1511/1511 1512/1512
v 0.500000 0.650000 0.840000
v 0.446812 0.650000 0.835814
v 0.446812 0.685000 0.835814
v 0.500000 0.685000 0.840000
vt 0.000000 0.000000
vt 1.000000 0.000000
vt 1.000000 1.000000
vt 0.000000 1.000000
f 1513/1513 1514/1514 1515/1515 1516/1516
v 0.500000 0.650000 0.500000
v 0.446812 0.650000 0.835814
v 0.500000 0.650000 0.840000
vt 0.000000 0.000000
vt 1.000000 0.000000
vt 1.000000 1.000000
f 1517/1517 1518/1518 1519/1519
v 0.500000 0.685000 0.500000
v 0.500000 0.685000 0.840000
v 0.446812 0.685000 0.835814
vt 0.000000 0.000000
vt 1.000000 0.000000
vt 1.000000 1.000000
f 1520/1520 1521/1521 1522/1522
v 0.446812 0.650000 0.835814
v 0.394934 0.650000 0.823359
v 0.394934 0.685000 0.823359
v 0.446812 0.685000 0.835814
vt 0.000000 0.000000
vt 1.000000 0.000000
vt 1.000000 1.000000
vt 0.000000 1.000000
f 1523/1523 1524/1524 1525/1525 1526/1526
v 0.500000 0.650000 0.500000
v 0.394934 0.650000 0.823359
v 0.446812 0.650000 0.835814
vt 0.000000 0.000000
vt 1.000000 0.000000
vt 1.000000 1.000000
f 1527/1527 1528/1528 1529/1529
v 0.500000 0.685000 0.500000
v 0.446812 0.685000 0.835814
v 0.394934 0.685000 0.823359
vt 0.000000 0.000000
vt 1.000000 0.000000
vt 1.000000 1.000000
f 1530/1530 1531/1531 1532/1532
v 0.394934 0.650000 0.823359
v 0.345643 0.650000 0.802942
v 0.345643 0.685000 0.802942
v 0.394934 0.685000 0.823359
vt 0.000000 0.000000
vt 1.000000 0.000000
vt 1.000000 1.000000
vt 0.000000 1.000000
f 1533/1533 1534/1534 1535/1535 1536/1536
v 0.500000 0.650000 0.500000
v 0.345643 0.650000 0.802942
v 0.394934 0.650000 0.823359
vt 0.000000 0.000000
vt 1.000000 0.000000
vt 1.000000 1.000000
f 1537/1537 1538/1538 1539/1539
v 0.500000 0.685000 0.500000
v 0.394934 0.685000 0.823359
v 0.345643 0.685000 0.802942
vt 0.000000 0.000000
vt 1.000000 0.000000
vt 1.000000 1.000000
f 1540/1540 1541/1541 1542/1542
v 0.345643 0.650000 0.802942
v 0.300153 0.650000 0.775066
v 0.300153 0.685000 0.775066
v 0.345643 0.685000 0.802942
vt 0.000000 0.000000
vt 1.000000 0.000000
vt 1.000000 1.000000
vt 0.000000 1.000000
f 1543/1543 1544/1544 1545/1545 1546/1546
v 0.500000 0.650000 0.500000
v 0.300153 0.650000 0.775066
v 0.345643 0.650000 0.802942
vt 0.000000 0.000000
vt 1.000000 0.000000
vt 1.000000 1.000000
f 1547/1547 1548/1548 1549/1549
v 0.500000 0.685000 0.500000
v 0.345643 0.685000 0.802942
v 0.300153 0.685000 0.775066
vt 0.000000 0.000000
vt 1.000000 0.000000
vt 1.000000 1.000000
f 1550/1550 1551/1551 1552/1552
v 0.300153 0.650000 0.775066
v 0.259584 0.650000 0.740416
v 0.259584 0.685000 0.740416
v 0.300153 0.685000 0.775066
vt 0.000000 0.000000
vt 1.000000 0.000000
vt 1.000000 1.000000
vt 0.000000 1.000000
f 1553/1553 1554/1554 1555/1555 1556/1556
v 0.500000 0.650000 0.500000
v 0.259584 0.650000 0.740416
v 0.300153 0.650000 0.775066
vt 0.000000 0.000000
vt 1.000000 0.000000
vt 1.000000 1.000000
f 1557/1557 1558/1558 1559/1559
v 0.500000 0.685000 0.500000
v 0.300153 0.685000 0.775066
v 0.259584 0.685000 0.740416
vt 0.000000 0.000000
vt 1.000000 0.000000
vt 1.000000 1.000000
f 1560/1560 1561/1561 1562/1562
v 0.259584 0.650000 0.740416
v 0.224934 0.650000 0.699847
v 0.224934 0.685000 0.699847
v 0.259584 0.685000 0.740416
vt 0.000000 0.000000
vt 1.000000 0.000000
vt 1.000000 1.000000
vt 0.000000 1.000000
f 1563/1563 1564/1564 1565/1565 1566/1566
v 0.500000 0.650000 0.500000
v 0.224934 0.650000 0.699847
v 0.259584 0.650000 0.740416
vt 0.000000 0.000000
vt 1.000000 0.000000
vt 1.000000 1.000000
f 1567/1567 1568/1568 1569/1569
v 0.500000 0.685000 0.500000
v 0.259584 0.685000 0.740416
v 0.224934 0.685000 0.699847
vt 0.000000 0.000000
vt 1.000000 0.000000
vt 1.000000 1.000000
f 1570/1570 1571/1571 1572/1572
v 0.224934 0.650000 0.699847
v 0.197058 0.650000 0.654357
v 0.197058 0.685000 0.654357
v 0.224934 0.685000 0.699847
vt 0.000000 0.000000
vt 1.000000 0.000000
vt 1.000000 1.000000
vt 0.000000 1.000000
f 1573/1573 1574/1574 1575/1575 1576/1576
v 0.500000 0.650000 0.500000
v 0.197058 0.650000 0.654357
v 0.224934 0.650000 0.699847
vt 0.000000 0.000000
vt 1.000000 0.000000
vt 1.000000 1.000000
f 1577/1577 1578/1578 1579/1579
v 0.500000 0.685000 0.500000
v 0.224934 0.685000 0.699847
v 0.197058 0.685000 0.654357
vt 0.000000 0.000000
vt 1.000000 0.000000
vt 1.000000 1.000000
f 1580/1580 1581/1581 1582/1582
v 0.197058 0.650000 0.654357
v 0.176641 0.650000 0.605066
v 0.176641 0.685000 0.605066
v 0.197058 0.685000 0.654357
vt 0.000000 0.000000
vt 1.000000 0.000000
vt 1.000000 1.000000
vt 0.000000 1.000000
f 1583/1583 1584/1584 1585/1585 1586/1586
v 0.500000 0.650000 0.500000
v 0.176641 0.650000 0.605066
v 0.197058 0.650000 0.654357
vt 0.000000 0.000000
vt 1.000000 0.000000
vt 1.000000 1.000000
f 1587/1587 1588/1588 1589/1589
v 0.500000 0.685000 0.500000
v 0.197058 0.685000 0.654357
v 0.176641 0.685000 0.605066
vt 0.000000 0.000000
vt 1.000000 0.000000
vt 1.000000 1.000000
f 1590/1590 1591/1591 1592/1592
v 0.176641 0.650000 0.605066
v 0.164186 0.650000 0.553188
v 0.164186 0.685000 0.553188
v 0.176641 0.685000 0.605066
vt 0.000000 0.000000
vt 1.000000 0.000000
vt 1.000000 1.000000
vt 0.000000 1.000000
f 1593/1593 1594/1594 1595/1595 1596/1596
v 0.500000 0.650000 0.500000
v 0.164186 0.650000 0.553188
v 0.176641 0.650000 0.605066
vt 0.000000 0.000000
vt 1.000000 0.000000
vt 1.000000 1.000000
f 1597/1597 1598/1598 1599/1599
v 0.500000 0.685000 0.500000
v 0.176641 0.685000 0.605066
v 0.164186 0.685000 0.553188
vt 0.000000 0.000000
vt 1.000000 0.000000
vt 1.000000 1.000000
f 1600/1600 1601/1601 1602/1602
v 0.164186 0.650000 0.553188
v 0.160000 0.650000 0.500000
v 0.160000 0.685000 0.500000
v 0.164186 0.685000 0.553188
vt 0.000000 0.000000
vt 1.000000 0.000000
vt 1.000000 1.000000
vt 0.000000 1.000000
f 1603/1603 1604/1604 1605/1605 1606/1606
v 0.500000 0.650000 0.500000
v 0.160000 0.650000 0.500000
v 0.164186 0.650000 0.553188
vt 0.000000 0.000000
vt 1.000000 0.000000
vt 1.000000 1.000000
f 1607/1607 1608/1608 1609/1609
v 0.500000 0.685000 0.500000
v 0.164186 0.685000 0.553188
v 0.160000 0.685000 0.500000
vt 0.000000 0.000000
vt 1.000000 0.000000
vt 1.000000 1.000000
f 1610/1610 1611/1611 1612/1612
v 0.160000 0.650000 0.500000
v 0.164186 0.650000 0.446812
v 0.164186 0.685000 0.446812
v 0.160000 0.685000 0.500000
vt 0.000000 0.000000
vt 1.000000 0.000000
vt 1.000000 1.000000
vt 0.000000 1.000000
f 1613/1613 1614/1614 1615/1615 1616/1616
v 0.500000 0.650000 0.500000
v 0.164186 0.650000 0.446812
v 0.160000 0.650000 0.500000
vt 0.000000 0.000000
vt 1.000000 0.000000
vt 1.000000 1.000000
f 1617/1617 1618/1618 1619/1619
v 0.500000 0.685000 0.500000
v 0.160000 0.685000 0.500000
v 0.164186 0.685000 0.446812
vt 0.000000 0.000000
vt 1.000000 0.000000
vt 1.000000 1.000000
f 1620/1620 1621/1621 1622/1622
v 0.164186 0.650000 0.446812
v 0.176641 0.650000 0.394934
v 0.176641 0.685000 0.394934
v 0.164186 0.685000 0.446812
vt 0.000000 0.000000
vt 1.000000 0.000000
vt 1.000000 1.000000
vt 0.000000 1.000000
f 1623/1623 1624/1624 1625/1625 1626/1626
v 0.500000 0.650000 0.500000
v 0.176641 0.650000 0.394934
v 0.164186 0.650000 0.446812
vt 0.000000 0.000000
vt 1.000000 0.000000
vt 1.000000 1.000000
f 1627/1627 1628/1628 1629/1629
v 0.500000 0.685000 0.500000
v 0.164186 0.685000 0.446812
v 0.176641 0.685000 0.394934
vt 0.000000 0.000000
vt 1.000000 0.000000
vt 1.000000 1.000000
f 1630/1630 1631/1631 1632/1632
v 0.176641 0.650000 0.394934
v 0.197058 0.650000 0.345643
v 0.197058 0.685000 0.345643
v 0.176641 0.685000 0.394934
vt 0.000000 0.000000
vt 1.000000 0.000000
vt 1.000000 1.000000
vt 0.000000 1.000000
f 1633/1633 1634/1634 1635/1635 1636/1636
v 0.500000 0.650000 0.500000
v 0.197058 0.650000 0.345643
v 0.176641 0.650000 0.394934
vt 0.000000 0.000000
vt 1.000000 0.000000
vt 1.000000 1.000000
f 1637/1637 1638/1638 1639/1639
v 0.500000 0.685000 0.500000
v 0.176641 0.685000 0.394934
v 0.197058 0.685000 0.345643
vt 0.000000 0.000000
vt 1.000000 0.000000
vt 1.000000 1.000000
f 1640/1640 1641/1641 1642/1642
v 0.197058 0.650000 0.345643
v 0.224934 0.650000 0.300153
v 0.224934 0.685000 0.300153
v 0.197058 0.685000 0.345643
vt 0.000000 0.000000
vt 1.000000 0.000000
vt 1.000000 1.000000
vt 0.000000 1.000000
f 1643/1643 1644/1644 1645/1645 1646/1646
v 0.500000 0.650000 0.500000
v 0.224934 0.650000 0.300153
v 0.197058 0.650000 0.345643
vt 0.000000 0.000000
vt 1.000000 0.000000
vt 1.000000 1.000000
f 1647/1647 1648/1648 1649/1649
v 0.500000 0.685000 0.500000
v 0.197058 0.685000 0.345643
v 0.224934 0.685000 0.300153
vt 0.000000 0.000000
vt 1.000000 0.000000
vt 1.000000 1.000000
f 1650/1650 1651/1651 1652/1652
v 0.224934 0.650000 0.300153
v 0.259584 0.650000 0.259584
v 0.259584 0.685000 0.259584
v 0.224934 0.685000 0.300153
vt 0.000000 0.000000
vt 1.000000 0.000000
vt 1.000000 1.000000
vt 0.000000 1.000000
f 1653/1653 1654/1654 1655/1655 1656/1656
v 0.500000 0.650000 0.500000
v 0.259584 0.650000 0.259584
v 0.224934 0.650000 0.300153
vt 0.000000 0.000000
vt 1.000000 0.000000
vt 1.000000 1.000000
f 1657/1657 1658/1658 1659/1659
v 0.500000 0.685000 0.500000
v 0.224934 0.685000 0.300153
v 0.259584 0.685000 0.259584
vt 0.000000 0.000000
vt 1.000000 0.000000
vt 1.000000 1.000000
f 1660/1660 1661/1661 1662/1662
v 0.259584 0.650000 0.259584
v 0.300153 0.650000 0.224934
v 0.300153 0.685000 0.224934
v 0.259584 0.685000 0.259584
vt 0.000000 0.000000
vt 1.000000 0.000000
vt 1.000000 1.000000
vt 0.000000 1.000000
f 1663/1663 1664/1664 1665/1665 1666/1666
v 0.500000 0.650000 0.500000
v 0.300153 0.650000 0.224934
v 0.259584 0.650000 0.259584
vt 0.000000 0.000000
vt 1.000000 0.000000
vt 1.000000 1.000000
f 1667/1667 1668/1668 1669/1669
v 0.500000 0.685000 0.500000
v 0.259584 0.685000 0.259584
v 0.300153 0.685000 0.224934
vt 0.000000 0.000000
vt 1.000000 0.000000
vt 1.000000 1.000000
f 1670/1670 1671/1671 1672/1672
v 0.300153 0.650000 0.224934
v 0.345643 0.650000 0.197058
v 0.345643 0.685000 0.197058
v 0.300153 0.685000 0.224934
vt 0.000000 0.000000
vt 1.000000 0.000000
vt 1.000000 1.000000
vt 0.000000 1.000000
f 1673/1673 1674/1674 1675/1675 1676/1676
v 0.500000 0.650000 0.500000
v 0.345643 0.650000 0.197058
v 0.300153 0.650000 0.224934
vt 0.000000 0.000000
vt 1.000000 0.000000
vt 1.000000 1.000000
f 1677/1677 1678/1678 1679/1679
v 0.500000 0.685000 0.500000
v 0.300153 0.685000 0.224934
v 0.345643 0.685000 0.197058
vt 0.000000 0.000000
vt 1.000000 0.000000
vt 1.000000 1.000000
f 1680/1680 1681/1681 1682/1682
v 0.345643 0.650000 0.197058
v 0.394934 0.650000 0.176641
v 0.394934 0.685000 0.176641
v 0.345643 0.685000 0.197058
vt 0.000000 0.000000
vt 1.000000 0.000000
vt 1.000000 1.000000
vt 0.000000 1.000000
f 1683/1683 1684/1684 1685/1685 1686/1686
v 0.500000 0.650000 0.500000
v 0.394934 0.650000 0.176641
v 0.345643 0.650000 0.197058
vt 0.000000 0.000000
vt 1.000000 0.000000
vt 1.000000 1.000000
f 1687/1687 1688/1688 1689/1689
v 0.500000 0.685000 0.500000
v 0.345643 0.685000 0.197058
v 0.394934 0.685000 0.176641
vt 0.000000 0.000000
vt 1.000000 0.000000
vt 1.000000 1.000000
f 1690/1690 1691/1691 1692/1692
v 0.394934 0.650000 0.176641
v 0.446812 0.650000 0.164186
v 0.446812 0.685000 0.164186
v 0.394934 0.685000 0.176641
vt 0.000000 0.000000
vt 1.000000 0.000000
vt 1.000000 1.000000
vt 0.000000 1.000000
f 1693/1693 1694/1694 1695/1695 1696/1696
v 0.500000 0.650000 0.500000
v 0.446812 0.650000 0.164186
v 0.394934 0.650000 0.176641
vt 0.000000 0.000000
vt 1.000000 0.000000
vt 1.000000 1.000000
f 1697/1697 1698/1698 1699/1699
v 0.500000 0.685000 0.500000
v 0.394934 0.685000 0.176641
v 0.446812 0.685000 0.164186
vt 0.000000 0.000000
vt 1.000000 0.000000
vt 1.000000 1.000000
f 1700/1700 1701/1701 1702/1702
v 0.446812 0.650000 0.164186
v 0.500000 0.650000 0.160000
v 0.500000 0.685000 0.160000
v 0.446812 0.685000 0.164186
vt 0.000000 0.000000
vt 1.000000 0.000000
vt 1.000000 1.000000
vt 0.000000 1.000000
f 1703/1703 1704/1704 1705/1705 1706/1706
v 0.500000 0.650000 0.500000
v 0.500000 0.650000 0.160000
v 0.446812 0.650000 0.164186
vt 0.000000 0.000000
vt 1.000000 0.000000
vt 1.000000 1.000000
f 1707/1707 1708/1708 1709/1709
v 0.500000 0.685000 0.500000
v 0.446812 0.685000 0.164186
v 0.500000 0.685000 0.160000
vt 0.000000 0.000000
vt 1.000000 0.000000
vt 1.000000 1.000000
f 1710/1710 1711/1711 1712/1712
v 0.500000 1.100000 0.160000
v 0.553188 1.100000 0.164186
v 0.553188 1.135000 0.164186
v 0.500000 1.135000 0.160000
vt 0.000000 0.000000
vt 1.000000 0.000000
vt 1.000000 1.000000
vt 0.000000 1.000000
f 1713/1713 1714/1714 1715/1715 1716/1716
v 0.500000 1.100000 0.500000
v 0.553188 1.100000 0.164186
v 0.500000 1.100000 0.160000
vt 0.000000 0.000000
vt 1.000000 0.000000
vt 1.000000 1.000000
f 1717/1717 1718/1718 1719/1719
v 0.500000 1.135000 0.500000
v 0.500000 1.135000 0.160000
v 0.553188 1.135000 0.164186
vt 0.000000 0.000000
vt 1.000000 0.000000
vt 1.000000 1.000000
f 1720/1720 1721/1721 1722/1722
v 0.553188 1.100000 0.164186
v 0.605066 1.100000 0.176641
v 0.605066 1.135000 0.176641
v 0.553188 1.135000 0.164186
vt 0.000000 0.000000
vt 1.000000 0.000000
vt 1.000000 1.000000
vt 0.000000 1.000000
f 1723/1723 1724/1724 1725/1725 1726/1726
v 0.500000 1.100000 0.500000
v 0.605066 1.100000 0.176641
v 0.553188 1.100000 0.164186
vt 0.000000 0.000000
vt 1.000000 0.000000
vt 1.000000 1.000000
f 1727/1727 1728/1728 1729/1729
v 0.500000 1.135000 0.500000
v 0.553188 1.135000 0.164186
v 0.605066 1.135000 0.176641
vt 0.000000 0.000000
vt 1.000000 0.000000
vt 1.000000 1.000000
f 1730/1730 1731/1731 1732/1732
v 0.605066 1.100000 0.176641
v 0.654357 1.100000 0.197058
v 0.654357 1.135000 0.197058
v 0.605066 1.135000 0.176641
vt 0.000000 0.000000
vt 1.000000 0.000000
vt 1.000000 1.000000
vt 0.000000 1.000000
f 1733/1733 1734/1734 1735/1735 1736/1736
v 0.500000 1.100000 0.500000
v 0.654357 1.100000 0.197058
v 0.605066 1.100000 0.176641
vt 0.000000 0.000000
vt 1.000000 0.000000
vt 1.000000 1.000000
f 1737/1737 1738/1738 1739/1739
v 0.500000 1.135000 0.500000
v 0.605066 1.135000 0.176641
v 0.654357 1.135000 0.197058
vt 0.000000 0.000000
vt 1.000000 0.000000
vt 1.000000 1.000000
f 1740/1740 1741/1741 1742/1742
v 0.654357 1.100000 0.197058
v 0.699847 1.100000 0.224934
v 0.699847 1.135000 0.224934
v 0.654357 1.135000 0.197058
vt 0.000000 0.000000
vt 1.000000 0.000000
vt 1.000000 1.000000
vt 0.000000 1.000000
f 1743/1743 1744/1744 1745/1745 1746/1746
v 0.500000 1.100000 0.500000
v 0.699847 1.100000 0.224934
v 0.654357 1.100000 0.197058
vt 0.000000 0.000000
vt 1.000000 0.000000
vt 1.000000 1.000000
f 1747/1747 1748/1748 1749/1749
v 0.500000 1.135000 0.500000
v 0.654357 1.135000 0.197058
v 0.699847 1.135000 0.224934
vt 0.000000 0.000000
vt 1.000000 0.000000
vt 1.000000 1.000000
f 1750/1750 1751/1751 1752/1752
v 0.699847 1.100000 0.224934
v 0.740416 1.100000 0.259584
v 0.740416 1.135000 0.259584
v 0.699847 1.135000 0.224934
vt 0.000000 0.000000
vt 1.000000 0.000000
vt 1.000000 1.000000
vt 0.000000 1.000000
f 1753/1753 1754/1754 1755/1755 1756/1756
v 0.500000 1.100000 0.500000
v 0.740416 1.100000 0.259584
v 0.699847 1.100000 0.224934
vt 0.000000 0.000000
vt 1.000000 0.000000
vt 1.000000 1.000000
f 1757/1757 1758/1758 1759/1759
v 0.500000 1.135000 0.500000
v 0.699847 1.135000 0.224934
v 0.740416 1.135000 0.259584
vt 0.000000 0.000000
vt 1.000000 0.000000
vt 1.000000 1.000000
f 1760/1760 1761/1761 1762/1762
v 0.740416 1.100000 0.259584
v 0.775066 1.100000 0.300153
v 0.775066 1.135000 0.300153
v 0.740416 1.135000 0.259584
vt 0.000000 0.000000
vt 1.000000 0.000000
vt 1.000000 1.000000
vt 0.000000 1.000000
f 1763/1763 1764/1764 1765/1765 1766/1766
v 0.500000 1.100000 0.500000
v 0.775066 1.100000 0.300153
v 0.740416 1.100000 0.259584
vt 0.000000 0.000000
vt 1.000000 0.000000
vt 1.000000 1.000000
f 1767/1767 1768/1768 1769/1769
v 0.500000 1.135000 0.500000
v 0.740416 1.135000 0.259584
v 0.775066 1.135000 0.300153
vt 0.000000 0.000000
vt 1.000000 0.000000
vt 1.000000 1.000000
f 1770/1770 1771/1771 1772/1772
v 0.775066 1.100000 0.300153
v 0.802942 1.100000 0.345643
v 0.802942 1.135000 0.345643
v 0.775066 1.135000 0.300153
vt 0.000000 0.000000
vt 1.000000 0.000000
vt 1.000000 1.000000
vt 0.000000 1.000000
f 1773/1773 1774/1774 1775/1775 1776/1776
v 0.500000 1.100000 0.500000
v 0.802942 1.100000 0.345643
v 0.775066 1.100000 0.300153
vt 0.000000 0.000000
vt 1.000000 0.000000
vt 1.000000 1.000000
f 1777/1777 1778/1778 1779/1779
v 0.500000 1.135000 0.500000
v 0.775066 1.135000 0.300153
v 0.802942 1.135000 0.345643
vt 0.000000 0.000000
vt 1.000000 0.000000
vt 1.000000 1.000000
f 1780/1780 1781/1781 1782/1782
v 0.802942 1.100000 0.345643
v 0.823359 1.100000 0.394934
v 0.823359 1.135000 0.394934
v 0.802942 1.135000 0.345643
vt 0.000000 0.000000
vt 1.000000 0.000000
vt 1.000000 1.000000
vt 0.000000 1.000000
f 1783/1783 1784/1784 1785/1785 1786/1786
v 0.500000 1.100000 0.500000
v 0.823359 1.100000 0.394934
v 0.802942 1.100000 0.345643
vt 0.000000 0.000000
vt 1.000000 0.000000
vt 1.000000 1.000000
f 1787/1787 1788/1788 1789/1789
v 0.500000 1.135000 0.500000
v 0.802942 1.135000 0.345643
v 0.823359 1.135000 0.394934
vt 0.000000 0.000000
vt 1.000000 0.000000
vt 1.000000 1.000000
f 1790/1790 1791/1791 1792/1792
v 0.823359 1.100000 0.394934
v 0.835814 1.100000 0.446812
v 0.835814 1.135000 0.446812
v 0.823359 1.135000 0.394934
vt 0.000000 0.000000
vt 1.000000 0.000000
vt 1.000000 1.000000
vt 0.000000 1.000000
f 1793/1793 1794/1794 1795/1795 1796/1796
v 0.500000 1.100000 0.500000
v 0.835814 1.100000 0.446812
v 0.823359 1.100000 0.394934
vt 0.000000 0.000000
vt 1.000000 0.000000
vt 1.000000 1.000000
f 1797/1797 1798/1798 1799/1799
v 0.500000 1.135000 0.500000
v 0.823359 1.135000 0.394934
v 0.835814 1.135000 0.446812
vt 0.000000 0.000000
vt 1.000000 0.000000
vt 1.000000 1.000000
f 1800/1800 1801/1801 1802/1802
v 0.835814 1.100000 0.446812
v 0.840000 1.100000 0.500000
v 0.840000 1.135000 0.500000
v 0.835814 1.135000 0.446812
vt 0.000000 0.000000
vt 1.000000 0.000000
vt 1.000000 1.000000
vt 0.000000 1.000000
f 1803/1803 1804/1804 1805/1805 1806/1806
v 0.500000 1.100000 0.500000
v 0.840000 1.100000 0.500000
v 0.835814 1.100000 0.446812
vt 0.000000 0.000000
vt 1.000000 0.000000
vt 1.000000 1.000000
f 1807/1807 1808/1808 1809/1809
v 0.500000 1.135000 0.500000
v 0.835814 1.135000 0.446812
v 0.840000 1.135000 0.500000
vt 0.000000 0.000000
vt 1.000000 0.000000
vt 1.000000 1.000000
f 1810/1810 1811/1811 1812/1812
v 0.840000 1.100000 0.500000
v 0.835814 1.100000 0.553188
v 0.835814 1.135000 0.553188
v 0.840000 1.135000 0.500000
vt 0.000000 0.000000
vt 1.000000 0.000000
vt 1.000000 1.000000
vt 0.000000 1.000000
f 1813/1813 1814/1814 1815/1815 1816/1816
v 0.500000 1.100000 0.500000
v 0.835814 1.100000 0.553188
v 0.840000 1.100000 0.500000
vt 0.000000 0.000000
vt 1.000000 0.000000
vt 1.000000 1.000000
f 1817/1817 1818/1818 1819/1819
v 0.500000 1.135000 0.500000
v 0.840000 1.135000 0.500000
v 0.835814 1.135000 0.553188
vt 0.000000 0.000000
vt 1.000000 0.000000
vt 1.000000 1.000000
f 1820/1820 1821/1821 1822/1822
v 0.835814 1.100000 0.553188
v 0.823359 1.100000 0.605066
v 0.823359 1.135000 0.605066
v 0.835814 1.135000 0.553188
vt 0.000000 0.000000
vt 1.000000 0.000000
vt 1.000000 1.000000
vt 0.000000 1.000000
f 1823/1823 1824/1824 1825/1825 1826/1826
v 0.500000 1.100000 0.500000
v 0.823359 1.100000 0.605066
v 0.835814 1.100000 0.553188
vt 0.000000 0.000000
vt 1.000000 0.000000
vt 1.000000 1.000000
f 1827/1827 1828/1828 1829/1829
v 0.500000 1.135000 0.500000
v 0.835814 1.135000 0.553188
v 0.823359 1.135000 0.605066
vt 0.000000 0.000000
vt 1.000000 0.000000
vt 1.000000 1.000000
f 1830/1830 1831/1831 1832/1832
v 0.823359 1.100000 0.605066
v 0.802942 1.100000 0.654357
v 0.802942 1.135000 0.654357
v 0.823359 1.135000 0.605066
vt 0.000000 0.000000
vt 1.000000 0.000000
vt 1.000000 1.000000
vt 0.000000 1.000000
f 1833/1833 1834/1834 1835/1835 1836/1836
v 0.500000 1.100000 0.500000
v 0.802942 1.100000 0.654357
v 0.823359 1.100000 0.605066
vt 0.000000 0.000000
vt 1.000000 0.000000
vt 1.000000 1.000000
f 1837/1837 1838/1838 1839/1839
v 0.500000 1.135000 0.500000
v 0.823359 1.135000 0.605066
v 0.802942 1.135000 0.654357
vt 0.000000 0.000000
vt 1.000000 0.000000
vt 1.000000 1.000000
f 1840/1840 1841/1841 1842/1842
v 0.802942 1.100000 0.654357
v 0.775066 1.100000 0.699847
v 0.775066 1.135000 0.699847
v 0.802942 1.135000 0.654357
vt 0.000000 0.000000
vt 1.000000 0.000000
vt 1.000000 1.000000
vt 0.000000 1.000000
f 1843/1843 1844/1844 1845/1845 1846/1846
v 0.500000 1.100000 0.500000
v 0.775066 1.100000 0.699847
v 0.802942 1.100000 0.654357
vt 0.000000 0.000000
vt 1.000000 0.000000
vt 1.000000 1.000000
f 1847/1847 1848/1848 1849/1849
v 0.500000 1.135000 0.500000
v 0.802942 1.135000 0.654357
v 0.775066 1.135000 0.699847
vt 0.000000 0.000000
vt 1.000000 0.000000
vt 1.000000 1.000000
f 1850/1850 1851/1851 1852/1852
v 0.775066 1.100000 0.699847
v 0.740416 1.100000 0.740416
v 0.740416 1.135000 0.740416
v 0.775066 1.135000 0.699847
vt 0.000000 0.000000
vt 1.000000 0.000000
vt 1.000000 1.000000
vt 0.000000 1.000000
f 1853/1853 1854/1854 1855/1855 1856/1856
v 0.500000 1.100000 0.500000
v 0.740416 1.100000 0.740416
v 0.775066 1.100000 0.699847
vt 0.000000 0.000000
vt 1.000000 0.000000
vt 1.000000 1.000000
f 1857/1857 1858/1858 1859/1859
v 0.500000 1.135000 0.500000
v 0.775066 1.135000 0.699847
v 0.740416 1.135000 0.740416
vt 0.000000 0.000000
vt 1.000000 0.000000
vt 1.000000 1.000000
f 1860/1860 1861/1861 1862/1862
v 0.740416 1.100000 0.740416
v 0.699847 1.100000 0.775066
v 0.699847 1.135000 0.775066
v 0.740416 1.135000 0.740416
vt 0.000000 0.000000
vt 1.000000 0.000000
vt 1.000000 1.000000
vt 0.000000 1.000000
f 1863/1863 1864/1864 1865/1865 1866/1866
v 0.500000 1.100000 0.500000
v 0.699847 1.100000 0.775066
v 0.740416 1.100000 0.740416
vt 0.000000 0.000000
vt 1.000000 0.000000
vt 1.000000 1.000000
f 1867/1867 1868/1868 1869/1869
v 0.500000 1.135000 0.500000
v 0.740416 1.135000 0.740416
v 0.699847 1.135000 0.775066
vt 0.000000 0.000000
vt 1.000000 0.000000
vt 1.000000 1.000000
f 1870/1870 1871/1871 1872/1872
v 0.699847 1.100000 0.775066
v 0.654357 1.100000 0.802942
v 0.654357 1.135000 0.802942
v 0.699847 1.135000 0.775066
vt 0.000000 0.000000
vt 1.000000 0.000000
vt 1.000000 1.000000
vt 0.000000 1.000000
f 1873/1873 1874/1874 1875/1875 1876/1876
v 0.500000 1.100000 0.500000
v 0.654357 1.100000 0.802942
v 0.699847 1.100000 0.775066
vt 0.000000 0.000000
vt 1.000000 0.000000
vt 1.000000 1.000000
f 1877/1877 1878/1878 1879/1879
v 0.500000 1.135000 0.500000
v 0.699847 1.135000 0.775066
v 0.654357 1.135000 0.802942
vt 0.000000 0.000000
vt 1.000000 0.000000
vt 1.000000 1.000000
f 1880/1880 1881/1881 1882/1882
v 0.654357 1.100000 0.802942
v 0.605066 1.100000 0.823359
v 0.605066 1.135000 0.823359
v 0.654357 1.135000 0.802942
vt 0.000000 0.000000
vt 1.000000 0.000000
vt 1.000000 1.000000
vt 0.000000 1.000000
f 1883/1883 1884/1884 1885/1885 1886/1886
v 0.500000 1.100000 0.500000
v 0.605066 1.100000 0.823359
v 0.654357 1.100000 0.802942
vt 0.000000 0.000000
vt 1.000000 0.000000
vt 1.000000 1.000000
f 1887/1887 1888/1888 1889/1889
v 0.500000 1.135000 0.500000
v 0.654357 1.135000 0.802942
v 0.605066 1.135000 0.823359
vt 0.000000 0.000000
vt 1.000000 0.000000
vt 1.000000 1.000000
f 1890/1890 1891/1891 1892/1892
v 0.605066 1.100000 0.823359
v 0.553188 1.100000 0.835814
v 0.553188 1.135000 0.835814
v 0.605066 1.135000 0.823359
vt 0.000000 0.000000
vt 1.000000 0.000000
vt 1.000000 1.000000
vt 0.000000 1.000000
f 1893/1893 1894/1894 1895/1895 1896/1896
v 0.500000 1.100000 0.500000
v 0.553188 1.100000 0.835814
v 0.605066 1.100000 0.823359
vt 0.000000 0.000000
vt 1.000000 0.000000
vt 1.000000 1.000000
f 1897/1897 1898/1898 1899/1899
v 0.500000 1.135000 0.500000
v 0.605066 1.135000 0.823359
v 0.553188 1.135000 0.835814
vt 0.000000 0.000000
vt 1.000000 0.000000
vt 1.000000 1.000000
f 1900/1900 1901/1901 1902/1902
v 0.553188 1.100000 0.835814
v 0.500000 1.100000 0.840000
v 0.500000 1.135000 0.840000
v 0.553188 1.135000 0.835814
vt 0.000000 0.000000
vt 1.000000 0.000000
vt 1.000000 1.000000
vt 0.000000 1.000000
f 1903/1903 1904/1904 1905/1905 1906/1906
v 0.500000 1.100000 0.500000
v 0.500000 1.100000 0.840000
v 0.553188 1.100000 0.835814
vt 0.000000 0.000000
vt 1.000000 0.000000
vt 1.000000 1.000000
f 1907/1907 1908/1908 1909/1909
v 0.500000 1.135000 0.500000
v 0.553188 1.135000 0.835814
v 0.500000 1.135000 0.840000
vt 0.000000 0.000000
vt 1.000000 0.000000
vt 1.000000 1.000000
f 1910/1910 1911/1911 1912/1912
v 0.500000 1.100000 0.840000
v 0.446812 1.100000 0.835814
v 0.446812 1.135000 0.835814
v 0.500000 1.135000 0.840000
vt 0.000000 0.000000
vt 1.000000 0.000000
vt 1.000000 1.000000
vt 0.000000 1.000000
f 1913/1913 1914/1914 1915/1915 1916/1916
v 0.500000 1.100000 0.500000
v 0.446812 1.100000 0.835814
v 0.500000 1.100000 0.840000
vt 0.000000 0.000000
vt 1.000000 0.000000
vt 1.000000 1.000000
f 1917/1917 1918/1918 1919/1919
v 0.500000 1.135000 0.500000
v 0.500000 1.135000 0.840000
v 0.446812 1.135000 0.835814
vt 0.000000 0.000000
vt 1.000000 0.000000
vt 1.000000 1.000000
f 1920/1920 1921/1921 1922/1922
v 0.446812 1.100000 0.835814
v 0.394934 1.100000 0.823359
v 0.394934 1.135000 0.823359
v 0.446812 1.135000 0.835814
vt 0.000000 0.000000
vt 1.000000 0.000000
vt 1.000000 1.000000
vt 0.000000 1.000000
f 1923/1923 1924/1924 1925/1925 1926/1926
v 0.500000 1.100000 0.500000
v 0.394934 1.100000 0.823359
v 0.446812 1.100000 0.835814
vt 0.000000 0.000000
vt 1.000000 0.000000
vt 1.000000 1.000000
f 1927/1927 1928/1928 1929/1929
v 0.500000 1.135000 0.500000
v 0.446812 1.135000 0.835814
v 0.394934 1.135000 0.823359
vt 0.000000 0.000000
vt 1.000000 0.000000
vt 1.000000 1.000000
f 1930/1930 1931/1931 1932/1932
v 0.394934 1.100000 0.823359
v 0.345643 1.100000 0.802942
v 0.345643 1.135000 0.802942
v 0.394934 1.135000 0.823359
vt 0.000000 0.000000
vt 1.000000 0.000000
vt 1.000000 1.000000
vt 0.000000 1.000000
f 1933/1933 1934/1934 1935/1935 1936/1936
v 0.500000 1.100000 0.500000
v 0.345643 1.100000 0.802942
v 0.394934 1.100000 0.823359
vt 0.000000 0.000000
vt 1.000000 0.000000
vt 1.000000 1.000000
f 1937/1937 1938/1938 1939/1939
v 0.500000 1.135000 0.500000
v 0.394934 1.135000 0.823359
v 0.345643 1.135000 0.802942
vt 0.000000 0.000000
vt 1.000000 0.000000
vt 1.000000 1.000000
f 1940/1940 1941/1941 1942/1942
v 0.345643 1.100000 0.802942
v 0.300153 1.100000 0.775066
v 0.300153 1.135000 0.775066
v 0.345643 1.135000 0.802942
vt 0.000000 0.000000
vt 1.000000 0.000000
vt 1.000000 1.000000
vt 0.000000 1.000000
f 1943/1943 1944/1944 1945/1945 1946/1946
v 0.500000 1.100000 0.500000
v 0.300153 1.100000 0.775066
v 0.345643 1.100000 0.802942
vt 0.000000 0.000000
vt 1.000000 0.000000
vt 1.000000 1.000000
f 1947/1947 1948/1948 1949/1949
v 0.500000 1.135000 0.500000
v 0.345643 1.135000 0.802942
v 0.300153 1.135000 0.775066
vt 0.000000 0.000000
vt 1.000000 0.000000
vt 1.000000 1.000000
f 1950/1950 1951/1951 1952/1952
v 0.300153 1.100000 0.775066
v 0.259584 1.100000 0.740416
v 0.259584 1.135000 0.740416
v 0.300153 1.135000 0.775066
vt 0.000000 0.000000
vt 1.000000 0.000000
vt 1.000000 1.000000
vt 0.000000 1.000000
f 1953/1953 1954/1954 1955/1955 1956/1956
v 0.500000 1.100000 0.500000
v 0.259584 1.100000 0.740416
v 0.300153 1.100000 0.775066
vt 0.000000 0.000000
vt 1.000000 0.000000
vt 1.000000 1.000000
f 1957/1957 1958/1958 1959/1959
v 0.500000 1.135000 0.500000
v 0.300153 1.135000 0.775066
v 0.259584 1.135000 0.740416
vt 0.000000 0.000000
vt 1.000000 0.000000
vt 1.000000 1.000000
f 1960/1960 1961/1961 1962/1962
v 0.259584 1.100000 0.740416
v 0.224934 1.100000 0.699847
v 0.224934 1.135000 0.699847
v 0.259584 1.135000 0.740416
vt 0.000000 0.000000
vt 1.000000 0.000000
vt 1.000000 1.000000
vt 0.000000 1.000000
f 1963/1963 1964/1964 1965/1965 1966/1966
v 0.500000 1.100000 0.500000
v 0.224934 1.100000 0.699847
v 0.259584 1.100000 0.740416
vt 0.000000 0.000000
vt 1.000000 0.000000
vt 1.000000 1.000000
f 1967/1967 1968/1968 1969/1969
v 0.500000 1.135000 0.500000
v 0.259584 1.135000 0.740416
v 0.224934 1.135000 0.699847
vt 0.000000 0.000000
vt 1.000000 0.000000
vt 1.000000 1.000000
f 1970/1970 1971/1971 1972/1972
v 0.224934 1.100000 0.699847
v 0.197058 1.100000 0.654357
v 0.197058 1.135000 0.654357
v 0.224934 1.135000 0.699847
vt 0.000000 0.000000
vt 1.000000 0.000000
vt 1.000000 1.000000
vt 0.000000 1.000000
f 1973/1973 1974/1974 1975/1975 1976/1976
v 0.500000 1.100000 0.500000
v 0.197058 1.100000 0.654357
v 0.224934 1.100000 0.699847
vt 0.000000 0.000000
vt 1.000000 0.000000
vt 1.000000 1.000000
f 1977/1977 1978/1978 1979/1979
v 0.500000 1.135000 0.500000
v 0.224934 1.135000 0.699847
v 0.197058 1.135000 0.654357
vt 0.000000 0.000000
vt 1.000000 0.000000
vt 1.000000 1.000000
f 1980/1980 1981/1981 1982/1982
v 0.197058 1.100000 0.654357
v 0.176641 1.100000 0.605066
v 0.176641 1.135000 0.605066
v 0.197058 1.135000 0.654357
vt 0.000000 0.000000
vt 1.000000 0.000000
vt 1.000000 1.000000
vt 0.000000 1.000000
f 1983/1983 1984/1984 1985/1985 1986/1986
v 0.500000 1.100000 0.500000
v 0.176641 1.100000 0.605066
v 0.197058 1.100000 0.654357
vt 0.000000 0.000000
vt 1.000000 0.000000
vt 1.000000 1.000000
f 1987/1987 1988/1988 1989/1989
v 0.500000 1.135000 0.500000
v 0.197058 1.135000 0.654357
v 0.176641 1.135000 0.605066
vt 0.000000 0.000000
vt 1.000000 0.000000
vt 1.000000 1.000000
f 1990/1990 1991/1991 1992/1992
v 0.176641 1.100000 0.605066
v 0.164186 1.100000 0.553188
v 0.164186 1.135000 0.553188
v 0.176641 1.135000 0.605066
vt 0.000000 0.000000
vt 1.000000 0.000000
vt 1.000000 1.000000
vt 0.000000 1.000000
f 1993/1993 1994/1994 1995/1995 1996/1996
v 0.500000 1.100000 0.500000
v 0.164186 1.100000 0.553188
v 0.176641 1.100000 0.605066
vt 0.000000 0.000000
vt 1.000000 0.000000
vt 1.000000 1.000000
f 1997/1997 1998/1998 1999/1999
v 0.500000 1.135000 0.500000
v 0.176641 1.135000 0.605066
v 0.164186 1.135000 0.553188
vt 0.000000 0.000000
vt 1.000000 0.000000
vt 1.000000 1.000000
f 2000/2000 2001/2001 2002/2002
v 0.164186 1.100000 0.553188
v 0.160000 1.100000 0.500000
v 0.160000 1.135000 0.500000
v 0.164186 1.135000 0.553188
vt 0.000000 0.000000
vt 1.000000 0.000000
vt 1.000000 1.000000
vt 0.000000 1.000000
f 2003/2003 2004/2004 2005/2005 2006/2006
v 0.500000 1.100000 0.500000
v 0.160000 1.100000 0.500000
v 0.164186 1.100000 0.553188
vt 0.000000 0.000000
vt 1.000000 0.000000
vt 1.000000 1.000000
f 2007/2007 2008/2008 2009/2009
v 0.500000 1.135000 0.500000
v 0.164186 1.135000 0.553188
v 0.160000 1.135000 0.500000
vt 0.000000 0.000000
vt 1.000000 0.000000
vt 1.000000 1.000000
f 2010/2010 2011/2011 2012/2012
v 0.160000 1.100000 0.500000
v 0.164186 1.100000 0.446812
v 0.164186 1.135000 0.446812
v 0.160000 1.135000 0.500000
vt 0.000000 0.000000
vt 1.000000 0.000000
vt 1.000000 1.000000
vt 0.000000 1.000000
f 2013/2013 2014/2014 2015/2015 2016/2016
v 0.500000 1.100000 0.500000
v 0.164186 1.100000 0.446812
v 0.160000 1.100000 0.500000
vt 0.000000 0.000000
vt 1.000000 0.000000
vt 1.000000 1.000000
f 2017/2017 2018/2018 2019/2019
v 0.500000 1.135000 0.500000
v 0.160000 1.135000 0.500000
v 0.164186 1.135000 0.446812
vt 0.000000 0.000000
vt 1.000000 0.000000
vt 1.000000 1.000000
f 2020/2020 2021/2021 2022/2022
v 0.164186 1.100000 0.446812
v 0.176641 1.100000 0.394934
v 0.176641 1.135000 0.394934
v 0.164186 1.135000 0.446812
vt 0.000000 0.000000
vt 1.000000 0.000000
vt 1.000000 1.000000
vt 0.000000 1.000000
f 2023/2023 2024/2024 2025/2025 2026/2026
v 0.500000 1.100000 0.500000
v 0.176641 1.100000 0.394934
v 0.164186 1.100000 0.446812
vt 0.000000 0.000000
vt 1.000000 0.000000
vt 1.000000 1.000000
f 2027/2027 2028/2028 2029/2029
v 0.500000 1.135000 0.500000
v 0.164186 1.135000 0.446812
v 0.176641 1.135000 0.394934
vt 0.000000 0.000000
vt 1.000000 0.000000
vt 1.000000 1.000000
f 2030/2030 2031/2031 2032/2032
v 0.176641 1.100000 0.394934
v 0.197058 1.100000 0.345643
v 0.197058 1.135000 0.345643
v 0.176641 1.135000 0.394934
vt 0.000000 0.000000
vt 1.000000 0.000000
vt 1.000000 1.000000
vt 0.000000 1.000000
f 2033/2033 2034/2034 2035/2035 2036/2036
v 0.500000 1.100000 0.500000
v 0.197058 1.100000 0.345643
v 0.176641 1.100000 0.394934
vt 0.000000 0.000000
vt 1.000000 0.000000
vt 1.000000 1.000000
f 2037/2037 2038/2038 2039/2039
v 0.500000 1.135000 0.500000
v 0.176641 1.135000 0.394934
v 0.197058 1.135000 0.345643
vt 0.000000 0.000000
vt 1.000000 0.000000
vt 1.000000 1.000000
f 2040/2040 2041/2041 2042/2042
v 0.197058 1.100000 0.345643
v 0.224934 1.100000 0.300153
v 0.224934 1.135000 0.300153
v 0.197058 1.135000 0.345643
vt 0.000000 0.000000
vt 1.000000 0.000000
vt 1.000000 1.000000
vt 0.000000 1.000000
f 2043/2043 2044/2044 2045/2045 2046/2046
v 0.500000 1.100000 0.500000
v 0.224934 1.100000 0.300153
v 0.197058 1.100000 0.345643
vt 0.000000 0.000000
vt 1.000000 0.000000
vt 1.000000 1.000000
f 2047/2047 2048/2048 2049/2049
v 0.500000 1.135000 0.500000
v 0.197058 1.135000 0.345643
v 0.224934 1.135000 0.300153
vt 0.000000 0.000000
vt 1.000000 0.000000
vt 1.000000 1.000000
f 2050/2050 2051/2051 2052/2052
v 0.224934 1.100000 0.300153
v 0.259584 1.100000 0.259584
v 0.259584 1.135000 0.259584
v 0.224934 1.135000 0.300153
vt 0.000000 0.000000
vt 1.000000 0.000000
vt 1.000000 1.000000
vt 0.000000 1.000000
f 2053/2053 2054/2054 2055/2055 2056/2056
v 0.500000 1.100000 0.500000
v 0.259584 1.100000 0.259584
v 0.224934 1.100000 0.300153
vt 0.000000 0.000000
vt 1.000000 0.000000
vt 1.000000 1.000000
f 2057/2057 2058/2058 2059/2059
v 0.500000 1.135000 0.500000
v 0.224934 1.135000 0.300153
v 0.259584 1.135000 0.259584
vt 0.000000 0.000000
vt 1.000000 0.000000
vt 1.000000 1.000000
f 2060/2060 2061/2061 2062/2062
v 0.259584 1.100000 0.259584
v 0.300153 1.100000 0.224934
v 0.300153 1.135000 0.224934
v 0.259584 1.135000 0.259584
vt 0.000000 0.000000
vt 1.000000 0.000000
vt 1.000000 1.000000
vt 0.000000 1.000000
f 2063/2063 2064/2064 2065/2065 2066/2066
v 0.500000 1.100000 0.500000
v 0.300153 1.100000 0.224934
v 0.259584 1.100000 0.259584
vt 0.000000 0.000000
vt 1.000000 0.000000
vt 1.000000 1.000000
f 2067/2067 2068/2068 2069/2069
v 0.500000 1.135000 0.500000
v 0.259584 1.135000 0.259584
v 0.300153 1.135000 0.224934
vt 0.000000 0.000000
vt 1.000000 0.000000
vt 1.000000 1.000000
f 2070/2070 2071/2071 2072/2072
v 0.300153 1.100000 0.224934
v 0.345643 1.100000 0.197058
v 0.345643 1.135000 0.197058
v 0.300153 1.135000 0.224934
vt 0.000000 0.000000
vt 1.000000 0.000000
vt 1.000000 1.000000
vt 0.000000 1.000000
f 2073/2073 2074/2074 2075/2075 2076/2076
v 0.500000 1.100000 0.500000
v 0.345643 1.100000 0.197058
v 0.300153 1.100000 0.224934
vt 0.000000 0.000000
vt 1.000000 0.000000
vt 1.000000 1.000000
f 2077/2077 2078/2078 2079/2079
v 0.500000 1.135000 0.500000
v 0.300153 1.135000 0.224934
v 0.345643 1.135000 0.197058
vt 0.000000 0.000000
vt 1.000000 0.000000
vt 1.000000 1.000000
f 2080/2080 2081/2081 2082/2082
v 0.345643 1.100000 0.197058
v 0.394934 1.100000 0.176641
v 0.394934 1.135000 0.176641
v 0.345643 1.135000 0.197058
vt 0.000000 0.000000
vt 1.000000 0.000000
vt 1.000000 1.000000
vt 0.000000 1.000000
f 2083/2083 2084/2084 2085/2085 2086/2086
v 0.500000 1.100000 0.500000
v 0.394934 1.100000 0.176641
v 0.345643 1.100000 0.197058
vt 0.000000 0.000000
vt 1.000000 0.000000
vt 1.000000 1.000000
f 2087/2087 2088/2088 2089/2089
v 0.500000 1.135000 0.500000
v 0.345643 1.135000 0.197058
v 0.394934 1.135000 0.176641
vt 0.000000 0.000000
vt 1.000000 0.000000
vt 1.000000 1.000000
f 2090/2090 2091/2091 2092/2092
v 0.394934 1.100000 0.176641
v 0.446812 1.100000 0.164186
v 0.446812 1.135000 0.164186
v 0.394934 1.135000 0.176641
vt 0.000000 0.000000
vt 1.000000 0.000000
vt 1.000000 1.000000
vt 0.000000 1.000000
f 2093/2093 2094/2094 2095/2095 2096/2096
v 0.500000 1.100000 0.500000
v 0.446812 1.100000 0.164186
v 0.394934 1.100000 0.176641
vt 0.000000 0.000000
vt 1.000000 0.000000
vt 1.000000 1.000000
f 2097/2097 2098/2098 2099/2099
v 0.500000 1.135000 0.500000
v 0.394934 1.135000 0.176641
v 0.446812 1.135000 0.164186
vt 0.000000 0.000000
vt 1.000000 0.000000
vt 1.000000 1.000000
f 2100/2100 2101/2101 2102/2102
v 0.446812 1.100000 0.164186
v 0.500000 1.100000 0.160000
v 0.500000 1.135000 0.160000
v 0.446812 1.135000 0.164186
vt 0.000000 0.000000
vt 1.000000 0.000000
vt 1.000000 1.000000
vt 0.000000 1.000000
f 2103/2103 2104/2104 2105/2105 2106/2106
v 0.500000 1.100000 0.500000
v 0.500000 1.100000 0.160000
v 0.446812 1.100000 0.164186
vt 0.000000 0.000000
vt 1.000000 0.000000
vt 1.000000 1.000000
f 2107/2107 2108/2108 2109/2109
v 0.500000 1.135000 0.500000
v 0.446812 1.135000 0.164186
v 0.500000 1.135000 0.160000
vt 0.000000 0.000000
vt 1.000000 0.000000
vt 1.000000 1.000000
f 2110/2110 2111/2111 2112/2112
