mtllib air_raid_siren.mtl
o air_raid_siren
s 1
usemtl dark
v 0.120000 0.000000 0.120000
v 0.880000 0.000000 0.120000
v 0.880000 0.180000 0.120000
v 0.120000 0.180000 0.120000
vt 0.000000 0.000000
vt 1.000000 0.000000
vt 1.000000 1.000000
vt 0.000000 1.000000
f 1/1 2/2 3/3 4/4
v 0.880000 0.000000 0.880000
v 0.120000 0.000000 0.880000
v 0.120000 0.180000 0.880000
v 0.880000 0.180000 0.880000
vt 0.000000 0.000000
vt 1.000000 0.000000
vt 1.000000 1.000000
vt 0.000000 1.000000
f 5/5 6/6 7/7 8/8
v 0.120000 0.000000 0.880000
v 0.120000 0.000000 0.120000
v 0.120000 0.180000 0.120000
v 0.120000 0.180000 0.880000
vt 0.000000 0.000000
vt 1.000000 0.000000
vt 1.000000 1.000000
vt 0.000000 1.000000
f 9/9 10/10 11/11 12/12
v 0.880000 0.000000 0.120000
v 0.880000 0.000000 0.880000
v 0.880000 0.180000 0.880000
v 0.880000 0.180000 0.120000
vt 0.000000 0.000000
vt 1.000000 0.000000
vt 1.000000 1.000000
vt 0.000000 1.000000
f 13/13 14/14 15/15 16/16
v 0.120000 0.180000 0.120000
v 0.880000 0.180000 0.120000
v 0.880000 0.180000 0.880000
v 0.120000 0.180000 0.880000
vt 0.000000 0.000000
vt 1.000000 0.000000
vt 1.000000 1.000000
vt 0.000000 1.000000
f 17/17 18/18 19/19 20/20
v 0.120000 0.000000 0.880000
v 0.880000 0.000000 0.880000
v 0.880000 0.000000 0.120000
v 0.120000 0.000000 0.120000
vt 0.000000 0.000000
vt 1.000000 0.000000
vt 1.000000 1.000000
vt 0.000000 1.000000
f 21/21 22/22 23/23 24/24
usemtl accent
v 0.200000 0.180000 0.200000
v 0.800000 0.180000 0.200000
v 0.800000 0.620000 0.200000
v 0.200000 0.620000 0.200000
vt 0.000000 0.000000
vt 1.000000 0.000000
vt 1.000000 1.000000
vt 0.000000 1.000000
f 25/25 26/26 27/27 28/28
v 0.800000 0.180000 0.800000
v 0.200000 0.180000 0.800000
v 0.200000 0.620000 0.800000
v 0.800000 0.620000 0.800000
vt 0.000000 0.000000
vt 1.000000 0.000000
vt 1.000000 1.000000
vt 0.000000 1.000000
f 29/29 30/30 31/31 32/32
v 0.200000 0.180000 0.800000
v 0.200000 0.180000 0.200000
v 0.200000 0.620000 0.200000
v 0.200000 0.620000 0.800000
vt 0.000000 0.000000
vt 1.000000 0.000000
vt 1.000000 1.000000
vt 0.000000 1.000000
f 33/33 34/34 35/35 36/36
v 0.800000 0.180000 0.200000
v 0.800000 0.180000 0.800000
v 0.800000 0.620000 0.800000
v 0.800000 0.620000 0.200000
vt 0.000000 0.000000
vt 1.000000 0.000000
vt 1.000000 1.000000
vt 0.000000 1.000000
f 37/37 38/38 39/39 40/40
v 0.200000 0.620000 0.200000
v 0.800000 0.620000 0.200000
v 0.800000 0.620000 0.800000
v 0.200000 0.620000 0.800000
vt 0.000000 0.000000
vt 1.000000 0.000000
vt 1.000000 1.000000
vt 0.000000 1.000000
f 41/41 42/42 43/43 44/44
v 0.200000 0.180000 0.800000
v 0.800000 0.180000 0.800000
v 0.800000 0.180000 0.200000
v 0.200000 0.180000 0.200000
vt 0.000000 0.000000
vt 1.000000 0.000000
vt 1.000000 1.000000
vt 0.000000 1.000000
f 45/45 46/46 47/47 48/48
usemtl dark
v 0.240000 0.280000 0.240000
v 0.760000 0.280000 0.240000
v 0.760000 0.520000 0.240000
v 0.240000 0.520000 0.240000
vt 0.000000 0.000000
vt 1.000000 0.000000
vt 1.000000 1.000000
vt 0.000000 1.000000
f 49/49 50/50 51/51 52/52
v 0.760000 0.280000 0.760000
v 0.240000 0.280000 0.760000
v 0.240000 0.520000 0.760000
v 0.760000 0.520000 0.760000
vt 0.000000 0.000000
vt 1.000000 0.000000
vt 1.000000 1.000000
vt 0.000000 1.000000
f 53/53 54/54 55/55 56/56
v 0.240000 0.280000 0.760000
v 0.240000 0.280000 0.240000
v 0.240000 0.520000 0.240000
v 0.240000 0.520000 0.760000
vt 0.000000 0.000000
vt 1.000000 0.000000
vt 1.000000 1.000000
vt 0.000000 1.000000
f 57/57 58/58 59/59 60/60
v 0.760000 0.280000 0.240000
v 0.760000 0.280000 0.760000
v 0.760000 0.520000 0.760000
v 0.760000 0.520000 0.240000
vt 0.000000 0.000000
vt 1.000000 0.000000
vt 1.000000 1.000000
vt 0.000000 1.000000
f 61/61 62/62 63/63 64/64
v 0.240000 0.520000 0.240000
v 0.760000 0.520000 0.240000
v 0.760000 0.520000 0.760000
v 0.240000 0.520000 0.760000
vt 0.000000 0.000000
vt 1.000000 0.000000
vt 1.000000 1.000000
vt 0.000000 1.000000
f 65/65 66/66 67/67 68/68
v 0.240000 0.280000 0.760000
v 0.760000 0.280000 0.760000
v 0.760000 0.280000 0.240000
v 0.240000 0.280000 0.240000
vt 0.000000 0.000000
vt 1.000000 0.000000
vt 1.000000 1.000000
vt 0.000000 1.000000
f 69/69 70/70 71/71 72/72
usemtl yellow
v 0.320000 0.600000 0.450000
v 0.341694 0.600000 0.454952
v 0.341694 1.350000 0.454952
v 0.320000 1.350000 0.450000
vt 0.000000 0.000000
vt 0.071429 0.000000
vt 0.071429 1.000000
vt 0.000000 1.000000
f 73/73 74/74 75/75 76/76
v 0.320000 0.600000 0.500000
v 0.341694 0.600000 0.454952
v 0.320000 0.600000 0.450000
vt 0.000000 0.000000
vt 1.000000 0.000000
vt 1.000000 1.000000
f 77/77 78/78 79/79
v 0.320000 1.350000 0.500000
v 0.320000 1.350000 0.450000
v 0.341694 1.350000 0.454952
vt 0.000000 0.000000
vt 1.000000 0.000000
vt 1.000000 1.000000
f 80/80 81/81 82/82
v 0.341694 0.600000 0.454952
v 0.359092 0.600000 0.468826
v 0.359092 1.350000 0.468826
v 0.341694 1.350000 0.454952
vt 0.071429 0.000000
vt 0.142857 0.000000
vt 0.142857 1.000000
vt 0.071429 1.000000
f 83/83 84/84 85/85 86/86
v 0.320000 0.600000 0.500000
v 0.359092 0.600000 0.468826
v 0.341694 0.600000 0.454952
vt 0.000000 0.000000
vt 1.000000 0.000000
vt 1.000000 1.000000
f 87/87 88/88 89/89
v 0.320000 1.350000 0.500000
v 0.341694 1.350000 0.454952
v 0.359092 1.350000 0.468826
vt 0.000000 0.000000
vt 1.000000 0.000000
vt 1.000000 1.000000
f 90/90 91/91 92/92
v 0.359092 0.600000 0.468826
v 0.368746 0.600000 0.488874
v 0.368746 1.350000 0.488874
v 0.359092 1.350000 0.468826
vt 0.142857 0.000000
vt 0.214286 0.000000
vt 0.214286 1.000000
vt 0.142857 1.000000
f 93/93 94/94 95/95 96/96
v 0.320000 0.600000 0.500000
v 0.368746 0.600000 0.488874
v 0.359092 0.600000 0.468826
vt 0.000000 0.000000
vt 1.000000 0.000000
vt 1.000000 1.000000
f 97/97 98/98 99/99
v 0.320000 1.350000 0.500000
v 0.359092 1.350000 0.468826
v 0.368746 1.350000 0.488874
vt 0.000000 0.000000
vt 1.000000 0.000000
vt 1.000000 1.000000
f 100/100 101/101 102/102
v 0.368746 0.600000 0.488874
v 0.368746 0.600000 0.511126
v 0.368746 1.350000 0.511126
v 0.368746 1.350000 0.488874
vt 0.214286 0.000000
vt 0.285714 0.000000
vt 0.285714 1.000000
vt 0.214286 1.000000
f 103/103 104/104 105/105 106/106
v 0.320000 0.600000 0.500000
v 0.368746 0.600000 0.511126
v 0.368746 0.600000 0.488874
vt 0.000000 0.000000
vt 1.000000 0.000000
vt 1.000000 1.000000
f 107/107 108/108 109/109
v 0.320000 1.350000 0.500000
v 0.368746 1.350000 0.488874
v 0.368746 1.350000 0.511126
vt 0.000000 0.000000
vt 1.000000 0.000000
vt 1.000000 1.000000
f 110/110 111/111 112/112
v 0.368746 0.600000 0.511126
v 0.359092 0.600000 0.531174
v 0.359092 1.350000 0.531174
v 0.368746 1.350000 0.511126
vt 0.285714 0.000000
vt 0.357143 0.000000
vt 0.357143 1.000000
vt 0.285714 1.000000
f 113/113 114/114 115/115 116/116
v 0.320000 0.600000 0.500000
v 0.359092 0.600000 0.531174
v 0.368746 0.600000 0.511126
vt 0.000000 0.000000
vt 1.000000 0.000000
vt 1.000000 1.000000
f 117/117 118/118 119/119
v 0.320000 1.350000 0.500000
v 0.368746 1.350000 0.511126
v 0.359092 1.350000 0.531174
vt 0.000000 0.000000
vt 1.000000 0.000000
vt 1.000000 1.000000
f 120/120 121/121 122/122
v 0.359092 0.600000 0.531174
v 0.341694 0.600000 0.545048
v 0.341694 1.350000 0.545048
v 0.359092 1.350000 0.531174
vt 0.357143 0.000000
vt 0.428571 0.000000
vt 0.428571 1.000000
vt 0.357143 1.000000
f 123/123 124/124 125/125 126/126
v 0.320000 0.600000 0.500000
v 0.341694 0.600000 0.545048
v 0.359092 0.600000 0.531174
vt 0.000000 0.000000
vt 1.000000 0.000000
vt 1.000000 1.000000
f 127/127 128/128 129/129
v 0.320000 1.350000 0.500000
v 0.359092 1.350000 0.531174
v 0.341694 1.350000 0.545048
vt 0.000000 0.000000
vt 1.000000 0.000000
vt 1.000000 1.000000
f 130/130 131/131 132/132
v 0.341694 0.600000 0.545048
v 0.320000 0.600000 0.550000
v 0.320000 1.350000 0.550000
v 0.341694 1.350000 0.545048
vt 0.428571 0.000000
vt 0.500000 0.000000
vt 0.500000 1.000000
vt 0.428571 1.000000
f 133/133 134/134 135/135 136/136
v 0.320000 0.600000 0.500000
v 0.320000 0.600000 0.550000
v 0.341694 0.600000 0.545048
vt 0.000000 0.000000
vt 1.000000 0.000000
vt 1.000000 1.000000
f 137/137 138/138 139/139
v 0.320000 1.350000 0.500000
v 0.341694 1.350000 0.545048
v 0.320000 1.350000 0.550000
vt 0.000000 0.000000
vt 1.000000 0.000000
vt 1.000000 1.000000
f 140/140 141/141 142/142
v 0.320000 0.600000 0.550000
v 0.298306 0.600000 0.545048
v 0.298306 1.350000 0.545048
v 0.320000 1.350000 0.550000
vt 0.500000 0.000000
vt 0.571429 0.000000
vt 0.571429 1.000000
vt 0.500000 1.000000
f 143/143 144/144 145/145 146/146
v 0.320000 0.600000 0.500000
v 0.298306 0.600000 0.545048
v 0.320000 0.600000 0.550000
vt 0.000000 0.000000
vt 1.000000 0.000000
vt 1.000000 1.000000
f 147/147 148/148 149/149
v 0.320000 1.350000 0.500000
v 0.320000 1.350000 0.550000
v 0.298306 1.350000 0.545048
vt 0.000000 0.000000
vt 1.000000 0.000000
vt 1.000000 1.000000
f 150/150 151/151 152/152
v 0.298306 0.600000 0.545048
v 0.280908 0.600000 0.531174
v 0.280908 1.350000 0.531174
v 0.298306 1.350000 0.545048
vt 0.571429 0.000000
vt 0.642857 0.000000
vt 0.642857 1.000000
vt 0.571429 1.000000
f 153/153 154/154 155/155 156/156
v 0.320000 0.600000 0.500000
v 0.280908 0.600000 0.531174
v 0.298306 0.600000 0.545048
vt 0.000000 0.000000
vt 1.000000 0.000000
vt 1.000000 1.000000
f 157/157 158/158 159/159
v 0.320000 1.350000 0.500000
v 0.298306 1.350000 0.545048
v 0.280908 1.350000 0.531174
vt 0.000000 0.000000
vt 1.000000 0.000000
vt 1.000000 1.000000
f 160/160 161/161 162/162
v 0.280908 0.600000 0.531174
v 0.271254 0.600000 0.511126
v 0.271254 1.350000 0.511126
v 0.280908 1.350000 0.531174
vt 0.642857 0.000000
vt 0.714286 0.000000
vt 0.714286 1.000000
vt 0.642857 1.000000
f 163/163 164/164 165/165 166/166
v 0.320000 0.600000 0.500000
v 0.271254 0.600000 0.511126
v 0.280908 0.600000 0.531174
vt 0.000000 0.000000
vt 1.000000 0.000000
vt 1.000000 1.000000
f 167/167 168/168 169/169
v 0.320000 1.350000 0.500000
v 0.280908 1.350000 0.531174
v 0.271254 1.350000 0.511126
vt 0.000000 0.000000
vt 1.000000 0.000000
vt 1.000000 1.000000
f 170/170 171/171 172/172
v 0.271254 0.600000 0.511126
v 0.271254 0.600000 0.488874
v 0.271254 1.350000 0.488874
v 0.271254 1.350000 0.511126
vt 0.714286 0.000000
vt 0.785714 0.000000
vt 0.785714 1.000000
vt 0.714286 1.000000
f 173/173 174/174 175/175 176/176
v 0.320000 0.600000 0.500000
v 0.271254 0.600000 0.488874
v 0.271254 0.600000 0.511126
vt 0.000000 0.000000
vt 1.000000 0.000000
vt 1.000000 1.000000
f 177/177 178/178 179/179
v 0.320000 1.350000 0.500000
v 0.271254 1.350000 0.511126
v 0.271254 1.350000 0.488874
vt 0.000000 0.000000
vt 1.000000 0.000000
vt 1.000000 1.000000
f 180/180 181/181 182/182
v 0.271254 0.600000 0.488874
v 0.280908 0.600000 0.468826
v 0.280908 1.350000 0.468826
v 0.271254 1.350000 0.488874
vt 0.785714 0.000000
vt 0.857143 0.000000
vt 0.857143 1.000000
vt 0.785714 1.000000
f 183/183 184/184 185/185 186/186
v 0.320000 0.600000 0.500000
v 0.280908 0.600000 0.468826
v 0.271254 0.600000 0.488874
vt 0.000000 0.000000
vt 1.000000 0.000000
vt 1.000000 1.000000
f 187/187 188/188 189/189
v 0.320000 1.350000 0.500000
v 0.271254 1.350000 0.488874
v 0.280908 1.350000 0.468826
vt 0.000000 0.000000
vt 1.000000 0.000000
vt 1.000000 1.000000
f 190/190 191/191 192/192
v 0.280908 0.600000 0.468826
v 0.298306 0.600000 0.454952
v 0.298306 1.350000 0.454952
v 0.280908 1.350000 0.468826
vt 0.857143 0.000000
vt 0.928571 0.000000
vt 0.928571 1.000000
vt 0.857143 1.000000
f 193/193 194/194 195/195 196/196
v 0.320000 0.600000 0.500000
v 0.298306 0.600000 0.454952
v 0.280908 0.600000 0.468826
vt 0.000000 0.000000
vt 1.000000 0.000000
vt 1.000000 1.000000
f 197/197 198/198 199/199
v 0.320000 1.350000 0.500000
v 0.280908 1.350000 0.468826
v 0.298306 1.350000 0.454952
vt 0.000000 0.000000
vt 1.000000 0.000000
vt 1.000000 1.000000
f 200/200 201/201 202/202
v 0.298306 0.600000 0.454952
v 0.320000 0.600000 0.450000
v 0.320000 1.350000 0.450000
v 0.298306 1.350000 0.454952
vt 0.928571 0.000000
vt 1.000000 0.000000
vt 1.000000 1.000000
vt 0.928571 1.000000
f 203/203 204/204 205/205 206/206
v 0.320000 0.600000 0.500000
v 0.320000 0.600000 0.450000
v 0.298306 0.600000 0.454952
vt 0.000000 0.000000
vt 1.000000 0.000000
vt 1.000000 1.000000
f 207/207 208/208 209/209
v 0.320000 1.350000 0.500000
v 0.298306 1.350000 0.454952
v 0.320000 1.350000 0.450000
vt 0.000000 0.000000
vt 1.000000 0.000000
vt 1.000000 1.000000
f 210/210 211/211 212/212
v 0.680000 0.600000 0.450000
v 0.701694 0.600000 0.454952
v 0.701694 1.350000 0.454952
v 0.680000 1.350000 0.450000
vt 0.000000 0.000000
vt 0.071429 0.000000
vt 0.071429 1.000000
vt 0.000000 1.000000
f 213/213 214/214 215/215 216/216
v 0.680000 0.600000 0.500000
v 0.701694 0.600000 0.454952
v 0.680000 0.600000 0.450000
vt 0.000000 0.000000
vt 1.000000 0.000000
vt 1.000000 1.000000
f 217/217 218/218 219/219
v 0.680000 1.350000 0.500000
v 0.680000 1.350000 0.450000
v 0.701694 1.350000 0.454952
vt 0.000000 0.000000
vt 1.000000 0.000000
vt 1.000000 1.000000
f 220/220 221/221 222/222
v 0.701694 0.600000 0.454952
v 0.719092 0.600000 0.468826
v 0.719092 1.350000 0.468826
v 0.701694 1.350000 0.454952
vt 0.071429 0.000000
vt 0.142857 0.000000
vt 0.142857 1.000000
vt 0.071429 1.000000
f 223/223 224/224 225/225 226/226
v 0.680000 0.600000 0.500000
v 0.719092 0.600000 0.468826
v 0.701694 0.600000 0.454952
vt 0.000000 0.000000
vt 1.000000 0.000000
vt 1.000000 1.000000
f 227/227 228/228 229/229
v 0.680000 1.350000 0.500000
v 0.701694 1.350000 0.454952
v 0.719092 1.350000 0.468826
vt 0.000000 0.000000
vt 1.000000 0.000000
vt 1.000000 1.000000
f 230/230 231/231 232/232
v 0.719092 0.600000 0.468826
v 0.728746 0.600000 0.488874
v 0.728746 1.350000 0.488874
v 0.719092 1.350000 0.468826
vt 0.142857 0.000000
vt 0.214286 0.000000
vt 0.214286 1.000000
vt 0.142857 1.000000
f 233/233 234/234 235/235 236/236
v 0.680000 0.600000 0.500000
v 0.728746 0.600000 0.488874
v 0.719092 0.600000 0.468826
vt 0.000000 0.000000
vt 1.000000 0.000000
vt 1.000000 1.000000
f 237/237 238/238 239/239
v 0.680000 1.350000 0.500000
v 0.719092 1.350000 0.468826
v 0.728746 1.350000 0.488874
vt 0.000000 0.000000
vt 1.000000 0.000000
vt 1.000000 1.000000
f 240/240 241/241 242/242
v 0.728746 0.600000 0.488874
v 0.728746 0.600000 0.511126
v 0.728746 1.350000 0.511126
v 0.728746 1.350000 0.488874
vt 0.214286 0.000000
vt 0.285714 0.000000
vt 0.285714 1.000000
vt 0.214286 1.000000
f 243/243 244/244 245/245 246/246
v 0.680000 0.600000 0.500000
v 0.728746 0.600000 0.511126
v 0.728746 0.600000 0.488874
vt 0.000000 0.000000
vt 1.000000 0.000000
vt 1.000000 1.000000
f 247/247 248/248 249/249
v 0.680000 1.350000 0.500000
v 0.728746 1.350000 0.488874
v 0.728746 1.350000 0.511126
vt 0.000000 0.000000
vt 1.000000 0.000000
vt 1.000000 1.000000
f 250/250 251/251 252/252
v 0.728746 0.600000 0.511126
v 0.719092 0.600000 0.531174
v 0.719092 1.350000 0.531174
v 0.728746 1.350000 0.511126
vt 0.285714 0.000000
vt 0.357143 0.000000
vt 0.357143 1.000000
vt 0.285714 1.000000
f 253/253 254/254 255/255 256/256
v 0.680000 0.600000 0.500000
v 0.719092 0.600000 0.531174
v 0.728746 0.600000 0.511126
vt 0.000000 0.000000
vt 1.000000 0.000000
vt 1.000000 1.000000
f 257/257 258/258 259/259
v 0.680000 1.350000 0.500000
v 0.728746 1.350000 0.511126
v 0.719092 1.350000 0.531174
vt 0.000000 0.000000
vt 1.000000 0.000000
vt 1.000000 1.000000
f 260/260 261/261 262/262
v 0.719092 0.600000 0.531174
v 0.701694 0.600000 0.545048
v 0.701694 1.350000 0.545048
v 0.719092 1.350000 0.531174
vt 0.357143 0.000000
vt 0.428571 0.000000
vt 0.428571 1.000000
vt 0.357143 1.000000
f 263/263 264/264 265/265 266/266
v 0.680000 0.600000 0.500000
v 0.701694 0.600000 0.545048
v 0.719092 0.600000 0.531174
vt 0.000000 0.000000
vt 1.000000 0.000000
vt 1.000000 1.000000
f 267/267 268/268 269/269
v 0.680000 1.350000 0.500000
v 0.719092 1.350000 0.531174
v 0.701694 1.350000 0.545048
vt 0.000000 0.000000
vt 1.000000 0.000000
vt 1.000000 1.000000
f 270/270 271/271 272/272
v 0.701694 0.600000 0.545048
v 0.680000 0.600000 0.550000
v 0.680000 1.350000 0.550000
v 0.701694 1.350000 0.545048
vt 0.428571 0.000000
vt 0.500000 0.000000
vt 0.500000 1.000000
vt 0.428571 1.000000
f 273/273 274/274 275/275 276/276
v 0.680000 0.600000 0.500000
v 0.680000 0.600000 0.550000
v 0.701694 0.600000 0.545048
vt 0.000000 0.000000
vt 1.000000 0.000000
vt 1.000000 1.000000
f 277/277 278/278 279/279
v 0.680000 1.350000 0.500000
v 0.701694 1.350000 0.545048
v 0.680000 1.350000 0.550000
vt 0.000000 0.000000
vt 1.000000 0.000000
vt 1.000000 1.000000
f 280/280 281/281 282/282
v 0.680000 0.600000 0.550000
v 0.658306 0.600000 0.545048
v 0.658306 1.350000 0.545048
v 0.680000 1.350000 0.550000
vt 0.500000 0.000000
vt 0.571429 0.000000
vt 0.571429 1.000000
vt 0.500000 1.000000
f 283/283 284/284 285/285 286/286
v 0.680000 0.600000 0.500000
v 0.658306 0.600000 0.545048
v 0.680000 0.600000 0.550000
vt 0.000000 0.000000
vt 1.000000 0.000000
vt 1.000000 1.000000
f 287/287 288/288 289/289
v 0.680000 1.350000 0.500000
v 0.680000 1.350000 0.550000
v 0.658306 1.350000 0.545048
vt 0.000000 0.000000
vt 1.000000 0.000000
vt 1.000000 1.000000
f 290/290 291/291 292/292
v 0.658306 0.600000 0.545048
v 0.640908 0.600000 0.531174
v 0.640908 1.350000 0.531174
v 0.658306 1.350000 0.545048
vt 0.571429 0.000000
vt 0.642857 0.000000
vt 0.642857 1.000000
vt 0.571429 1.000000
f 293/293 294/294 295/295 296/296
v 0.680000 0.600000 0.500000
v 0.640908 0.600000 0.531174
v 0.658306 0.600000 0.545048
vt 0.000000 0.000000
vt 1.000000 0.000000
vt 1.000000 1.000000
f 297/297 298/298 299/299
v 0.680000 1.350000 0.500000
v 0.658306 1.350000 0.545048
v 0.640908 1.350000 0.531174
vt 0.000000 0.000000
vt 1.000000 0.000000
vt 1.000000 1.000000
f 300/300 301/301 302/302
v 0.640908 0.600000 0.531174
v 0.631254 0.600000 0.511126
v 0.631254 1.350000 0.511126
v 0.640908 1.350000 0.531174
vt 0.642857 0.000000
vt 0.714286 0.000000
vt 0.714286 1.000000
vt 0.642857 1.000000
f 303/303 304/304 305/305 306/306
v 0.680000 0.600000 0.500000
v 0.631254 0.600000 0.511126
v 0.640908 0.600000 0.531174
vt 0.000000 0.000000
vt 1.000000 0.000000
vt 1.000000 1.000000
f 307/307 308/308 309/309
v 0.680000 1.350000 0.500000
v 0.640908 1.350000 0.531174
v 0.631254 1.350000 0.511126
vt 0.000000 0.000000
vt 1.000000 0.000000
vt 1.000000 1.000000
f 310/310 311/311 312/312
v 0.631254 0.600000 0.511126
v 0.631254 0.600000 0.488874
v 0.631254 1.350000 0.488874
v 0.631254 1.350000 0.511126
vt 0.714286 0.000000
vt 0.785714 0.000000
vt 0.785714 1.000000
vt 0.714286 1.000000
f 313/313 314/314 315/315 316/316
v 0.680000 0.600000 0.500000
v 0.631254 0.600000 0.488874
v 0.631254 0.600000 0.511126
vt 0.000000 0.000000
vt 1.000000 0.000000
vt 1.000000 1.000000
f 317/317 318/318 319/319
v 0.680000 1.350000 0.500000
v 0.631254 1.350000 0.511126
v 0.631254 1.350000 0.488874
vt 0.000000 0.000000
vt 1.000000 0.000000
vt 1.000000 1.000000
f 320/320 321/321 322/322
v 0.631254 0.600000 0.488874
v 0.640908 0.600000 0.468826
v 0.640908 1.350000 0.468826
v 0.631254 1.350000 0.488874
vt 0.785714 0.000000
vt 0.857143 0.000000
vt 0.857143 1.000000
vt 0.785714 1.000000
f 323/323 324/324 325/325 326/326
v 0.680000 0.600000 0.500000
v 0.640908 0.600000 0.468826
v 0.631254 0.600000 0.488874
vt 0.000000 0.000000
vt 1.000000 0.000000
vt 1.000000 1.000000
f 327/327 328/328 329/329
v 0.680000 1.350000 0.500000
v 0.631254 1.350000 0.488874
v 0.640908 1.350000 0.468826
vt 0.000000 0.000000
vt 1.000000 0.000000
vt 1.000000 1.000000
f 330/330 331/331 332/332
v 0.640908 0.600000 0.468826
v 0.658306 0.600000 0.454952
v 0.658306 1.350000 0.454952
v 0.640908 1.350000 0.468826
vt 0.857143 0.000000
vt 0.928571 0.000000
vt 0.928571 1.000000
vt 0.857143 1.000000
f 333/333 334/334 335/335 336/336
v 0.680000 0.600000 0.500000
v 0.658306 0.600000 0.454952
v 0.640908 0.600000 0.468826
vt 0.000000 0.000000
vt 1.000000 0.000000
vt 1.000000 1.000000
f 337/337 338/338 339/339
v 0.680000 1.350000 0.500000
v 0.640908 1.350000 0.468826
v 0.658306 1.350000 0.454952
vt 0.000000 0.000000
vt 1.000000 0.000000
vt 1.000000 1.000000
f 340/340 341/341 342/342
v 0.658306 0.600000 0.454952
v 0.680000 0.600000 0.450000
v 0.680000 1.350000 0.450000
v 0.658306 1.350000 0.454952
vt 0.928571 0.000000
vt 1.000000 0.000000
vt 1.000000 1.000000
vt 0.928571 1.000000
f 343/343 344/344 345/345 346/346
v 0.680000 0.600000 0.500000
v 0.680000 0.600000 0.450000
v 0.658306 0.600000 0.454952
vt 0.000000 0.000000
vt 1.000000 0.000000
vt 1.000000 1.000000
f 347/347 348/348 349/349
v 0.680000 1.350000 0.500000
v 0.658306 1.350000 0.454952
v 0.680000 1.350000 0.450000
vt 0.000000 0.000000
vt 1.000000 0.000000
vt 1.000000 1.000000
f 350/350 351/351 352/352
usemtl body
v 0.280000 0.620000 0.460000
v 0.720000 0.620000 0.460000
v 0.720000 0.700000 0.460000
v 0.280000 0.700000 0.460000
vt 0.000000 0.000000
vt 1.000000 0.000000
vt 1.000000 1.000000
vt 0.000000 1.000000
f 353/353 354/354 355/355 356/356
v 0.720000 0.620000 0.540000
v 0.280000 0.620000 0.540000
v 0.280000 0.700000 0.540000
v 0.720000 0.700000 0.540000
vt 0.000000 0.000000
vt 1.000000 0.000000
vt 1.000000 1.000000
vt 0.000000 1.000000
f 357/357 358/358 359/359 360/360
v 0.280000 0.620000 0.540000
v 0.280000 0.620000 0.460000
v 0.280000 0.700000 0.460000
v 0.280000 0.700000 0.540000
vt 0.000000 0.000000
vt 1.000000 0.000000
vt 1.000000 1.000000
vt 0.000000 1.000000
f 361/361 362/362 363/363 364/364
v 0.720000 0.620000 0.460000
v 0.720000 0.620000 0.540000
v 0.720000 0.700000 0.540000
v 0.720000 0.700000 0.460000
vt 0.000000 0.000000
vt 1.000000 0.000000
vt 1.000000 1.000000
vt 0.000000 1.000000
f 365/365 366/366 367/367 368/368
v 0.280000 0.700000 0.460000
v 0.720000 0.700000 0.460000
v 0.720000 0.700000 0.540000
v 0.280000 0.700000 0.540000
vt 0.000000 0.000000
vt 1.000000 0.000000
vt 1.000000 1.000000
vt 0.000000 1.000000
f 369/369 370/370 371/371 372/372
v 0.280000 0.620000 0.540000
v 0.720000 0.620000 0.540000
v 0.720000 0.620000 0.460000
v 0.280000 0.620000 0.460000
vt 0.000000 0.000000
vt 1.000000 0.000000
vt 1.000000 1.000000
vt 0.000000 1.000000
f 373/373 374/374 375/375 376/376
usemtl yellow
v 0.220000 0.180000 0.180000
v 0.340000 0.180000 0.180000
v 0.340000 0.340000 0.180000
v 0.220000 0.340000 0.180000
vt 0.000000 0.000000
vt 1.000000 0.000000
vt 1.000000 1.000000
vt 0.000000 1.000000
f 377/377 378/378 379/379 380/380
v 0.340000 0.180000 0.300000
v 0.220000 0.180000 0.300000
v 0.220000 0.340000 0.300000
v 0.340000 0.340000 0.300000
vt 0.000000 0.000000
vt 1.000000 0.000000
vt 1.000000 1.000000
vt 0.000000 1.000000
f 381/381 382/382 383/383 384/384
v 0.220000 0.180000 0.300000
v 0.220000 0.180000 0.180000
v 0.220000 0.340000 0.180000
v 0.220000 0.340000 0.300000
vt 0.000000 0.000000
vt 1.000000 0.000000
vt 1.000000 1.000000
vt 0.000000 1.000000
f 385/385 386/386 387/387 388/388
v 0.340000 0.180000 0.180000
v 0.340000 0.180000 0.300000
v 0.340000 0.340000 0.300000
v 0.340000 0.340000 0.180000
vt 0.000000 0.000000
vt 1.000000 0.000000
vt 1.000000 1.000000
vt 0.000000 1.000000
f 389/389 390/390 391/391 392/392
v 0.220000 0.340000 0.180000
v 0.340000 0.340000 0.180000
v 0.340000 0.340000 0.300000
v 0.220000 0.340000 0.300000
vt 0.000000 0.000000
vt 1.000000 0.000000
vt 1.000000 1.000000
vt 0.000000 1.000000
f 393/393 394/394 395/395 396/396
v 0.220000 0.180000 0.300000
v 0.340000 0.180000 0.300000
v 0.340000 0.180000 0.180000
v 0.220000 0.180000 0.180000
vt 0.000000 0.000000
vt 1.000000 0.000000
vt 1.000000 1.000000
vt 0.000000 1.000000
f 397/397 398/398 399/399 400/400
v 0.660000 0.180000 0.180000
v 0.780000 0.180000 0.180000
v 0.780000 0.340000 0.180000
v 0.660000 0.340000 0.180000
vt 0.000000 0.000000
vt 1.000000 0.000000
vt 1.000000 1.000000
vt 0.000000 1.000000
f 401/401 402/402 403/403 404/404
v 0.780000 0.180000 0.300000
v 0.660000 0.180000 0.300000
v 0.660000 0.340000 0.300000
v 0.780000 0.340000 0.300000
vt 0.000000 0.000000
vt 1.000000 0.000000
vt 1.000000 1.000000
vt 0.000000 1.000000
f 405/405 406/406 407/407 408/408
v 0.660000 0.180000 0.300000
v 0.660000 0.180000 0.180000
v 0.660000 0.340000 0.180000
v 0.660000 0.340000 0.300000
vt 0.000000 0.000000
vt 1.000000 0.000000
vt 1.000000 1.000000
vt 0.000000 1.000000
f 409/409 410/410 411/411 412/412
v 0.780000 0.180000 0.180000
v 0.780000 0.180000 0.300000
v 0.780000 0.340000 0.300000
v 0.780000 0.340000 0.180000
vt 0.000000 0.000000
vt 1.000000 0.000000
vt 1.000000 1.000000
vt 0.000000 1.000000
f 413/413 414/414 415/415 416/416
v 0.660000 0.340000 0.180000
v 0.780000 0.340000 0.180000
v 0.780000 0.340000 0.300000
v 0.660000 0.340000 0.300000
vt 0.000000 0.000000
vt 1.000000 0.000000
vt 1.000000 1.000000
vt 0.000000 1.000000
f 417/417 418/418 419/419 420/420
v 0.660000 0.180000 0.300000
v 0.780000 0.180000 0.300000
v 0.780000 0.180000 0.180000
v 0.660000 0.180000 0.180000
vt 0.000000 0.000000
vt 1.000000 0.000000
vt 1.000000 1.000000
vt 0.000000 1.000000
f 421/421 422/422 423/423 424/424
v 0.500000 0.180000 0.148000
v 0.508485 0.180000 0.151515
v 0.508485 0.199200 0.151515
v 0.500000 0.199200 0.148000
vt 0.000000 0.000000
vt 0.125000 0.000000
vt 0.125000 1.000000
vt 0.000000 1.000000
f 425/425 426/426 427/427 428/428
v 0.500000 0.180000 0.160000
v 0.508485 0.180000 0.151515
v 0.500000 0.180000 0.148000
vt 0.000000 0.000000
vt 1.000000 0.000000
vt 1.000000 1.000000
f 429/429 430/430 431/431
v 0.500000 0.199200 0.160000
v 0.500000 0.199200 0.148000
v 0.508485 0.199200 0.151515
vt 0.000000 0.000000
vt 1.000000 0.000000
vt 1.000000 1.000000
f 432/432 433/433 434/434
v 0.508485 0.180000 0.151515
v 0.512000 0.180000 0.160000
v 0.512000 0.199200 0.160000
v 0.508485 0.199200 0.151515
vt 0.125000 0.000000
vt 0.250000 0.000000
vt 0.250000 1.000000
vt 0.125000 1.000000
f 435/435 436/436 437/437 438/438
v 0.500000 0.180000 0.160000
v 0.512000 0.180000 0.160000
v 0.508485 0.180000 0.151515
vt 0.000000 0.000000
vt 1.000000 0.000000
vt 1.000000 1.000000
f 439/439 440/440 441/441
v 0.500000 0.199200 0.160000
v 0.508485 0.199200 0.151515
v 0.512000 0.199200 0.160000
vt 0.000000 0.000000
vt 1.000000 0.000000
vt 1.000000 1.000000
f 442/442 443/443 444/444
v 0.512000 0.180000 0.160000
v 0.508485 0.180000 0.168485
v 0.508485 0.199200 0.168485
v 0.512000 0.199200 0.160000
vt 0.250000 0.000000
vt 0.375000 0.000000
vt 0.375000 1.000000
vt 0.250000 1.000000
f 445/445 446/446 447/447 448/448
v 0.500000 0.180000 0.160000
v 0.508485 0.180000 0.168485
v 0.512000 0.180000 0.160000
vt 0.000000 0.000000
vt 1.000000 0.000000
vt 1.000000 1.000000
f 449/449 450/450 451/451
v 0.500000 0.199200 0.160000
v 0.512000 0.199200 0.160000
v 0.508485 0.199200 0.168485
vt 0.000000 0.000000
vt 1.000000 0.000000
vt 1.000000 1.000000
f 452/452 453/453 454/454
v 0.508485 0.180000 0.168485
v 0.500000 0.180000 0.172000
v 0.500000 0.199200 0.172000
v 0.508485 0.199200 0.168485
vt 0.375000 0.000000
vt 0.500000 0.000000
vt 0.500000 1.000000
vt 0.375000 1.000000
f 455/455 456/456 457/457 458/458
v 0.500000 0.180000 0.160000
v 0.500000 0.180000 0.172000
v 0.508485 0.180000 0.168485
vt 0.000000 0.000000
vt 1.000000 0.000000
vt 1.000000 1.000000
f 459/459 460/460 461/461
v 0.500000 0.199200 0.160000
v 0.508485 0.199200 0.168485
v 0.500000 0.199200 0.172000
vt 0.000000 0.000000
vt 1.000000 0.000000
vt 1.000000 1.000000
f 462/462 463/463 464/464
v 0.500000 0.180000 0.172000
v 0.491515 0.180000 0.168485
v 0.491515 0.199200 0.168485
v 0.500000 0.199200 0.172000
vt 0.500000 0.000000
vt 0.625000 0.000000
vt 0.625000 1.000000
vt 0.500000 1.000000
f 465/465 466/466 467/467 468/468
v 0.500000 0.180000 0.160000
v 0.491515 0.180000 0.168485
v 0.500000 0.180000 0.172000
vt 0.000000 0.000000
vt 1.000000 0.000000
vt 1.000000 1.000000
f 469/469 470/470 471/471
v 0.500000 0.199200 0.160000
v 0.500000 0.199200 0.172000
v 0.491515 0.199200 0.168485
vt 0.000000 0.000000
vt 1.000000 0.000000
vt 1.000000 1.000000
f 472/472 473/473 474/474
v 0.491515 0.180000 0.168485
v 0.488000 0.180000 0.160000
v 0.488000 0.199200 0.160000
v 0.491515 0.199200 0.168485
vt 0.625000 0.000000
vt 0.750000 0.000000
vt 0.750000 1.000000
vt 0.625000 1.000000
f 475/475 476/476 477/477 478/478
v 0.500000 0.180000 0.160000
v 0.488000 0.180000 0.160000
v 0.491515 0.180000 0.168485
vt 0.000000 0.000000
vt 1.000000 0.000000
vt 1.000000 1.000000
f 479/479 480/480 481/481
v 0.500000 0.199200 0.160000
v 0.491515 0.199200 0.168485
v 0.488000 0.199200 0.160000
vt 0.000000 0.000000
vt 1.000000 0.000000
vt 1.000000 1.000000
f 482/482 483/483 484/484
v 0.488000 0.180000 0.160000
v 0.491515 0.180000 0.151515
v 0.491515 0.199200 0.151515
v 0.488000 0.199200 0.160000
vt 0.750000 0.000000
vt 0.875000 0.000000
vt 0.875000 1.000000
vt 0.750000 1.000000
f 485/485 486/486 487/487 488/488
v 0.500000 0.180000 0.160000
v 0.491515 0.180000 0.151515
v 0.488000 0.180000 0.160000
vt 0.000000 0.000000
vt 1.000000 0.000000
vt 1.000000 1.000000
f 489/489 490/490 491/491
v 0.500000 0.199200 0.160000
v 0.488000 0.199200 0.160000
v 0.491515 0.199200 0.151515
vt 0.000000 0.000000
vt 1.000000 0.000000
vt 1.000000 1.000000
f 492/492 493/493 494/494
v 0.491515 0.180000 0.151515
v 0.500000 0.180000 0.148000
v 0.500000 0.199200 0.148000
v 0.491515 0.199200 0.151515
vt 0.875000 0.000000
vt 1.000000 0.000000
vt 1.000000 1.000000
vt 0.875000 1.000000
f 495/495 496/496 497/497 498/498
v 0.500000 0.180000 0.160000
v 0.500000 0.180000 0.148000
v 0.491515 0.180000 0.151515
vt 0.000000 0.000000
vt 1.000000 0.000000
vt 1.000000 1.000000
f 499/499 500/500 501/501
v 0.500000 0.199200 0.160000
v 0.491515 0.199200 0.151515
v 0.500000 0.199200 0.148000
vt 0.000000 0.000000
vt 1.000000 0.000000
vt 1.000000 1.000000
f 502/502 503/503 504/504
v 0.740416 0.180000 0.247584
v 0.748902 0.180000 0.251098
v 0.748902 0.199200 0.251098
v 0.740416 0.199200 0.247584
vt 0.000000 0.000000
vt 0.125000 0.000000
vt 0.125000 1.000000
vt 0.000000 1.000000
f 505/505 506/506 507/507 508/508
v 0.740416 0.180000 0.259584
v 0.748902 0.180000 0.251098
v 0.740416 0.180000 0.247584
vt 0.000000 0.000000
vt 1.000000 0.000000
vt 1.000000 1.000000
f 509/509 510/510 511/511
v 0.740416 0.199200 0.259584
v 0.740416 0.199200 0.247584
v 0.748902 0.199200 0.251098
vt 0.000000 0.000000
vt 1.000000 0.000000
vt 1.000000 1.000000
f 512/512 513/513 514/514
v 0.748902 0.180000 0.251098
v 0.752416 0.180000 0.259584
v 0.752416 0.199200 0.259584
v 0.748902 0.199200 0.251098
vt 0.125000 0.000000
vt 0.250000 0.000000
vt 0.250000 1.000000
vt 0.125000 1.000000
f 515/515 516/516 517/517 518/518
v 0.740416 0.180000 0.259584
v 0.752416 0.180000 0.259584
v 0.748902 0.180000 0.251098
vt 0.000000 0.000000
vt 1.000000 0.000000
vt 1.000000 1.000000
f 519/519 520/520 521/521
v 0.740416 0.199200 0.259584
v 0.748902 0.199200 0.251098
v 0.752416 0.199200 0.259584
vt 0.000000 0.000000
vt 1.000000 0.000000
vt 1.000000 1.000000
f 522/522 523/523 524/524
v 0.752416 0.180000 0.259584
v 0.748902 0.180000 0.268069
v 0.748902 0.199200 0.268069
v 0.752416 0.199200 0.259584
vt 0.250000 0.000000
vt 0.375000 0.000000
vt 0.375000 1.000000
vt 0.250000 1.000000
f 525/525 526/526 527/527 528/528
v 0.740416 0.180000 0.259584
v 0.748902 0.180000 0.268069
v 0.752416 0.180000 0.259584
vt 0.000000 0.000000
vt 1.000000 0.000000
vt 1.000000 1.000000
f 529/529 530/530 531/531
v 0.740416 0.199200 0.259584
v 0.752416 0.199200 0.259584
v 0.748902 0.199200 0.268069
vt 0.000000 0.000000
vt 1.000000 0.000000
vt 1.000000 1.000000
f 532/532 533/533 534/534
v 0.748902 0.180000 0.268069
v 0.740416 0.180000 0.271584
v 0.740416 0.199200 0.271584
v 0.748902 0.199200 0.268069
vt 0.375000 0.000000
vt 0.500000 0.000000
vt 0.500000 1.000000
vt 0.375000 1.000000
f 535/535 536/536 537/537 538/538
v 0.740416 0.180000 0.259584
v 0.740416 0.180000 0.271584
v 0.748902 0.180000 0.268069
vt 0.000000 0.000000
vt 1.000000 0.000000
vt 1.000000 1.000000
f 539/539 540/540 541/541
v 0.740416 0.199200 0.259584
v 0.748902 0.199200 0.268069
v 0.740416 0.199200 0.271584
vt 0.000000 0.000000
vt 1.000000 0.000000
vt 1.000000 1.000000
f 542/542 543/543 544/544
v 0.740416 0.180000 0.271584
v 0.731931 0.180000 0.268069
v 0.731931 0.199200 0.268069
v 0.740416 0.199200 0.271584
vt 0.500000 0.000000
vt 0.625000 0.000000
vt 0.625000 1.000000
vt 0.500000 1.000000
f 545/545 546/546 547/547 548/548
v 0.740416 0.180000 0.259584
v 0.731931 0.180000 0.268069
v 0.740416 0.180000 0.271584
vt 0.000000 0.000000
vt 1.000000 0.000000
vt 1.000000 1.000000
f 549/549 550/550 551/551
v 0.740416 0.199200 0.259584
v 0.740416 0.199200 0.271584
v 0.731931 0.199200 0.268069
vt 0.000000 0.000000
vt 1.000000 0.000000
vt 1.000000 1.000000
f 552/552 553/553 554/554
v 0.731931 0.180000 0.268069
v 0.728416 0.180000 0.259584
v 0.728416 0.199200 0.259584
v 0.731931 0.199200 0.268069
vt 0.625000 0.000000
vt 0.750000 0.000000
vt 0.750000 1.000000
vt 0.625000 1.000000
f 555/555 556/556 557/557 558/558
v 0.740416 0.180000 0.259584
v 0.728416 0.180000 0.259584
v 0.731931 0.180000 0.268069
vt 0.000000 0.000000
vt 1.000000 0.000000
vt 1.000000 1.000000
f 559/559 560/560 561/561
v 0.740416 0.199200 0.259584
v 0.731931 0.199200 0.268069
v 0.728416 0.199200 0.259584
vt 0.000000 0.000000
vt 1.000000 0.000000
vt 1.000000 1.000000
f 562/562 563/563 564/564
v 0.728416 0.180000 0.259584
v 0.731931 0.180000 0.251098
v 0.731931 0.199200 0.251098
v 0.728416 0.199200 0.259584
vt 0.750000 0.000000
vt 0.875000 0.000000
vt 0.875000 1.000000
vt 0.750000 1.000000
f 565/565 566/566 567/567 568/568
v 0.740416 0.180000 0.259584
v 0.731931 0.180000 0.251098
v 0.728416 0.180000 0.259584
vt 0.000000 0.000000
vt 1.000000 0.000000
vt 1.000000 1.000000
f 569/569 570/570 571/571
v 0.740416 0.199200 0.259584
v 0.728416 0.199200 0.259584
v 0.731931 0.199200 0.251098
vt 0.000000 0.000000
vt 1.000000 0.000000
vt 1.000000 1.000000
f 572/572 573/573 574/574
v 0.731931 0.180000 0.251098
v 0.740416 0.180000 0.247584
v 0.740416 0.199200 0.247584
v 0.731931 0.199200 0.251098
vt 0.875000 0.000000
vt 1.000000 0.000000
vt 1.000000 1.000000
vt 0.875000 1.000000
f 575/575 576/576 577/577 578/578
v 0.740416 0.180000 0.259584
v 0.740416 0.180000 0.247584
v 0.731931 0.180000 0.251098
vt 0.000000 0.000000
vt 1.000000 0.000000
vt 1.000000 1.000000
f 579/579 580/580 581/581
v 0.740416 0.199200 0.259584
v 0.731931 0.199200 0.251098
v 0.740416 0.199200 0.247584
vt 0.000000 0.000000
vt 1.000000 0.000000
vt 1.000000 1.000000
f 582/582 583/583 584/584
v 0.840000 0.180000 0.488000
v 0.848485 0.180000 0.491515
v 0.848485 0.199200 0.491515
v 0.840000 0.199200 0.488000
vt 0.000000 0.000000
vt 0.125000 0.000000
vt 0.125000 1.000000
vt 0.000000 1.000000
f 585/585 586/586 587/587 588/588
v 0.840000 0.180000 0.500000
v 0.848485 0.180000 0.491515
v 0.840000 0.180000 0.488000
vt 0.000000 0.000000
vt 1.000000 0.000000
vt 1.000000 1.000000
f 589/589 590/590 591/591
v 0.840000 0.199200 0.500000
v 0.840000 0.199200 0.488000
v 0.848485 0.199200 0.491515
vt 0.000000 0.000000
vt 1.000000 0.000000
vt 1.000000 1.000000
f 592/592 593/593 594/594
v 0.848485 0.180000 0.491515
v 0.852000 0.180000 0.500000
v 0.852000 0.199200 0.500000
v 0.848485 0.199200 0.491515
vt 0.125000 0.000000
vt 0.250000 0.000000
vt 0.250000 1.000000
vt 0.125000 1.000000
f 595/595 596/596 597/597 598/598
v 0.840000 0.180000 0.500000
v 0.852000 0.180000 0.500000
v 0.848485 0.180000 0.491515
vt 0.000000 0.000000
vt 1.000000 0.000000
vt 1.000000 1.000000
f 599/599 600/600 601/601
v 0.840000 0.199200 0.500000
v 0.848485 0.199200 0.491515
v 0.852000 0.199200 0.500000
vt 0.000000 0.000000
vt 1.000000 0.000000
vt 1.000000 1.000000
f 602/602 603/603 604/604
v 0.852000 0.180000 0.500000
v 0.848485 0.180000 0.508485
v 0.848485 0.199200 0.508485
v 0.852000 0.199200 0.500000
vt 0.250000 0.000000
vt 0.375000 0.000000
vt 0.375000 1.000000
vt 0.250000 1.000000
f 605/605 606/606 607/607 608/608
v 0.840000 0.180000 0.500000
v 0.848485 0.180000 0.508485
v 0.852000 0.180000 0.500000
vt 0.000000 0.000000
vt 1.000000 0.000000
vt 1.000000 1.000000
f 609/609 610/610 611/611
v 0.840000 0.199200 0.500000
v 0.852000 0.199200 0.500000
v 0.848485 0.199200 0.508485
vt 0.000000 0.000000
vt 1.000000 0.000000
vt 1.000000 1.000000
f 612/612 613/613 614/614
v 0.848485 0.180000 0.508485
v 0.840000 0.180000 0.512000
v 0.840000 0.199200 0.512000
v 0.848485 0.199200 0.508485
vt 0.375000 0.000000
vt 0.500000 0.000000
vt 0.500000 1.000000
vt 0.375000 1.000000
f 615/615 616/616 617/617 618/618
v 0.840000 0.180000 0.500000
v 0.840000 0.180000 0.512000
v 0.848485 0.180000 0.508485
vt 0.000000 0.000000
vt 1.000000 0.000000
vt 1.000000 1.000000
f 619/619 620/620 621/621
v 0.840000 0.199200 0.500000
v 0.848485 0.199200 0.508485
v 0.840000 0.199200 0.512000
vt 0.000000 0.000000
vt 1.000000 0.000000
vt 1.000000 1.000000
f 622/622 623/623 624/624
v 0.840000 0.180000 0.512000
v 0.831515 0.180000 0.508485
v 0.831515 0.199200 0.508485
v 0.840000 0.199200 0.512000
vt 0.500000 0.000000
vt 0.625000 0.000000
vt 0.625000 1.000000
vt 0.500000 1.000000
f 625/625 626/626 627/627 628/628
v 0.840000 0.180000 0.500000
v 0.831515 0.180000 0.508485
v 0.840000 0.180000 0.512000
vt 0.000000 0.000000
vt 1.000000 0.000000
vt 1.000000 1.000000
f 629/629 630/630 631/631
v 0.840000 0.199200 0.500000
v 0.840000 0.199200 0.512000
v 0.831515 0.199200 0.508485
vt 0.000000 0.000000
vt 1.000000 0.000000
vt 1.000000 1.000000
f 632/632 633/633 634/634
v 0.831515 0.180000 0.508485
v 0.828000 0.180000 0.500000
v 0.828000 0.199200 0.500000
v 0.831515 0.199200 0.508485
vt 0.625000 0.000000
vt 0.750000 0.000000
vt 0.750000 1.000000
vt 0.625000 1.000000
f 635/635 636/636 637/637 638/638
v 0.840000 0.180000 0.500000
v 0.828000 0.180000 0.500000
v 0.831515 0.180000 0.508485
vt 0.000000 0.000000
vt 1.000000 0.000000
vt 1.000000 1.000000
f 639/639 640/640 641/641
v 0.840000 0.199200 0.500000
v 0.831515 0.199200 0.508485
v 0.828000 0.199200 0.500000
vt 0.000000 0.000000
vt 1.000000 0.000000
vt 1.000000 1.000000
f 642/642 643/643 644/644
v 0.828000 0.180000 0.500000
v 0.831515 0.180000 0.491515
v 0.831515 0.199200 0.491515
v 0.828000 0.199200 0.500000
vt 0.750000 0.000000
vt 0.875000 0.000000
vt 0.875000 1.000000
vt 0.750000 1.000000
f 645/645 646/646 647/647 648/648
v 0.840000 0.180000 0.500000
v 0.831515 0.180000 0.491515
v 0.828000 0.180000 0.500000
vt 0.000000 0.000000
vt 1.000000 0.000000
vt 1.000000 1.000000
f 649/649 650/650 651/651
v 0.840000 0.199200 0.500000
v 0.828000 0.199200 0.500000
v 0.831515 0.199200 0.491515
vt 0.000000 0.000000
vt 1.000000 0.000000
vt 1.000000 1.000000
f 652/652 653/653 654/654
v 0.831515 0.180000 0.491515
v 0.840000 0.180000 0.488000
v 0.840000 0.199200 0.488000
v 0.831515 0.199200 0.491515
vt 0.875000 0.000000
vt 1.000000 0.000000
vt 1.000000 1.000000
vt 0.875000 1.000000
f 655/655 656/656 657/657 658/658
v 0.840000 0.180000 0.500000
v 0.840000 0.180000 0.488000
v 0.831515 0.180000 0.491515
vt 0.000000 0.000000
vt 1.000000 0.000000
vt 1.000000 1.000000
f 659/659 660/660 661/661
v 0.840000 0.199200 0.500000
v 0.831515 0.199200 0.491515
v 0.840000 0.199200 0.488000
vt 0.000000 0.000000
vt 1.000000 0.000000
vt 1.000000 1.000000
f 662/662 663/663 664/664
v 0.740416 0.180000 0.728416
v 0.748902 0.180000 0.731931
v 0.748902 0.199200 0.731931
v 0.740416 0.199200 0.728416
vt 0.000000 0.000000
vt 0.125000 0.000000
vt 0.125000 1.000000
vt 0.000000 1.000000
f 665/665 666/666 667/667 668/668
v 0.740416 0.180000 0.740416
v 0.748902 0.180000 0.731931
v 0.740416 0.180000 0.728416
vt 0.000000 0.000000
vt 1.000000 0.000000
vt 1.000000 1.000000
f 669/669 670/670 671/671
v 0.740416 0.199200 0.740416
v 0.740416 0.199200 0.728416
v 0.748902 0.199200 0.731931
vt 0.000000 0.000000
vt 1.000000 0.000000
vt 1.000000 1.000000
f 672/672 673/673 674/674
v 0.748902 0.180000 0.731931
v 0.752416 0.180000 0.740416
v 0.752416 0.199200 0.740416
v 0.748902 0.199200 0.731931
vt 0.125000 0.000000
vt 0.250000 0.000000
vt 0.250000 1.000000
vt 0.125000 1.000000
f 675/675 676/676 677/677 678/678
v 0.740416 0.180000 0.740416
v 0.752416 0.180000 0.740416
v 0.748902 0.180000 0.731931
vt 0.000000 0.000000
vt 1.000000 0.000000
vt 1.000000 1.000000
f 679/679 680/680 681/681
v 0.740416 0.199200 0.740416
v 0.748902 0.199200 0.731931
v 0.752416 0.199200 0.740416
vt 0.000000 0.000000
vt 1.000000 0.000000
vt 1.000000 1.000000
f 682/682 683/683 684/684
v 0.752416 0.180000 0.740416
v 0.748902 0.180000 0.748902
v 0.748902 0.199200 0.748902
v 0.752416 0.199200 0.740416
vt 0.250000 0.000000
vt 0.375000 0.000000
vt 0.375000 1.000000
vt 0.250000 1.000000
f 685/685 686/686 687/687 688/688
v 0.740416 0.180000 0.740416
v 0.748902 0.180000 0.748902
v 0.752416 0.180000 0.740416
vt 0.000000 0.000000
vt 1.000000 0.000000
vt 1.000000 1.000000
f 689/689 690/690 691/691
v 0.740416 0.199200 0.740416
v 0.752416 0.199200 0.740416
v 0.748902 0.199200 0.748902
vt 0.000000 0.000000
vt 1.000000 0.000000
vt 1.000000 1.000000
f 692/692 693/693 694/694
v 0.748902 0.180000 0.748902
v 0.740416 0.180000 0.752416
v 0.740416 0.199200 0.752416
v 0.748902 0.199200 0.748902
vt 0.375000 0.000000
vt 0.500000 0.000000
vt 0.500000 1.000000
vt 0.375000 1.000000
f 695/695 696/696 697/697 698/698
v 0.740416 0.180000 0.740416
v 0.740416 0.180000 0.752416
v 0.748902 0.180000 0.748902
vt 0.000000 0.000000
vt 1.000000 0.000000
vt 1.000000 1.000000
f 699/699 700/700 701/701
v 0.740416 0.199200 0.740416
v 0.748902 0.199200 0.748902
v 0.740416 0.199200 0.752416
vt 0.000000 0.000000
vt 1.000000 0.000000
vt 1.000000 1.000000
f 702/702 703/703 704/704
v 0.740416 0.180000 0.752416
v 0.731931 0.180000 0.748902
v 0.731931 0.199200 0.748902
v 0.740416 0.199200 0.752416
vt 0.500000 0.000000
vt 0.625000 0.000000
vt 0.625000 1.000000
vt 0.500000 1.000000
f 705/705 706/706 707/707 708/708
v 0.740416 0.180000 0.740416
v 0.731931 0.180000 0.748902
v 0.740416 0.180000 0.752416
vt 0.000000 0.000000
vt 1.000000 0.000000
vt 1.000000 1.000000
f 709/709 710/710 711/711
v 0.740416 0.199200 0.740416
v 0.740416 0.199200 0.752416
v 0.731931 0.199200 0.748902
vt 0.000000 0.000000
vt 1.000000 0.000000
vt 1.000000 1.000000
f 712/712 713/713 714/714
v 0.731931 0.180000 0.748902
v 0.728416 0.180000 0.740416
v 0.728416 0.199200 0.740416
v 0.731931 0.199200 0.748902
vt 0.625000 0.000000
vt 0.750000 0.000000
vt 0.750000 1.000000
vt 0.625000 1.000000
f 715/715 716/716 717/717 718/718
v 0.740416 0.180000 0.740416
v 0.728416 0.180000 0.740416
v 0.731931 0.180000 0.748902
vt 0.000000 0.000000
vt 1.000000 0.000000
vt 1.000000 1.000000
f 719/719 720/720 721/721
v 0.740416 0.199200 0.740416
v 0.731931 0.199200 0.748902
v 0.728416 0.199200 0.740416
vt 0.000000 0.000000
vt 1.000000 0.000000
vt 1.000000 1.000000
f 722/722 723/723 724/724
v 0.728416 0.180000 0.740416
v 0.731931 0.180000 0.731931
v 0.731931 0.199200 0.731931
v 0.728416 0.199200 0.740416
vt 0.750000 0.000000
vt 0.875000 0.000000
vt 0.875000 1.000000
vt 0.750000 1.000000
f 725/725 726/726 727/727 728/728
v 0.740416 0.180000 0.740416
v 0.731931 0.180000 0.731931
v 0.728416 0.180000 0.740416
vt 0.000000 0.000000
vt 1.000000 0.000000
vt 1.000000 1.000000
f 729/729 730/730 731/731
v 0.740416 0.199200 0.740416
v 0.728416 0.199200 0.740416
v 0.731931 0.199200 0.731931
vt 0.000000 0.000000
vt 1.000000 0.000000
vt 1.000000 1.000000
f 732/732 733/733 734/734
v 0.731931 0.180000 0.731931
v 0.740416 0.180000 0.728416
v 0.740416 0.199200 0.728416
v 0.731931 0.199200 0.731931
vt 0.875000 0.000000
vt 1.000000 0.000000
vt 1.000000 1.000000
vt 0.875000 1.000000
f 735/735 736/736 737/737 738/738
v 0.740416 0.180000 0.740416
v 0.740416 0.180000 0.728416
v 0.731931 0.180000 0.731931
vt 0.000000 0.000000
vt 1.000000 0.000000
vt 1.000000 1.000000
f 739/739 740/740 741/741
v 0.740416 0.199200 0.740416
v 0.731931 0.199200 0.731931
v 0.740416 0.199200 0.728416
vt 0.000000 0.000000
vt 1.000000 0.000000
vt 1.000000 1.000000
f 742/742 743/743 744/744
v 0.500000 0.180000 0.828000
v 0.508485 0.180000 0.831515
v 0.508485 0.199200 0.831515
v 0.500000 0.199200 0.828000
vt 0.000000 0.000000
vt 0.125000 0.000000
vt 0.125000 1.000000
vt 0.000000 1.000000
f 745/745 746/746 747/747 748/748
v 0.500000 0.180000 0.840000
v 0.508485 0.180000 0.831515
v 0.500000 0.180000 0.828000
vt 0.000000 0.000000
vt 1.000000 0.000000
vt 1.000000 1.000000
f 749/749 750/750 751/751
v 0.500000 0.199200 0.840000
v 0.500000 0.199200 0.828000
v 0.508485 0.199200 0.831515
vt 0.000000 0.000000
vt 1.000000 0.000000
vt 1.000000 1.000000
f 752/752 753/753 754/754
v 0.508485 0.180000 0.831515
v 0.512000 0.180000 0.840000
v 0.512000 0.199200 0.840000
v 0.508485 0.199200 0.831515
vt 0.125000 0.000000
vt 0.250000 0.000000
vt 0.250000 1.000000
vt 0.125000 1.000000
f 755/755 756/756 757/757 758/758
v 0.500000 0.180000 0.840000
v 0.512000 0.180000 0.840000
v 0.508485 0.180000 0.831515
vt 0.000000 0.000000
vt 1.000000 0.000000
vt 1.000000 1.000000
f 759/759 760/760 761/761
v 0.500000 0.199200 0.840000
v 0.508485 0.199200 0.831515
v 0.512000 0.199200 0.840000
vt 0.000000 0.000000
vt 1.000000 0.000000
vt 1.000000 1.000000
f 762/762 763/763 764/764
v 0.512000 0.180000 0.840000
v 0.508485 0.180000 0.848485
v 0.508485 0.199200 0.848485
v 0.512000 0.199200 0.840000
vt 0.250000 0.000000
vt 0.375000 0.000000
vt 0.375000 1.000000
vt 0.250000 1.000000
f 765/765 766/766 767/767 768/768
v 0.500000 0.180000 0.840000
v 0.508485 0.180000 0.848485
v 0.512000 0.180000 0.840000
vt 0.000000 0.000000
vt 1.000000 0.000000
vt 1.000000 1.000000
f 769/769 770/770 771/771
v 0.500000 0.199200 0.840000
v 0.512000 0.199200 0.840000
v 0.508485 0.199200 0.848485
vt 0.000000 0.000000
vt 1.000000 0.000000
vt 1.000000 1.000000
f 772/772 773/773 774/774
v 0.508485 0.180000 0.848485
v 0.500000 0.180000 0.852000
v 0.500000 0.199200 0.852000
v 0.508485 0.199200 0.848485
vt 0.375000 0.000000
vt 0.500000 0.000000
vt 0.500000 1.000000
vt 0.375000 1.000000
f 775/775 776/776 777/777 778/778
v 0.500000 0.180000 0.840000
v 0.500000 0.180000 0.852000
v 0.508485 0.180000 0.848485
vt 0.000000 0.000000
vt 1.000000 0.000000
vt 1.000000 1.000000
f 779/779 780/780 781/781
v 0.500000 0.199200 0.840000
v 0.508485 0.199200 0.848485
v 0.500000 0.199200 0.852000
vt 0.000000 0.000000
vt 1.000000 0.000000
vt 1.000000 1.000000
f 782/782 783/783 784/784
v 0.500000 0.180000 0.852000
v 0.491515 0.180000 0.848485
v 0.491515 0.199200 0.848485
v 0.500000 0.199200 0.852000
vt 0.500000 0.000000
vt 0.625000 0.000000
vt 0.625000 1.000000
vt 0.500000 1.000000
f 785/785 786/786 787/787 788/788
v 0.500000 0.180000 0.840000
v 0.491515 0.180000 0.848485
v 0.500000 0.180000 0.852000
vt 0.000000 0.000000
vt 1.000000 0.000000
vt 1.000000 1.000000
f 789/789 790/790 791/791
v 0.500000 0.199200 0.840000
v 0.500000 0.199200 0.852000
v 0.491515 0.199200 0.848485
vt 0.000000 0.000000
vt 1.000000 0.000000
vt 1.000000 1.000000
f 792/792 793/793 794/794
v 0.491515 0.180000 0.848485
v 0.488000 0.180000 0.840000
v 0.488000 0.199200 0.840000
v 0.491515 0.199200 0.848485
vt 0.625000 0.000000
vt 0.750000 0.000000
vt 0.750000 1.000000
vt 0.625000 1.000000
f 795/795 796/796 797/797 798/798
v 0.500000 0.180000 0.840000
v 0.488000 0.180000 0.840000
v 0.491515 0.180000 0.848485
vt 0.000000 0.000000
vt 1.000000 0.000000
vt 1.000000 1.000000
f 799/799 800/800 801/801
v 0.500000 0.199200 0.840000
v 0.491515 0.199200 0.848485
v 0.488000 0.199200 0.840000
vt 0.000000 0.000000
vt 1.000000 0.000000
vt 1.000000 1.000000
f 802/802 803/803 804/804
v 0.488000 0.180000 0.840000
v 0.491515 0.180000 0.831515
v 0.491515 0.199200 0.831515
v 0.488000 0.199200 0.840000
vt 0.750000 0.000000
vt 0.875000 0.000000
vt 0.875000 1.000000
vt 0.750000 1.000000
f 805/805 806/806 807/807 808/808
v 0.500000 0.180000 0.840000
v 0.491515 0.180000 0.831515
v 0.488000 0.180000 0.840000
vt 0.000000 0.000000
vt 1.000000 0.000000
vt 1.000000 1.000000
f 809/809 810/810 811/811
v 0.500000 0.199200 0.840000
v 0.488000 0.199200 0.840000
v 0.491515 0.199200 0.831515
vt 0.000000 0.000000
vt 1.000000 0.000000
vt 1.000000 1.000000
f 812/812 813/813 814/814
v 0.491515 0.180000 0.831515
v 0.500000 0.180000 0.828000
v 0.500000 0.199200 0.828000
v 0.491515 0.199200 0.831515
vt 0.875000 0.000000
vt 1.000000 0.000000
vt 1.000000 1.000000
vt 0.875000 1.000000
f 815/815 816/816 817/817 818/818
v 0.500000 0.180000 0.840000
v 0.500000 0.180000 0.828000
v 0.491515 0.180000 0.831515
vt 0.000000 0.000000
vt 1.000000 0.000000
vt 1.000000 1.000000
f 819/819 820/820 821/821
v 0.500000 0.199200 0.840000
v 0.491515 0.199200 0.831515
v 0.500000 0.199200 0.828000
vt 0.000000 0.000000
vt 1.000000 0.000000
vt 1.000000 1.000000
f 822/822 823/823 824/824
v 0.259584 0.180000 0.728416
v 0.268069 0.180000 0.731931
v 0.268069 0.199200 0.731931
v 0.259584 0.199200 0.728416
vt 0.000000 0.000000
vt 0.125000 0.000000
vt 0.125000 1.000000
vt 0.000000 1.000000
f 825/825 826/826 827/827 828/828
v 0.259584 0.180000 0.740416
v 0.268069 0.180000 0.731931
v 0.259584 0.180000 0.728416
vt 0.000000 0.000000
vt 1.000000 0.000000
vt 1.000000 1.000000
f 829/829 830/830 831/831
v 0.259584 0.199200 0.740416
v 0.259584 0.199200 0.728416
v 0.268069 0.199200 0.731931
vt 0.000000 0.000000
vt 1.000000 0.000000
vt 1.000000 1.000000
f 832/832 833/833 834/834
v 0.268069 0.180000 0.731931
v 0.271584 0.180000 0.740416
v 0.271584 0.199200 0.740416
v 0.268069 0.199200 0.731931
vt 0.125000 0.000000
vt 0.250000 0.000000
vt 0.250000 1.000000
vt 0.125000 1.000000
f 835/835 836/836 837/837 838/838
v 0.259584 0.180000 0.740416
v 0.271584 0.180000 0.740416
v 0.268069 0.180000 0.731931
vt 0.000000 0.000000
vt 1.000000 0.000000
vt 1.000000 1.000000
f 839/839 840/840 841/841
v 0.259584 0.199200 0.740416
v 0.268069 0.199200 0.731931
v 0.271584 0.199200 0.740416
vt 0.000000 0.000000
vt 1.000000 0.000000
vt 1.000000 1.000000
f 842/842 843/843 844/844
v 0.271584 0.180000 0.740416
v 0.268069 0.180000 0.748902
v 0.268069 0.199200 0.748902
v 0.271584 0.199200 0.740416
vt 0.250000 0.000000
vt 0.375000 0.000000
vt 0.375000 1.000000
vt 0.250000 1.000000
f 845/845 846/846 847/847 848/848
v 0.259584 0.180000 0.740416
v 0.268069 0.180000 0.748902
v 0.271584 0.180000 0.740416
vt 0.000000 0.000000
vt 1.000000 0.000000
vt 1.000000 1.000000
f 849/849 850/850 851/851
v 0.259584 0.199200 0.740416
v 0.271584 0.199200 0.740416
v 0.268069 0.199200 0.748902
vt 0.000000 0.000000
vt 1.000000 0.000000
vt 1.000000 1.000000
f 852/852 853/853 854/854
v 0.268069 0.180000 0.748902
v 0.259584 0.180000 0.752416
v 0.259584 0.199200 0.752416
v 0.268069 0.199200 0.748902
vt 0.375000 0.000000
vt 0.500000 0.000000
vt 0.500000 1.000000
vt 0.375000 1.000000
f 855/855 856/856 857/857 858/858
v 0.259584 0.180000 0.740416
v 0.259584 0.180000 0.752416
v 0.268069 0.180000 0.748902
vt 0.000000 0.000000
vt 1.000000 0.000000
vt 1.000000 1.000000
f 859/859 860/860 861/861
v 0.259584 0.199200 0.740416
v 0.268069 0.199200 0.748902
v 0.259584 0.199200 0.752416
vt 0.000000 0.000000
vt 1.000000 0.000000
vt 1.000000 1.000000
f 862/862 863/863 864/864
v 0.259584 0.180000 0.752416
v 0.251098 0.180000 0.748902
v 0.251098 0.199200 0.748902
v 0.259584 0.199200 0.752416
vt 0.500000 0.000000
vt 0.625000 0.000000
vt 0.625000 1.000000
vt 0.500000 1.000000
f 865/865 866/866 867/867 868/868
v 0.259584 0.180000 0.740416
v 0.251098 0.180000 0.748902
v 0.259584 0.180000 0.752416
vt 0.000000 0.000000
vt 1.000000 0.000000
vt 1.000000 1.000000
f 869/869 870/870 871/871
v 0.259584 0.199200 0.740416
v 0.259584 0.199200 0.752416
v 0.251098 0.199200 0.748902
vt 0.000000 0.000000
vt 1.000000 0.000000
vt 1.000000 1.000000
f 872/872 873/873 874/874
v 0.251098 0.180000 0.748902
v 0.247584 0.180000 0.740416
v 0.247584 0.199200 0.740416
v 0.251098 0.199200 0.748902
vt 0.625000 0.000000
vt 0.750000 0.000000
vt 0.750000 1.000000
vt 0.625000 1.000000
f 875/875 876/876 877/877 878/878
v 0.259584 0.180000 0.740416
v 0.247584 0.180000 0.740416
v 0.251098 0.180000 0.748902
vt 0.000000 0.000000
vt 1.000000 0.000000
vt 1.000000 1.000000
f 879/879 880/880 881/881
v 0.259584 0.199200 0.740416
v 0.251098 0.199200 0.748902
v 0.247584 0.199200 0.740416
vt 0.000000 0.000000
vt 1.000000 0.000000
vt 1.000000 1.000000
f 882/882 883/883 884/884
v 0.247584 0.180000 0.740416
v 0.251098 0.180000 0.731931
v 0.251098 0.199200 0.731931
v 0.247584 0.199200 0.740416
vt 0.750000 0.000000
vt 0.875000 0.000000
vt 0.875000 1.000000
vt 0.750000 1.000000
f 885/885 886/886 887/887 888/888
v 0.259584 0.180000 0.740416
v 0.251098 0.180000 0.731931
v 0.247584 0.180000 0.740416
vt 0.000000 0.000000
vt 1.000000 0.000000
vt 1.000000 1.000000
f 889/889 890/890 891/891
v 0.259584 0.199200 0.740416
v 0.247584 0.199200 0.740416
v 0.251098 0.199200 0.731931
vt 0.000000 0.000000
vt 1.000000 0.000000
vt 1.000000 1.000000
f 892/892 893/893 894/894
v 0.251098 0.180000 0.731931
v 0.259584 0.180000 0.728416
v 0.259584 0.199200 0.728416
v 0.251098 0.199200 0.731931
vt 0.875000 0.000000
vt 1.000000 0.000000
vt 1.000000 1.000000
vt 0.875000 1.000000
f 895/895 896/896 897/897 898/898
v 0.259584 0.180000 0.740416
v 0.259584 0.180000 0.728416
v 0.251098 0.180000 0.731931
vt 0.000000 0.000000
vt 1.000000 0.000000
vt 1.000000 1.000000
f 899/899 900/900 901/901
v 0.259584 0.199200 0.740416
v 0.251098 0.199200 0.731931
v 0.259584 0.199200 0.728416
vt 0.000000 0.000000
vt 1.000000 0.000000
vt 1.000000 1.000000
f 902/902 903/903 904/904
v 0.160000 0.180000 0.488000
v 0.168485 0.180000 0.491515
v 0.168485 0.199200 0.491515
v 0.160000 0.199200 0.488000
vt 0.000000 0.000000
vt 0.125000 0.000000
vt 0.125000 1.000000
vt 0.000000 1.000000
f 905/905 906/906 907/907 908/908
v 0.160000 0.180000 0.500000
v 0.168485 0.180000 0.491515
v 0.160000 0.180000 0.488000
vt 0.000000 0.000000
vt 1.000000 0.000000
vt 1.000000 1.000000
f 909/909 910/910 911/911
v 0.160000 0.199200 0.500000
v 0.160000 0.199200 0.488000
v 0.168485 0.199200 0.491515
vt 0.000000 0.000000
vt 1.000000 0.000000
vt 1.000000 1.000000
f 912/912 913/913 914/914
v 0.168485 0.180000 0.491515
v 0.172000 0.180000 0.500000
v 0.172000 0.199200 0.500000
v 0.168485 0.199200 0.491515
vt 0.125000 0.000000
vt 0.250000 0.000000
vt 0.250000 1.000000
vt 0.125000 1.000000
f 915/915 916/916 917/917 918/918
v 0.160000 0.180000 0.500000
v 0.172000 0.180000 0.500000
v 0.168485 0.180000 0.491515
vt 0.000000 0.000000
vt 1.000000 0.000000
vt 1.000000 1.000000
f 919/919 920/920 921/921
v 0.160000 0.199200 0.500000
v 0.168485 0.199200 0.491515
v 0.172000 0.199200 0.500000
vt 0.000000 0.000000
vt 1.000000 0.000000
vt 1.000000 1.000000
f 922/922 923/923 924/924
v 0.172000 0.180000 0.500000
v 0.168485 0.180000 0.508485
v 0.168485 0.199200 0.508485
v 0.172000 0.199200 0.500000
vt 0.250000 0.000000
vt 0.375000 0.000000
vt 0.375000 1.000000
vt 0.250000 1.000000
f 925/925 926/926 927/927 928/928
v 0.160000 0.180000 0.500000
v 0.168485 0.180000 0.508485
v 0.172000 0.180000 0.500000
vt 0.000000 0.000000
vt 1.000000 0.000000
vt 1.000000 1.000000
f 929/929 930/930 931/931
v 0.160000 0.199200 0.500000
v 0.172000 0.199200 0.500000
v 0.168485 0.199200 0.508485
vt 0.000000 0.000000
vt 1.000000 0.000000
vt 1.000000 1.000000
f 932/932 933/933 934/934
v 0.168485 0.180000 0.508485
v 0.160000 0.180000 0.512000
v 0.160000 0.199200 0.512000
v 0.168485 0.199200 0.508485
vt 0.375000 0.000000
vt 0.500000 0.000000
vt 0.500000 1.000000
vt 0.375000 1.000000
f 935/935 936/936 937/937 938/938
v 0.160000 0.180000 0.500000
v 0.160000 0.180000 0.512000
v 0.168485 0.180000 0.508485
vt 0.000000 0.000000
vt 1.000000 0.000000
vt 1.000000 1.000000
f 939/939 940/940 941/941
v 0.160000 0.199200 0.500000
v 0.168485 0.199200 0.508485
v 0.160000 0.199200 0.512000
vt 0.000000 0.000000
vt 1.000000 0.000000
vt 1.000000 1.000000
f 942/942 943/943 944/944
v 0.160000 0.180000 0.512000
v 0.151515 0.180000 0.508485
v 0.151515 0.199200 0.508485
v 0.160000 0.199200 0.512000
vt 0.500000 0.000000
vt 0.625000 0.000000
vt 0.625000 1.000000
vt 0.500000 1.000000
f 945/945 946/946 947/947 948/948
v 0.160000 0.180000 0.500000
v 0.151515 0.180000 0.508485
v 0.160000 0.180000 0.512000
vt 0.000000 0.000000
vt 1.000000 0.000000
vt 1.000000 1.000000
f 949/949 950/950 951/951
v 0.160000 0.199200 0.500000
v 0.160000 0.199200 0.512000
v 0.151515 0.199200 0.508485
vt 0.000000 0.000000
vt 1.000000 0.000000
vt 1.000000 1.000000
f 952/952 953/953 954/954
v 0.151515 0.180000 0.508485
v 0.148000 0.180000 0.500000
v 0.148000 0.199200 0.500000
v 0.151515 0.199200 0.508485
vt 0.625000 0.000000
vt 0.750000 0.000000
vt 0.750000 1.000000
vt 0.625000 1.000000
f 955/955 956/956 957/957 958/958
v 0.160000 0.180000 0.500000
v 0.148000 0.180000 0.500000
v 0.151515 0.180000 0.508485
vt 0.000000 0.000000
vt 1.000000 0.000000
vt 1.000000 1.000000
f 959/959 960/960 961/961
v 0.160000 0.199200 0.500000
v 0.151515 0.199200 0.508485
v 0.148000 0.199200 0.500000
vt 0.000000 0.000000
vt 1.000000 0.000000
vt 1.000000 1.000000
f 962/962 963/963 964/964
v 0.148000 0.180000 0.500000
v 0.151515 0.180000 0.491515
v 0.151515 0.199200 0.491515
v 0.148000 0.199200 0.500000
vt 0.750000 0.000000
vt 0.875000 0.000000
vt 0.875000 1.000000
vt 0.750000 1.000000
f 965/965 966/966 967/967 968/968
v 0.160000 0.180000 0.500000
v 0.151515 0.180000 0.491515
v 0.148000 0.180000 0.500000
vt 0.000000 0.000000
vt 1.000000 0.000000
vt 1.000000 1.000000
f 969/969 970/970 971/971
v 0.160000 0.199200 0.500000
v 0.148000 0.199200 0.500000
v 0.151515 0.199200 0.491515
vt 0.000000 0.000000
vt 1.000000 0.000000
vt 1.000000 1.000000
f 972/972 973/973 974/974
v 0.151515 0.180000 0.491515
v 0.160000 0.180000 0.488000
v 0.160000 0.199200 0.488000
v 0.151515 0.199200 0.491515
vt 0.875000 0.000000
vt 1.000000 0.000000
vt 1.000000 1.000000
vt 0.875000 1.000000
f 975/975 976/976 977/977 978/978
v 0.160000 0.180000 0.500000
v 0.160000 0.180000 0.488000
v 0.151515 0.180000 0.491515
vt 0.000000 0.000000
vt 1.000000 0.000000
vt 1.000000 1.000000
f 979/979 980/980 981/981
v 0.160000 0.199200 0.500000
v 0.151515 0.199200 0.491515
v 0.160000 0.199200 0.488000
vt 0.000000 0.000000
vt 1.000000 0.000000
vt 1.000000 1.000000
f 982/982 983/983 984/984
v 0.259584 0.180000 0.247584
v 0.268069 0.180000 0.251098
v 0.268069 0.199200 0.251098
v 0.259584 0.199200 0.247584
vt 0.000000 0.000000
vt 0.125000 0.000000
vt 0.125000 1.000000
vt 0.000000 1.000000
f 985/985 986/986 987/987 988/988
v 0.259584 0.180000 0.259584
v 0.268069 0.180000 0.251098
v 0.259584 0.180000 0.247584
vt 0.000000 0.000000
vt 1.000000 0.000000
vt 1.000000 1.000000
f 989/989 990/990 991/991
v 0.259584 0.199200 0.259584
v 0.259584 0.199200 0.247584
v 0.268069 0.199200 0.251098
vt 0.000000 0.000000
vt 1.000000 0.000000
vt 1.000000 1.000000
f 992/992 993/993 994/994
v 0.268069 0.180000 0.251098
v 0.271584 0.180000 0.259584
v 0.271584 0.199200 0.259584
v 0.268069 0.199200 0.251098
vt 0.125000 0.000000
vt 0.250000 0.000000
vt 0.250000 1.000000
vt 0.125000 1.000000
f 995/995 996/996 997/997 998/998
v 0.259584 0.180000 0.259584
v 0.271584 0.180000 0.259584
v 0.268069 0.180000 0.251098
vt 0.000000 0.000000
vt 1.000000 0.000000
vt 1.000000 1.000000
f 999/999 1000/1000 1001/1001
v 0.259584 0.199200 0.259584
v 0.268069 0.199200 0.251098
v 0.271584 0.199200 0.259584
vt 0.000000 0.000000
vt 1.000000 0.000000
vt 1.000000 1.000000
f 1002/1002 1003/1003 1004/1004
v 0.271584 0.180000 0.259584
v 0.268069 0.180000 0.268069
v 0.268069 0.199200 0.268069
v 0.271584 0.199200 0.259584
vt 0.250000 0.000000
vt 0.375000 0.000000
vt 0.375000 1.000000
vt 0.250000 1.000000
f 1005/1005 1006/1006 1007/1007 1008/1008
v 0.259584 0.180000 0.259584
v 0.268069 0.180000 0.268069
v 0.271584 0.180000 0.259584
vt 0.000000 0.000000
vt 1.000000 0.000000
vt 1.000000 1.000000
f 1009/1009 1010/1010 1011/1011
v 0.259584 0.199200 0.259584
v 0.271584 0.199200 0.259584
v 0.268069 0.199200 0.268069
vt 0.000000 0.000000
vt 1.000000 0.000000
vt 1.000000 1.000000
f 1012/1012 1013/1013 1014/1014
v 0.268069 0.180000 0.268069
v 0.259584 0.180000 0.271584
v 0.259584 0.199200 0.271584
v 0.268069 0.199200 0.268069
vt 0.375000 0.000000
vt 0.500000 0.000000
vt 0.500000 1.000000
vt 0.375000 1.000000
f 1015/1015 1016/1016 1017/1017 1018/1018
v 0.259584 0.180000 0.259584
v 0.259584 0.180000 0.271584
v 0.268069 0.180000 0.268069
vt 0.000000 0.000000
vt 1.000000 0.000000
vt 1.000000 1.000000
f 1019/1019 1020/1020 1021/1021
v 0.259584 0.199200 0.259584
v 0.268069 0.199200 0.268069
v 0.259584 0.199200 0.271584
vt 0.000000 0.000000
vt 1.000000 0.000000
vt 1.000000 1.000000
f 1022/1022 1023/1023 1024/1024
v 0.259584 0.180000 0.271584
v 0.251098 0.180000 0.268069
v 0.251098 0.199200 0.268069
v 0.259584 0.199200 0.271584
vt 0.500000 0.000000
vt 0.625000 0.000000
vt 0.625000 1.000000
vt 0.500000 1.000000
f 1025/1025 1026/1026 1027/1027 1028/1028
v 0.259584 0.180000 0.259584
v 0.251098 0.180000 0.268069
v 0.259584 0.180000 0.271584
vt 0.000000 0.000000
vt 1.000000 0.000000
vt 1.000000 1.000000
f 1029/1029 1030/1030 1031/1031
v 0.259584 0.199200 0.259584
v 0.259584 0.199200 0.271584
v 0.251098 0.199200 0.268069
vt 0.000000 0.000000
vt 1.000000 0.000000
vt 1.000000 1.000000
f 1032/1032 1033/1033 1034/1034
v 0.251098 0.180000 0.268069
v 0.247584 0.180000 0.259584
v 0.247584 0.199200 0.259584
v 0.251098 0.199200 0.268069
vt 0.625000 0.000000
vt 0.750000 0.000000
vt 0.750000 1.000000
vt 0.625000 1.000000
f 1035/1035 1036/1036 1037/1037 1038/1038
v 0.259584 0.180000 0.259584
v 0.247584 0.180000 0.259584
v 0.251098 0.180000 0.268069
vt 0.000000 0.000000
vt 1.000000 0.000000
vt 1.000000 1.000000
f 1039/1039 1040/1040 1041/1041
v 0.259584 0.199200 0.259584
v 0.251098 0.199200 0.268069
v 0.247584 0.199200 0.259584
vt 0.000000 0.000000
vt 1.000000 0.000000
vt 1.000000 1.000000
f 1042/1042 1043/1043 1044/1044
v 0.247584 0.180000 0.259584
v 0.251098 0.180000 0.251098
v 0.251098 0.199200 0.251098
v 0.247584 0.199200 0.259584
vt 0.750000 0.000000
vt 0.875000 0.000000
vt 0.875000 1.000000
vt 0.750000 1.000000
f 1045/1045 1046/1046 1047/1047 1048/1048
v 0.259584 0.180000 0.259584
v 0.251098 0.180000 0.251098
v 0.247584 0.180000 0.259584
vt 0.000000 0.000000
vt 1.000000 0.000000
vt 1.000000 1.000000
f 1049/1049 1050/1050 1051/1051
v 0.259584 0.199200 0.259584
v 0.247584 0.199200 0.259584
v 0.251098 0.199200 0.251098
vt 0.000000 0.000000
vt 1.000000 0.000000
vt 1.000000 1.000000
f 1052/1052 1053/1053 1054/1054
v 0.251098 0.180000 0.251098
v 0.259584 0.180000 0.247584
v 0.259584 0.199200 0.247584
v 0.251098 0.199200 0.251098
vt 0.875000 0.000000
vt 1.000000 0.000000
vt 1.000000 1.000000
vt 0.875000 1.000000
f 1055/1055 1056/1056 1057/1057 1058/1058
v 0.259584 0.180000 0.259584
v 0.259584 0.180000 0.247584
v 0.251098 0.180000 0.251098
vt 0.000000 0.000000
vt 1.000000 0.000000
vt 1.000000 1.000000
f 1059/1059 1060/1060 1061/1061
v 0.259584 0.199200 0.259584
v 0.251098 0.199200 0.251098
v 0.259584 0.199200 0.247584
vt 0.000000 0.000000
vt 1.000000 0.000000
vt 1.000000 1.000000
f 1062/1062 1063/1063 1064/1064
usemtl dark
v 0.230000 1.380000 0.400000
v 0.234952 1.401694 0.400000
v 0.234952 1.401694 0.680000
v 0.230000 1.380000 0.680000
vt 0.000000 0.000000
vt 0.071429 0.000000
vt 0.071429 1.000000
vt 0.000000 1.000000
f 1065/1065 1066/1066 1067/1067 1068/1068
v 0.280000 1.380000 0.400000
v 0.234952 1.401694 0.400000
v 0.230000 1.380000 0.400000
vt 0.000000 0.000000
vt 1.000000 0.000000
vt 1.000000 1.000000
f 1069/1069 1070/1070 1071/1071
v 0.280000 1.380000 0.680000
v 0.230000 1.380000 0.680000
v 0.234952 1.401694 0.680000
vt 0.000000 0.000000
vt 1.000000 0.000000
vt 1.000000 1.000000
f 1072/1072 1073/1073 1074/1074
v 0.234952 1.401694 0.400000
v 0.248826 1.419092 0.400000
v 0.248826 1.419092 0.680000
v 0.234952 1.401694 0.680000
vt 0.071429 0.000000
vt 0.142857 0.000000
vt 0.142857 1.000000
vt 0.071429 1.000000
f 1075/1075 1076/1076 1077/1077 1078/1078
v 0.280000 1.380000 0.400000
v 0.248826 1.419092 0.400000
v 0.234952 1.401694 0.400000
vt 0.000000 0.000000
vt 1.000000 0.000000
vt 1.000000 1.000000
f 1079/1079 1080/1080 1081/1081
v 0.280000 1.380000 0.680000
v 0.234952 1.401694 0.680000
v 0.248826 1.419092 0.680000
vt 0.000000 0.000000
vt 1.000000 0.000000
vt 1.000000 1.000000
f 1082/1082 1083/1083 1084/1084
v 0.248826 1.419092 0.400000
v 0.268874 1.428746 0.400000
v 0.268874 1.428746 0.680000
v 0.248826 1.419092 0.680000
vt 0.142857 0.000000
vt 0.214286 0.000000
vt 0.214286 1.000000
vt 0.142857 1.000000
f 1085/1085 1086/1086 1087/1087 1088/1088
v 0.280000 1.380000 0.400000
v 0.268874 1.428746 0.400000
v 0.248826 1.419092 0.400000
vt 0.000000 0.000000
vt 1.000000 0.000000
vt 1.000000 1.000000
f 1089/1089 1090/1090 1091/1091
v 0.280000 1.380000 0.680000
v 0.248826 1.419092 0.680000
v 0.268874 1.428746 0.680000
vt 0.000000 0.000000
vt 1.000000 0.000000
vt 1.000000 1.000000
f 1092/1092 1093/1093 1094/1094
v 0.268874 1.428746 0.400000
v 0.291126 1.428746 0.400000
v 0.291126 1.428746 0.680000
v 0.268874 1.428746 0.680000
vt 0.214286 0.000000
vt 0.285714 0.000000
vt 0.285714 1.000000
vt 0.214286 1.000000
f 1095/1095 1096/1096 1097/1097 1098/1098
v 0.280000 1.380000 0.400000
v 0.291126 1.428746 0.400000
v 0.268874 1.428746 0.400000
vt 0.000000 0.000000
vt 1.000000 0.000000
vt 1.000000 1.000000
f 1099/1099 1100/1100 1101/1101
v 0.280000 1.380000 0.680000
v 0.268874 1.428746 0.680000
v 0.291126 1.428746 0.680000
vt 0.000000 0.000000
vt 1.000000 0.000000
vt 1.000000 1.000000
f 1102/1102 1103/1103 1104/1104
v 0.291126 1.428746 0.400000
v 0.311174 1.419092 0.400000
v 0.311174 1.419092 0.680000
v 0.291126 1.428746 0.680000
vt 0.285714 0.000000
vt 0.357143 0.000000
vt 0.357143 1.000000
vt 0.285714 1.000000
f 1105/1105 1106/1106 1107/1107 1108/1108
v 0.280000 1.380000 0.400000
v 0.311174 1.419092 0.400000
v 0.291126 1.428746 0.400000
vt 0.000000 0.000000
vt 1.000000 0.000000
vt 1.000000 1.000000
f 1109/1109 1110/1110 1111/1111
v 0.280000 1.380000 0.680000
v 0.291126 1.428746 0.680000
v 0.311174 1.419092 0.680000
vt 0.000000 0.000000
vt 1.000000 0.000000
vt 1.000000 1.000000
f 1112/1112 1113/1113 1114/1114
v 0.311174 1.419092 0.400000
v 0.325048 1.401694 0.400000
v 0.325048 1.401694 0.680000
v 0.311174 1.419092 0.680000
vt 0.357143 0.000000
vt 0.428571 0.000000
vt 0.428571 1.000000
vt 0.357143 1.000000
f 1115/1115 1116/1116 1117/1117 1118/1118
v 0.280000 1.380000 0.400000
v 0.325048 1.401694 0.400000
v 0.311174 1.419092 0.400000
vt 0.000000 0.000000
vt 1.000000 0.000000
vt 1.000000 1.000000
f 1119/1119 1120/1120 1121/1121
v 0.280000 1.380000 0.680000
v 0.311174 1.419092 0.680000
v 0.325048 1.401694 0.680000
vt 0.000000 0.000000
vt 1.000000 0.000000
vt 1.000000 1.000000
f 1122/1122 1123/1123 1124/1124
v 0.325048 1.401694 0.400000
v 0.330000 1.380000 0.400000
v 0.330000 1.380000 0.680000
v 0.325048 1.401694 0.680000
vt 0.428571 0.000000
vt 0.500000 0.000000
vt 0.500000 1.000000
vt 0.428571 1.000000
f 1125/1125 1126/1126 1127/1127 1128/1128
v 0.280000 1.380000 0.400000
v 0.330000 1.380000 0.400000
v 0.325048 1.401694 0.400000
vt 0.000000 0.000000
vt 1.000000 0.000000
vt 1.000000 1.000000
f 1129/1129 1130/1130 1131/1131
v 0.280000 1.380000 0.680000
v 0.325048 1.401694 0.680000
v 0.330000 1.380000 0.680000
vt 0.000000 0.000000
vt 1.000000 0.000000
vt 1.000000 1.000000
f 1132/1132 1133/1133 1134/1134
v 0.330000 1.380000 0.400000
v 0.325048 1.358306 0.400000
v 0.325048 1.358306 0.680000
v 0.330000 1.380000 0.680000
vt 0.500000 0.000000
vt 0.571429 0.000000
vt 0.571429 1.000000
vt 0.500000 1.000000
f 1135/1135 1136/1136 1137/1137 1138/1138
v 0.280000 1.380000 0.400000
v 0.325048 1.358306 0.400000
v 0.330000 1.380000 0.400000
vt 0.000000 0.000000
vt 1.000000 0.000000
vt 1.000000 1.000000
f 1139/1139 1140/1140 1141/1141
v 0.280000 1.380000 0.680000
v 0.330000 1.380000 0.680000
v 0.325048 1.358306 0.680000
vt 0.000000 0.000000
vt 1.000000 0.000000
vt 1.000000 1.000000
f 1142/1142 1143/1143 1144/1144
v 0.325048 1.358306 0.400000
v 0.311174 1.340908 0.400000
v 0.311174 1.340908 0.680000
v 0.325048 1.358306 0.680000
vt 0.571429 0.000000
vt 0.642857 0.000000
vt 0.642857 1.000000
vt 0.571429 1.000000
f 1145/1145 1146/1146 1147/1147 1148/1148
v 0.280000 1.380000 0.400000
v 0.311174 1.340908 0.400000
v 0.325048 1.358306 0.400000
vt 0.000000 0.000000
vt 1.000000 0.000000
vt 1.000000 1.000000
f 1149/1149 1150/1150 1151/1151
v 0.280000 1.380000 0.680000
v 0.325048 1.358306 0.680000
v 0.311174 1.340908 0.680000
vt 0.000000 0.000000
vt 1.000000 0.000000
vt 1.000000 1.000000
f 1152/1152 1153/1153 1154/1154
v 0.311174 1.340908 0.400000
v 0.291126 1.331254 0.400000
v 0.291126 1.331254 0.680000
v 0.311174 1.340908 0.680000
vt 0.642857 0.000000
vt 0.714286 0.000000
vt 0.714286 1.000000
vt 0.642857 1.000000
f 1155/1155 1156/1156 1157/1157 1158/1158
v 0.280000 1.380000 0.400000
v 0.291126 1.331254 0.400000
v 0.311174 1.340908 0.400000
vt 0.000000 0.000000
vt 1.000000 0.000000
vt 1.000000 1.000000
f 1159/1159 1160/1160 1161/1161
v 0.280000 1.380000 0.680000
v 0.311174 1.340908 0.680000
v 0.291126 1.331254 0.680000
vt 0.000000 0.000000
vt 1.000000 0.000000
vt 1.000000 1.000000
f 1162/1162 1163/1163 1164/1164
v 0.291126 1.331254 0.400000
v 0.268874 1.331254 0.400000
v 0.268874 1.331254 0.680000
v 0.291126 1.331254 0.680000
vt 0.714286 0.000000
vt 0.785714 0.000000
vt 0.785714 1.000000
vt 0.714286 1.000000
f 1165/1165 1166/1166 1167/1167 1168/1168
v 0.280000 1.380000 0.400000
v 0.268874 1.331254 0.400000
v 0.291126 1.331254 0.400000
vt 0.000000 0.000000
vt 1.000000 0.000000
vt 1.000000 1.000000
f 1169/1169 1170/1170 1171/1171
v 0.280000 1.380000 0.680000
v 0.291126 1.331254 0.680000
v 0.268874 1.331254 0.680000
vt 0.000000 0.000000
vt 1.000000 0.000000
vt 1.000000 1.000000
f 1172/1172 1173/1173 1174/1174
v 0.268874 1.331254 0.400000
v 0.248826 1.340908 0.400000
v 0.248826 1.340908 0.680000
v 0.268874 1.331254 0.680000
vt 0.785714 0.000000
vt 0.857143 0.000000
vt 0.857143 1.000000
vt 0.785714 1.000000
f 1175/1175 1176/1176 1177/1177 1178/1178
v 0.280000 1.380000 0.400000
v 0.248826 1.340908 0.400000
v 0.268874 1.331254 0.400000
vt 0.000000 0.000000
vt 1.000000 0.000000
vt 1.000000 1.000000
f 1179/1179 1180/1180 1181/1181
v 0.280000 1.380000 0.680000
v 0.268874 1.331254 0.680000
v 0.248826 1.340908 0.680000
vt 0.000000 0.000000
vt 1.000000 0.000000
vt 1.000000 1.000000
f 1182/1182 1183/1183 1184/1184
v 0.248826 1.340908 0.400000
v 0.234952 1.358306 0.400000
v 0.234952 1.358306 0.680000
v 0.248826 1.340908 0.680000
vt 0.857143 0.000000
vt 0.928571 0.000000
vt 0.928571 1.000000
vt 0.857143 1.000000
f 1185/1185 1186/1186 1187/1187 1188/1188
v 0.280000 1.380000 0.400000
v 0.234952 1.358306 0.400000
v 0.248826 1.340908 0.400000
vt 0.000000 0.000000
vt 1.000000 0.000000
vt 1.000000 1.000000
f 1189/1189 1190/1190 1191/1191
v 0.280000 1.380000 0.680000
v 0.248826 1.340908 0.680000
v 0.234952 1.358306 0.680000
vt 0.000000 0.000000
vt 1.000000 0.000000
vt 1.000000 1.000000
f 1192/1192 1193/1193 1194/1194
v 0.234952 1.358306 0.400000
v 0.230000 1.380000 0.400000
v 0.230000 1.380000 0.680000
v 0.234952 1.358306 0.680000
vt 0.928571 0.000000
vt 1.000000 0.000000
vt 1.000000 1.000000
vt 0.928571 1.000000
f 1195/1195 1196/1196 1197/1197 1198/1198
v 0.280000 1.380000 0.400000
v 0.230000 1.380000 0.400000
v 0.234952 1.358306 0.400000
vt 0.000000 0.000000
vt 1.000000 0.000000
vt 1.000000 1.000000
f 1199/1199 1200/1200 1201/1201
v 0.280000 1.380000 0.680000
v 0.234952 1.358306 0.680000
v 0.230000 1.380000 0.680000
vt 0.000000 0.000000
vt 1.000000 0.000000
vt 1.000000 1.000000
f 1202/1202 1203/1203 1204/1204
usemtl accent
v 0.190000 1.380000 0.660000
v 0.196851 1.414442 0.660000
v 0.132179 1.441229 1.120000
v 0.120000 1.380000 1.120000
vt 0.000000 0.000000
vt 0.062500 0.000000
vt 0.062500 1.000000
vt 0.000000 1.000000
f 1205/1205 1206/1206 1207/1207 1208/1208
v 0.280000 1.380000 0.660000
v 0.196851 1.414442 0.660000
v 0.190000 1.380000 0.660000
vt 0.000000 0.000000
vt 1.000000 0.000000
vt 1.000000 1.000000
f 1209/1209 1210/1210 1211/1211
v 0.280000 1.380000 1.120000
v 0.120000 1.380000 1.120000
v 0.132179 1.441229 1.120000
vt 0.000000 0.000000
vt 1.000000 0.000000
vt 1.000000 1.000000
f 1212/1212 1213/1213 1214/1214
v 0.196851 1.414442 0.660000
v 0.216360 1.443640 0.660000
v 0.166863 1.493137 1.120000
v 0.132179 1.441229 1.120000
vt 0.062500 0.000000
vt 0.125000 0.000000
vt 0.125000 1.000000
vt 0.062500 1.000000
f 1215/1215 1216/1216 1217/1217 1218/1218
v 0.280000 1.380000 0.660000
v 0.216360 1.443640 0.660000
v 0.196851 1.414442 0.660000
vt 0.000000 0.000000
vt 1.000000 0.000000
vt 1.000000 1.000000
f 1219/1219 1220/1220 1221/1221
v 0.280000 1.380000 1.120000
v 0.132179 1.441229 1.120000
v 0.166863 1.493137 1.120000
vt 0.000000 0.000000
vt 1.000000 0.000000
vt 1.000000 1.000000
f 1222/1222 1223/1223 1224/1224
v 0.216360 1.443640 0.660000
v 0.245558 1.463149 0.660000
v 0.218771 1.527821 1.120000
v 0.166863 1.493137 1.120000
vt 0.125000 0.000000
vt 0.187500 0.000000
vt 0.187500 1.000000
vt 0.125000 1.000000
f 1225/1225 1226/1226 1227/1227 1228/1228
v 0.280000 1.380000 0.660000
v 0.245558 1.463149 0.660000
v 0.216360 1.443640 0.660000
vt 0.000000 0.000000
vt 1.000000 0.000000
vt 1.000000 1.000000
f 1229/1229 1230/1230 1231/1231
v 0.280000 1.380000 1.120000
v 0.166863 1.493137 1.120000
v 0.218771 1.527821 1.120000
vt 0.000000 0.000000
vt 1.000000 0.000000
vt 1.000000 1.000000
f 1232/1232 1233/1233 1234/1234
v 0.245558 1.463149 0.660000
v 0.280000 1.470000 0.660000
v 0.280000 1.540000 1.120000
v 0.218771 1.527821 1.120000
vt 0.187500 0.000000
vt 0.250000 0.000000
vt 0.250000 1.000000
vt 0.187500 1.000000
f 1235/1235 1236/1236 1237/1237 1238/1238
v 0.280000 1.380000 0.660000
v 0.280000 1.470000 0.660000
v 0.245558 1.463149 0.660000
vt 0.000000 0.000000
vt 1.000000 0.000000
vt 1.000000 1.000000
f 1239/1239 1240/1240 1241/1241
v 0.280000 1.380000 1.120000
v 0.218771 1.527821 1.120000
v 0.280000 1.540000 1.120000
vt 0.000000 0.000000
vt 1.000000 0.000000
vt 1.000000 1.000000
f 1242/1242 1243/1243 1244/1244
v 0.280000 1.470000 0.660000
v 0.314442 1.463149 0.660000
v 0.341229 1.527821 1.120000
v 0.280000 1.540000 1.120000
vt 0.250000 0.000000
vt 0.312500 0.000000
vt 0.312500 1.000000
vt 0.250000 1.000000
f 1245/1245 1246/1246 1247/1247 1248/1248
v 0.280000 1.380000 0.660000
v 0.314442 1.463149 0.660000
v 0.280000 1.470000 0.660000
vt 0.000000 0.000000
vt 1.000000 0.000000
vt 1.000000 1.000000
f 1249/1249 1250/1250 1251/1251
v 0.280000 1.380000 1.120000
v 0.280000 1.540000 1.120000
v 0.341229 1.527821 1.120000
vt 0.000000 0.000000
vt 1.000000 0.000000
vt 1.000000 1.000000
f 1252/1252 1253/1253 1254/1254
v 0.314442 1.463149 0.660000
v 0.343640 1.443640 0.660000
v 0.393137 1.493137 1.120000
v 0.341229 1.527821 1.120000
vt 0.312500 0.000000
vt 0.375000 0.000000
vt 0.375000 1.000000
vt 0.312500 1.000000
f 1255/1255 1256/1256 1257/1257 1258/1258
v 0.280000 1.380000 0.660000
v 0.343640 1.443640 0.660000
v 0.314442 1.463149 0.660000
vt 0.000000 0.000000
vt 1.000000 0.000000
vt 1.000000 1.000000
f 1259/1259 1260/1260 1261/1261
v 0.280000 1.380000 1.120000
v 0.341229 1.527821 1.120000
v 0.393137 1.493137 1.120000
vt 0.000000 0.000000
vt 1.000000 0.000000
vt 1.000000 1.000000
f 1262/1262 1263/1263 1264/1264
v 0.343640 1.443640 0.660000
v 0.363149 1.414442 0.660000
v 0.427821 1.441229 1.120000
v 0.393137 1.493137 1.120000
vt 0.375000 0.000000
vt 0.437500 0.000000
vt 0.437500 1.000000
vt 0.375000 1.000000
f 1265/1265 1266/1266 1267/1267 1268/1268
v 0.280000 1.380000 0.660000
v 0.363149 1.414442 0.660000
v 0.343640 1.443640 0.660000
vt 0.000000 0.000000
vt 1.000000 0.000000
vt 1.000000 1.000000
f 1269/1269 1270/1270 1271/1271
v 0.280000 1.380000 1.120000
v 0.393137 1.493137 1.120000
v 0.427821 1.441229 1.120000
vt 0.000000 0.000000
vt 1.000000 0.000000
vt 1.000000 1.000000
f 1272/1272 1273/1273 1274/1274
v 0.363149 1.414442 0.660000
v 0.370000 1.380000 0.660000
v 0.440000 1.380000 1.120000
v 0.427821 1.441229 1.120000
vt 0.437500 0.000000
vt 0.500000 0.000000
vt 0.500000 1.000000
vt 0.437500 1.000000
f 1275/1275 1276/1276 1277/1277 1278/1278
v 0.280000 1.380000 0.660000
v 0.370000 1.380000 0.660000
v 0.363149 1.414442 0.660000
vt 0.000000 0.000000
vt 1.000000 0.000000
vt 1.000000 1.000000
f 1279/1279 1280/1280 1281/1281
v 0.280000 1.380000 1.120000
v 0.427821 1.441229 1.120000
v 0.440000 1.380000 1.120000
vt 0.000000 0.000000
vt 1.000000 0.000000
vt 1.000000 1.000000
f 1282/1282 1283/1283 1284/1284
v 0.370000 1.380000 0.660000
v 0.363149 1.345558 0.660000
v 0.427821 1.318771 1.120000
v 0.440000 1.380000 1.120000
vt 0.500000 0.000000
vt 0.562500 0.000000
vt 0.562500 1.000000
vt 0.500000 1.000000
f 1285/1285 1286/1286 1287/1287 1288/1288
v 0.280000 1.380000 0.660000
v 0.363149 1.345558 0.660000
v 0.370000 1.380000 0.660000
vt 0.000000 0.000000
vt 1.000000 0.000000
vt 1.000000 1.000000
f 1289/1289 1290/1290 1291/1291
v 0.280000 1.380000 1.120000
v 0.440000 1.380000 1.120000
v 0.427821 1.318771 1.120000
vt 0.000000 0.000000
vt 1.000000 0.000000
vt 1.000000 1.000000
f 1292/1292 1293/1293 1294/1294
v 0.363149 1.345558 0.660000
v 0.343640 1.316360 0.660000
v 0.393137 1.266863 1.120000
v 0.427821 1.318771 1.120000
vt 0.562500 0.000000
vt 0.625000 0.000000
vt 0.625000 1.000000
vt 0.562500 1.000000
f 1295/1295 1296/1296 1297/1297 1298/1298
v 0.280000 1.380000 0.660000
v 0.343640 1.316360 0.660000
v 0.363149 1.345558 0.660000
vt 0.000000 0.000000
vt 1.000000 0.000000
vt 1.000000 1.000000
f 1299/1299 1300/1300 1301/1301
v 0.280000 1.380000 1.120000
v 0.427821 1.318771 1.120000
v 0.393137 1.266863 1.120000
vt 0.000000 0.000000
vt 1.000000 0.000000
vt 1.000000 1.000000
f 1302/1302 1303/1303 1304/1304
v 0.343640 1.316360 0.660000
v 0.314442 1.296851 0.660000
v 0.341229 1.232179 1.120000
v 0.393137 1.266863 1.120000
vt 0.625000 0.000000
vt 0.687500 0.000000
vt 0.687500 1.000000
vt 0.625000 1.000000
f 1305/1305 1306/1306 1307/1307 1308/1308
v 0.280000 1.380000 0.660000
v 0.314442 1.296851 0.660000
v 0.343640 1.316360 0.660000
vt 0.000000 0.000000
vt 1.000000 0.000000
vt 1.000000 1.000000
f 1309/1309 1310/1310 1311/1311
v 0.280000 1.380000 1.120000
v 0.393137 1.266863 1.120000
v 0.341229 1.232179 1.120000
vt 0.000000 0.000000
vt 1.000000 0.000000
vt 1.000000 1.000000
f 1312/1312 1313/1313 1314/1314
v 0.314442 1.296851 0.660000
v 0.280000 1.290000 0.660000
v 0.280000 1.220000 1.120000
v 0.341229 1.232179 1.120000
vt 0.687500 0.000000
vt 0.750000 0.000000
vt 0.750000 1.000000
vt 0.687500 1.000000
f 1315/1315 1316/1316 1317/1317 1318/1318
v 0.280000 1.380000 0.660000
v 0.280000 1.290000 0.660000
v 0.314442 1.296851 0.660000
vt 0.000000 0.000000
vt 1.000000 0.000000
vt 1.000000 1.000000
f 1319/1319 1320/1320 1321/1321
v 0.280000 1.380000 1.120000
v 0.341229 1.232179 1.120000
v 0.280000 1.220000 1.120000
vt 0.000000 0.000000
vt 1.000000 0.000000
vt 1.000000 1.000000
f 1322/1322 1323/1323 1324/1324
v 0.280000 1.290000 0.660000
v 0.245558 1.296851 0.660000
v 0.218771 1.232179 1.120000
v 0.280000 1.220000 1.120000
vt 0.750000 0.000000
vt 0.812500 0.000000
vt 0.812500 1.000000
vt 0.750000 1.000000
f 1325/1325 1326/1326 1327/1327 1328/1328
v 0.280000 1.380000 0.660000
v 0.245558 1.296851 0.660000
v 0.280000 1.290000 0.660000
vt 0.000000 0.000000
vt 1.000000 0.000000
vt 1.000000 1.000000
f 1329/1329 1330/1330 1331/1331
v 0.280000 1.380000 1.120000
v 0.280000 1.220000 1.120000
v 0.218771 1.232179 1.120000
vt 0.000000 0.000000
vt 1.000000 0.000000
vt 1.000000 1.000000
f 1332/1332 1333/1333 1334/1334
v 0.245558 1.296851 0.660000
v 0.216360 1.316360 0.660000
v 0.166863 1.266863 1.120000
v 0.218771 1.232179 1.120000
vt 0.812500 0.000000
vt 0.875000 0.000000
vt 0.875000 1.000000
vt 0.812500 1.000000
f 1335/1335 1336/1336 1337/1337 1338/1338
v 0.280000 1.380000 0.660000
v 0.216360 1.316360 0.660000
v 0.245558 1.296851 0.660000
vt 0.000000 0.000000
vt 1.000000 0.000000
vt 1.000000 1.000000
f 1339/1339 1340/1340 1341/1341
v 0.280000 1.380000 1.120000
v 0.218771 1.232179 1.120000
v 0.166863 1.266863 1.120000
vt 0.000000 0.000000
vt 1.000000 0.000000
vt 1.000000 1.000000
f 1342/1342 1343/1343 1344/1344
v 0.216360 1.316360 0.660000
v 0.196851 1.345558 0.660000
v 0.132179 1.318771 1.120000
v 0.166863 1.266863 1.120000
vt 0.875000 0.000000
vt 0.937500 0.000000
vt 0.937500 1.000000
vt 0.875000 1.000000
f 1345/1345 1346/1346 1347/1347 1348/1348
v 0.280000 1.380000 0.660000
v 0.196851 1.345558 0.660000
v 0.216360 1.316360 0.660000
vt 0.000000 0.000000
vt 1.000000 0.000000
vt 1.000000 1.000000
f 1349/1349 1350/1350 1351/1351
v 0.280000 1.380000 1.120000
v 0.166863 1.266863 1.120000
v 0.132179 1.318771 1.120000
vt 0.000000 0.000000
vt 1.000000 0.000000
vt 1.000000 1.000000
f 1352/1352 1353/1353 1354/1354
v 0.196851 1.345558 0.660000
v 0.190000 1.380000 0.660000
v 0.120000 1.380000 1.120000
v 0.132179 1.318771 1.120000
vt 0.937500 0.000000
vt 1.000000 0.000000
vt 1.000000 1.000000
vt 0.937500 1.000000
f 1355/1355 1356/1356 1357/1357 1358/1358
v 0.280000 1.380000 0.660000
v 0.190000 1.380000 0.660000
v 0.196851 1.345558 0.660000
vt 0.000000 0.000000
vt 1.000000 0.000000
vt 1.000000 1.000000
f 1359/1359 1360/1360 1361/1361
v 0.280000 1.380000 1.120000
v 0.132179 1.318771 1.120000
v 0.120000 1.380000 1.120000
vt 0.000000 0.000000
vt 1.000000 0.000000
vt 1.000000 1.000000
f 1362/1362 1363/1363 1364/1364
usemtl yellow
v 0.110000 1.380000 1.100000
v 0.122940 1.445056 1.100000
v 0.122940 1.445056 1.220000
v 0.110000 1.380000 1.220000
vt 0.000000 0.000000
vt 0.062500 0.000000
vt 0.062500 1.000000
vt 0.000000 1.000000
f 1365/1365 1366/1366 1367/1367 1368/1368
v 0.280000 1.380000 1.100000
v 0.122940 1.445056 1.100000
v 0.110000 1.380000 1.100000
vt 0.000000 0.000000
vt 1.000000 0.000000
vt 1.000000 1.000000
f 1369/1369 1370/1370 1371/1371
v 0.280000 1.380000 1.220000
v 0.110000 1.380000 1.220000
v 0.122940 1.445056 1.220000
vt 0.000000 0.000000
vt 1.000000 0.000000
vt 1.000000 1.000000
f 1372/1372 1373/1373 1374/1374
v 0.122940 1.445056 1.100000
v 0.159792 1.500208 1.100000
v 0.159792 1.500208 1.220000
v 0.122940 1.445056 1.220000
vt 0.062500 0.000000
vt 0.125000 0.000000
vt 0.125000 1.000000
vt 0.062500 1.000000
f 1375/1375 1376/1376 1377/1377 1378/1378
v 0.280000 1.380000 1.100000
v 0.159792 1.500208 1.100000
v 0.122940 1.445056 1.100000
vt 0.000000 0.000000
vt 1.000000 0.000000
vt 1.000000 1.000000
f 1379/1379 1380/1380 1381/1381
v 0.280000 1.380000 1.220000
v 0.122940 1.445056 1.220000
v 0.159792 1.500208 1.220000
vt 0.000000 0.000000
vt 1.000000 0.000000
vt 1.000000 1.000000
f 1382/1382 1383/1383 1384/1384
v 0.159792 1.500208 1.100000
v 0.214944 1.537060 1.100000
v 0.214944 1.537060 1.220000
v 0.159792 1.500208 1.220000
vt 0.125000 0.000000
vt 0.187500 0.000000
vt 0.187500 1.000000
vt 0.125000 1.000000
f 1385/1385 1386/1386 1387/1387 1388/1388
v 0.280000 1.380000 1.100000
v 0.214944 1.537060 1.100000
v 0.159792 1.500208 1.100000
vt 0.000000 0.000000
vt 1.000000 0.000000
vt 1.000000 1.000000
f 1389/1389 1390/1390 1391/1391
v 0.280000 1.380000 1.220000
v 0.159792 1.500208 1.220000
v 0.214944 1.537060 1.220000
vt 0.000000 0.000000
vt 1.000000 0.000000
vt 1.000000 1.000000
f 1392/1392 1393/1393 1394/1394
v 0.214944 1.537060 1.100000
v 0.280000 1.550000 1.100000
v 0.280000 1.550000 1.220000
v 0.214944 1.537060 1.220000
vt 0.187500 0.000000
vt 0.250000 0.000000
vt 0.250000 1.000000
vt 0.187500 1.000000
f 1395/1395 1396/1396 1397/1397 1398/1398
v 0.280000 1.380000 1.100000
v 0.280000 1.550000 1.100000
v 0.214944 1.537060 1.100000
vt 0.000000 0.000000
vt 1.000000 0.000000
vt 1.000000 1.000000
f 1399/1399 1400/1400 1401/1401
v 0.280000 1.380000 1.220000
v 0.214944 1.537060 1.220000
v 0.280000 1.550000 1.220000
vt 0.000000 0.000000
vt 1.000000 0.000000
vt 1.000000 1.000000
f 1402/1402 1403/1403 1404/1404
v 0.280000 1.550000 1.100000
v 0.345056 1.537060 1.100000
v 0.345056 1.537060 1.220000
v 0.280000 1.550000 1.220000
vt 0.250000 0.000000
vt 0.312500 0.000000
vt 0.312500 1.000000
vt 0.250000 1.000000
f 1405/1405 1406/1406 1407/1407 1408/1408
v 0.280000 1.380000 1.100000
v 0.345056 1.537060 1.100000
v 0.280000 1.550000 1.100000
vt 0.000000 0.000000
vt 1.000000 0.000000
vt 1.000000 1.000000
f 1409/1409 1410/1410 1411/1411
v 0.280000 1.380000 1.220000
v 0.280000 1.550000 1.220000
v 0.345056 1.537060 1.220000
vt 0.000000 0.000000
vt 1.000000 0.000000
vt 1.000000 1.000000
f 1412/1412 1413/1413 1414/1414
v 0.345056 1.537060 1.100000
v 0.400208 1.500208 1.100000
v 0.400208 1.500208 1.220000
v 0.345056 1.537060 1.220000
vt 0.312500 0.000000
vt 0.375000 0.000000
vt 0.375000 1.000000
vt 0.312500 1.000000
f 1415/1415 1416/1416 1417/1417 1418/1418
v 0.280000 1.380000 1.100000
v 0.400208 1.500208 1.100000
v 0.345056 1.537060 1.100000
vt 0.000000 0.000000
vt 1.000000 0.000000
vt 1.000000 1.000000
f 1419/1419 1420/1420 1421/1421
v 0.280000 1.380000 1.220000
v 0.345056 1.537060 1.220000
v 0.400208 1.500208 1.220000
vt 0.000000 0.000000
vt 1.000000 0.000000
vt 1.000000 1.000000
f 1422/1422 1423/1423 1424/1424
v 0.400208 1.500208 1.100000
v 0.437060 1.445056 1.100000
v 0.437060 1.445056 1.220000
v 0.400208 1.500208 1.220000
vt 0.375000 0.000000
vt 0.437500 0.000000
vt 0.437500 1.000000
vt 0.375000 1.000000
f 1425/1425 1426/1426 1427/1427 1428/1428
v 0.280000 1.380000 1.100000
v 0.437060 1.445056 1.100000
v 0.400208 1.500208 1.100000
vt 0.000000 0.000000
vt 1.000000 0.000000
vt 1.000000 1.000000
f 1429/1429 1430/1430 1431/1431
v 0.280000 1.380000 1.220000
v 0.400208 1.500208 1.220000
v 0.437060 1.445056 1.220000
vt 0.000000 0.000000
vt 1.000000 0.000000
vt 1.000000 1.000000
f 1432/1432 1433/1433 1434/1434
v 0.437060 1.445056 1.100000
v 0.450000 1.380000 1.100000
v 0.450000 1.380000 1.220000
v 0.437060 1.445056 1.220000
vt 0.437500 0.000000
vt 0.500000 0.000000
vt 0.500000 1.000000
vt 0.437500 1.000000
f 1435/1435 1436/1436 1437/1437 1438/1438
v 0.280000 1.380000 1.100000
v 0.450000 1.380000 1.100000
v 0.437060 1.445056 1.100000
vt 0.000000 0.000000
vt 1.000000 0.000000
vt 1.000000 1.000000
f 1439/1439 1440/1440 1441/1441
v 0.280000 1.380000 1.220000
v 0.437060 1.445056 1.220000
v 0.450000 1.380000 1.220000
vt 0.000000 0.000000
vt 1.000000 0.000000
vt 1.000000 1.000000
f 1442/1442 1443/1443 1444/1444
v 0.450000 1.380000 1.100000
v 0.437060 1.314944 1.100000
v 0.437060 1.314944 1.220000
v 0.450000 1.380000 1.220000
vt 0.500000 0.000000
vt 0.562500 0.000000
vt 0.562500 1.000000
vt 0.500000 1.000000
f 1445/1445 1446/1446 1447/1447 1448/1448
v 0.280000 1.380000 1.100000
v 0.437060 1.314944 1.100000
v 0.450000 1.380000 1.100000
vt 0.000000 0.000000
vt 1.000000 0.000000
vt 1.000000 1.000000
f 1449/1449 1450/1450 1451/1451
v 0.280000 1.380000 1.220000
v 0.450000 1.380000 1.220000
v 0.437060 1.314944 1.220000
vt 0.000000 0.000000
vt 1.000000 0.000000
vt 1.000000 1.000000
f 1452/1452 1453/1453 1454/1454
v 0.437060 1.314944 1.100000
v 0.400208 1.259792 1.100000
v 0.400208 1.259792 1.220000
v 0.437060 1.314944 1.220000
vt 0.562500 0.000000
vt 0.625000 0.000000
vt 0.625000 1.000000
vt 0.562500 1.000000
f 1455/1455 1456/1456 1457/1457 1458/1458
v 0.280000 1.380000 1.100000
v 0.400208 1.259792 1.100000
v 0.437060 1.314944 1.100000
vt 0.000000 0.000000
vt 1.000000 0.000000
vt 1.000000 1.000000
f 1459/1459 1460/1460 1461/1461
v 0.280000 1.380000 1.220000
v 0.437060 1.314944 1.220000
v 0.400208 1.259792 1.220000
vt 0.000000 0.000000
vt 1.000000 0.000000
vt 1.000000 1.000000
f 1462/1462 1463/1463 1464/1464
v 0.400208 1.259792 1.100000
v 0.345056 1.222940 1.100000
v 0.345056 1.222940 1.220000
v 0.400208 1.259792 1.220000
vt 0.625000 0.000000
vt 0.687500 0.000000
vt 0.687500 1.000000
vt 0.625000 1.000000
f 1465/1465 1466/1466 1467/1467 1468/1468
v 0.280000 1.380000 1.100000
v 0.345056 1.222940 1.100000
v 0.400208 1.259792 1.100000
vt 0.000000 0.000000
vt 1.000000 0.000000
vt 1.000000 1.000000
f 1469/1469 1470/1470 1471/1471
v 0.280000 1.380000 1.220000
v 0.400208 1.259792 1.220000
v 0.345056 1.222940 1.220000
vt 0.000000 0.000000
vt 1.000000 0.000000
vt 1.000000 1.000000
f 1472/1472 1473/1473 1474/1474
v 0.345056 1.222940 1.100000
v 0.280000 1.210000 1.100000
v 0.280000 1.210000 1.220000
v 0.345056 1.222940 1.220000
vt 0.687500 0.000000
vt 0.750000 0.000000
vt 0.750000 1.000000
vt 0.687500 1.000000
f 1475/1475 1476/1476 1477/1477 1478/1478
v 0.280000 1.380000 1.100000
v 0.280000 1.210000 1.100000
v 0.345056 1.222940 1.100000
vt 0.000000 0.000000
vt 1.000000 0.000000
vt 1.000000 1.000000
f 1479/1479 1480/1480 1481/1481
v 0.280000 1.380000 1.220000
v 0.345056 1.222940 1.220000
v 0.280000 1.210000 1.220000
vt 0.000000 0.000000
vt 1.000000 0.000000
vt 1.000000 1.000000
f 1482/1482 1483/1483 1484/1484
v 0.280000 1.210000 1.100000
v 0.214944 1.222940 1.100000
v 0.214944 1.222940 1.220000
v 0.280000 1.210000 1.220000
vt 0.750000 0.000000
vt 0.812500 0.000000
vt 0.812500 1.000000
vt 0.750000 1.000000
f 1485/1485 1486/1486 1487/1487 1488/1488
v 0.280000 1.380000 1.100000
v 0.214944 1.222940 1.100000
v 0.280000 1.210000 1.100000
vt 0.000000 0.000000
vt 1.000000 0.000000
vt 1.000000 1.000000
f 1489/1489 1490/1490 1491/1491
v 0.280000 1.380000 1.220000
v 0.280000 1.210000 1.220000
v 0.214944 1.222940 1.220000
vt 0.000000 0.000000
vt 1.000000 0.000000
vt 1.000000 1.000000
f 1492/1492 1493/1493 1494/1494
v 0.214944 1.222940 1.100000
v 0.159792 1.259792 1.100000
v 0.159792 1.259792 1.220000
v 0.214944 1.222940 1.220000
vt 0.812500 0.000000
vt 0.875000 0.000000
vt 0.875000 1.000000
vt 0.812500 1.000000
f 1495/1495 1496/1496 1497/1497 1498/1498
v 0.280000 1.380000 1.100000
v 0.159792 1.259792 1.100000
v 0.214944 1.222940 1.100000
vt 0.000000 0.000000
vt 1.000000 0.000000
vt 1.000000 1.000000
f 1499/1499 1500/1500 1501/1501
v 0.280000 1.380000 1.220000
v 0.214944 1.222940 1.220000
v 0.159792 1.259792 1.220000
vt 0.000000 0.000000
vt 1.000000 0.000000
vt 1.000000 1.000000
f 1502/1502 1503/1503 1504/1504
v 0.159792 1.259792 1.100000
v 0.122940 1.314944 1.100000
v 0.122940 1.314944 1.220000
v 0.159792 1.259792 1.220000
vt 0.875000 0.000000
vt 0.937500 0.000000
vt 0.937500 1.000000
vt 0.875000 1.000000
f 1505/1505 1506/1506 1507/1507 1508/1508
v 0.280000 1.380000 1.100000
v 0.122940 1.314944 1.100000
v 0.159792 1.259792 1.100000
vt 0.000000 0.000000
vt 1.000000 0.000000
vt 1.000000 1.000000
f 1509/1509 1510/1510 1511/1511
v 0.280000 1.380000 1.220000
v 0.159792 1.259792 1.220000
v 0.122940 1.314944 1.220000
vt 0.000000 0.000000
vt 1.000000 0.000000
vt 1.000000 1.000000
f 1512/1512 1513/1513 1514/1514
v 0.122940 1.314944 1.100000
v 0.110000 1.380000 1.100000
v 0.110000 1.380000 1.220000
v 0.122940 1.314944 1.220000
vt 0.937500 0.000000
vt 1.000000 0.000000
vt 1.000000 1.000000
vt 0.937500 1.000000
f 1515/1515 1516/1516 1517/1517 1518/1518
v 0.280000 1.380000 1.100000
v 0.110000 1.380000 1.100000
v 0.122940 1.314944 1.100000
vt 0.000000 0.000000
vt 1.000000 0.000000
vt 1.000000 1.000000
f 1519/1519 1520/1520 1521/1521
v 0.280000 1.380000 1.220000
v 0.122940 1.314944 1.220000
v 0.110000 1.380000 1.220000
vt 0.000000 0.000000
vt 1.000000 0.000000
vt 1.000000 1.000000
f 1522/1522 1523/1523 1524/1524
usemtl dark
v 0.250000 1.260000 0.460000
v 0.310000 1.260000 0.460000
v 0.310000 1.500000 0.460000
v 0.250000 1.500000 0.460000
vt 0.000000 0.000000
vt 1.000000 0.000000
vt 1.000000 1.000000
vt 0.000000 1.000000
f 1525/1525 1526/1526 1527/1527 1528/1528
v 0.310000 1.260000 0.580000
v 0.250000 1.260000 0.580000
v 0.250000 1.500000 0.580000
v 0.310000 1.500000 0.580000
vt 0.000000 0.000000
vt 1.000000 0.000000
vt 1.000000 1.000000
vt 0.000000 1.000000
f 1529/1529 1530/1530 1531/1531 1532/1532
v 0.250000 1.260000 0.580000
v 0.250000 1.260000 0.460000
v 0.250000 1.500000 0.460000
v 0.250000 1.500000 0.580000
vt 0.000000 0.000000
vt 1.000000 0.000000
vt 1.000000 1.000000
vt 0.000000 1.000000
f 1533/1533 1534/1534 1535/1535 1536/1536
v 0.310000 1.260000 0.460000
v 0.310000 1.260000 0.580000
v 0.310000 1.500000 0.580000
v 0.310000 1.500000 0.460000
vt 0.000000 0.000000
vt 1.000000 0.000000
vt 1.000000 1.000000
vt 0.000000 1.000000
f 1537/1537 1538/1538 1539/1539 1540/1540
v 0.250000 1.500000 0.460000
v 0.310000 1.500000 0.460000
v 0.310000 1.500000 0.580000
v 0.250000 1.500000 0.580000
vt 0.000000 0.000000
vt 1.000000 0.000000
vt 1.000000 1.000000
vt 0.000000 1.000000
f 1541/1541 1542/1542 1543/1543 1544/1544
v 0.250000 1.260000 0.580000
v 0.310000 1.260000 0.580000
v 0.310000 1.260000 0.460000
v 0.250000 1.260000 0.460000
vt 0.000000 0.000000
vt 1.000000 0.000000
vt 1.000000 1.000000
vt 0.000000 1.000000
f 1545/1545 1546/1546 1547/1547 1548/1548
v 0.670000 1.380000 0.400000
v 0.674952 1.401694 0.400000
v 0.674952 1.401694 0.680000
v 0.670000 1.380000 0.680000
vt 0.000000 0.000000
vt 0.071429 0.000000
vt 0.071429 1.000000
vt 0.000000 1.000000
f 1549/1549 1550/1550 1551/1551 1552/1552
v 0.720000 1.380000 0.400000
v 0.674952 1.401694 0.400000
v 0.670000 1.380000 0.400000
vt 0.000000 0.000000
vt 1.000000 0.000000
vt 1.000000 1.000000
f 1553/1553 1554/1554 1555/1555
v 0.720000 1.380000 0.680000
v 0.670000 1.380000 0.680000
v 0.674952 1.401694 0.680000
vt 0.000000 0.000000
vt 1.000000 0.000000
vt 1.000000 1.000000
f 1556/1556 1557/1557 1558/1558
v 0.674952 1.401694 0.400000
v 0.688826 1.419092 0.400000
v 0.688826 1.419092 0.680000
v 0.674952 1.401694 0.680000
vt 0.071429 0.000000
vt 0.142857 0.000000
vt 0.142857 1.000000
vt 0.071429 1.000000
f 1559/1559 1560/1560 1561/1561 1562/1562
v 0.720000 1.380000 0.400000
v 0.688826 1.419092 0.400000
v 0.674952 1.401694 0.400000
vt 0.000000 0.000000
vt 1.000000 0.000000
vt 1.000000 1.000000
f 1563/1563 1564/1564 1565/1565
v 0.720000 1.380000 0.680000
v 0.674952 1.401694 0.680000
v 0.688826 1.419092 0.680000
vt 0.000000 0.000000
vt 1.000000 0.000000
vt 1.000000 1.000000
f 1566/1566 1567/1567 1568/1568
v 0.688826 1.419092 0.400000
v 0.708874 1.428746 0.400000
v 0.708874 1.428746 0.680000
v 0.688826 1.419092 0.680000
vt 0.142857 0.000000
vt 0.214286 0.000000
vt 0.214286 1.000000
vt 0.142857 1.000000
f 1569/1569 1570/1570 1571/1571 1572/1572
v 0.720000 1.380000 0.400000
v 0.708874 1.428746 0.400000
v 0.688826 1.419092 0.400000
vt 0.000000 0.000000
vt 1.000000 0.000000
vt 1.000000 1.000000
f 1573/1573 1574/1574 1575/1575
v 0.720000 1.380000 0.680000
v 0.688826 1.419092 0.680000
v 0.708874 1.428746 0.680000
vt 0.000000 0.000000
vt 1.000000 0.000000
vt 1.000000 1.000000
f 1576/1576 1577/1577 1578/1578
v 0.708874 1.428746 0.400000
v 0.731126 1.428746 0.400000
v 0.731126 1.428746 0.680000
v 0.708874 1.428746 0.680000
vt 0.214286 0.000000
vt 0.285714 0.000000
vt 0.285714 1.000000
vt 0.214286 1.000000
f 1579/1579 1580/1580 1581/1581 1582/1582
v 0.720000 1.380000 0.400000
v 0.731126 1.428746 0.400000
v 0.708874 1.428746 0.400000
vt 0.000000 0.000000
vt 1.000000 0.000000
vt 1.000000 1.000000
f 1583/1583 1584/1584 1585/1585
v 0.720000 1.380000 0.680000
v 0.708874 1.428746 0.680000
v 0.731126 1.428746 0.680000
vt 0.000000 0.000000
vt 1.000000 0.000000
vt 1.000000 1.000000
f 1586/1586 1587/1587 1588/1588
v 0.731126 1.428746 0.400000
v 0.751174 1.419092 0.400000
v 0.751174 1.419092 0.680000
v 0.731126 1.428746 0.680000
vt 0.285714 0.000000
vt 0.357143 0.000000
vt 0.357143 1.000000
vt 0.285714 1.000000
f 1589/1589 1590/1590 1591/1591 1592/1592
v 0.720000 1.380000 0.400000
v 0.751174 1.419092 0.400000
v 0.731126 1.428746 0.400000
vt 0.000000 0.000000
vt 1.000000 0.000000
vt 1.000000 1.000000
f 1593/1593 1594/1594 1595/1595
v 0.720000 1.380000 0.680000
v 0.731126 1.428746 0.680000
v 0.751174 1.419092 0.680000
vt 0.000000 0.000000
vt 1.000000 0.000000
vt 1.000000 1.000000
f 1596/1596 1597/1597 1598/1598
v 0.751174 1.419092 0.400000
v 0.765048 1.401694 0.400000
v 0.765048 1.401694 0.680000
v 0.751174 1.419092 0.680000
vt 0.357143 0.000000
vt 0.428571 0.000000
vt 0.428571 1.000000
vt 0.357143 1.000000
f 1599/1599 1600/1600 1601/1601 1602/1602
v 0.720000 1.380000 0.400000
v 0.765048 1.401694 0.400000
v 0.751174 1.419092 0.400000
vt 0.000000 0.000000
vt 1.000000 0.000000
vt 1.000000 1.000000
f 1603/1603 1604/1604 1605/1605
v 0.720000 1.380000 0.680000
v 0.751174 1.419092 0.680000
v 0.765048 1.401694 0.680000
vt 0.000000 0.000000
vt 1.000000 0.000000
vt 1.000000 1.000000
f 1606/1606 1607/1607 1608/1608
v 0.765048 1.401694 0.400000
v 0.770000 1.380000 0.400000
v 0.770000 1.380000 0.680000
v 0.765048 1.401694 0.680000
vt 0.428571 0.000000
vt 0.500000 0.000000
vt 0.500000 1.000000
vt 0.428571 1.000000
f 1609/1609 1610/1610 1611/1611 1612/1612
v 0.720000 1.380000 0.400000
v 0.770000 1.380000 0.400000
v 0.765048 1.401694 0.400000
vt 0.000000 0.000000
vt 1.000000 0.000000
vt 1.000000 1.000000
f 1613/1613 1614/1614 1615/1615
v 0.720000 1.380000 0.680000
v 0.765048 1.401694 0.680000
v 0.770000 1.380000 0.680000
vt 0.000000 0.000000
vt 1.000000 0.000000
vt 1.000000 1.000000
f 1616/1616 1617/1617 1618/1618
v 0.770000 1.380000 0.400000
v 0.765048 1.358306 0.400000
v 0.765048 1.358306 0.680000
v 0.770000 1.380000 0.680000
vt 0.500000 0.000000
vt 0.571429 0.000000
vt 0.571429 1.000000
vt 0.500000 1.000000
f 1619/1619 1620/1620 1621/1621 1622/1622
v 0.720000 1.380000 0.400000
v 0.765048 1.358306 0.400000
v 0.770000 1.380000 0.400000
vt 0.000000 0.000000
vt 1.000000 0.000000
vt 1.000000 1.000000
f 1623/1623 1624/1624 1625/1625
v 0.720000 1.380000 0.680000
v 0.770000 1.380000 0.680000
v 0.765048 1.358306 0.680000
vt 0.000000 0.000000
vt 1.000000 0.000000
vt 1.000000 1.000000
f 1626/1626 1627/1627 1628/1628
v 0.765048 1.358306 0.400000
v 0.751174 1.340908 0.400000
v 0.751174 1.340908 0.680000
v 0.765048 1.358306 0.680000
vt 0.571429 0.000000
vt 0.642857 0.000000
vt 0.642857 1.000000
vt 0.571429 1.000000
f 1629/1629 1630/1630 1631/1631 1632/1632
v 0.720000 1.380000 0.400000
v 0.751174 1.340908 0.400000
v 0.765048 1.358306 0.400000
vt 0.000000 0.000000
vt 1.000000 0.000000
vt 1.000000 1.000000
f 1633/1633 1634/1634 1635/1635
v 0.720000 1.380000 0.680000
v 0.765048 1.358306 0.680000
v 0.751174 1.340908 0.680000
vt 0.000000 0.000000
vt 1.000000 0.000000
vt 1.000000 1.000000
f 1636/1636 1637/1637 1638/1638
v 0.751174 1.340908 0.400000
v 0.731126 1.331254 0.400000
v 0.731126 1.331254 0.680000
v 0.751174 1.340908 0.680000
vt 0.642857 0.000000
vt 0.714286 0.000000
vt 0.714286 1.000000
vt 0.642857 1.000000
f 1639/1639 1640/1640 1641/1641 1642/1642
v 0.720000 1.380000 0.400000
v 0.731126 1.331254 0.400000
v 0.751174 1.340908 0.400000
vt 0.000000 0.000000
vt 1.000000 0.000000
vt 1.000000 1.000000
f 1643/1643 1644/1644 1645/1645
v 0.720000 1.380000 0.680000
v 0.751174 1.340908 0.680000
v 0.731126 1.331254 0.680000
vt 0.000000 0.000000
vt 1.000000 0.000000
vt 1.000000 1.000000
f 1646/1646 1647/1647 1648/1648
v 0.731126 1.331254 0.400000
v 0.708874 1.331254 0.400000
v 0.708874 1.331254 0.680000
v 0.731126 1.331254 0.680000
vt 0.714286 0.000000
vt 0.785714 0.000000
vt 0.785714 1.000000
vt 0.714286 1.000000
f 1649/1649 1650/1650 1651/1651 1652/1652
v 0.720000 1.380000 0.400000
v 0.708874 1.331254 0.400000
v 0.731126 1.331254 0.400000
vt 0.000000 0.000000
vt 1.000000 0.000000
vt 1.000000 1.000000
f 1653/1653 1654/1654 1655/1655
v 0.720000 1.380000 0.680000
v 0.731126 1.331254 0.680000
v 0.708874 1.331254 0.680000
vt 0.000000 0.000000
vt 1.000000 0.000000
vt 1.000000 1.000000
f 1656/1656 1657/1657 1658/1658
v 0.708874 1.331254 0.400000
v 0.688826 1.340908 0.400000
v 0.688826 1.340908 0.680000
v 0.708874 1.331254 0.680000
vt 0.785714 0.000000
vt 0.857143 0.000000
vt 0.857143 1.000000
vt 0.785714 1.000000
f 1659/1659 1660/1660 1661/1661 1662/1662
v 0.720000 1.380000 0.400000
v 0.688826 1.340908 0.400000
v 0.708874 1.331254 0.400000
vt 0.000000 0.000000
vt 1.000000 0.000000
vt 1.000000 1.000000
f 1663/1663 1664/1664 1665/1665
v 0.720000 1.380000 0.680000
v 0.708874 1.331254 0.680000
v 0.688826 1.340908 0.680000
vt 0.000000 0.000000
vt 1.000000 0.000000
vt 1.000000 1.000000
f 1666/1666 1667/1667 1668/1668
v 0.688826 1.340908 0.400000
v 0.674952 1.358306 0.400000
v 0.674952 1.358306 0.680000
v 0.688826 1.340908 0.680000
vt 0.857143 0.000000
vt 0.928571 0.000000
vt 0.928571 1.000000
vt 0.857143 1.000000
f 1669/1669 1670/1670 1671/1671 1672/1672
v 0.720000 1.380000 0.400000
v 0.674952 1.358306 0.400000
v 0.688826 1.340908 0.400000
vt 0.000000 0.000000
vt 1.000000 0.000000
vt 1.000000 1.000000
f 1673/1673 1674/1674 1675/1675
v 0.720000 1.380000 0.680000
v 0.688826 1.340908 0.680000
v 0.674952 1.358306 0.680000
vt 0.000000 0.000000
vt 1.000000 0.000000
vt 1.000000 1.000000
f 1676/1676 1677/1677 1678/1678
v 0.674952 1.358306 0.400000
v 0.670000 1.380000 0.400000
v 0.670000 1.380000 0.680000
v 0.674952 1.358306 0.680000
vt 0.928571 0.000000
vt 1.000000 0.000000
vt 1.000000 1.000000
vt 0.928571 1.000000
f 1679/1679 1680/1680 1681/1681 1682/1682
v 0.720000 1.380000 0.400000
v 0.670000 1.380000 0.400000
v 0.674952 1.358306 0.400000
vt 0.000000 0.000000
vt 1.000000 0.000000
vt 1.000000 1.000000
f 1683/1683 1684/1684 1685/1685
v 0.720000 1.380000 0.680000
v 0.674952 1.358306 0.680000
v 0.670000 1.380000 0.680000
vt 0.000000 0.000000
vt 1.000000 0.000000
vt 1.000000 1.000000
f 1686/1686 1687/1687 1688/1688
usemtl accent
v 0.630000 1.380000 0.660000
v 0.636851 1.414442 0.660000
v 0.572179 1.441229 1.120000
v 0.560000 1.380000 1.120000
vt 0.000000 0.000000
vt 0.062500 0.000000
vt 0.062500 1.000000
vt 0.000000 1.000000
f 1689/1689 1690/1690 1691/1691 1692/1692
v 0.720000 1.380000 0.660000
v 0.636851 1.414442 0.660000
v 0.630000 1.380000 0.660000
vt 0.000000 0.000000
vt 1.000000 0.000000
vt 1.000000 1.000000
f 1693/1693 1694/1694 1695/1695
v 0.720000 1.380000 1.120000
v 0.560000 1.380000 1.120000
v 0.572179 1.441229 1.120000
vt 0.000000 0.000000
vt 1.000000 0.000000
vt 1.000000 1.000000
f 1696/1696 1697/1697 1698/1698
v 0.636851 1.414442 0.660000
v 0.656360 1.443640 0.660000
v 0.606863 1.493137 1.120000
v 0.572179 1.441229 1.120000
vt 0.062500 0.000000
vt 0.125000 0.000000
vt 0.125000 1.000000
vt 0.062500 1.000000
f 1699/1699 1700/1700 1701/1701 1702/1702
v 0.720000 1.380000 0.660000
v 0.656360 1.443640 0.660000
v 0.636851 1.414442 0.660000
vt 0.000000 0.000000
vt 1.000000 0.000000
vt 1.000000 1.000000
f 1703/1703 1704/1704 1705/1705
v 0.720000 1.380000 1.120000
v 0.572179 1.441229 1.120000
v 0.606863 1.493137 1.120000
vt 0.000000 0.000000
vt 1.000000 0.000000
vt 1.000000 1.000000
f 1706/1706 1707/1707 1708/1708
v 0.656360 1.443640 0.660000
v 0.685558 1.463149 0.660000
v 0.658771 1.527821 1.120000
v 0.606863 1.493137 1.120000
vt 0.125000 0.000000
vt 0.187500 0.000000
vt 0.187500 1.000000
vt 0.125000 1.000000
f 1709/1709 1710/1710 1711/1711 1712/1712
v 0.720000 1.380000 0.660000
v 0.685558 1.463149 0.660000
v 0.656360 1.443640 0.660000
vt 0.000000 0.000000
vt 1.000000 0.000000
vt 1.000000 1.000000
f 1713/1713 1714/1714 1715/1715
v 0.720000 1.380000 1.120000
v 0.606863 1.493137 1.120000
v 0.658771 1.527821 1.120000
vt 0.000000 0.000000
vt 1.000000 0.000000
vt 1.000000 1.000000
f 1716/1716 1717/1717 1718/1718
v 0.685558 1.463149 0.660000
v 0.720000 1.470000 0.660000
v 0.720000 1.540000 1.120000
v 0.658771 1.527821 1.120000
vt 0.187500 0.000000
vt 0.250000 0.000000
vt 0.250000 1.000000
vt 0.187500 1.000000
f 1719/1719 1720/1720 1721/1721 1722/1722
v 0.720000 1.380000 0.660000
v 0.720000 1.470000 0.660000
v 0.685558 1.463149 0.660000
vt 0.000000 0.000000
vt 1.000000 0.000000
vt 1.000000 1.000000
f 1723/1723 1724/1724 1725/1725
v 0.720000 1.380000 1.120000
v 0.658771 1.527821 1.120000
v 0.720000 1.540000 1.120000
vt 0.000000 0.000000
vt 1.000000 0.000000
vt 1.000000 1.000000
f 1726/1726 1727/1727 1728/1728
v 0.720000 1.470000 0.660000
v 0.754442 1.463149 0.660000
v 0.781229 1.527821 1.120000
v 0.720000 1.540000 1.120000
vt 0.250000 0.000000
vt 0.312500 0.000000
vt 0.312500 1.000000
vt 0.250000 1.000000
f 1729/1729 1730/1730 1731/1731 1732/1732
v 0.720000 1.380000 0.660000
v 0.754442 1.463149 0.660000
v 0.720000 1.470000 0.660000
vt 0.000000 0.000000
vt 1.000000 0.000000
vt 1.000000 1.000000
f 1733/1733 1734/1734 1735/1735
v 0.720000 1.380000 1.120000
v 0.720000 1.540000 1.120000
v 0.781229 1.527821 1.120000
vt 0.000000 0.000000
vt 1.000000 0.000000
vt 1.000000 1.000000
f 1736/1736 1737/1737 1738/1738
v 0.754442 1.463149 0.660000
v 0.783640 1.443640 0.660000
v 0.833137 1.493137 1.120000
v 0.781229 1.527821 1.120000
vt 0.312500 0.000000
vt 0.375000 0.000000
vt 0.375000 1.000000
vt 0.312500 1.000000
f 1739/1739 1740/1740 1741/1741 1742/1742
v 0.720000 1.380000 0.660000
v 0.783640 1.443640 0.660000
v 0.754442 1.463149 0.660000
vt 0.000000 0.000000
vt 1.000000 0.000000
vt 1.000000 1.000000
f 1743/1743 1744/1744 1745/1745
v 0.720000 1.380000 1.120000
v 0.781229 1.527821 1.120000
v 0.833137 1.493137 1.120000
vt 0.000000 0.000000
vt 1.000000 0.000000
vt 1.000000 1.000000
f 1746/1746 1747/1747 1748/1748
v 0.783640 1.443640 0.660000
v 0.803149 1.414442 0.660000
v 0.867821 1.441229 1.120000
v 0.833137 1.493137 1.120000
vt 0.375000 0.000000
vt 0.437500 0.000000
vt 0.437500 1.000000
vt 0.375000 1.000000
f 1749/1749 1750/1750 1751/1751 1752/1752
v 0.720000 1.380000 0.660000
v 0.803149 1.414442 0.660000
v 0.783640 1.443640 0.660000
vt 0.000000 0.000000
vt 1.000000 0.000000
vt 1.000000 1.000000
f 1753/1753 1754/1754 1755/1755
v 0.720000 1.380000 1.120000
v 0.833137 1.493137 1.120000
v 0.867821 1.441229 1.120000
vt 0.000000 0.000000
vt 1.000000 0.000000
vt 1.000000 1.000000
f 1756/1756 1757/1757 1758/1758
v 0.803149 1.414442 0.660000
v 0.810000 1.380000 0.660000
v 0.880000 1.380000 1.120000
v 0.867821 1.441229 1.120000
vt 0.437500 0.000000
vt 0.500000 0.000000
vt 0.500000 1.000000
vt 0.437500 1.000000
f 1759/1759 1760/1760 1761/1761 1762/1762
v 0.720000 1.380000 0.660000
v 0.810000 1.380000 0.660000
v 0.803149 1.414442 0.660000
vt 0.000000 0.000000
vt 1.000000 0.000000
vt 1.000000 1.000000
f 1763/1763 1764/1764 1765/1765
v 0.720000 1.380000 1.120000
v 0.867821 1.441229 1.120000
v 0.880000 1.380000 1.120000
vt 0.000000 0.000000
vt 1.000000 0.000000
vt 1.000000 1.000000
f 1766/1766 1767/1767 1768/1768
v 0.810000 1.380000 0.660000
v 0.803149 1.345558 0.660000
v 0.867821 1.318771 1.120000
v 0.880000 1.380000 1.120000
vt 0.500000 0.000000
vt 0.562500 0.000000
vt 0.562500 1.000000
vt 0.500000 1.000000
f 1769/1769 1770/1770 1771/1771 1772/1772
v 0.720000 1.380000 0.660000
v 0.803149 1.345558 0.660000
v 0.810000 1.380000 0.660000
vt 0.000000 0.000000
vt 1.000000 0.000000
vt 1.000000 1.000000
f 1773/1773 1774/1774 1775/1775
v 0.720000 1.380000 1.120000
v 0.880000 1.380000 1.120000
v 0.867821 1.318771 1.120000
vt 0.000000 0.000000
vt 1.000000 0.000000
vt 1.000000 1.000000
f 1776/1776 1777/1777 1778/1778
v 0.803149 1.345558 0.660000
v 0.783640 1.316360 0.660000
v 0.833137 1.266863 1.120000
v 0.867821 1.318771 1.120000
vt 0.562500 0.000000
vt 0.625000 0.000000
vt 0.625000 1.000000
vt 0.562500 1.000000
f 1779/1779 1780/1780 1781/1781 1782/1782
v 0.720000 1.380000 0.660000
v 0.783640 1.316360 0.660000
v 0.803149 1.345558 0.660000
vt 0.000000 0.000000
vt 1.000000 0.000000
vt 1.000000 1.000000
f 1783/1783 1784/1784 1785/1785
v 0.720000 1.380000 1.120000
v 0.867821 1.318771 1.120000
v 0.833137 1.266863 1.120000
vt 0.000000 0.000000
vt 1.000000 0.000000
vt 1.000000 1.000000
f 1786/1786 1787/1787 1788/1788
v 0.783640 1.316360 0.660000
v 0.754442 1.296851 0.660000
v 0.781229 1.232179 1.120000
v 0.833137 1.266863 1.120000
vt 0.625000 0.000000
vt 0.687500 0.000000
vt 0.687500 1.000000
vt 0.625000 1.000000
f 1789/1789 1790/1790 1791/1791 1792/1792
v 0.720000 1.380000 0.660000
v 0.754442 1.296851 0.660000
v 0.783640 1.316360 0.660000
vt 0.000000 0.000000
vt 1.000000 0.000000
vt 1.000000 1.000000
f 1793/1793 1794/1794 1795/1795
v 0.720000 1.380000 1.120000
v 0.833137 1.266863 1.120000
v 0.781229 1.232179 1.120000
vt 0.000000 0.000000
vt 1.000000 0.000000
vt 1.000000 1.000000
f 1796/1796 1797/1797 1798/1798
v 0.754442 1.296851 0.660000
v 0.720000 1.290000 0.660000
v 0.720000 1.220000 1.120000
v 0.781229 1.232179 1.120000
vt 0.687500 0.000000
vt 0.750000 0.000000
vt 0.750000 1.000000
vt 0.687500 1.000000
f 1799/1799 1800/1800 1801/1801 1802/1802
v 0.720000 1.380000 0.660000
v 0.720000 1.290000 0.660000
v 0.754442 1.296851 0.660000
vt 0.000000 0.000000
vt 1.000000 0.000000
vt 1.000000 1.000000
f 1803/1803 1804/1804 1805/1805
v 0.720000 1.380000 1.120000
v 0.781229 1.232179 1.120000
v 0.720000 1.220000 1.120000
vt 0.000000 0.000000
vt 1.000000 0.000000
vt 1.000000 1.000000
f 1806/1806 1807/1807 1808/1808
v 0.720000 1.290000 0.660000
v 0.685558 1.296851 0.660000
v 0.658771 1.232179 1.120000
v 0.720000 1.220000 1.120000
vt 0.750000 0.000000
vt 0.812500 0.000000
vt 0.812500 1.000000
vt 0.750000 1.000000
f 1809/1809 1810/1810 1811/1811 1812/1812
v 0.720000 1.380000 0.660000
v 0.685558 1.296851 0.660000
v 0.720000 1.290000 0.660000
vt 0.000000 0.000000
vt 1.000000 0.000000
vt 1.000000 1.000000
f 1813/1813 1814/1814 1815/1815
v 0.720000 1.380000 1.120000
v 0.720000 1.220000 1.120000
v 0.658771 1.232179 1.120000
vt 0.000000 0.000000
vt 1.000000 0.000000
vt 1.000000 1.000000
f 1816/1816 1817/1817 1818/1818
v 0.685558 1.296851 0.660000
v 0.656360 1.316360 0.660000
v 0.606863 1.266863 1.120000
v 0.658771 1.232179 1.120000
vt 0.812500 0.000000
vt 0.875000 0.000000
vt 0.875000 1.000000
vt 0.812500 1.000000
f 1819/1819 1820/1820 1821/1821 1822/1822
v 0.720000 1.380000 0.660000
v 0.656360 1.316360 0.660000
v 0.685558 1.296851 0.660000
vt 0.000000 0.000000
vt 1.000000 0.000000
vt 1.000000 1.000000
f 1823/1823 1824/1824 1825/1825
v 0.720000 1.380000 1.120000
v 0.658771 1.232179 1.120000
v 0.606863 1.266863 1.120000
vt 0.000000 0.000000
vt 1.000000 0.000000
vt 1.000000 1.000000
f 1826/1826 1827/1827 1828/1828
v 0.656360 1.316360 0.660000
v 0.636851 1.345558 0.660000
v 0.572179 1.318771 1.120000
v 0.606863 1.266863 1.120000
vt 0.875000 0.000000
vt 0.937500 0.000000
vt 0.937500 1.000000
vt 0.875000 1.000000
f 1829/1829 1830/1830 1831/1831 1832/1832
v 0.720000 1.380000 0.660000
v 0.636851 1.345558 0.660000
v 0.656360 1.316360 0.660000
vt 0.000000 0.000000
vt 1.000000 0.000000
vt 1.000000 1.000000
f 1833/1833 1834/1834 1835/1835
v 0.720000 1.380000 1.120000
v 0.606863 1.266863 1.120000
v 0.572179 1.318771 1.120000
vt 0.000000 0.000000
vt 1.000000 0.000000
vt 1.000000 1.000000
f 1836/1836 1837/1837 1838/1838
v 0.636851 1.345558 0.660000
v 0.630000 1.380000 0.660000
v 0.560000 1.380000 1.120000
v 0.572179 1.318771 1.120000
vt 0.937500 0.000000
vt 1.000000 0.000000
vt 1.000000 1.000000
vt 0.937500 1.000000
f 1839/1839 1840/1840 1841/1841 1842/1842
v 0.720000 1.380000 0.660000
v 0.630000 1.380000 0.660000
v 0.636851 1.345558 0.660000
vt 0.000000 0.000000
vt 1.000000 0.000000
vt 1.000000 1.000000
f 1843/1843 1844/1844 1845/1845
v 0.720000 1.380000 1.120000
v 0.572179 1.318771 1.120000
v 0.560000 1.380000 1.120000
vt 0.000000 0.000000
vt 1.000000 0.000000
vt 1.000000 1.000000
f 1846/1846 1847/1847 1848/1848
usemtl yellow
v 0.550000 1.380000 1.100000
v 0.562940 1.445056 1.100000
v 0.562940 1.445056 1.220000
v 0.550000 1.380000 1.220000
vt 0.000000 0.000000
vt 0.062500 0.000000
vt 0.062500 1.000000
vt 0.000000 1.000000
f 1849/1849 1850/1850 1851/1851 1852/1852
v 0.720000 1.380000 1.100000
v 0.562940 1.445056 1.100000
v 0.550000 1.380000 1.100000
vt 0.000000 0.000000
vt 1.000000 0.000000
vt 1.000000 1.000000
f 1853/1853 1854/1854 1855/1855
v 0.720000 1.380000 1.220000
v 0.550000 1.380000 1.220000
v 0.562940 1.445056 1.220000
vt 0.000000 0.000000
vt 1.000000 0.000000
vt 1.000000 1.000000
f 1856/1856 1857/1857 1858/1858
v 0.562940 1.445056 1.100000
v 0.599792 1.500208 1.100000
v 0.599792 1.500208 1.220000
v 0.562940 1.445056 1.220000
vt 0.062500 0.000000
vt 0.125000 0.000000
vt 0.125000 1.000000
vt 0.062500 1.000000
f 1859/1859 1860/1860 1861/1861 1862/1862
v 0.720000 1.380000 1.100000
v 0.599792 1.500208 1.100000
v 0.562940 1.445056 1.100000
vt 0.000000 0.000000
vt 1.000000 0.000000
vt 1.000000 1.000000
f 1863/1863 1864/1864 1865/1865
v 0.720000 1.380000 1.220000
v 0.562940 1.445056 1.220000
v 0.599792 1.500208 1.220000
vt 0.000000 0.000000
vt 1.000000 0.000000
vt 1.000000 1.000000
f 1866/1866 1867/1867 1868/1868
v 0.599792 1.500208 1.100000
v 0.654944 1.537060 1.100000
v 0.654944 1.537060 1.220000
v 0.599792 1.500208 1.220000
vt 0.125000 0.000000
vt 0.187500 0.000000
vt 0.187500 1.000000
vt 0.125000 1.000000
f 1869/1869 1870/1870 1871/1871 1872/1872
v 0.720000 1.380000 1.100000
v 0.654944 1.537060 1.100000
v 0.599792 1.500208 1.100000
vt 0.000000 0.000000
vt 1.000000 0.000000
vt 1.000000 1.000000
f 1873/1873 1874/1874 1875/1875
v 0.720000 1.380000 1.220000
v 0.599792 1.500208 1.220000
v 0.654944 1.537060 1.220000
vt 0.000000 0.000000
vt 1.000000 0.000000
vt 1.000000 1.000000
f 1876/1876 1877/1877 1878/1878
v 0.654944 1.537060 1.100000
v 0.720000 1.550000 1.100000
v 0.720000 1.550000 1.220000
v 0.654944 1.537060 1.220000
vt 0.187500 0.000000
vt 0.250000 0.000000
vt 0.250000 1.000000
vt 0.187500 1.000000
f 1879/1879 1880/1880 1881/1881 1882/1882
v 0.720000 1.380000 1.100000
v 0.720000 1.550000 1.100000
v 0.654944 1.537060 1.100000
vt 0.000000 0.000000
vt 1.000000 0.000000
vt 1.000000 1.000000
f 1883/1883 1884/1884 1885/1885
v 0.720000 1.380000 1.220000
v 0.654944 1.537060 1.220000
v 0.720000 1.550000 1.220000
vt 0.000000 0.000000
vt 1.000000 0.000000
vt 1.000000 1.000000
f 1886/1886 1887/1887 1888/1888
v 0.720000 1.550000 1.100000
v 0.785056 1.537060 1.100000
v 0.785056 1.537060 1.220000
v 0.720000 1.550000 1.220000
vt 0.250000 0.000000
vt 0.312500 0.000000
vt 0.312500 1.000000
vt 0.250000 1.000000
f 1889/1889 1890/1890 1891/1891 1892/1892
v 0.720000 1.380000 1.100000
v 0.785056 1.537060 1.100000
v 0.720000 1.550000 1.100000
vt 0.000000 0.000000
vt 1.000000 0.000000
vt 1.000000 1.000000
f 1893/1893 1894/1894 1895/1895
v 0.720000 1.380000 1.220000
v 0.720000 1.550000 1.220000
v 0.785056 1.537060 1.220000
vt 0.000000 0.000000
vt 1.000000 0.000000
vt 1.000000 1.000000
f 1896/1896 1897/1897 1898/1898
v 0.785056 1.537060 1.100000
v 0.840208 1.500208 1.100000
v 0.840208 1.500208 1.220000
v 0.785056 1.537060 1.220000
vt 0.312500 0.000000
vt 0.375000 0.000000
vt 0.375000 1.000000
vt 0.312500 1.000000
f 1899/1899 1900/1900 1901/1901 1902/1902
v 0.720000 1.380000 1.100000
v 0.840208 1.500208 1.100000
v 0.785056 1.537060 1.100000
vt 0.000000 0.000000
vt 1.000000 0.000000
vt 1.000000 1.000000
f 1903/1903 1904/1904 1905/1905
v 0.720000 1.380000 1.220000
v 0.785056 1.537060 1.220000
v 0.840208 1.500208 1.220000
vt 0.000000 0.000000
vt 1.000000 0.000000
vt 1.000000 1.000000
f 1906/1906 1907/1907 1908/1908
v 0.840208 1.500208 1.100000
v 0.877060 1.445056 1.100000
v 0.877060 1.445056 1.220000
v 0.840208 1.500208 1.220000
vt 0.375000 0.000000
vt 0.437500 0.000000
vt 0.437500 1.000000
vt 0.375000 1.000000
f 1909/1909 1910/1910 1911/1911 1912/1912
v 0.720000 1.380000 1.100000
v 0.877060 1.445056 1.100000
v 0.840208 1.500208 1.100000
vt 0.000000 0.000000
vt 1.000000 0.000000
vt 1.000000 1.000000
f 1913/1913 1914/1914 1915/1915
v 0.720000 1.380000 1.220000
v 0.840208 1.500208 1.220000
v 0.877060 1.445056 1.220000
vt 0.000000 0.000000
vt 1.000000 0.000000
vt 1.000000 1.000000
f 1916/1916 1917/1917 1918/1918
v 0.877060 1.445056 1.100000
v 0.890000 1.380000 1.100000
v 0.890000 1.380000 1.220000
v 0.877060 1.445056 1.220000
vt 0.437500 0.000000
vt 0.500000 0.000000
vt 0.500000 1.000000
vt 0.437500 1.000000
f 1919/1919 1920/1920 1921/1921 1922/1922
v 0.720000 1.380000 1.100000
v 0.890000 1.380000 1.100000
v 0.877060 1.445056 1.100000
vt 0.000000 0.000000
vt 1.000000 0.000000
vt 1.000000 1.000000
f 1923/1923 1924/1924 1925/1925
v 0.720000 1.380000 1.220000
v 0.877060 1.445056 1.220000
v 0.890000 1.380000 1.220000
vt 0.000000 0.000000
vt 1.000000 0.000000
vt 1.000000 1.000000
f 1926/1926 1927/1927 1928/1928
v 0.890000 1.380000 1.100000
v 0.877060 1.314944 1.100000
v 0.877060 1.314944 1.220000
v 0.890000 1.380000 1.220000
vt 0.500000 0.000000
vt 0.562500 0.000000
vt 0.562500 1.000000
vt 0.500000 1.000000
f 1929/1929 1930/1930 1931/1931 1932/1932
v 0.720000 1.380000 1.100000
v 0.877060 1.314944 1.100000
v 0.890000 1.380000 1.100000
vt 0.000000 0.000000
vt 1.000000 0.000000
vt 1.000000 1.000000
f 1933/1933 1934/1934 1935/1935
v 0.720000 1.380000 1.220000
v 0.890000 1.380000 1.220000
v 0.877060 1.314944 1.220000
vt 0.000000 0.000000
vt 1.000000 0.000000
vt 1.000000 1.000000
f 1936/1936 1937/1937 1938/1938
v 0.877060 1.314944 1.100000
v 0.840208 1.259792 1.100000
v 0.840208 1.259792 1.220000
v 0.877060 1.314944 1.220000
vt 0.562500 0.000000
vt 0.625000 0.000000
vt 0.625000 1.000000
vt 0.562500 1.000000
f 1939/1939 1940/1940 1941/1941 1942/1942
v 0.720000 1.380000 1.100000
v 0.840208 1.259792 1.100000
v 0.877060 1.314944 1.100000
vt 0.000000 0.000000
vt 1.000000 0.000000
vt 1.000000 1.000000
f 1943/1943 1944/1944 1945/1945
v 0.720000 1.380000 1.220000
v 0.877060 1.314944 1.220000
v 0.840208 1.259792 1.220000
vt 0.000000 0.000000
vt 1.000000 0.000000
vt 1.000000 1.000000
f 1946/1946 1947/1947 1948/1948
v 0.840208 1.259792 1.100000
v 0.785056 1.222940 1.100000
v 0.785056 1.222940 1.220000
v 0.840208 1.259792 1.220000
vt 0.625000 0.000000
vt 0.687500 0.000000
vt 0.687500 1.000000
vt 0.625000 1.000000
f 1949/1949 1950/1950 1951/1951 1952/1952
v 0.720000 1.380000 1.100000
v 0.785056 1.222940 1.100000
v 0.840208 1.259792 1.100000
vt 0.000000 0.000000
vt 1.000000 0.000000
vt 1.000000 1.000000
f 1953/1953 1954/1954 1955/1955
v 0.720000 1.380000 1.220000
v 0.840208 1.259792 1.220000
v 0.785056 1.222940 1.220000
vt 0.000000 0.000000
vt 1.000000 0.000000
vt 1.000000 1.000000
f 1956/1956 1957/1957 1958/1958
v 0.785056 1.222940 1.100000
v 0.720000 1.210000 1.100000
v 0.720000 1.210000 1.220000
v 0.785056 1.222940 1.220000
vt 0.687500 0.000000
vt 0.750000 0.000000
vt 0.750000 1.000000
vt 0.687500 1.000000
f 1959/1959 1960/1960 1961/1961 1962/1962
v 0.720000 1.380000 1.100000
v 0.720000 1.210000 1.100000
v 0.785056 1.222940 1.100000
vt 0.000000 0.000000
vt 1.000000 0.000000
vt 1.000000 1.000000
f 1963/1963 1964/1964 1965/1965
v 0.720000 1.380000 1.220000
v 0.785056 1.222940 1.220000
v 0.720000 1.210000 1.220000
vt 0.000000 0.000000
vt 1.000000 0.000000
vt 1.000000 1.000000
f 1966/1966 1967/1967 1968/1968
v 0.720000 1.210000 1.100000
v 0.654944 1.222940 1.100000
v 0.654944 1.222940 1.220000
v 0.720000 1.210000 1.220000
vt 0.750000 0.000000
vt 0.812500 0.000000
vt 0.812500 1.000000
vt 0.750000 1.000000
f 1969/1969 1970/1970 1971/1971 1972/1972
v 0.720000 1.380000 1.100000
v 0.654944 1.222940 1.100000
v 0.720000 1.210000 1.100000
vt 0.000000 0.000000
vt 1.000000 0.000000
vt 1.000000 1.000000
f 1973/1973 1974/1974 1975/1975
v 0.720000 1.380000 1.220000
v 0.720000 1.210000 1.220000
v 0.654944 1.222940 1.220000
vt 0.000000 0.000000
vt 1.000000 0.000000
vt 1.000000 1.000000
f 1976/1976 1977/1977 1978/1978
v 0.654944 1.222940 1.100000
v 0.599792 1.259792 1.100000
v 0.599792 1.259792 1.220000
v 0.654944 1.222940 1.220000
vt 0.812500 0.000000
vt 0.875000 0.000000
vt 0.875000 1.000000
vt 0.812500 1.000000
f 1979/1979 1980/1980 1981/1981 1982/1982
v 0.720000 1.380000 1.100000
v 0.599792 1.259792 1.100000
v 0.654944 1.222940 1.100000
vt 0.000000 0.000000
vt 1.000000 0.000000
vt 1.000000 1.000000
f 1983/1983 1984/1984 1985/1985
v 0.720000 1.380000 1.220000
v 0.654944 1.222940 1.220000
v 0.599792 1.259792 1.220000
vt 0.000000 0.000000
vt 1.000000 0.000000
vt 1.000000 1.000000
f 1986/1986 1987/1987 1988/1988
v 0.599792 1.259792 1.100000
v 0.562940 1.314944 1.100000
v 0.562940 1.314944 1.220000
v 0.599792 1.259792 1.220000
vt 0.875000 0.000000
vt 0.937500 0.000000
vt 0.937500 1.000000
vt 0.875000 1.000000
f 1989/1989 1990/1990 1991/1991 1992/1992
v 0.720000 1.380000 1.100000
v 0.562940 1.314944 1.100000
v 0.599792 1.259792 1.100000
vt 0.000000 0.000000
vt 1.000000 0.000000
vt 1.000000 1.000000
f 1993/1993 1994/1994 1995/1995
v 0.720000 1.380000 1.220000
v 0.599792 1.259792 1.220000
v 0.562940 1.314944 1.220000
vt 0.000000 0.000000
vt 1.000000 0.000000
vt 1.000000 1.000000
f 1996/1996 1997/1997 1998/1998
v 0.562940 1.314944 1.100000
v 0.550000 1.380000 1.100000
v 0.550000 1.380000 1.220000
v 0.562940 1.314944 1.220000
vt 0.937500 0.000000
vt 1.000000 0.000000
vt 1.000000 1.000000
vt 0.937500 1.000000
f 1999/1999 2000/2000 2001/2001 2002/2002
v 0.720000 1.380000 1.100000
v 0.550000 1.380000 1.100000
v 0.562940 1.314944 1.100000
vt 0.000000 0.000000
vt 1.000000 0.000000
vt 1.000000 1.000000
f 2003/2003 2004/2004 2005/2005
v 0.720000 1.380000 1.220000
v 0.562940 1.314944 1.220000
v 0.550000 1.380000 1.220000
vt 0.000000 0.000000
vt 1.000000 0.000000
vt 1.000000 1.000000
f 2006/2006 2007/2007 2008/2008
usemtl dark
v 0.690000 1.260000 0.460000
v 0.750000 1.260000 0.460000
v 0.750000 1.500000 0.460000
v 0.690000 1.500000 0.460000
vt 0.000000 0.000000
vt 1.000000 0.000000
vt 1.000000 1.000000
vt 0.000000 1.000000
f 2009/2009 2010/2010 2011/2011 2012/2012
v 0.750000 1.260000 0.580000
v 0.690000 1.260000 0.580000
v 0.690000 1.500000 0.580000
v 0.750000 1.500000 0.580000
vt 0.000000 0.000000
vt 1.000000 0.000000
vt 1.000000 1.000000
vt 0.000000 1.000000
f 2013/2013 2014/2014 2015/2015 2016/2016
v 0.690000 1.260000 0.580000
v 0.690000 1.260000 0.460000
v 0.690000 1.500000 0.460000
v 0.690000 1.500000 0.580000
vt 0.000000 0.000000
vt 1.000000 0.000000
vt 1.000000 1.000000
vt 0.000000 1.000000
f 2017/2017 2018/2018 2019/2019 2020/2020
v 0.750000 1.260000 0.460000
v 0.750000 1.260000 0.580000
v 0.750000 1.500000 0.580000
v 0.750000 1.500000 0.460000
vt 0.000000 0.000000
vt 1.000000 0.000000
vt 1.000000 1.000000
vt 0.000000 1.000000
f 2021/2021 2022/2022 2023/2023 2024/2024
v 0.690000 1.500000 0.460000
v 0.750000 1.500000 0.460000
v 0.750000 1.500000 0.580000
v 0.690000 1.500000 0.580000
vt 0.000000 0.000000
vt 1.000000 0.000000
vt 1.000000 1.000000
vt 0.000000 1.000000
f 2025/2025 2026/2026 2027/2027 2028/2028
v 0.690000 1.260000 0.580000
v 0.750000 1.260000 0.580000
v 0.750000 1.260000 0.460000
v 0.690000 1.260000 0.460000
vt 0.000000 0.000000
vt 1.000000 0.000000
vt 1.000000 1.000000
vt 0.000000 1.000000
f 2029/2029 2030/2030 2031/2031 2032/2032
usemtl body
v 0.220000 1.340000 0.340000
v 0.780000 1.340000 0.340000
v 0.780000 1.420000 0.340000
v 0.220000 1.420000 0.340000
vt 0.000000 0.000000
vt 1.000000 0.000000
vt 1.000000 1.000000
vt 0.000000 1.000000
f 2033/2033 2034/2034 2035/2035 2036/2036
v 0.780000 1.340000 0.460000
v 0.220000 1.340000 0.460000
v 0.220000 1.420000 0.460000
v 0.780000 1.420000 0.460000
vt 0.000000 0.000000
vt 1.000000 0.000000
vt 1.000000 1.000000
vt 0.000000 1.000000
f 2037/2037 2038/2038 2039/2039 2040/2040
v 0.220000 1.340000 0.460000
v 0.220000 1.340000 0.340000
v 0.220000 1.420000 0.340000
v 0.220000 1.420000 0.460000
vt 0.000000 0.000000
vt 1.000000 0.000000
vt 1.000000 1.000000
vt 0.000000 1.000000
f 2041/2041 2042/2042 2043/2043 2044/2044
v 0.780000 1.340000 0.340000
v 0.780000 1.340000 0.460000
v 0.780000 1.420000 0.460000
v 0.780000 1.420000 0.340000
vt 0.000000 0.000000
vt 1.000000 0.000000
vt 1.000000 1.000000
vt 0.000000 1.000000
f 2045/2045 2046/2046 2047/2047 2048/2048
v 0.220000 1.420000 0.340000
v 0.780000 1.420000 0.340000
v 0.780000 1.420000 0.460000
v 0.220000 1.420000 0.460000
vt 0.000000 0.000000
vt 1.000000 0.000000
vt 1.000000 1.000000
vt 0.000000 1.000000
f 2049/2049 2050/2050 2051/2051 2052/2052
v 0.220000 1.340000 0.460000
v 0.780000 1.340000 0.460000
v 0.780000 1.340000 0.340000
v 0.220000 1.340000 0.340000
vt 0.000000 0.000000
vt 1.000000 0.000000
vt 1.000000 1.000000
vt 0.000000 1.000000
f 2053/2053 2054/2054 2055/2055 2056/2056
