mtllib cable.mtl
o cable
s 1
usemtl dark
v 0.000000 0.020000 -0.160000
v 0.049443 0.020000 -0.152169
v 0.049443 0.080000 -0.152169
v 0.000000 0.080000 -0.160000
vt 0.000000 0.000000
vt 0.050000 0.000000
vt 0.050000 1.000000
vt 0.000000 1.000000
f 1/1 2/2 3/3 4/4
v 0.000000 0.020000 0.000000
v 0.049443 0.020000 -0.152169
v 0.000000 0.020000 -0.160000
vt 0.000000 0.000000
vt 1.000000 0.000000
vt 1.000000 1.000000
f 5/5 6/6 7/7
v 0.000000 0.080000 0.000000
v 0.000000 0.080000 -0.160000
v 0.049443 0.080000 -0.152169
vt 0.000000 0.000000
vt 1.000000 0.000000
vt 1.000000 1.000000
f 8/8 9/9 10/10
v 0.049443 0.020000 -0.152169
v 0.094046 0.020000 -0.129443
v 0.094046 0.080000 -0.129443
v 0.049443 0.080000 -0.152169
vt 0.050000 0.000000
vt 0.100000 0.000000
vt 0.100000 1.000000
vt 0.050000 1.000000
f 11/11 12/12 13/13 14/14
v 0.000000 0.020000 0.000000
v 0.094046 0.020000 -0.129443
v 0.049443 0.020000 -0.152169
vt 0.000000 0.000000
vt 1.000000 0.000000
vt 1.000000 1.000000
f 15/15 16/16 17/17
v 0.000000 0.080000 0.000000
v 0.049443 0.080000 -0.152169
v 0.094046 0.080000 -0.129443
vt 0.000000 0.000000
vt 1.000000 0.000000
vt 1.000000 1.000000
f 18/18 19/19 20/20
v 0.094046 0.020000 -0.129443
v 0.129443 0.020000 -0.094046
v 0.129443 0.080000 -0.094046
v 0.094046 0.080000 -0.129443
vt 0.100000 0.000000
vt 0.150000 0.000000
vt 0.150000 1.000000
vt 0.100000 1.000000
f 21/21 22/22 23/23 24/24
v 0.000000 0.020000 0.000000
v 0.129443 0.020000 -0.094046
v 0.094046 0.020000 -0.129443
vt 0.000000 0.000000
vt 1.000000 0.000000
vt 1.000000 1.000000
f 25/25 26/26 27/27
v 0.000000 0.080000 0.000000
v 0.094046 0.080000 -0.129443
v 0.129443 0.080000 -0.094046
vt 0.000000 0.000000
vt 1.000000 0.000000
vt 1.000000 1.000000
f 28/28 29/29 30/30
v 0.129443 0.020000 -0.094046
v 0.152169 0.020000 -0.049443
v 0.152169 0.080000 -0.049443
v 0.129443 0.080000 -0.094046
vt 0.150000 0.000000
vt 0.200000 0.000000
vt 0.200000 1.000000
vt 0.150000 1.000000
f 31/31 32/32 33/33 34/34
v 0.000000 0.020000 0.000000
v 0.152169 0.020000 -0.049443
v 0.129443 0.020000 -0.094046
vt 0.000000 0.000000
vt 1.000000 0.000000
vt 1.000000 1.000000
f 35/35 36/36 37/37
v 0.000000 0.080000 0.000000
v 0.129443 0.080000 -0.094046
v 0.152169 0.080000 -0.049443
vt 0.000000 0.000000
vt 1.000000 0.000000
vt 1.000000 1.000000
f 38/38 39/39 40/40
v 0.152169 0.020000 -0.049443
v 0.160000 0.020000 -0.000000
v 0.160000 0.080000 -0.000000
v 0.152169 0.080000 -0.049443
vt 0.200000 0.000000
vt 0.250000 0.000000
vt 0.250000 1.000000
vt 0.200000 1.000000
f 41/41 42/42 43/43 44/44
v 0.000000 0.020000 0.000000
v 0.160000 0.020000 -0.000000
v 0.152169 0.020000 -0.049443
vt 0.000000 0.000000
vt 1.000000 0.000000
vt 1.000000 1.000000
f 45/45 46/46 47/47
v 0.000000 0.080000 0.000000
v 0.152169 0.080000 -0.049443
v 0.160000 0.080000 -0.000000
vt 0.000000 0.000000
vt 1.000000 0.000000
vt 1.000000 1.000000
f 48/48 49/49 50/50
v 0.160000 0.020000 -0.000000
v 0.152169 0.020000 0.049443
v 0.152169 0.080000 0.049443
v 0.160000 0.080000 -0.000000
vt 0.250000 0.000000
vt 0.300000 0.000000
vt 0.300000 1.000000
vt 0.250000 1.000000
f 51/51 52/52 53/53 54/54
v 0.000000 0.020000 0.000000
v 0.152169 0.020000 0.049443
v 0.160000 0.020000 -0.000000
vt 0.000000 0.000000
vt 1.000000 0.000000
vt 1.000000 1.000000
f 55/55 56/56 57/57
v 0.000000 0.080000 0.000000
v 0.160000 0.080000 -0.000000
v 0.152169 0.080000 0.049443
vt 0.000000 0.000000
vt 1.000000 0.000000
vt 1.000000 1.000000
f 58/58 59/59 60/60
v 0.152169 0.020000 0.049443
v 0.129443 0.020000 0.094046
v 0.129443 0.080000 0.094046
v 0.152169 0.080000 0.049443
vt 0.300000 0.000000
vt 0.350000 0.000000
vt 0.350000 1.000000
vt 0.300000 1.000000
f 61/61 62/62 63/63 64/64
v 0.000000 0.020000 0.000000
v 0.129443 0.020000 0.094046
v 0.152169 0.020000 0.049443
vt 0.000000 0.000000
vt 1.000000 0.000000
vt 1.000000 1.000000
f 65/65 66/66 67/67
v 0.000000 0.080000 0.000000
v 0.152169 0.080000 0.049443
v 0.129443 0.080000 0.094046
vt 0.000000 0.000000
vt 1.000000 0.000000
vt 1.000000 1.000000
f 68/68 69/69 70/70
v 0.129443 0.020000 0.094046
v 0.094046 0.020000 0.129443
v 0.094046 0.080000 0.129443
v 0.129443 0.080000 0.094046
vt 0.350000 0.000000
vt 0.400000 0.000000
vt 0.400000 1.000000
vt 0.350000 1.000000
f 71/71 72/72 73/73 74/74
v 0.000000 0.020000 0.000000
v 0.094046 0.020000 0.129443
v 0.129443 0.020000 0.094046
vt 0.000000 0.000000
vt 1.000000 0.000000
vt 1.000000 1.000000
f 75/75 76/76 77/77
v 0.000000 0.080000 0.000000
v 0.129443 0.080000 0.094046
v 0.094046 0.080000 0.129443
vt 0.000000 0.000000
vt 1.000000 0.000000
vt 1.000000 1.000000
f 78/78 79/79 80/80
v 0.094046 0.020000 0.129443
v 0.049443 0.020000 0.152169
v 0.049443 0.080000 0.152169
v 0.094046 0.080000 0.129443
vt 0.400000 0.000000
vt 0.450000 0.000000
vt 0.450000 1.000000
vt 0.400000 1.000000
f 81/81 82/82 83/83 84/84
v 0.000000 0.020000 0.000000
v 0.049443 0.020000 0.152169
v 0.094046 0.020000 0.129443
vt 0.000000 0.000000
vt 1.000000 0.000000
vt 1.000000 1.000000
f 85/85 86/86 87/87
v 0.000000 0.080000 0.000000
v 0.094046 0.080000 0.129443
v 0.049443 0.080000 0.152169
vt 0.000000 0.000000
vt 1.000000 0.000000
vt 1.000000 1.000000
f 88/88 89/89 90/90
v 0.049443 0.020000 0.152169
v 0.000000 0.020000 0.160000
v 0.000000 0.080000 0.160000
v 0.049443 0.080000 0.152169
vt 0.450000 0.000000
vt 0.500000 0.000000
vt 0.500000 1.000000
vt 0.450000 1.000000
f 91/91 92/92 93/93 94/94
v 0.000000 0.020000 0.000000
v 0.000000 0.020000 0.160000
v 0.049443 0.020000 0.152169
vt 0.000000 0.000000
vt 1.000000 0.000000
vt 1.000000 1.000000
f 95/95 96/96 97/97
v 0.000000 0.080000 0.000000
v 0.049443 0.080000 0.152169
v 0.000000 0.080000 0.160000
vt 0.000000 0.000000
vt 1.000000 0.000000
vt 1.000000 1.000000
f 98/98 99/99 100/100
v 0.000000 0.020000 0.160000
v -0.049443 0.020000 0.152169
v -0.049443 0.080000 0.152169
v 0.000000 0.080000 0.160000
vt 0.500000 0.000000
vt 0.550000 0.000000
vt 0.550000 1.000000
vt 0.500000 1.000000
f 101/101 102/102 103/103 104/104
v 0.000000 0.020000 0.000000
v -0.049443 0.020000 0.152169
v 0.000000 0.020000 0.160000
vt 0.000000 0.000000
vt 1.000000 0.000000
vt 1.000000 1.000000
f 105/105 106/106 107/107
v 0.000000 0.080000 0.000000
v 0.000000 0.080000 0.160000
v -0.049443 0.080000 0.152169
vt 0.000000 0.000000
vt 1.000000 0.000000
vt 1.000000 1.000000
f 108/108 109/109 110/110
v -0.049443 0.020000 0.152169
v -0.094046 0.020000 0.129443
v -0.094046 0.080000 0.129443
v -0.049443 0.080000 0.152169
vt 0.550000 0.000000
vt 0.600000 0.000000
vt 0.600000 1.000000
vt 0.550000 1.000000
f 111/111 112/112 113/113 114/114
v 0.000000 0.020000 0.000000
v -0.094046 0.020000 0.129443
v -0.049443 0.020000 0.152169
vt 0.000000 0.000000
vt 1.000000 0.000000
vt 1.000000 1.000000
f 115/115 116/116 117/117
v 0.000000 0.080000 0.000000
v -0.049443 0.080000 0.152169
v -0.094046 0.080000 0.129443
vt 0.000000 0.000000
vt 1.000000 0.000000
vt 1.000000 1.000000
f 118/118 119/119 120/120
v -0.094046 0.020000 0.129443
v -0.129443 0.020000 0.094046
v -0.129443 0.080000 0.094046
v -0.094046 0.080000 0.129443
vt 0.600000 0.000000
vt 0.650000 0.000000
vt 0.650000 1.000000
vt 0.600000 1.000000
f 121/121 122/122 123/123 124/124
v 0.000000 0.020000 0.000000
v -0.129443 0.020000 0.094046
v -0.094046 0.020000 0.129443
vt 0.000000 0.000000
vt 1.000000 0.000000
vt 1.000000 1.000000
f 125/125 126/126 127/127
v 0.000000 0.080000 0.000000
v -0.094046 0.080000 0.129443
v -0.129443 0.080000 0.094046
vt 0.000000 0.000000
vt 1.000000 0.000000
vt 1.000000 1.000000
f 128/128 129/129 130/130
v -0.129443 0.020000 0.094046
v -0.152169 0.020000 0.049443
v -0.152169 0.080000 0.049443
v -0.129443 0.080000 0.094046
vt 0.650000 0.000000
vt 0.700000 0.000000
vt 0.700000 1.000000
vt 0.650000 1.000000
f 131/131 132/132 133/133 134/134
v 0.000000 0.020000 0.000000
v -0.152169 0.020000 0.049443
v -0.129443 0.020000 0.094046
vt 0.000000 0.000000
vt 1.000000 0.000000
vt 1.000000 1.000000
f 135/135 136/136 137/137
v 0.000000 0.080000 0.000000
v -0.129443 0.080000 0.094046
v -0.152169 0.080000 0.049443
vt 0.000000 0.000000
vt 1.000000 0.000000
vt 1.000000 1.000000
f 138/138 139/139 140/140
v -0.152169 0.020000 0.049443
v -0.160000 0.020000 0.000000
v -0.160000 0.080000 0.000000
v -0.152169 0.080000 0.049443
vt 0.700000 0.000000
vt 0.750000 0.000000
vt 0.750000 1.000000
vt 0.700000 1.000000
f 141/141 142/142 143/143 144/144
v 0.000000 0.020000 0.000000
v -0.160000 0.020000 0.000000
v -0.152169 0.020000 0.049443
vt 0.000000 0.000000
vt 1.000000 0.000000
vt 1.000000 1.000000
f 145/145 146/146 147/147
v 0.000000 0.080000 0.000000
v -0.152169 0.080000 0.049443
v -0.160000 0.080000 0.000000
vt 0.000000 0.000000
vt 1.000000 0.000000
vt 1.000000 1.000000
f 148/148 149/149 150/150
v -0.160000 0.020000 0.000000
v -0.152169 0.020000 -0.049443
v -0.152169 0.080000 -0.049443
v -0.160000 0.080000 0.000000
vt 0.750000 0.000000
vt 0.800000 0.000000
vt 0.800000 1.000000
vt 0.750000 1.000000
f 151/151 152/152 153/153 154/154
v 0.000000 0.020000 0.000000
v -0.152169 0.020000 -0.049443
v -0.160000 0.020000 0.000000
vt 0.000000 0.000000
vt 1.000000 0.000000
vt 1.000000 1.000000
f 155/155 156/156 157/157
v 0.000000 0.080000 0.000000
v -0.160000 0.080000 0.000000
v -0.152169 0.080000 -0.049443
vt 0.000000 0.000000
vt 1.000000 0.000000
vt 1.000000 1.000000
f 158/158 159/159 160/160
v -0.152169 0.020000 -0.049443
v -0.129443 0.020000 -0.094046
v -0.129443 0.080000 -0.094046
v -0.152169 0.080000 -0.049443
vt 0.800000 0.000000
vt 0.850000 0.000000
vt 0.850000 1.000000
vt 0.800000 1.000000
f 161/161 162/162 163/163 164/164
v 0.000000 0.020000 0.000000
v -0.129443 0.020000 -0.094046
v -0.152169 0.020000 -0.049443
vt 0.000000 0.000000
vt 1.000000 0.000000
vt 1.000000 1.000000
f 165/165 166/166 167/167
v 0.000000 0.080000 0.000000
v -0.152169 0.080000 -0.049443
v -0.129443 0.080000 -0.094046
vt 0.000000 0.000000
vt 1.000000 0.000000
vt 1.000000 1.000000
f 168/168 169/169 170/170
v -0.129443 0.020000 -0.094046
v -0.094046 0.020000 -0.129443
v -0.094046 0.080000 -0.129443
v -0.129443 0.080000 -0.094046
vt 0.850000 0.000000
vt 0.900000 0.000000
vt 0.900000 1.000000
vt 0.850000 1.000000
f 171/171 172/172 173/173 174/174
v 0.000000 0.020000 0.000000
v -0.094046 0.020000 -0.129443
v -0.129443 0.020000 -0.094046
vt 0.000000 0.000000
vt 1.000000 0.000000
vt 1.000000 1.000000
f 175/175 176/176 177/177
v 0.000000 0.080000 0.000000
v -0.129443 0.080000 -0.094046
v -0.094046 0.080000 -0.129443
vt 0.000000 0.000000
vt 1.000000 0.000000
vt 1.000000 1.000000
f 178/178 179/179 180/180
v -0.094046 0.020000 -0.129443
v -0.049443 0.020000 -0.152169
v -0.049443 0.080000 -0.152169
v -0.094046 0.080000 -0.129443
vt 0.900000 0.000000
vt 0.950000 0.000000
vt 0.950000 1.000000
vt 0.900000 1.000000
f 181/181 182/182 183/183 184/184
v 0.000000 0.020000 0.000000
v -0.049443 0.020000 -0.152169
v -0.094046 0.020000 -0.129443
vt 0.000000 0.000000
vt 1.000000 0.000000
vt 1.000000 1.000000
f 185/185 186/186 187/187
v 0.000000 0.080000 0.000000
v -0.094046 0.080000 -0.129443
v -0.049443 0.080000 -0.152169
vt 0.000000 0.000000
vt 1.000000 0.000000
vt 1.000000 1.000000
f 188/188 189/189 190/190
v -0.049443 0.020000 -0.152169
v -0.000000 0.020000 -0.160000
v -0.000000 0.080000 -0.160000
v -0.049443 0.080000 -0.152169
vt 0.950000 0.000000
vt 1.000000 0.000000
vt 1.000000 1.000000
vt 0.950000 1.000000
f 191/191 192/192 193/193 194/194
v 0.000000 0.020000 0.000000
v -0.000000 0.020000 -0.160000
v -0.049443 0.020000 -0.152169
vt 0.000000 0.000000
vt 1.000000 0.000000
vt 1.000000 1.000000
f 195/195 196/196 197/197
v 0.000000 0.080000 0.000000
v -0.049443 0.080000 -0.152169
v -0.000000 0.080000 -0.160000
vt 0.000000 0.000000
vt 1.000000 0.000000
vt 1.000000 1.000000
f 198/198 199/199 200/200
v 0.000000 0.220000 -0.160000
v 0.049443 0.220000 -0.152169
v 0.049443 0.280000 -0.152169
v 0.000000 0.280000 -0.160000
vt 0.000000 0.000000
vt 0.050000 0.000000
vt 0.050000 1.000000
vt 0.000000 1.000000
f 201/201 202/202 203/203 204/204
v 0.000000 0.220000 0.000000
v 0.049443 0.220000 -0.152169
v 0.000000 0.220000 -0.160000
vt 0.000000 0.000000
vt 1.000000 0.000000
vt 1.000000 1.000000
f 205/205 206/206 207/207
v 0.000000 0.280000 0.000000
v 0.000000 0.280000 -0.160000
v 0.049443 0.280000 -0.152169
vt 0.000000 0.000000
vt 1.000000 0.000000
vt 1.000000 1.000000
f 208/208 209/209 210/210
v 0.049443 0.220000 -0.152169
v 0.094046 0.220000 -0.129443
v 0.094046 0.280000 -0.129443
v 0.049443 0.280000 -0.152169
vt 0.050000 0.000000
vt 0.100000 0.000000
vt 0.100000 1.000000
vt 0.050000 1.000000
f 211/211 212/212 213/213 214/214
v 0.000000 0.220000 0.000000
v 0.094046 0.220000 -0.129443
v 0.049443 0.220000 -0.152169
vt 0.000000 0.000000
vt 1.000000 0.000000
vt 1.000000 1.000000
f 215/215 216/216 217/217
v 0.000000 0.280000 0.000000
v 0.049443 0.280000 -0.152169
v 0.094046 0.280000 -0.129443
vt 0.000000 0.000000
vt 1.000000 0.000000
vt 1.000000 1.000000
f 218/218 219/219 220/220
v 0.094046 0.220000 -0.129443
v 0.129443 0.220000 -0.094046
v 0.129443 0.280000 -0.094046
v 0.094046 0.280000 -0.129443
vt 0.100000 0.000000
vt 0.150000 0.000000
vt 0.150000 1.000000
vt 0.100000 1.000000
f 221/221 222/222 223/223 224/224
v 0.000000 0.220000 0.000000
v 0.129443 0.220000 -0.094046
v 0.094046 0.220000 -0.129443
vt 0.000000 0.000000
vt 1.000000 0.000000
vt 1.000000 1.000000
f 225/225 226/226 227/227
v 0.000000 0.280000 0.000000
v 0.094046 0.280000 -0.129443
v 0.129443 0.280000 -0.094046
vt 0.000000 0.000000
vt 1.000000 0.000000
vt 1.000000 1.000000
f 228/228 229/229 230/230
v 0.129443 0.220000 -0.094046
v 0.152169 0.220000 -0.049443
v 0.152169 0.280000 -0.049443
v 0.129443 0.280000 -0.094046
vt 0.150000 0.000000
vt 0.200000 0.000000
vt 0.200000 1.000000
vt 0.150000 1.000000
f 231/231 232/232 233/233 234/234
v 0.000000 0.220000 0.000000
v 0.152169 0.220000 -0.049443
v 0.129443 0.220000 -0.094046
vt 0.000000 0.000000
vt 1.000000 0.000000
vt 1.000000 1.000000
f 235/235 236/236 237/237
v 0.000000 0.280000 0.000000
v 0.129443 0.280000 -0.094046
v 0.152169 0.280000 -0.049443
vt 0.000000 0.000000
vt 1.000000 0.000000
vt 1.000000 1.000000
f 238/238 239/239 240/240
v 0.152169 0.220000 -0.049443
v 0.160000 0.220000 -0.000000
v 0.160000 0.280000 -0.000000
v 0.152169 0.280000 -0.049443
vt 0.200000 0.000000
vt 0.250000 0.000000
vt 0.250000 1.000000
vt 0.200000 1.000000
f 241/241 242/242 243/243 244/244
v 0.000000 0.220000 0.000000
v 0.160000 0.220000 -0.000000
v 0.152169 0.220000 -0.049443
vt 0.000000 0.000000
vt 1.000000 0.000000
vt 1.000000 1.000000
f 245/245 246/246 247/247
v 0.000000 0.280000 0.000000
v 0.152169 0.280000 -0.049443
v 0.160000 0.280000 -0.000000
vt 0.000000 0.000000
vt 1.000000 0.000000
vt 1.000000 1.000000
f 248/248 249/249 250/250
v 0.160000 0.220000 -0.000000
v 0.152169 0.220000 0.049443
v 0.152169 0.280000 0.049443
v 0.160000 0.280000 -0.000000
vt 0.250000 0.000000
vt 0.300000 0.000000
vt 0.300000 1.000000
vt 0.250000 1.000000
f 251/251 252/252 253/253 254/254
v 0.000000 0.220000 0.000000
v 0.152169 0.220000 0.049443
v 0.160000 0.220000 -0.000000
vt 0.000000 0.000000
vt 1.000000 0.000000
vt 1.000000 1.000000
f 255/255 256/256 257/257
v 0.000000 0.280000 0.000000
v 0.160000 0.280000 -0.000000
v 0.152169 0.280000 0.049443
vt 0.000000 0.000000
vt 1.000000 0.000000
vt 1.000000 1.000000
f 258/258 259/259 260/260
v 0.152169 0.220000 0.049443
v 0.129443 0.220000 0.094046
v 0.129443 0.280000 0.094046
v 0.152169 0.280000 0.049443
vt 0.300000 0.000000
vt 0.350000 0.000000
vt 0.350000 1.000000
vt 0.300000 1.000000
f 261/261 262/262 263/263 264/264
v 0.000000 0.220000 0.000000
v 0.129443 0.220000 0.094046
v 0.152169 0.220000 0.049443
vt 0.000000 0.000000
vt 1.000000 0.000000
vt 1.000000 1.000000
f 265/265 266/266 267/267
v 0.000000 0.280000 0.000000
v 0.152169 0.280000 0.049443
v 0.129443 0.280000 0.094046
vt 0.000000 0.000000
vt 1.000000 0.000000
vt 1.000000 1.000000
f 268/268 269/269 270/270
v 0.129443 0.220000 0.094046
v 0.094046 0.220000 0.129443
v 0.094046 0.280000 0.129443
v 0.129443 0.280000 0.094046
vt 0.350000 0.000000
vt 0.400000 0.000000
vt 0.400000 1.000000
vt 0.350000 1.000000
f 271/271 272/272 273/273 274/274
v 0.000000 0.220000 0.000000
v 0.094046 0.220000 0.129443
v 0.129443 0.220000 0.094046
vt 0.000000 0.000000
vt 1.000000 0.000000
vt 1.000000 1.000000
f 275/275 276/276 277/277
v 0.000000 0.280000 0.000000
v 0.129443 0.280000 0.094046
v 0.094046 0.280000 0.129443
vt 0.000000 0.000000
vt 1.000000 0.000000
vt 1.000000 1.000000
f 278/278 279/279 280/280
v 0.094046 0.220000 0.129443
v 0.049443 0.220000 0.152169
v 0.049443 0.280000 0.152169
v 0.094046 0.280000 0.129443
vt 0.400000 0.000000
vt 0.450000 0.000000
vt 0.450000 1.000000
vt 0.400000 1.000000
f 281/281 282/282 283/283 284/284
v 0.000000 0.220000 0.000000
v 0.049443 0.220000 0.152169
v 0.094046 0.220000 0.129443
vt 0.000000 0.000000
vt 1.000000 0.000000
vt 1.000000 1.000000
f 285/285 286/286 287/287
v 0.000000 0.280000 0.000000
v 0.094046 0.280000 0.129443
v 0.049443 0.280000 0.152169
vt 0.000000 0.000000
vt 1.000000 0.000000
vt 1.000000 1.000000
f 288/288 289/289 290/290
v 0.049443 0.220000 0.152169
v 0.000000 0.220000 0.160000
v 0.000000 0.280000 0.160000
v 0.049443 0.280000 0.152169
vt 0.450000 0.000000
vt 0.500000 0.000000
vt 0.500000 1.000000
vt 0.450000 1.000000
f 291/291 292/292 293/293 294/294
v 0.000000 0.220000 0.000000
v 0.000000 0.220000 0.160000
v 0.049443 0.220000 0.152169
vt 0.000000 0.000000
vt 1.000000 0.000000
vt 1.000000 1.000000
f 295/295 296/296 297/297
v 0.000000 0.280000 0.000000
v 0.049443 0.280000 0.152169
v 0.000000 0.280000 0.160000
vt 0.000000 0.000000
vt 1.000000 0.000000
vt 1.000000 1.000000
f 298/298 299/299 300/300
v 0.000000 0.220000 0.160000
v -0.049443 0.220000 0.152169
v -0.049443 0.280000 0.152169
v 0.000000 0.280000 0.160000
vt 0.500000 0.000000
vt 0.550000 0.000000
vt 0.550000 1.000000
vt 0.500000 1.000000
f 301/301 302/302 303/303 304/304
v 0.000000 0.220000 0.000000
v -0.049443 0.220000 0.152169
v 0.000000 0.220000 0.160000
vt 0.000000 0.000000
vt 1.000000 0.000000
vt 1.000000 1.000000
f 305/305 306/306 307/307
v 0.000000 0.280000 0.000000
v 0.000000 0.280000 0.160000
v -0.049443 0.280000 0.152169
vt 0.000000 0.000000
vt 1.000000 0.000000
vt 1.000000 1.000000
f 308/308 309/309 310/310
v -0.049443 0.220000 0.152169
v -0.094046 0.220000 0.129443
v -0.094046 0.280000 0.129443
v -0.049443 0.280000 0.152169
vt 0.550000 0.000000
vt 0.600000 0.000000
vt 0.600000 1.000000
vt 0.550000 1.000000
f 311/311 312/312 313/313 314/314
v 0.000000 0.220000 0.000000
v -0.094046 0.220000 0.129443
v -0.049443 0.220000 0.152169
vt 0.000000 0.000000
vt 1.000000 0.000000
vt 1.000000 1.000000
f 315/315 316/316 317/317
v 0.000000 0.280000 0.000000
v -0.049443 0.280000 0.152169
v -0.094046 0.280000 0.129443
vt 0.000000 0.000000
vt 1.000000 0.000000
vt 1.000000 1.000000
f 318/318 319/319 320/320
v -0.094046 0.220000 0.129443
v -0.129443 0.220000 0.094046
v -0.129443 0.280000 0.094046
v -0.094046 0.280000 0.129443
vt 0.600000 0.000000
vt 0.650000 0.000000
vt 0.650000 1.000000
vt 0.600000 1.000000
f 321/321 322/322 323/323 324/324
v 0.000000 0.220000 0.000000
v -0.129443 0.220000 0.094046
v -0.094046 0.220000 0.129443
vt 0.000000 0.000000
vt 1.000000 0.000000
vt 1.000000 1.000000
f 325/325 326/326 327/327
v 0.000000 0.280000 0.000000
v -0.094046 0.280000 0.129443
v -0.129443 0.280000 0.094046
vt 0.000000 0.000000
vt 1.000000 0.000000
vt 1.000000 1.000000
f 328/328 329/329 330/330
v -0.129443 0.220000 0.094046
v -0.152169 0.220000 0.049443
v -0.152169 0.280000 0.049443
v -0.129443 0.280000 0.094046
vt 0.650000 0.000000
vt 0.700000 0.000000
vt 0.700000 1.000000
vt 0.650000 1.000000
f 331/331 332/332 333/333 334/334
v 0.000000 0.220000 0.000000
v -0.152169 0.220000 0.049443
v -0.129443 0.220000 0.094046
vt 0.000000 0.000000
vt 1.000000 0.000000
vt 1.000000 1.000000
f 335/335 336/336 337/337
v 0.000000 0.280000 0.000000
v -0.129443 0.280000 0.094046
v -0.152169 0.280000 0.049443
vt 0.000000 0.000000
vt 1.000000 0.000000
vt 1.000000 1.000000
f 338/338 339/339 340/340
v -0.152169 0.220000 0.049443
v -0.160000 0.220000 0.000000
v -0.160000 0.280000 0.000000
v -0.152169 0.280000 0.049443
vt 0.700000 0.000000
vt 0.750000 0.000000
vt 0.750000 1.000000
vt 0.700000 1.000000
f 341/341 342/342 343/343 344/344
v 0.000000 0.220000 0.000000
v -0.160000 0.220000 0.000000
v -0.152169 0.220000 0.049443
vt 0.000000 0.000000
vt 1.000000 0.000000
vt 1.000000 1.000000
f 345/345 346/346 347/347
v 0.000000 0.280000 0.000000
v -0.152169 0.280000 0.049443
v -0.160000 0.280000 0.000000
vt 0.000000 0.000000
vt 1.000000 0.000000
vt 1.000000 1.000000
f 348/348 349/349 350/350
v -0.160000 0.220000 0.000000
v -0.152169 0.220000 -0.049443
v -0.152169 0.280000 -0.049443
v -0.160000 0.280000 0.000000
vt 0.750000 0.000000
vt 0.800000 0.000000
vt 0.800000 1.000000
vt 0.750000 1.000000
f 351/351 352/352 353/353 354/354
v 0.000000 0.220000 0.000000
v -0.152169 0.220000 -0.049443
v -0.160000 0.220000 0.000000
vt 0.000000 0.000000
vt 1.000000 0.000000
vt 1.000000 1.000000
f 355/355 356/356 357/357
v 0.000000 0.280000 0.000000
v -0.160000 0.280000 0.000000
v -0.152169 0.280000 -0.049443
vt 0.000000 0.000000
vt 1.000000 0.000000
vt 1.000000 1.000000
f 358/358 359/359 360/360
v -0.152169 0.220000 -0.049443
v -0.129443 0.220000 -0.094046
v -0.129443 0.280000 -0.094046
v -0.152169 0.280000 -0.049443
vt 0.800000 0.000000
vt 0.850000 0.000000
vt 0.850000 1.000000
vt 0.800000 1.000000
f 361/361 362/362 363/363 364/364
v 0.000000 0.220000 0.000000
v -0.129443 0.220000 -0.094046
v -0.152169 0.220000 -0.049443
vt 0.000000 0.000000
vt 1.000000 0.000000
vt 1.000000 1.000000
f 365/365 366/366 367/367
v 0.000000 0.280000 0.000000
v -0.152169 0.280000 -0.049443
v -0.129443 0.280000 -0.094046
vt 0.000000 0.000000
vt 1.000000 0.000000
vt 1.000000 1.000000
f 368/368 369/369 370/370
v -0.129443 0.220000 -0.094046
v -0.094046 0.220000 -0.129443
v -0.094046 0.280000 -0.129443
v -0.129443 0.280000 -0.094046
vt 0.850000 0.000000
vt 0.900000 0.000000
vt 0.900000 1.000000
vt 0.850000 1.000000
f 371/371 372/372 373/373 374/374
v 0.000000 0.220000 0.000000
v -0.094046 0.220000 -0.129443
v -0.129443 0.220000 -0.094046
vt 0.000000 0.000000
vt 1.000000 0.000000
vt 1.000000 1.000000
f 375/375 376/376 377/377
v 0.000000 0.280000 0.000000
v -0.129443 0.280000 -0.094046
v -0.094046 0.280000 -0.129443
vt 0.000000 0.000000
vt 1.000000 0.000000
vt 1.000000 1.000000
f 378/378 379/379 380/380
v -0.094046 0.220000 -0.129443
v -0.049443 0.220000 -0.152169
v -0.049443 0.280000 -0.152169
v -0.094046 0.280000 -0.129443
vt 0.900000 0.000000
vt 0.950000 0.000000
vt 0.950000 1.000000
vt 0.900000 1.000000
f 381/381 382/382 383/383 384/384
v 0.000000 0.220000 0.000000
v -0.049443 0.220000 -0.152169
v -0.094046 0.220000 -0.129443
vt 0.000000 0.000000
vt 1.000000 0.000000
vt 1.000000 1.000000
f 385/385 386/386 387/387
v 0.000000 0.280000 0.000000
v -0.094046 0.280000 -0.129443
v -0.049443 0.280000 -0.152169
vt 0.000000 0.000000
vt 1.000000 0.000000
vt 1.000000 1.000000
f 388/388 389/389 390/390
v -0.049443 0.220000 -0.152169
v -0.000000 0.220000 -0.160000
v -0.000000 0.280000 -0.160000
v -0.049443 0.280000 -0.152169
vt 0.950000 0.000000
vt 1.000000 0.000000
vt 1.000000 1.000000
vt 0.950000 1.000000
f 391/391 392/392 393/393 394/394
v 0.000000 0.220000 0.000000
v -0.000000 0.220000 -0.160000
v -0.049443 0.220000 -0.152169
vt 0.000000 0.000000
vt 1.000000 0.000000
vt 1.000000 1.000000
f 395/395 396/396 397/397
v 0.000000 0.280000 0.000000
v -0.049443 0.280000 -0.152169
v -0.000000 0.280000 -0.160000
vt 0.000000 0.000000
vt 1.000000 0.000000
vt 1.000000 1.000000
f 398/398 399/399 400/400
usemtl body
v 0.000000 0.040000 -0.040000
v 0.020000 0.040000 -0.034641
v 0.020000 0.260000 -0.034641
v 0.000000 0.260000 -0.040000
vt 0.000000 0.000000
vt 0.083333 0.000000
vt 0.083333 1.000000
vt 0.000000 1.000000
f 401/401 402/402 403/403 404/404
v 0.000000 0.040000 0.000000
v 0.020000 0.040000 -0.034641
v 0.000000 0.040000 -0.040000
vt 0.000000 0.000000
vt 1.000000 0.000000
vt 1.000000 1.000000
f 405/405 406/406 407/407
v 0.000000 0.260000 0.000000
v 0.000000 0.260000 -0.040000
v 0.020000 0.260000 -0.034641
vt 0.000000 0.000000
vt 1.000000 0.000000
vt 1.000000 1.000000
f 408/408 409/409 410/410
v 0.020000 0.040000 -0.034641
v 0.034641 0.040000 -0.020000
v 0.034641 0.260000 -0.020000
v 0.020000 0.260000 -0.034641
vt 0.083333 0.000000
vt 0.166667 0.000000
vt 0.166667 1.000000
vt 0.083333 1.000000
f 411/411 412/412 413/413 414/414
v 0.000000 0.040000 0.000000
v 0.034641 0.040000 -0.020000
v 0.020000 0.040000 -0.034641
vt 0.000000 0.000000
vt 1.000000 0.000000
vt 1.000000 1.000000
f 415/415 416/416 417/417
v 0.000000 0.260000 0.000000
v 0.020000 0.260000 -0.034641
v 0.034641 0.260000 -0.020000
vt 0.000000 0.000000
vt 1.000000 0.000000
vt 1.000000 1.000000
f 418/418 419/419 420/420
v 0.034641 0.040000 -0.020000
v 0.040000 0.040000 -0.000000
v 0.040000 0.260000 -0.000000
v 0.034641 0.260000 -0.020000
vt 0.166667 0.000000
vt 0.250000 0.000000
vt 0.250000 1.000000
vt 0.166667 1.000000
f 421/421 422/422 423/423 424/424
v 0.000000 0.040000 0.000000
v 0.040000 0.040000 -0.000000
v 0.034641 0.040000 -0.020000
vt 0.000000 0.000000
vt 1.000000 0.000000
vt 1.000000 1.000000
f 425/425 426/426 427/427
v 0.000000 0.260000 0.000000
v 0.034641 0.260000 -0.020000
v 0.040000 0.260000 -0.000000
vt 0.000000 0.000000
vt 1.000000 0.000000
vt 1.000000 1.000000
f 428/428 429/429 430/430
v 0.040000 0.040000 -0.000000
v 0.034641 0.040000 0.020000
v 0.034641 0.260000 0.020000
v 0.040000 0.260000 -0.000000
vt 0.250000 0.000000
vt 0.333333 0.000000
vt 0.333333 1.000000
vt 0.250000 1.000000
f 431/431 432/432 433/433 434/434
v 0.000000 0.040000 0.000000
v 0.034641 0.040000 0.020000
v 0.040000 0.040000 -0.000000
vt 0.000000 0.000000
vt 1.000000 0.000000
vt 1.000000 1.000000
f 435/435 436/436 437/437
v 0.000000 0.260000 0.000000
v 0.040000 0.260000 -0.000000
v 0.034641 0.260000 0.020000
vt 0.000000 0.000000
vt 1.000000 0.000000
vt 1.000000 1.000000
f 438/438 439/439 440/440
v 0.034641 0.040000 0.020000
v 0.020000 0.040000 0.034641
v 0.020000 0.260000 0.034641
v 0.034641 0.260000 0.020000
vt 0.333333 0.000000
vt 0.416667 0.000000
vt 0.416667 1.000000
vt 0.333333 1.000000
f 441/441 442/442 443/443 444/444
v 0.000000 0.040000 0.000000
v 0.020000 0.040000 0.034641
v 0.034641 0.040000 0.020000
vt 0.000000 0.000000
vt 1.000000 0.000000
vt 1.000000 1.000000
f 445/445 446/446 447/447
v 0.000000 0.260000 0.000000
v 0.034641 0.260000 0.020000
v 0.020000 0.260000 0.034641
vt 0.000000 0.000000
vt 1.000000 0.000000
vt 1.000000 1.000000
f 448/448 449/449 450/450
v 0.020000 0.040000 0.034641
v 0.000000 0.040000 0.040000
v 0.000000 0.260000 0.040000
v 0.020000 0.260000 0.034641
vt 0.416667 0.000000
vt 0.500000 0.000000
vt 0.500000 1.000000
vt 0.416667 1.000000
f 451/451 452/452 453/453 454/454
v 0.000000 0.040000 0.000000
v 0.000000 0.040000 0.040000
v 0.020000 0.040000 0.034641
vt 0.000000 0.000000
vt 1.000000 0.000000
vt 1.000000 1.000000
f 455/455 456/456 457/457
v 0.000000 0.260000 0.000000
v 0.020000 0.260000 0.034641
v 0.000000 0.260000 0.040000
vt 0.000000 0.000000
vt 1.000000 0.000000
vt 1.000000 1.000000
f 458/458 459/459 460/460
v 0.000000 0.040000 0.040000
v -0.020000 0.040000 0.034641
v -0.020000 0.260000 0.034641
v 0.000000 0.260000 0.040000
vt 0.500000 0.000000
vt 0.583333 0.000000
vt 0.583333 1.000000
vt 0.500000 1.000000
f 461/461 462/462 463/463 464/464
v 0.000000 0.040000 0.000000
v -0.020000 0.040000 0.034641
v 0.000000 0.040000 0.040000
vt 0.000000 0.000000
vt 1.000000 0.000000
vt 1.000000 1.000000
f 465/465 466/466 467/467
v 0.000000 0.260000 0.000000
v 0.000000 0.260000 0.040000
v -0.020000 0.260000 0.034641
vt 0.000000 0.000000
vt 1.000000 0.000000
vt 1.000000 1.000000
f 468/468 469/469 470/470
v -0.020000 0.040000 0.034641
v -0.034641 0.040000 0.020000
v -0.034641 0.260000 0.020000
v -0.020000 0.260000 0.034641
vt 0.583333 0.000000
vt 0.666667 0.000000
vt 0.666667 1.000000
vt 0.583333 1.000000
f 471/471 472/472 473/473 474/474
v 0.000000 0.040000 0.000000
v -0.034641 0.040000 0.020000
v -0.020000 0.040000 0.034641
vt 0.000000 0.000000
vt 1.000000 0.000000
vt 1.000000 1.000000
f 475/475 476/476 477/477
v 0.000000 0.260000 0.000000
v -0.020000 0.260000 0.034641
v -0.034641 0.260000 0.020000
vt 0.000000 0.000000
vt 1.000000 0.000000
vt 1.000000 1.000000
f 478/478 479/479 480/480
v -0.034641 0.040000 0.020000
v -0.040000 0.040000 0.000000
v -0.040000 0.260000 0.000000
v -0.034641 0.260000 0.020000
vt 0.666667 0.000000
vt 0.750000 0.000000
vt 0.750000 1.000000
vt 0.666667 1.000000
f 481/481 482/482 483/483 484/484
v 0.000000 0.040000 0.000000
v -0.040000 0.040000 0.000000
v -0.034641 0.040000 0.020000
vt 0.000000 0.000000
vt 1.000000 0.000000
vt 1.000000 1.000000
f 485/485 486/486 487/487
v 0.000000 0.260000 0.000000
v -0.034641 0.260000 0.020000
v -0.040000 0.260000 0.000000
vt 0.000000 0.000000
vt 1.000000 0.000000
vt 1.000000 1.000000
f 488/488 489/489 490/490
v -0.040000 0.040000 0.000000
v -0.034641 0.040000 -0.020000
v -0.034641 0.260000 -0.020000
v -0.040000 0.260000 0.000000
vt 0.750000 0.000000
vt 0.833333 0.000000
vt 0.833333 1.000000
vt 0.750000 1.000000
f 491/491 492/492 493/493 494/494
v 0.000000 0.040000 0.000000
v -0.034641 0.040000 -0.020000
v -0.040000 0.040000 0.000000
vt 0.000000 0.000000
vt 1.000000 0.000000
vt 1.000000 1.000000
f 495/495 496/496 497/497
v 0.000000 0.260000 0.000000
v -0.040000 0.260000 0.000000
v -0.034641 0.260000 -0.020000
vt 0.000000 0.000000
vt 1.000000 0.000000
vt 1.000000 1.000000
f 498/498 499/499 500/500
v -0.034641 0.040000 -0.020000
v -0.020000 0.040000 -0.034641
v -0.020000 0.260000 -0.034641
v -0.034641 0.260000 -0.020000
vt 0.833333 0.000000
vt 0.916667 0.000000
vt 0.916667 1.000000
vt 0.833333 1.000000
f 501/501 502/502 503/503 504/504
v 0.000000 0.040000 0.000000
v -0.020000 0.040000 -0.034641
v -0.034641 0.040000 -0.020000
vt 0.000000 0.000000
vt 1.000000 0.000000
vt 1.000000 1.000000
f 505/505 506/506 507/507
v 0.000000 0.260000 0.000000
v -0.034641 0.260000 -0.020000
v -0.020000 0.260000 -0.034641
vt 0.000000 0.000000
vt 1.000000 0.000000
vt 1.000000 1.000000
f 508/508 509/509 510/510
v -0.020000 0.040000 -0.034641
v -0.000000 0.040000 -0.040000
v -0.000000 0.260000 -0.040000
v -0.020000 0.260000 -0.034641
vt 0.916667 0.000000
vt 1.000000 0.000000
vt 1.000000 1.000000
vt 0.916667 1.000000
f 511/511 512/512 513/513 514/514
v 0.000000 0.040000 0.000000
v -0.000000 0.040000 -0.040000
v -0.020000 0.040000 -0.034641
vt 0.000000 0.000000
vt 1.000000 0.000000
vt 1.000000 1.000000
f 515/515 516/516 517/517
v 0.000000 0.260000 0.000000
v -0.020000 0.260000 -0.034641
v -0.000000 0.260000 -0.040000
vt 0.000000 0.000000
vt 1.000000 0.000000
vt 1.000000 1.000000
f 518/518 519/519 520/520
usemtl olive
v 0.000000 0.150000 -0.155000
v 0.053013 0.150000 -0.145652
v 0.050727 0.170572 -0.139371
v 0.000000 0.170572 -0.148316
vt 0.000000 0.000000
vt 1.000000 0.000000
vt 1.000000 1.000000
vt 0.000000 1.000000
f 521/521 522/522 523/523 524/524
v 0.000000 0.170572 -0.148316
v 0.050727 0.170572 -0.139371
v 0.044742 0.183287 -0.122926
v 0.000000 0.183287 -0.130816
vt 0.000000 0.000000
vt 1.000000 0.000000
vt 1.000000 1.000000
vt 0.000000 1.000000
f 525/525 526/526 527/527 528/528
v 0.000000 0.183287 -0.130816
v 0.044742 0.183287 -0.122926
v 0.037343 0.183287 -0.102600
v 0.000000 0.183287 -0.109184
vt 0.000000 0.000000
vt 1.000000 0.000000
vt 1.000000 1.000000
vt 0.000000 1.000000
f 529/529 530/530 531/531 532/532
v 0.000000 0.183287 -0.109184
v 0.037343 0.183287 -0.102600
v 0.031358 0.170572 -0.086155
v 0.000000 0.170572 -0.091684
vt 0.000000 0.000000
vt 1.000000 0.000000
vt 1.000000 1.000000
vt 0.000000 1.000000
f 533/533 534/534 535/535 536/536
v 0.000000 0.170572 -0.091684
v 0.031358 0.170572 -0.086155
v 0.029072 0.150000 -0.079874
v 0.000000 0.150000 -0.085000
vt 0.000000 0.000000
vt 1.000000 0.000000
vt 1.000000 1.000000
vt 0.000000 1.000000
f 537/537 538/538 539/539 540/540
v 0.000000 0.150000 -0.085000
v 0.029072 0.150000 -0.079874
v 0.031358 0.129428 -0.086155
v 0.000000 0.129428 -0.091684
vt 0.000000 0.000000
vt 1.000000 0.000000
vt 1.000000 1.000000
vt 0.000000 1.000000
f 541/541 542/542 543/543 544/544
v 0.000000 0.129428 -0.091684
v 0.031358 0.129428 -0.086155
v 0.037343 0.116713 -0.102600
v 0.000000 0.116713 -0.109184
vt 0.000000 0.000000
vt 1.000000 0.000000
vt 1.000000 1.000000
vt 0.000000 1.000000
f 545/545 546/546 547/547 548/548
v 0.000000 0.116713 -0.109184
v 0.037343 0.116713 -0.102600
v 0.044742 0.116713 -0.122926
v 0.000000 0.116713 -0.130816
vt 0.000000 0.000000
vt 1.000000 0.000000
vt 1.000000 1.000000
vt 0.000000 1.000000
f 549/549 550/550 551/551 552/552
v 0.000000 0.116713 -0.130816
v 0.044742 0.116713 -0.122926
v 0.050727 0.129428 -0.139371
v 0.000000 0.129428 -0.148316
vt 0.000000 0.000000
vt 1.000000 0.000000
vt 1.000000 1.000000
vt 0.000000 1.000000
f 553/553 554/554 555/555 556/556
v 0.000000 0.129428 -0.148316
v 0.050727 0.129428 -0.139371
v 0.053013 0.150000 -0.145652
v 0.000000 0.150000 -0.155000
vt 0.000000 0.000000
vt 1.000000 0.000000
vt 1.000000 1.000000
vt 0.000000 1.000000
f 557/557 558/558 559/559 560/560
v 0.053013 0.150000 -0.145652
v 0.099632 0.150000 -0.118737
v 0.095335 0.170572 -0.113616
v 0.050727 0.170572 -0.139371
vt 0.000000 0.000000
vt 1.000000 0.000000
vt 1.000000 1.000000
vt 0.000000 1.000000
f 561/561 562/562 563/563 564/564
v 0.050727 0.170572 -0.139371
v 0.095335 0.170572 -0.113616
v 0.084087 0.183287 -0.100211
v 0.044742 0.183287 -0.122926
vt 0.000000 0.000000
vt 1.000000 0.000000
vt 1.000000 1.000000
vt 0.000000 1.000000
f 565/565 566/566 567/567 568/568
v 0.044742 0.183287 -0.122926
v 0.084087 0.183287 -0.100211
v 0.070182 0.183287 -0.083640
v 0.037343 0.183287 -0.102600
vt 0.000000 0.000000
vt 1.000000 0.000000
vt 1.000000 1.000000
vt 0.000000 1.000000
f 569/569 570/570 571/571 572/572
v 0.037343 0.183287 -0.102600
v 0.070182 0.183287 -0.083640
v 0.058934 0.170572 -0.070234
v 0.031358 0.170572 -0.086155
vt 0.000000 0.000000
vt 1.000000 0.000000
vt 1.000000 1.000000
vt 0.000000 1.000000
f 573/573 574/574 575/575 576/576
v 0.031358 0.170572 -0.086155
v 0.058934 0.170572 -0.070234
v 0.054637 0.150000 -0.065114
v 0.029072 0.150000 -0.079874
vt 0.000000 0.000000
vt 1.000000 0.000000
vt 1.000000 1.000000
vt 0.000000 1.000000
f 577/577 578/578 579/579 580/580
v 0.029072 0.150000 -0.079874
v 0.054637 0.150000 -0.065114
v 0.058934 0.129428 -0.070234
v 0.031358 0.129428 -0.086155
vt 0.000000 0.000000
vt 1.000000 0.000000
vt 1.000000 1.000000
vt 0.000000 1.000000
f 581/581 582/582 583/583 584/584
v 0.031358 0.129428 -0.086155
v 0.058934 0.129428 -0.070234
v 0.070182 0.116713 -0.083640
v 0.037343 0.116713 -0.102600
vt 0.000000 0.000000
vt 1.000000 0.000000
vt 1.000000 1.000000
vt 0.000000 1.000000
f 585/585 586/586 587/587 588/588
v 0.037343 0.116713 -0.102600
v 0.070182 0.116713 -0.083640
v 0.084087 0.116713 -0.100211
v 0.044742 0.116713 -0.122926
vt 0.000000 0.000000
vt 1.000000 0.000000
vt 1.000000 1.000000
vt 0.000000 1.000000
f 589/589 590/590 591/591 592/592
v 0.044742 0.116713 -0.122926
v 0.084087 0.116713 -0.100211
v 0.095335 0.129428 -0.113616
v 0.050727 0.129428 -0.139371
vt 0.000000 0.000000
vt 1.000000 0.000000
vt 1.000000 1.000000
vt 0.000000 1.000000
f 593/593 594/594 595/595 596/596
v 0.050727 0.129428 -0.139371
v 0.095335 0.129428 -0.113616
v 0.099632 0.150000 -0.118737
v 0.053013 0.150000 -0.145652
vt 0.000000 0.000000
vt 1.000000 0.000000
vt 1.000000 1.000000
vt 0.000000 1.000000
f 597/597 598/598 599/599 600/600
v 0.099632 0.150000 -0.118737
v 0.134234 0.150000 -0.077500
v 0.128445 0.170572 -0.074158
v 0.095335 0.170572 -0.113616
vt 0.000000 0.000000
vt 1.000000 0.000000
vt 1.000000 1.000000
vt 0.000000 1.000000
f 601/601 602/602 603/603 604/604
v 0.095335 0.170572 -0.113616
v 0.128445 0.170572 -0.074158
v 0.113290 0.183287 -0.065408
v 0.084087 0.183287 -0.100211
vt 0.000000 0.000000
vt 1.000000 0.000000
vt 1.000000 1.000000
vt 0.000000 1.000000
f 605/605 606/606 607/607 608/608
v 0.084087 0.183287 -0.100211
v 0.113290 0.183287 -0.065408
v 0.094556 0.183287 -0.054592
v 0.070182 0.183287 -0.083640
vt 0.000000 0.000000
vt 1.000000 0.000000
vt 1.000000 1.000000
vt 0.000000 1.000000
f 609/609 610/610 611/611 612/612
v 0.070182 0.183287 -0.083640
v 0.094556 0.183287 -0.054592
v 0.079401 0.170572 -0.045842
v 0.058934 0.170572 -0.070234
vt 0.000000 0.000000
vt 1.000000 0.000000
vt 1.000000 1.000000
vt 0.000000 1.000000
f 613/613 614/614 615/615 616/616
v 0.058934 0.170572 -0.070234
v 0.079401 0.170572 -0.045842
v 0.073612 0.150000 -0.042500
v 0.054637 0.150000 -0.065114
vt 0.000000 0.000000
vt 1.000000 0.000000
vt 1.000000 1.000000
vt 0.000000 1.000000
f 617/617 618/618 619/619 620/620
v 0.054637 0.150000 -0.065114
v 0.073612 0.150000 -0.042500
v 0.079401 0.129428 -0.045842
v 0.058934 0.129428 -0.070234
vt 0.000000 0.000000
vt 1.000000 0.000000
vt 1.000000 1.000000
vt 0.000000 1.000000
f 621/621 622/622 623/623 624/624
v 0.058934 0.129428 -0.070234
v 0.079401 0.129428 -0.045842
v 0.094556 0.116713 -0.054592
v 0.070182 0.116713 -0.083640
vt 0.000000 0.000000
vt 1.000000 0.000000
vt 1.000000 1.000000
vt 0.000000 1.000000
f 625/625 626/626 627/627 628/628
v 0.070182 0.116713 -0.083640
v 0.094556 0.116713 -0.054592
v 0.113290 0.116713 -0.065408
v 0.084087 0.116713 -0.100211
vt 0.000000 0.000000
vt 1.000000 0.000000
vt 1.000000 1.000000
vt 0.000000 1.000000
f 629/629 630/630 631/631 632/632
v 0.084087 0.116713 -0.100211
v 0.113290 0.116713 -0.065408
v 0.128445 0.129428 -0.074158
v 0.095335 0.129428 -0.113616
vt 0.000000 0.000000
vt 1.000000 0.000000
vt 1.000000 1.000000
vt 0.000000 1.000000
f 633/633 634/634 635/635 636/636
v 0.095335 0.129428 -0.113616
v 0.128445 0.129428 -0.074158
v 0.134234 0.150000 -0.077500
v 0.099632 0.150000 -0.118737
vt 0.000000 0.000000
vt 1.000000 0.000000
vt 1.000000 1.000000
vt 0.000000 1.000000
f 637/637 638/638 639/639 640/640
v 0.134234 0.150000 -0.077500
v 0.152645 0.150000 -0.026915
v 0.146062 0.170572 -0.025755
v 0.128445 0.170572 -0.074158
vt 0.000000 0.000000
vt 1.000000 0.000000
vt 1.000000 1.000000
vt 0.000000 1.000000
f 641/641 642/642 643/643 644/644
v 0.128445 0.170572 -0.074158
v 0.146062 0.170572 -0.025755
v 0.128828 0.183287 -0.022716
v 0.113290 0.183287 -0.065408
vt 0.000000 0.000000
vt 1.000000 0.000000
vt 1.000000 1.000000
vt 0.000000 1.000000
f 645/645 646/646 647/647 648/648
v 0.113290 0.183287 -0.065408
v 0.128828 0.183287 -0.022716
v 0.107526 0.183287 -0.018960
v 0.094556 0.183287 -0.054592
vt 0.000000 0.000000
vt 1.000000 0.000000
vt 1.000000 1.000000
vt 0.000000 1.000000
f 649/649 650/650 651/651 652/652
v 0.094556 0.183287 -0.054592
v 0.107526 0.183287 -0.018960
v 0.090292 0.170572 -0.015921
v 0.079401 0.170572 -0.045842
vt 0.000000 0.000000
vt 1.000000 0.000000
vt 1.000000 1.000000
vt 0.000000 1.000000
f 653/653 654/654 655/655 656/656
v 0.079401 0.170572 -0.045842
v 0.090292 0.170572 -0.015921
v 0.083709 0.150000 -0.014760
v 0.073612 0.150000 -0.042500
vt 0.000000 0.000000
vt 1.000000 0.000000
vt 1.000000 1.000000
vt 0.000000 1.000000
f 657/657 658/658 659/659 660/660
v 0.073612 0.150000 -0.042500
v 0.083709 0.150000 -0.014760
v 0.090292 0.129428 -0.015921
v 0.079401 0.129428 -0.045842
vt 0.000000 0.000000
vt 1.000000 0.000000
vt 1.000000 1.000000
vt 0.000000 1.000000
f 661/661 662/662 663/663 664/664
v 0.079401 0.129428 -0.045842
v 0.090292 0.129428 -0.015921
v 0.107526 0.116713 -0.018960
v 0.094556 0.116713 -0.054592
vt 0.000000 0.000000
vt 1.000000 0.000000
vt 1.000000 1.000000
vt 0.000000 1.000000
f 665/665 666/666 667/667 668/668
v 0.094556 0.116713 -0.054592
v 0.107526 0.116713 -0.018960
v 0.128828 0.116713 -0.022716
v 0.113290 0.116713 -0.065408
vt 0.000000 0.000000
vt 1.000000 0.000000
vt 1.000000 1.000000
vt 0.000000 1.000000
f 669/669 670/670 671/671 672/672
v 0.113290 0.116713 -0.065408
v 0.128828 0.116713 -0.022716
v 0.146062 0.129428 -0.025755
v 0.128445 0.129428 -0.074158
vt 0.000000 0.000000
vt 1.000000 0.000000
vt 1.000000 1.000000
vt 0.000000 1.000000
f 673/673 674/674 675/675 676/676
v 0.128445 0.129428 -0.074158
v 0.146062 0.129428 -0.025755
v 0.152645 0.150000 -0.026915
v 0.134234 0.150000 -0.077500
vt 0.000000 0.000000
vt 1.000000 0.000000
vt 1.000000 1.000000
vt 0.000000 1.000000
f 677/677 678/678 679/679 680/680
v 0.152645 0.150000 -0.026915
v 0.152645 0.150000 0.026915
v 0.146062 0.170572 0.025755
v 0.146062 0.170572 -0.025755
vt 0.000000 0.000000
vt 1.000000 0.000000
vt 1.000000 1.000000
vt 0.000000 1.000000
f 681/681 682/682 683/683 684/684
v 0.146062 0.170572 -0.025755
v 0.146062 0.170572 0.025755
v 0.128828 0.183287 0.022716
v 0.128828 0.183287 -0.022716
vt 0.000000 0.000000
vt 1.000000 0.000000
vt 1.000000 1.000000
vt 0.000000 1.000000
f 685/685 686/686 687/687 688/688
v 0.128828 0.183287 -0.022716
v 0.128828 0.183287 0.022716
v 0.107526 0.183287 0.018960
v 0.107526 0.183287 -0.018960
vt 0.000000 0.000000
vt 1.000000 0.000000
vt 1.000000 1.000000
vt 0.000000 1.000000
f 689/689 690/690 691/691 692/692
v 0.107526 0.183287 -0.018960
v 0.107526 0.183287 0.018960
v 0.090292 0.170572 0.015921
v 0.090292 0.170572 -0.015921
vt 0.000000 0.000000
vt 1.000000 0.000000
vt 1.000000 1.000000
vt 0.000000 1.000000
f 693/693 694/694 695/695 696/696
v 0.090292 0.170572 -0.015921
v 0.090292 0.170572 0.015921
v 0.083709 0.150000 0.014760
v 0.083709 0.150000 -0.014760
vt 0.000000 0.000000
vt 1.000000 0.000000
vt 1.000000 1.000000
vt 0.000000 1.000000
f 697/697 698/698 699/699 700/700
v 0.083709 0.150000 -0.014760
v 0.083709 0.150000 0.014760
v 0.090292 0.129428 0.015921
v 0.090292 0.129428 -0.015921
vt 0.000000 0.000000
vt 1.000000 0.000000
vt 1.000000 1.000000
vt 0.000000 1.000000
f 701/701 702/702 703/703 704/704
v 0.090292 0.129428 -0.015921
v 0.090292 0.129428 0.015921
v 0.107526 0.116713 0.018960
v 0.107526 0.116713 -0.018960
vt 0.000000 0.000000
vt 1.000000 0.000000
vt 1.000000 1.000000
vt 0.000000 1.000000
f 705/705 706/706 707/707 708/708
v 0.107526 0.116713 -0.018960
v 0.107526 0.116713 0.018960
v 0.128828 0.116713 0.022716
v 0.128828 0.116713 -0.022716
vt 0.000000 0.000000
vt 1.000000 0.000000
vt 1.000000 1.000000
vt 0.000000 1.000000
f 709/709 710/710 711/711 712/712
v 0.128828 0.116713 -0.022716
v 0.128828 0.116713 0.022716
v 0.146062 0.129428 0.025755
v 0.146062 0.129428 -0.025755
vt 0.000000 0.000000
vt 1.000000 0.000000
vt 1.000000 1.000000
vt 0.000000 1.000000
f 713/713 714/714 715/715 716/716
v 0.146062 0.129428 -0.025755
v 0.146062 0.129428 0.025755
v 0.152645 0.150000 0.026915
v 0.152645 0.150000 -0.026915
vt 0.000000 0.000000
vt 1.000000 0.000000
vt 1.000000 1.000000
vt 0.000000 1.000000
f 717/717 718/718 719/719 720/720
v 0.152645 0.150000 0.026915
v 0.134234 0.150000 0.077500
v 0.128445 0.170572 0.074158
v 0.146062 0.170572 0.025755
vt 0.000000 0.000000
vt 1.000000 0.000000
vt 1.000000 1.000000
vt 0.000000 1.000000
f 721/721 722/722 723/723 724/724
v 0.146062 0.170572 0.025755
v 0.128445 0.170572 0.074158
v 0.113290 0.183287 0.065408
v 0.128828 0.183287 0.022716
vt 0.000000 0.000000
vt 1.000000 0.000000
vt 1.000000 1.000000
vt 0.000000 1.000000
f 725/725 726/726 727/727 728/728
v 0.128828 0.183287 0.022716
v 0.113290 0.183287 0.065408
v 0.094556 0.183287 0.054592
v 0.107526 0.183287 0.018960
vt 0.000000 0.000000
vt 1.000000 0.000000
vt 1.000000 1.000000
vt 0.000000 1.000000
f 729/729 730/730 731/731 732/732
v 0.107526 0.183287 0.018960
v 0.094556 0.183287 0.054592
v 0.079401 0.170572 0.045842
v 0.090292 0.170572 0.015921
vt 0.000000 0.000000
vt 1.000000 0.000000
vt 1.000000 1.000000
vt 0.000000 1.000000
f 733/733 734/734 735/735 736/736
v 0.090292 0.170572 0.015921
v 0.079401 0.170572 0.045842
v 0.073612 0.150000 0.042500
v 0.083709 0.150000 0.014760
vt 0.000000 0.000000
vt 1.000000 0.000000
vt 1.000000 1.000000
vt 0.000000 1.000000
f 737/737 738/738 739/739 740/740
v 0.083709 0.150000 0.014760
v 0.073612 0.150000 0.042500
v 0.079401 0.129428 0.045842
v 0.090292 0.129428 0.015921
vt 0.000000 0.000000
vt 1.000000 0.000000
vt 1.000000 1.000000
vt 0.000000 1.000000
f 741/741 742/742 743/743 744/744
v 0.090292 0.129428 0.015921
v 0.079401 0.129428 0.045842
v 0.094556 0.116713 0.054592
v 0.107526 0.116713 0.018960
vt 0.000000 0.000000
vt 1.000000 0.000000
vt 1.000000 1.000000
vt 0.000000 1.000000
f 745/745 746/746 747/747 748/748
v 0.107526 0.116713 0.018960
v 0.094556 0.116713 0.054592
v 0.113290 0.116713 0.065408
v 0.128828 0.116713 0.022716
vt 0.000000 0.000000
vt 1.000000 0.000000
vt 1.000000 1.000000
vt 0.000000 1.000000
f 749/749 750/750 751/751 752/752
v 0.128828 0.116713 0.022716
v 0.113290 0.116713 0.065408
v 0.128445 0.129428 0.074158
v 0.146062 0.129428 0.025755
vt 0.000000 0.000000
vt 1.000000 0.000000
vt 1.000000 1.000000
vt 0.000000 1.000000
f 753/753 754/754 755/755 756/756
v 0.146062 0.129428 0.025755
v 0.128445 0.129428 0.074158
v 0.134234 0.150000 0.077500
v 0.152645 0.150000 0.026915
vt 0.000000 0.000000
vt 1.000000 0.000000
vt 1.000000 1.000000
vt 0.000000 1.000000
f 757/757 758/758 759/759 760/760
v 0.134234 0.150000 0.077500
v 0.099632 0.150000 0.118737
v 0.095335 0.170572 0.113616
v 0.128445 0.170572 0.074158
vt 0.000000 0.000000
vt 1.000000 0.000000
vt 1.000000 1.000000
vt 0.000000 1.000000
f 761/761 762/762 763/763 764/764
v 0.128445 0.170572 0.074158
v 0.095335 0.170572 0.113616
v 0.084087 0.183287 0.100211
v 0.113290 0.183287 0.065408
vt 0.000000 0.000000
vt 1.000000 0.000000
vt 1.000000 1.000000
vt 0.000000 1.000000
f 765/765 766/766 767/767 768/768
v 0.113290 0.183287 0.065408
v 0.084087 0.183287 0.100211
v 0.070182 0.183287 0.083640
v 0.094556 0.183287 0.054592
vt 0.000000 0.000000
vt 1.000000 0.000000
vt 1.000000 1.000000
vt 0.000000 1.000000
f 769/769 770/770 771/771 772/772
v 0.094556 0.183287 0.054592
v 0.070182 0.183287 0.083640
v 0.058934 0.170572 0.070234
v 0.079401 0.170572 0.045842
vt 0.000000 0.000000
vt 1.000000 0.000000
vt 1.000000 1.000000
vt 0.000000 1.000000
f 773/773 774/774 775/775 776/776
v 0.079401 0.170572 0.045842
v 0.058934 0.170572 0.070234
v 0.054637 0.150000 0.065114
v 0.073612 0.150000 0.042500
vt 0.000000 0.000000
vt 1.000000 0.000000
vt 1.000000 1.000000
vt 0.000000 1.000000
f 777/777 778/778 779/779 780/780
v 0.073612 0.150000 0.042500
v 0.054637 0.150000 0.065114
v 0.058934 0.129428 0.070234
v 0.079401 0.129428 0.045842
vt 0.000000 0.000000
vt 1.000000 0.000000
vt 1.000000 1.000000
vt 0.000000 1.000000
f 781/781 782/782 783/783 784/784
v 0.079401 0.129428 0.045842
v 0.058934 0.129428 0.070234
v 0.070182 0.116713 0.083640
v 0.094556 0.116713 0.054592
vt 0.000000 0.000000
vt 1.000000 0.000000
vt 1.000000 1.000000
vt 0.000000 1.000000
f 785/785 786/786 787/787 788/788
v 0.094556 0.116713 0.054592
v 0.070182 0.116713 0.083640
v 0.084087 0.116713 0.100211
v 0.113290 0.116713 0.065408
vt 0.000000 0.000000
vt 1.000000 0.000000
vt 1.000000 1.000000
vt 0.000000 1.000000
f 789/789 790/790 791/791 792/792
v 0.113290 0.116713 0.065408
v 0.084087 0.116713 0.100211
v 0.095335 0.129428 0.113616
v 0.128445 0.129428 0.074158
vt 0.000000 0.000000
vt 1.000000 0.000000
vt 1.000000 1.000000
vt 0.000000 1.000000
f 793/793 794/794 795/795 796/796
v 0.128445 0.129428 0.074158
v 0.095335 0.129428 0.113616
v 0.099632 0.150000 0.118737
v 0.134234 0.150000 0.077500
vt 0.000000 0.000000
vt 1.000000 0.000000
vt 1.000000 1.000000
vt 0.000000 1.000000
f 797/797 798/798 799/799 800/800
v 0.099632 0.150000 0.118737
v 0.053013 0.150000 0.145652
v 0.050727 0.170572 0.139371
v 0.095335 0.170572 0.113616
vt 0.000000 0.000000
vt 1.000000 0.000000
vt 1.000000 1.000000
vt 0.000000 1.000000
f 801/801 802/802 803/803 804/804
v 0.095335 0.170572 0.113616
v 0.050727 0.170572 0.139371
v 0.044742 0.183287 0.122926
v 0.084087 0.183287 0.100211
vt 0.000000 0.000000
vt 1.000000 0.000000
vt 1.000000 1.000000
vt 0.000000 1.000000
f 805/805 806/806 807/807 808/808
v 0.084087 0.183287 0.100211
v 0.044742 0.183287 0.122926
v 0.037343 0.183287 0.102600
v 0.070182 0.183287 0.083640
vt 0.000000 0.000000
vt 1.000000 0.000000
vt 1.000000 1.000000
vt 0.000000 1.000000
f 809/809 810/810 811/811 812/812
v 0.070182 0.183287 0.083640
v 0.037343 0.183287 0.102600
v 0.031358 0.170572 0.086155
v 0.058934 0.170572 0.070234
vt 0.000000 0.000000
vt 1.000000 0.000000
vt 1.000000 1.000000
vt 0.000000 1.000000
f 813/813 814/814 815/815 816/816
v 0.058934 0.170572 0.070234
v 0.031358 0.170572 0.086155
v 0.029072 0.150000 0.079874
v 0.054637 0.150000 0.065114
vt 0.000000 0.000000
vt 1.000000 0.000000
vt 1.000000 1.000000
vt 0.000000 1.000000
f 817/817 818/818 819/819 820/820
v 0.054637 0.150000 0.065114
v 0.029072 0.150000 0.079874
v 0.031358 0.129428 0.086155
v 0.058934 0.129428 0.070234
vt 0.000000 0.000000
vt 1.000000 0.000000
vt 1.000000 1.000000
vt 0.000000 1.000000
f 821/821 822/822 823/823 824/824
v 0.058934 0.129428 0.070234
v 0.031358 0.129428 0.086155
v 0.037343 0.116713 0.102600
v 0.070182 0.116713 0.083640
vt 0.000000 0.000000
vt 1.000000 0.000000
vt 1.000000 1.000000
vt 0.000000 1.000000
f 825/825 826/826 827/827 828/828
v 0.070182 0.116713 0.083640
v 0.037343 0.116713 0.102600
v 0.044742 0.116713 0.122926
v 0.084087 0.116713 0.100211
vt 0.000000 0.000000
vt 1.000000 0.000000
vt 1.000000 1.000000
vt 0.000000 1.000000
f 829/829 830/830 831/831 832/832
v 0.084087 0.116713 0.100211
v 0.044742 0.116713 0.122926
v 0.050727 0.129428 0.139371
v 0.095335 0.129428 0.113616
vt 0.000000 0.000000
vt 1.000000 0.000000
vt 1.000000 1.000000
vt 0.000000 1.000000
f 833/833 834/834 835/835 836/836
v 0.095335 0.129428 0.113616
v 0.050727 0.129428 0.139371
v 0.053013 0.150000 0.145652
v 0.099632 0.150000 0.118737
vt 0.000000 0.000000
vt 1.000000 0.000000
vt 1.000000 1.000000
vt 0.000000 1.000000
f 837/837 838/838 839/839 840/840
v 0.053013 0.150000 0.145652
v 0.000000 0.150000 0.155000
v 0.000000 0.170572 0.148316
v 0.050727 0.170572 0.139371
vt 0.000000 0.000000
vt 1.000000 0.000000
vt 1.000000 1.000000
vt 0.000000 1.000000
f 841/841 842/842 843/843 844/844
v 0.050727 0.170572 0.139371
v 0.000000 0.170572 0.148316
v 0.000000 0.183287 0.130816
v 0.044742 0.183287 0.122926
vt 0.000000 0.000000
vt 1.000000 0.000000
vt 1.000000 1.000000
vt 0.000000 1.000000
f 845/845 846/846 847/847 848/848
v 0.044742 0.183287 0.122926
v 0.000000 0.183287 0.130816
v 0.000000 0.183287 0.109184
v 0.037343 0.183287 0.102600
vt 0.000000 0.000000
vt 1.000000 0.000000
vt 1.000000 1.000000
vt 0.000000 1.000000
f 849/849 850/850 851/851 852/852
v 0.037343 0.183287 0.102600
v 0.000000 0.183287 0.109184
v 0.000000 0.170572 0.091684
v 0.031358 0.170572 0.086155
vt 0.000000 0.000000
vt 1.000000 0.000000
vt 1.000000 1.000000
vt 0.000000 1.000000
f 853/853 854/854 855/855 856/856
v 0.031358 0.170572 0.086155
v 0.000000 0.170572 0.091684
v 0.000000 0.150000 0.085000
v 0.029072 0.150000 0.079874
vt 0.000000 0.000000
vt 1.000000 0.000000
vt 1.000000 1.000000
vt 0.000000 1.000000
f 857/857 858/858 859/859 860/860
v 0.029072 0.150000 0.079874
v 0.000000 0.150000 0.085000
v 0.000000 0.129428 0.091684
v 0.031358 0.129428 0.086155
vt 0.000000 0.000000
vt 1.000000 0.000000
vt 1.000000 1.000000
vt 0.000000 1.000000
f 861/861 862/862 863/863 864/864
v 0.031358 0.129428 0.086155
v 0.000000 0.129428 0.091684
v 0.000000 0.116713 0.109184
v 0.037343 0.116713 0.102600
vt 0.000000 0.000000
vt 1.000000 0.000000
vt 1.000000 1.000000
vt 0.000000 1.000000
f 865/865 866/866 867/867 868/868
v 0.037343 0.116713 0.102600
v 0.000000 0.116713 0.109184
v 0.000000 0.116713 0.130816
v 0.044742 0.116713 0.122926
vt 0.000000 0.000000
vt 1.000000 0.000000
vt 1.000000 1.000000
vt 0.000000 1.000000
f 869/869 870/870 871/871 872/872
v 0.044742 0.116713 0.122926
v 0.000000 0.116713 0.130816
v 0.000000 0.129428 0.148316
v 0.050727 0.129428 0.139371
vt 0.000000 0.000000
vt 1.000000 0.000000
vt 1.000000 1.000000
vt 0.000000 1.000000
f 873/873 874/874 875/875 876/876
v 0.050727 0.129428 0.139371
v 0.000000 0.129428 0.148316
v 0.000000 0.150000 0.155000
v 0.053013 0.150000 0.145652
vt 0.000000 0.000000
vt 1.000000 0.000000
vt 1.000000 1.000000
vt 0.000000 1.000000
f 877/877 878/878 879/879 880/880
v 0.000000 0.150000 0.155000
v -0.053013 0.150000 0.145652
v -0.050727 0.170572 0.139371
v 0.000000 0.170572 0.148316
vt 0.000000 0.000000
vt 1.000000 0.000000
vt 1.000000 1.000000
vt 0.000000 1.000000
f 881/881 882/882 883/883 884/884
v 0.000000 0.170572 0.148316
v -0.050727 0.170572 0.139371
v -0.044742 0.183287 0.122926
v 0.000000 0.183287 0.130816
vt 0.000000 0.000000
vt 1.000000 0.000000
vt 1.000000 1.000000
vt 0.000000 1.000000
f 885/885 886/886 887/887 888/888
v 0.000000 0.183287 0.130816
v -0.044742 0.183287 0.122926
v -0.037343 0.183287 0.102600
v 0.000000 0.183287 0.109184
vt 0.000000 0.000000
vt 1.000000 0.000000
vt 1.000000 1.000000
vt 0.000000 1.000000
f 889/889 890/890 891/891 892/892
v 0.000000 0.183287 0.109184
v -0.037343 0.183287 0.102600
v -0.031358 0.170572 0.086155
v 0.000000 0.170572 0.091684
vt 0.000000 0.000000
vt 1.000000 0.000000
vt 1.000000 1.000000
vt 0.000000 1.000000
f 893/893 894/894 895/895 896/896
v 0.000000 0.170572 0.091684
v -0.031358 0.170572 0.086155
v -0.029072 0.150000 0.079874
v 0.000000 0.150000 0.085000
vt 0.000000 0.000000
vt 1.000000 0.000000
vt 1.000000 1.000000
vt 0.000000 1.000000
f 897/897 898/898 899/899 900/900
v 0.000000 0.150000 0.085000
v -0.029072 0.150000 0.079874
v -0.031358 0.129428 0.086155
v 0.000000 0.129428 0.091684
vt 0.000000 0.000000
vt 1.000000 0.000000
vt 1.000000 1.000000
vt 0.000000 1.000000
f 901/901 902/902 903/903 904/904
v 0.000000 0.129428 0.091684
v -0.031358 0.129428 0.086155
v -0.037343 0.116713 0.102600
v 0.000000 0.116713 0.109184
vt 0.000000 0.000000
vt 1.000000 0.000000
vt 1.000000 1.000000
vt 0.000000 1.000000
f 905/905 906/906 907/907 908/908
v 0.000000 0.116713 0.109184
v -0.037343 0.116713 0.102600
v -0.044742 0.116713 0.122926
v 0.000000 0.116713 0.130816
vt 0.000000 0.000000
vt 1.000000 0.000000
vt 1.000000 1.000000
vt 0.000000 1.000000
f 909/909 910/910 911/911 912/912
v 0.000000 0.116713 0.130816
v -0.044742 0.116713 0.122926
v -0.050727 0.129428 0.139371
v 0.000000 0.129428 0.148316
vt 0.000000 0.000000
vt 1.000000 0.000000
vt 1.000000 1.000000
vt 0.000000 1.000000
f 913/913 914/914 915/915 916/916
v 0.000000 0.129428 0.148316
v -0.050727 0.129428 0.139371
v -0.053013 0.150000 0.145652
v 0.000000 0.150000 0.155000
vt 0.000000 0.000000
vt 1.000000 0.000000
vt 1.000000 1.000000
vt 0.000000 1.000000
f 917/917 918/918 919/919 920/920
v -0.053013 0.150000 0.145652
v -0.099632 0.150000 0.118737
v -0.095335 0.170572 0.113616
v -0.050727 0.170572 0.139371
vt 0.000000 0.000000
vt 1.000000 0.000000
vt 1.000000 1.000000
vt 0.000000 1.000000
f 921/921 922/922 923/923 924/924
v -0.050727 0.170572 0.139371
v -0.095335 0.170572 0.113616
v -0.084087 0.183287 0.100211
v -0.044742 0.183287 0.122926
vt 0.000000 0.000000
vt 1.000000 0.000000
vt 1.000000 1.000000
vt 0.000000 1.000000
f 925/925 926/926 927/927 928/928
v -0.044742 0.183287 0.122926
v -0.084087 0.183287 0.100211
v -0.070182 0.183287 0.083640
v -0.037343 0.183287 0.102600
vt 0.000000 0.000000
vt 1.000000 0.000000
vt 1.000000 1.000000
vt 0.000000 1.000000
f 929/929 930/930 931/931 932/932
v -0.037343 0.183287 0.102600
v -0.070182 0.183287 0.083640
v -0.058934 0.170572 0.070234
v -0.031358 0.170572 0.086155
vt 0.000000 0.000000
vt 1.000000 0.000000
vt 1.000000 1.000000
vt 0.000000 1.000000
f 933/933 934/934 935/935 936/936
v -0.031358 0.170572 0.086155
v -0.058934 0.170572 0.070234
v -0.054637 0.150000 0.065114
v -0.029072 0.150000 0.079874
vt 0.000000 0.000000
vt 1.000000 0.000000
vt 1.000000 1.000000
vt 0.000000 1.000000
f 937/937 938/938 939/939 940/940
v -0.029072 0.150000 0.079874
v -0.054637 0.150000 0.065114
v -0.058934 0.129428 0.070234
v -0.031358 0.129428 0.086155
vt 0.000000 0.000000
vt 1.000000 0.000000
vt 1.000000 1.000000
vt 0.000000 1.000000
f 941/941 942/942 943/943 944/944
v -0.031358 0.129428 0.086155
v -0.058934 0.129428 0.070234
v -0.070182 0.116713 0.083640
v -0.037343 0.116713 0.102600
vt 0.000000 0.000000
vt 1.000000 0.000000
vt 1.000000 1.000000
vt 0.000000 1.000000
f 945/945 946/946 947/947 948/948
v -0.037343 0.116713 0.102600
v -0.070182 0.116713 0.083640
v -0.084087 0.116713 0.100211
v -0.044742 0.116713 0.122926
vt 0.000000 0.000000
vt 1.000000 0.000000
vt 1.000000 1.000000
vt 0.000000 1.000000
f 949/949 950/950 951/951 952/952
v -0.044742 0.116713 0.122926
v -0.084087 0.116713 0.100211
v -0.095335 0.129428 0.113616
v -0.050727 0.129428 0.139371
vt 0.000000 0.000000
vt 1.000000 0.000000
vt 1.000000 1.000000
vt 0.000000 1.000000
f 953/953 954/954 955/955 956/956
v -0.050727 0.129428 0.139371
v -0.095335 0.129428 0.113616
v -0.099632 0.150000 0.118737
v -0.053013 0.150000 0.145652
vt 0.000000 0.000000
vt 1.000000 0.000000
vt 1.000000 1.000000
vt 0.000000 1.000000
f 957/957 958/958 959/959 960/960
v -0.099632 0.150000 0.118737
v -0.134234 0.150000 0.077500
v -0.128445 0.170572 0.074158
v -0.095335 0.170572 0.113616
vt 0.000000 0.000000
vt 1.000000 0.000000
vt 1.000000 1.000000
vt 0.000000 1.000000
f 961/961 962/962 963/963 964/964
v -0.095335 0.170572 0.113616
v -0.128445 0.170572 0.074158
v -0.113290 0.183287 0.065408
v -0.084087 0.183287 0.100211
vt 0.000000 0.000000
vt 1.000000 0.000000
vt 1.000000 1.000000
vt 0.000000 1.000000
f 965/965 966/966 967/967 968/968
v -0.084087 0.183287 0.100211
v -0.113290 0.183287 0.065408
v -0.094556 0.183287 0.054592
v -0.070182 0.183287 0.083640
vt 0.000000 0.000000
vt 1.000000 0.000000
vt 1.000000 1.000000
vt 0.000000 1.000000
f 969/969 970/970 971/971 972/972
v -0.070182 0.183287 0.083640
v -0.094556 0.183287 0.054592
v -0.079401 0.170572 0.045842
v -0.058934 0.170572 0.070234
vt 0.000000 0.000000
vt 1.000000 0.000000
vt 1.000000 1.000000
vt 0.000000 1.000000
f 973/973 974/974 975/975 976/976
v -0.058934 0.170572 0.070234
v -0.079401 0.170572 0.045842
v -0.073612 0.150000 0.042500
v -0.054637 0.150000 0.065114
vt 0.000000 0.000000
vt 1.000000 0.000000
vt 1.000000 1.000000
vt 0.000000 1.000000
f 977/977 978/978 979/979 980/980
v -0.054637 0.150000 0.065114
v -0.073612 0.150000 0.042500
v -0.079401 0.129428 0.045842
v -0.058934 0.129428 0.070234
vt 0.000000 0.000000
vt 1.000000 0.000000
vt 1.000000 1.000000
vt 0.000000 1.000000
f 981/981 982/982 983/983 984/984
v -0.058934 0.129428 0.070234
v -0.079401 0.129428 0.045842
v -0.094556 0.116713 0.054592
v -0.070182 0.116713 0.083640
vt 0.000000 0.000000
vt 1.000000 0.000000
vt 1.000000 1.000000
vt 0.000000 1.000000
f 985/985 986/986 987/987 988/988
v -0.070182 0.116713 0.083640
v -0.094556 0.116713 0.054592
v -0.113290 0.116713 0.065408
v -0.084087 0.116713 0.100211
vt 0.000000 0.000000
vt 1.000000 0.000000
vt 1.000000 1.000000
vt 0.000000 1.000000
f 989/989 990/990 991/991 992/992
v -0.084087 0.116713 0.100211
v -0.113290 0.116713 0.065408
v -0.128445 0.129428 0.074158
v -0.095335 0.129428 0.113616
vt 0.000000 0.000000
vt 1.000000 0.000000
vt 1.000000 1.000000
vt 0.000000 1.000000
f 993/993 994/994 995/995 996/996
v -0.095335 0.129428 0.113616
v -0.128445 0.129428 0.074158
v -0.134234 0.150000 0.077500
v -0.099632 0.150000 0.118737
vt 0.000000 0.000000
vt 1.000000 0.000000
vt 1.000000 1.000000
vt 0.000000 1.000000
f 997/997 998/998 999/999 1000/1000
v -0.134234 0.150000 0.077500
v -0.152645 0.150000 0.026915
v -0.146062 0.170572 0.025755
v -0.128445 0.170572 0.074158
vt 0.000000 0.000000
vt 1.000000 0.000000
vt 1.000000 1.000000
vt 0.000000 1.000000
f 1001/1001 1002/1002 1003/1003 1004/1004
v -0.128445 0.170572 0.074158
v -0.146062 0.170572 0.025755
v -0.128828 0.183287 0.022716
v -0.113290 0.183287 0.065408
vt 0.000000 0.000000
vt 1.000000 0.000000
vt 1.000000 1.000000
vt 0.000000 1.000000
f 1005/1005 1006/1006 1007/1007 1008/1008
v -0.113290 0.183287 0.065408
v -0.128828 0.183287 0.022716
v -0.107526 0.183287 0.018960
v -0.094556 0.183287 0.054592
vt 0.000000 0.000000
vt 1.000000 0.000000
vt 1.000000 1.000000
vt 0.000000 1.000000
f 1009/1009 1010/1010 1011/1011 1012/1012
v -0.094556 0.183287 0.054592
v -0.107526 0.183287 0.018960
v -0.090292 0.170572 0.015921
v -0.079401 0.170572 0.045842
vt 0.000000 0.000000
vt 1.000000 0.000000
vt 1.000000 1.000000
vt 0.000000 1.000000
f 1013/1013 1014/1014 1015/1015 1016/1016
v -0.079401 0.170572 0.045842
v -0.090292 0.170572 0.015921
v -0.083709 0.150000 0.014760
v -0.073612 0.150000 0.042500
vt 0.000000 0.000000
vt 1.000000 0.000000
vt 1.000000 1.000000
vt 0.000000 1.000000
f 1017/1017 1018/1018 1019/1019 1020/1020
v -0.073612 0.150000 0.042500
v -0.083709 0.150000 0.014760
v -0.090292 0.129428 0.015921
v -0.079401 0.129428 0.045842
vt 0.000000 0.000000
vt 1.000000 0.000000
vt 1.000000 1.000000
vt 0.000000 1.000000
f 1021/1021 1022/1022 1023/1023 1024/1024
v -0.079401 0.129428 0.045842
v -0.090292 0.129428 0.015921
v -0.107526 0.116713 0.018960
v -0.094556 0.116713 0.054592
vt 0.000000 0.000000
vt 1.000000 0.000000
vt 1.000000 1.000000
vt 0.000000 1.000000
f 1025/1025 1026/1026 1027/1027 1028/1028
v -0.094556 0.116713 0.054592
v -0.107526 0.116713 0.018960
v -0.128828 0.116713 0.022716
v -0.113290 0.116713 0.065408
vt 0.000000 0.000000
vt 1.000000 0.000000
vt 1.000000 1.000000
vt 0.000000 1.000000
f 1029/1029 1030/1030 1031/1031 1032/1032
v -0.113290 0.116713 0.065408
v -0.128828 0.116713 0.022716
v -0.146062 0.129428 0.025755
v -0.128445 0.129428 0.074158
vt 0.000000 0.000000
vt 1.000000 0.000000
vt 1.000000 1.000000
vt 0.000000 1.000000
f 1033/1033 1034/1034 1035/1035 1036/1036
v -0.128445 0.129428 0.074158
v -0.146062 0.129428 0.025755
v -0.152645 0.150000 0.026915
v -0.134234 0.150000 0.077500
vt 0.000000 0.000000
vt 1.000000 0.000000
vt 1.000000 1.000000
vt 0.000000 1.000000
f 1037/1037 1038/1038 1039/1039 1040/1040
v -0.152645 0.150000 0.026915
v -0.152645 0.150000 -0.026915
v -0.146062 0.170572 -0.025755
v -0.146062 0.170572 0.025755
vt 0.000000 0.000000
vt 1.000000 0.000000
vt 1.000000 1.000000
vt 0.000000 1.000000
f 1041/1041 1042/1042 1043/1043 1044/1044
v -0.146062 0.170572 0.025755
v -0.146062 0.170572 -0.025755
v -0.128828 0.183287 -0.022716
v -0.128828 0.183287 0.022716
vt 0.000000 0.000000
vt 1.000000 0.000000
vt 1.000000 1.000000
vt 0.000000 1.000000
f 1045/1045 1046/1046 1047/1047 1048/1048
v -0.128828 0.183287 0.022716
v -0.128828 0.183287 -0.022716
v -0.107526 0.183287 -0.018960
v -0.107526 0.183287 0.018960
vt 0.000000 0.000000
vt 1.000000 0.000000
vt 1.000000 1.000000
vt 0.000000 1.000000
f 1049/1049 1050/1050 1051/1051 1052/1052
v -0.107526 0.183287 0.018960
v -0.107526 0.183287 -0.018960
v -0.090292 0.170572 -0.015921
v -0.090292 0.170572 0.015921
vt 0.000000 0.000000
vt 1.000000 0.000000
vt 1.000000 1.000000
vt 0.000000 1.000000
f 1053/1053 1054/1054 1055/1055 1056/1056
v -0.090292 0.170572 0.015921
v -0.090292 0.170572 -0.015921
v -0.083709 0.150000 -0.014760
v -0.083709 0.150000 0.014760
vt 0.000000 0.000000
vt 1.000000 0.000000
vt 1.000000 1.000000
vt 0.000000 1.000000
f 1057/1057 1058/1058 1059/1059 1060/1060
v -0.083709 0.150000 0.014760
v -0.083709 0.150000 -0.014760
v -0.090292 0.129428 -0.015921
v -0.090292 0.129428 0.015921
vt 0.000000 0.000000
vt 1.000000 0.000000
vt 1.000000 1.000000
vt 0.000000 1.000000
f 1061/1061 1062/1062 1063/1063 1064/1064
v -0.090292 0.129428 0.015921
v -0.090292 0.129428 -0.015921
v -0.107526 0.116713 -0.018960
v -0.107526 0.116713 0.018960
vt 0.000000 0.000000
vt 1.000000 0.000000
vt 1.000000 1.000000
vt 0.000000 1.000000
f 1065/1065 1066/1066 1067/1067 1068/1068
v -0.107526 0.116713 0.018960
v -0.107526 0.116713 -0.018960
v -0.128828 0.116713 -0.022716
v -0.128828 0.116713 0.022716
vt 0.000000 0.000000
vt 1.000000 0.000000
vt 1.000000 1.000000
vt 0.000000 1.000000
f 1069/1069 1070/1070 1071/1071 1072/1072
v -0.128828 0.116713 0.022716
v -0.128828 0.116713 -0.022716
v -0.146062 0.129428 -0.025755
v -0.146062 0.129428 0.025755
vt 0.000000 0.000000
vt 1.000000 0.000000
vt 1.000000 1.000000
vt 0.000000 1.000000
f 1073/1073 1074/1074 1075/1075 1076/1076
v -0.146062 0.129428 0.025755
v -0.146062 0.129428 -0.025755
v -0.152645 0.150000 -0.026915
v -0.152645 0.150000 0.026915
vt 0.000000 0.000000
vt 1.000000 0.000000
vt 1.000000 1.000000
vt 0.000000 1.000000
f 1077/1077 1078/1078 1079/1079 1080/1080
v -0.152645 0.150000 -0.026915
v -0.134234 0.150000 -0.077500
v -0.128445 0.170572 -0.074158
v -0.146062 0.170572 -0.025755
vt 0.000000 0.000000
vt 1.000000 0.000000
vt 1.000000 1.000000
vt 0.000000 1.000000
f 1081/1081 1082/1082 1083/1083 1084/1084
v -0.146062 0.170572 -0.025755
v -0.128445 0.170572 -0.074158
v -0.113290 0.183287 -0.065408
v -0.128828 0.183287 -0.022716
vt 0.000000 0.000000
vt 1.000000 0.000000
vt 1.000000 1.000000
vt 0.000000 1.000000
f 1085/1085 1086/1086 1087/1087 1088/1088
v -0.128828 0.183287 -0.022716
v -0.113290 0.183287 -0.065408
v -0.094556 0.183287 -0.054592
v -0.107526 0.183287 -0.018960
vt 0.000000 0.000000
vt 1.000000 0.000000
vt 1.000000 1.000000
vt 0.000000 1.000000
f 1089/1089 1090/1090 1091/1091 1092/1092
v -0.107526 0.183287 -0.018960
v -0.094556 0.183287 -0.054592
v -0.079401 0.170572 -0.045842
v -0.090292 0.170572 -0.015921
vt 0.000000 0.000000
vt 1.000000 0.000000
vt 1.000000 1.000000
vt 0.000000 1.000000
f 1093/1093 1094/1094 1095/1095 1096/1096
v -0.090292 0.170572 -0.015921
v -0.079401 0.170572 -0.045842
v -0.073612 0.150000 -0.042500
v -0.083709 0.150000 -0.014760
vt 0.000000 0.000000
vt 1.000000 0.000000
vt 1.000000 1.000000
vt 0.000000 1.000000
f 1097/1097 1098/1098 1099/1099 1100/1100
v -0.083709 0.150000 -0.014760
v -0.073612 0.150000 -0.042500
v -0.079401 0.129428 -0.045842
v -0.090292 0.129428 -0.015921
vt 0.000000 0.000000
vt 1.000000 0.000000
vt 1.000000 1.000000
vt 0.000000 1.000000
f 1101/1101 1102/1102 1103/1103 1104/1104
v -0.090292 0.129428 -0.015921
v -0.079401 0.129428 -0.045842
v -0.094556 0.116713 -0.054592
v -0.107526 0.116713 -0.018960
vt 0.000000 0.000000
vt 1.000000 0.000000
vt 1.000000 1.000000
vt 0.000000 1.000000
f 1105/1105 1106/1106 1107/1107 1108/1108
v -0.107526 0.116713 -0.018960
v -0.094556 0.116713 -0.054592
v -0.113290 0.116713 -0.065408
v -0.128828 0.116713 -0.022716
vt 0.000000 0.000000
vt 1.000000 0.000000
vt 1.000000 1.000000
vt 0.000000 1.000000
f 1109/1109 1110/1110 1111/1111 1112/1112
v -0.128828 0.116713 -0.022716
v -0.113290 0.116713 -0.065408
v -0.128445 0.129428 -0.074158
v -0.146062 0.129428 -0.025755
vt 0.000000 0.000000
vt 1.000000 0.000000
vt 1.000000 1.000000
vt 0.000000 1.000000
f 1113/1113 1114/1114 1115/1115 1116/1116
v -0.146062 0.129428 -0.025755
v -0.128445 0.129428 -0.074158
v -0.134234 0.150000 -0.077500
v -0.152645 0.150000 -0.026915
vt 0.000000 0.000000
vt 1.000000 0.000000
vt 1.000000 1.000000
vt 0.000000 1.000000
f 1117/1117 1118/1118 1119/1119 1120/1120
v -0.134234 0.150000 -0.077500
v -0.099632 0.150000 -0.118737
v -0.095335 0.170572 -0.113616
v -0.128445 0.170572 -0.074158
vt 0.000000 0.000000
vt 1.000000 0.000000
vt 1.000000 1.000000
vt 0.000000 1.000000
f 1121/1121 1122/1122 1123/1123 1124/1124
v -0.128445 0.170572 -0.074158
v -0.095335 0.170572 -0.113616
v -0.084087 0.183287 -0.100211
v -0.113290 0.183287 -0.065408
vt 0.000000 0.000000
vt 1.000000 0.000000
vt 1.000000 1.000000
vt 0.000000 1.000000
f 1125/1125 1126/1126 1127/1127 1128/1128
v -0.113290 0.183287 -0.065408
v -0.084087 0.183287 -0.100211
v -0.070182 0.183287 -0.083640
v -0.094556 0.183287 -0.054592
vt 0.000000 0.000000
vt 1.000000 0.000000
vt 1.000000 1.000000
vt 0.000000 1.000000
f 1129/1129 1130/1130 1131/1131 1132/1132
v -0.094556 0.183287 -0.054592
v -0.070182 0.183287 -0.083640
v -0.058934 0.170572 -0.070234
v -0.079401 0.170572 -0.045842
vt 0.000000 0.000000
vt 1.000000 0.000000
vt 1.000000 1.000000
vt 0.000000 1.000000
f 1133/1133 1134/1134 1135/1135 1136/1136
v -0.079401 0.170572 -0.045842
v -0.058934 0.170572 -0.070234
v -0.054637 0.150000 -0.065114
v -0.073612 0.150000 -0.042500
vt 0.000000 0.000000
vt 1.000000 0.000000
vt 1.000000 1.000000
vt 0.000000 1.000000
f 1137/1137 1138/1138 1139/1139 1140/1140
v -0.073612 0.150000 -0.042500
v -0.054637 0.150000 -0.065114
v -0.058934 0.129428 -0.070234
v -0.079401 0.129428 -0.045842
vt 0.000000 0.000000
vt 1.000000 0.000000
vt 1.000000 1.000000
vt 0.000000 1.000000
f 1141/1141 1142/1142 1143/1143 1144/1144
v -0.079401 0.129428 -0.045842
v -0.058934 0.129428 -0.070234
v -0.070182 0.116713 -0.083640
v -0.094556 0.116713 -0.054592
vt 0.000000 0.000000
vt 1.000000 0.000000
vt 1.000000 1.000000
vt 0.000000 1.000000
f 1145/1145 1146/1146 1147/1147 1148/1148
v -0.094556 0.116713 -0.054592
v -0.070182 0.116713 -0.083640
v -0.084087 0.116713 -0.100211
v -0.113290 0.116713 -0.065408
vt 0.000000 0.000000
vt 1.000000 0.000000
vt 1.000000 1.000000
vt 0.000000 1.000000
f 1149/1149 1150/1150 1151/1151 1152/1152
v -0.113290 0.116713 -0.065408
v -0.084087 0.116713 -0.100211
v -0.095335 0.129428 -0.113616
v -0.128445 0.129428 -0.074158
vt 0.000000 0.000000
vt 1.000000 0.000000
vt 1.000000 1.000000
vt 0.000000 1.000000
f 1153/1153 1154/1154 1155/1155 1156/1156
v -0.128445 0.129428 -0.074158
v -0.095335 0.129428 -0.113616
v -0.099632 0.150000 -0.118737
v -0.134234 0.150000 -0.077500
vt 0.000000 0.000000
vt 1.000000 0.000000
vt 1.000000 1.000000
vt 0.000000 1.000000
f 1157/1157 1158/1158 1159/1159 1160/1160
v -0.099632 0.150000 -0.118737
v -0.053013 0.150000 -0.145652
v -0.050727 0.170572 -0.139371
v -0.095335 0.170572 -0.113616
vt 0.000000 0.000000
vt 1.000000 0.000000
vt 1.000000 1.000000
vt 0.000000 1.000000
f 1161/1161 1162/1162 1163/1163 1164/1164
v -0.095335 0.170572 -0.113616
v -0.050727 0.170572 -0.139371
v -0.044742 0.183287 -0.122926
v -0.084087 0.183287 -0.100211
vt 0.000000 0.000000
vt 1.000000 0.000000
vt 1.000000 1.000000
vt 0.000000 1.000000
f 1165/1165 1166/1166 1167/1167 1168/1168
v -0.084087 0.183287 -0.100211
v -0.044742 0.183287 -0.122926
v -0.037343 0.183287 -0.102600
v -0.070182 0.183287 -0.083640
vt 0.000000 0.000000
vt 1.000000 0.000000
vt 1.000000 1.000000
vt 0.000000 1.000000
f 1169/1169 1170/1170 1171/1171 1172/1172
v -0.070182 0.183287 -0.083640
v -0.037343 0.183287 -0.102600
v -0.031358 0.170572 -0.086155
v -0.058934 0.170572 -0.070234
vt 0.000000 0.000000
vt 1.000000 0.000000
vt 1.000000 1.000000
vt 0.000000 1.000000
f 1173/1173 1174/1174 1175/1175 1176/1176
v -0.058934 0.170572 -0.070234
v -0.031358 0.170572 -0.086155
v -0.029072 0.150000 -0.079874
v -0.054637 0.150000 -0.065114
vt 0.000000 0.000000
vt 1.000000 0.000000
vt 1.000000 1.000000
vt 0.000000 1.000000
f 1177/1177 1178/1178 1179/1179 1180/1180
v -0.054637 0.150000 -0.065114
v -0.029072 0.150000 -0.079874
v -0.031358 0.129428 -0.086155
v -0.058934 0.129428 -0.070234
vt 0.000000 0.000000
vt 1.000000 0.000000
vt 1.000000 1.000000
vt 0.000000 1.000000
f 1181/1181 1182/1182 1183/1183 1184/1184
v -0.058934 0.129428 -0.070234
v -0.031358 0.129428 -0.086155
v -0.037343 0.116713 -0.102600
v -0.070182 0.116713 -0.083640
vt 0.000000 0.000000
vt 1.000000 0.000000
vt 1.000000 1.000000
vt 0.000000 1.000000
f 1185/1185 1186/1186 1187/1187 1188/1188
v -0.070182 0.116713 -0.083640
v -0.037343 0.116713 -0.102600
v -0.044742 0.116713 -0.122926
v -0.084087 0.116713 -0.100211
vt 0.000000 0.000000
vt 1.000000 0.000000
vt 1.000000 1.000000
vt 0.000000 1.000000
f 1189/1189 1190/1190 1191/1191 1192/1192
v -0.084087 0.116713 -0.100211
v -0.044742 0.116713 -0.122926
v -0.050727 0.129428 -0.139371
v -0.095335 0.129428 -0.113616
vt 0.000000 0.000000
vt 1.000000 0.000000
vt 1.000000 1.000000
vt 0.000000 1.000000
f 1193/1193 1194/1194 1195/1195 1196/1196
v -0.095335 0.129428 -0.113616
v -0.050727 0.129428 -0.139371
v -0.053013 0.150000 -0.145652
v -0.099632 0.150000 -0.118737
vt 0.000000 0.000000
vt 1.000000 0.000000
vt 1.000000 1.000000
vt 0.000000 1.000000
f 1197/1197 1198/1198 1199/1199 1200/1200
v -0.053013 0.150000 -0.145652
v -0.000000 0.150000 -0.155000
v -0.000000 0.170572 -0.148316
v -0.050727 0.170572 -0.139371
vt 0.000000 0.000000
vt 1.000000 0.000000
vt 1.000000 1.000000
vt 0.000000 1.000000
f 1201/1201 1202/1202 1203/1203 1204/1204
v -0.050727 0.170572 -0.139371
v -0.000000 0.170572 -0.148316
v -0.000000 0.183287 -0.130816
v -0.044742 0.183287 -0.122926
vt 0.000000 0.000000
vt 1.000000 0.000000
vt 1.000000 1.000000
vt 0.000000 1.000000
f 1205/1205 1206/1206 1207/1207 1208/1208
v -0.044742 0.183287 -0.122926
v -0.000000 0.183287 -0.130816
v -0.000000 0.183287 -0.109184
v -0.037343 0.183287 -0.102600
vt 0.000000 0.000000
vt 1.000000 0.000000
vt 1.000000 1.000000
vt 0.000000 1.000000
f 1209/1209 1210/1210 1211/1211 1212/1212
v -0.037343 0.183287 -0.102600
v -0.000000 0.183287 -0.109184
v -0.000000 0.170572 -0.091684
v -0.031358 0.170572 -0.086155
vt 0.000000 0.000000
vt 1.000000 0.000000
vt 1.000000 1.000000
vt 0.000000 1.000000
f 1213/1213 1214/1214 1215/1215 1216/1216
v -0.031358 0.170572 -0.086155
v -0.000000 0.170572 -0.091684
v -0.000000 0.150000 -0.085000
v -0.029072 0.150000 -0.079874
vt 0.000000 0.000000
vt 1.000000 0.000000
vt 1.000000 1.000000
vt 0.000000 1.000000
f 1217/1217 1218/1218 1219/1219 1220/1220
v -0.029072 0.150000 -0.079874
v -0.000000 0.150000 -0.085000
v -0.000000 0.129428 -0.091684
v -0.031358 0.129428 -0.086155
vt 0.000000 0.000000
vt 1.000000 0.000000
vt 1.000000 1.000000
vt 0.000000 1.000000
f 1221/1221 1222/1222 1223/1223 1224/1224
v -0.031358 0.129428 -0.086155
v -0.000000 0.129428 -0.091684
v -0.000000 0.116713 -0.109184
v -0.037343 0.116713 -0.102600
vt 0.000000 0.000000
vt 1.000000 0.000000
vt 1.000000 1.000000
vt 0.000000 1.000000
f 1225/1225 1226/1226 1227/1227 1228/1228
v -0.037343 0.116713 -0.102600
v -0.000000 0.116713 -0.109184
v -0.000000 0.116713 -0.130816
v -0.044742 0.116713 -0.122926
vt 0.000000 0.000000
vt 1.000000 0.000000
vt 1.000000 1.000000
vt 0.000000 1.000000
f 1229/1229 1230/1230 1231/1231 1232/1232
v -0.044742 0.116713 -0.122926
v -0.000000 0.116713 -0.130816
v -0.000000 0.129428 -0.148316
v -0.050727 0.129428 -0.139371
vt 0.000000 0.000000
vt 1.000000 0.000000
vt 1.000000 1.000000
vt 0.000000 1.000000
f 1233/1233 1234/1234 1235/1235 1236/1236
v -0.050727 0.129428 -0.139371
v -0.000000 0.129428 -0.148316
v -0.000000 0.150000 -0.155000
v -0.053013 0.150000 -0.145652
vt 0.000000 0.000000
vt 1.000000 0.000000
vt 1.000000 1.000000
vt 0.000000 1.000000
f 1237/1237 1238/1238 1239/1239 1240/1240
usemtl yellow
v 0.000000 0.150000 -0.108000
v 0.041330 0.150000 -0.099779
v 0.039283 0.166458 -0.094839
v 0.000000 0.166458 -0.102652
vt 0.000000 0.000000
vt 1.000000 0.000000
vt 1.000000 1.000000
vt 0.000000 1.000000
f 1241/1241 1242/1242 1243/1243 1244/1244
v 0.000000 0.166458 -0.102652
v 0.039283 0.166458 -0.094839
v 0.033926 0.176630 -0.081904
v 0.000000 0.176630 -0.088652
vt 0.000000 0.000000
vt 1.000000 0.000000
vt 1.000000 1.000000
vt 0.000000 1.000000
f 1245/1245 1246/1246 1247/1247 1248/1248
v 0.000000 0.176630 -0.088652
v 0.033926 0.176630 -0.081904
v 0.027304 0.176630 -0.065917
v 0.000000 0.176630 -0.071348
vt 0.000000 0.000000
vt 1.000000 0.000000
vt 1.000000 1.000000
vt 0.000000 1.000000
f 1249/1249 1250/1250 1251/1251 1252/1252
v 0.000000 0.176630 -0.071348
v 0.027304 0.176630 -0.065917
v 0.021946 0.166458 -0.052982
v 0.000000 0.166458 -0.057348
vt 0.000000 0.000000
vt 1.000000 0.000000
vt 1.000000 1.000000
vt 0.000000 1.000000
f 1253/1253 1254/1254 1255/1255 1256/1256
v 0.000000 0.166458 -0.057348
v 0.021946 0.166458 -0.052982
v 0.019900 0.150000 -0.048042
v 0.000000 0.150000 -0.052000
vt 0.000000 0.000000
vt 1.000000 0.000000
vt 1.000000 1.000000
vt 0.000000 1.000000
f 1257/1257 1258/1258 1259/1259 1260/1260
v 0.000000 0.150000 -0.052000
v 0.019900 0.150000 -0.048042
v 0.021946 0.133542 -0.052982
v 0.000000 0.133542 -0.057348
vt 0.000000 0.000000
vt 1.000000 0.000000
vt 1.000000 1.000000
vt 0.000000 1.000000
f 1261/1261 1262/1262 1263/1263 1264/1264
v 0.000000 0.133542 -0.057348
v 0.021946 0.133542 -0.052982
v 0.027304 0.123370 -0.065917
v 0.000000 0.123370 -0.071348
vt 0.000000 0.000000
vt 1.000000 0.000000
vt 1.000000 1.000000
vt 0.000000 1.000000
f 1265/1265 1266/1266 1267/1267 1268/1268
v 0.000000 0.123370 -0.071348
v 0.027304 0.123370 -0.065917
v 0.033926 0.123370 -0.081904
v 0.000000 0.123370 -0.088652
vt 0.000000 0.000000
vt 1.000000 0.000000
vt 1.000000 1.000000
vt 0.000000 1.000000
f 1269/1269 1270/1270 1271/1271 1272/1272
v 0.000000 0.123370 -0.088652
v 0.033926 0.123370 -0.081904
v 0.039283 0.133542 -0.094839
v 0.000000 0.133542 -0.102652
vt 0.000000 0.000000
vt 1.000000 0.000000
vt 1.000000 1.000000
vt 0.000000 1.000000
f 1273/1273 1274/1274 1275/1275 1276/1276
v 0.000000 0.133542 -0.102652
v 0.039283 0.133542 -0.094839
v 0.041330 0.150000 -0.099779
v 0.000000 0.150000 -0.108000
vt 0.000000 0.000000
vt 1.000000 0.000000
vt 1.000000 1.000000
vt 0.000000 1.000000
f 1277/1277 1278/1278 1279/1279 1280/1280
v 0.041330 0.150000 -0.099779
v 0.076368 0.150000 -0.076368
v 0.072586 0.166458 -0.072586
v 0.039283 0.166458 -0.094839
vt 0.000000 0.000000
vt 1.000000 0.000000
vt 1.000000 1.000000
vt 0.000000 1.000000
f 1281/1281 1282/1282 1283/1283 1284/1284
v 0.039283 0.166458 -0.094839
v 0.072586 0.166458 -0.072586
v 0.062687 0.176630 -0.062687
v 0.033926 0.176630 -0.081904
vt 0.000000 0.000000
vt 1.000000 0.000000
vt 1.000000 1.000000
vt 0.000000 1.000000
f 1285/1285 1286/1286 1287/1287 1288/1288
v 0.033926 0.176630 -0.081904
v 0.062687 0.176630 -0.062687
v 0.050450 0.176630 -0.050450
v 0.027304 0.176630 -0.065917
vt 0.000000 0.000000
vt 1.000000 0.000000
vt 1.000000 1.000000
vt 0.000000 1.000000
f 1289/1289 1290/1290 1291/1291 1292/1292
v 0.027304 0.176630 -0.065917
v 0.050450 0.176630 -0.050450
v 0.040551 0.166458 -0.040551
v 0.021946 0.166458 -0.052982
vt 0.000000 0.000000
vt 1.000000 0.000000
vt 1.000000 1.000000
vt 0.000000 1.000000
f 1293/1293 1294/1294 1295/1295 1296/1296
v 0.021946 0.166458 -0.052982
v 0.040551 0.166458 -0.040551
v 0.036770 0.150000 -0.036770
v 0.019900 0.150000 -0.048042
vt 0.000000 0.000000
vt 1.000000 0.000000
vt 1.000000 1.000000
vt 0.000000 1.000000
f 1297/1297 1298/1298 1299/1299 1300/1300
v 0.019900 0.150000 -0.048042
v 0.036770 0.150000 -0.036770
v 0.040551 0.133542 -0.040551
v 0.021946 0.133542 -0.052982
vt 0.000000 0.000000
vt 1.000000 0.000000
vt 1.000000 1.000000
vt 0.000000 1.000000
f 1301/1301 1302/1302 1303/1303 1304/1304
v 0.021946 0.133542 -0.052982
v 0.040551 0.133542 -0.040551
v 0.050450 0.123370 -0.050450
v 0.027304 0.123370 -0.065917
vt 0.000000 0.000000
vt 1.000000 0.000000
vt 1.000000 1.000000
vt 0.000000 1.000000
f 1305/1305 1306/1306 1307/1307 1308/1308
v 0.027304 0.123370 -0.065917
v 0.050450 0.123370 -0.050450
v 0.062687 0.123370 -0.062687
v 0.033926 0.123370 -0.081904
vt 0.000000 0.000000
vt 1.000000 0.000000
vt 1.000000 1.000000
vt 0.000000 1.000000
f 1309/1309 1310/1310 1311/1311 1312/1312
v 0.033926 0.123370 -0.081904
v 0.062687 0.123370 -0.062687
v 0.072586 0.133542 -0.072586
v 0.039283 0.133542 -0.094839
vt 0.000000 0.000000
vt 1.000000 0.000000
vt 1.000000 1.000000
vt 0.000000 1.000000
f 1313/1313 1314/1314 1315/1315 1316/1316
v 0.039283 0.133542 -0.094839
v 0.072586 0.133542 -0.072586
v 0.076368 0.150000 -0.076368
v 0.041330 0.150000 -0.099779
vt 0.000000 0.000000
vt 1.000000 0.000000
vt 1.000000 1.000000
vt 0.000000 1.000000
f 1317/1317 1318/1318 1319/1319 1320/1320
v 0.076368 0.150000 -0.076368
v 0.099779 0.150000 -0.041330
v 0.094839 0.166458 -0.039283
v 0.072586 0.166458 -0.072586
vt 0.000000 0.000000
vt 1.000000 0.000000
vt 1.000000 1.000000
vt 0.000000 1.000000
f 1321/1321 1322/1322 1323/1323 1324/1324
v 0.072586 0.166458 -0.072586
v 0.094839 0.166458 -0.039283
v 0.081904 0.176630 -0.033926
v 0.062687 0.176630 -0.062687
vt 0.000000 0.000000
vt 1.000000 0.000000
vt 1.000000 1.000000
vt 0.000000 1.000000
f 1325/1325 1326/1326 1327/1327 1328/1328
v 0.062687 0.176630 -0.062687
v 0.081904 0.176630 -0.033926
v 0.065917 0.176630 -0.027304
v 0.050450 0.176630 -0.050450
vt 0.000000 0.000000
vt 1.000000 0.000000
vt 1.000000 1.000000
vt 0.000000 1.000000
f 1329/1329 1330/1330 1331/1331 1332/1332
v 0.050450 0.176630 -0.050450
v 0.065917 0.176630 -0.027304
v 0.052982 0.166458 -0.021946
v 0.040551 0.166458 -0.040551
vt 0.000000 0.000000
vt 1.000000 0.000000
vt 1.000000 1.000000
vt 0.000000 1.000000
f 1333/1333 1334/1334 1335/1335 1336/1336
v 0.040551 0.166458 -0.040551
v 0.052982 0.166458 -0.021946
v 0.048042 0.150000 -0.019900
v 0.036770 0.150000 -0.036770
vt 0.000000 0.000000
vt 1.000000 0.000000
vt 1.000000 1.000000
vt 0.000000 1.000000
f 1337/1337 1338/1338 1339/1339 1340/1340
v 0.036770 0.150000 -0.036770
v 0.048042 0.150000 -0.019900
v 0.052982 0.133542 -0.021946
v 0.040551 0.133542 -0.040551
vt 0.000000 0.000000
vt 1.000000 0.000000
vt 1.000000 1.000000
vt 0.000000 1.000000
f 1341/1341 1342/1342 1343/1343 1344/1344
v 0.040551 0.133542 -0.040551
v 0.052982 0.133542 -0.021946
v 0.065917 0.123370 -0.027304
v 0.050450 0.123370 -0.050450
vt 0.000000 0.000000
vt 1.000000 0.000000
vt 1.000000 1.000000
vt 0.000000 1.000000
f 1345/1345 1346/1346 1347/1347 1348/1348
v 0.050450 0.123370 -0.050450
v 0.065917 0.123370 -0.027304
v 0.081904 0.123370 -0.033926
v 0.062687 0.123370 -0.062687
vt 0.000000 0.000000
vt 1.000000 0.000000
vt 1.000000 1.000000
vt 0.000000 1.000000
f 1349/1349 1350/1350 1351/1351 1352/1352
v 0.062687 0.123370 -0.062687
v 0.081904 0.123370 -0.033926
v 0.094839 0.133542 -0.039283
v 0.072586 0.133542 -0.072586
vt 0.000000 0.000000
vt 1.000000 0.000000
vt 1.000000 1.000000
vt 0.000000 1.000000
f 1353/1353 1354/1354 1355/1355 1356/1356
v 0.072586 0.133542 -0.072586
v 0.094839 0.133542 -0.039283
v 0.099779 0.150000 -0.041330
v 0.076368 0.150000 -0.076368
vt 0.000000 0.000000
vt 1.000000 0.000000
vt 1.000000 1.000000
vt 0.000000 1.000000
f 1357/1357 1358/1358 1359/1359 1360/1360
v 0.099779 0.150000 -0.041330
v 0.108000 0.150000 -0.000000
v 0.102652 0.166458 -0.000000
v 0.094839 0.166458 -0.039283
vt 0.000000 0.000000
vt 1.000000 0.000000
vt 1.000000 1.000000
vt 0.000000 1.000000
f 1361/1361 1362/1362 1363/1363 1364/1364
v 0.094839 0.166458 -0.039283
v 0.102652 0.166458 -0.000000
v 0.088652 0.176630 -0.000000
v 0.081904 0.176630 -0.033926
vt 0.000000 0.000000
vt 1.000000 0.000000
vt 1.000000 1.000000
vt 0.000000 1.000000
f 1365/1365 1366/1366 1367/1367 1368/1368
v 0.081904 0.176630 -0.033926
v 0.088652 0.176630 -0.000000
v 0.071348 0.176630 -0.000000
v 0.065917 0.176630 -0.027304
vt 0.000000 0.000000
vt 1.000000 0.000000
vt 1.000000 1.000000
vt 0.000000 1.000000
f 1369/1369 1370/1370 1371/1371 1372/1372
v 0.065917 0.176630 -0.027304
v 0.071348 0.176630 -0.000000
v 0.057348 0.166458 -0.000000
v 0.052982 0.166458 -0.021946
vt 0.000000 0.000000
vt 1.000000 0.000000
vt 1.000000 1.000000
vt 0.000000 1.000000
f 1373/1373 1374/1374 1375/1375 1376/1376
v 0.052982 0.166458 -0.021946
v 0.057348 0.166458 -0.000000
v 0.052000 0.150000 -0.000000
v 0.048042 0.150000 -0.019900
vt 0.000000 0.000000
vt 1.000000 0.000000
vt 1.000000 1.000000
vt 0.000000 1.000000
f 1377/1377 1378/1378 1379/1379 1380/1380
v 0.048042 0.150000 -0.019900
v 0.052000 0.150000 -0.000000
v 0.057348 0.133542 -0.000000
v 0.052982 0.133542 -0.021946
vt 0.000000 0.000000
vt 1.000000 0.000000
vt 1.000000 1.000000
vt 0.000000 1.000000
f 1381/1381 1382/1382 1383/1383 1384/1384
v 0.052982 0.133542 -0.021946
v 0.057348 0.133542 -0.000000
v 0.071348 0.123370 -0.000000
v 0.065917 0.123370 -0.027304
vt 0.000000 0.000000
vt 1.000000 0.000000
vt 1.000000 1.000000
vt 0.000000 1.000000
f 1385/1385 1386/1386 1387/1387 1388/1388
v 0.065917 0.123370 -0.027304
v 0.071348 0.123370 -0.000000
v 0.088652 0.123370 -0.000000
v 0.081904 0.123370 -0.033926
vt 0.000000 0.000000
vt 1.000000 0.000000
vt 1.000000 1.000000
vt 0.000000 1.000000
f 1389/1389 1390/1390 1391/1391 1392/1392
v 0.081904 0.123370 -0.033926
v 0.088652 0.123370 -0.000000
v 0.102652 0.133542 -0.000000
v 0.094839 0.133542 -0.039283
vt 0.000000 0.000000
vt 1.000000 0.000000
vt 1.000000 1.000000
vt 0.000000 1.000000
f 1393/1393 1394/1394 1395/1395 1396/1396
v 0.094839 0.133542 -0.039283
v 0.102652 0.133542 -0.000000
v 0.108000 0.150000 -0.000000
v 0.099779 0.150000 -0.041330
vt 0.000000 0.000000
vt 1.000000 0.000000
vt 1.000000 1.000000
vt 0.000000 1.000000
f 1397/1397 1398/1398 1399/1399 1400/1400
v 0.108000 0.150000 -0.000000
v 0.099779 0.150000 0.041330
v 0.094839 0.166458 0.039283
v 0.102652 0.166458 -0.000000
vt 0.000000 0.000000
vt 1.000000 0.000000
vt 1.000000 1.000000
vt 0.000000 1.000000
f 1401/1401 1402/1402 1403/1403 1404/1404
v 0.102652 0.166458 -0.000000
v 0.094839 0.166458 0.039283
v 0.081904 0.176630 0.033926
v 0.088652 0.176630 -0.000000
vt 0.000000 0.000000
vt 1.000000 0.000000
vt 1.000000 1.000000
vt 0.000000 1.000000
f 1405/1405 1406/1406 1407/1407 1408/1408
v 0.088652 0.176630 -0.000000
v 0.081904 0.176630 0.033926
v 0.065917 0.176630 0.027304
v 0.071348 0.176630 -0.000000
vt 0.000000 0.000000
vt 1.000000 0.000000
vt 1.000000 1.000000
vt 0.000000 1.000000
f 1409/1409 1410/1410 1411/1411 1412/1412
v 0.071348 0.176630 -0.000000
v 0.065917 0.176630 0.027304
v 0.052982 0.166458 0.021946
v 0.057348 0.166458 -0.000000
vt 0.000000 0.000000
vt 1.000000 0.000000
vt 1.000000 1.000000
vt 0.000000 1.000000
f 1413/1413 1414/1414 1415/1415 1416/1416
v 0.057348 0.166458 -0.000000
v 0.052982 0.166458 0.021946
v 0.048042 0.150000 0.019900
v 0.052000 0.150000 -0.000000
vt 0.000000 0.000000
vt 1.000000 0.000000
vt 1.000000 1.000000
vt 0.000000 1.000000
f 1417/1417 1418/1418 1419/1419 1420/1420
v 0.052000 0.150000 -0.000000
v 0.048042 0.150000 0.019900
v 0.052982 0.133542 0.021946
v 0.057348 0.133542 -0.000000
vt 0.000000 0.000000
vt 1.000000 0.000000
vt 1.000000 1.000000
vt 0.000000 1.000000
f 1421/1421 1422/1422 1423/1423 1424/1424
v 0.057348 0.133542 -0.000000
v 0.052982 0.133542 0.021946
v 0.065917 0.123370 0.027304
v 0.071348 0.123370 -0.000000
vt 0.000000 0.000000
vt 1.000000 0.000000
vt 1.000000 1.000000
vt 0.000000 1.000000
f 1425/1425 1426/1426 1427/1427 1428/1428
v 0.071348 0.123370 -0.000000
v 0.065917 0.123370 0.027304
v 0.081904 0.123370 0.033926
v 0.088652 0.123370 -0.000000
vt 0.000000 0.000000
vt 1.000000 0.000000
vt 1.000000 1.000000
vt 0.000000 1.000000
f 1429/1429 1430/1430 1431/1431 1432/1432
v 0.088652 0.123370 -0.000000
v 0.081904 0.123370 0.033926
v 0.094839 0.133542 0.039283
v 0.102652 0.133542 -0.000000
vt 0.000000 0.000000
vt 1.000000 0.000000
vt 1.000000 1.000000
vt 0.000000 1.000000
f 1433/1433 1434/1434 1435/1435 1436/1436
v 0.102652 0.133542 -0.000000
v 0.094839 0.133542 0.039283
v 0.099779 0.150000 0.041330
v 0.108000 0.150000 -0.000000
vt 0.000000 0.000000
vt 1.000000 0.000000
vt 1.000000 1.000000
vt 0.000000 1.000000
f 1437/1437 1438/1438 1439/1439 1440/1440
v 0.099779 0.150000 0.041330
v 0.076368 0.150000 0.076368
v 0.072586 0.166458 0.072586
v 0.094839 0.166458 0.039283
vt 0.000000 0.000000
vt 1.000000 0.000000
vt 1.000000 1.000000
vt 0.000000 1.000000
f 1441/1441 1442/1442 1443/1443 1444/1444
v 0.094839 0.166458 0.039283
v 0.072586 0.166458 0.072586
v 0.062687 0.176630 0.062687
v 0.081904 0.176630 0.033926
vt 0.000000 0.000000
vt 1.000000 0.000000
vt 1.000000 1.000000
vt 0.000000 1.000000
f 1445/1445 1446/1446 1447/1447 1448/1448
v 0.081904 0.176630 0.033926
v 0.062687 0.176630 0.062687
v 0.050450 0.176630 0.050450
v 0.065917 0.176630 0.027304
vt 0.000000 0.000000
vt 1.000000 0.000000
vt 1.000000 1.000000
vt 0.000000 1.000000
f 1449/1449 1450/1450 1451/1451 1452/1452
v 0.065917 0.176630 0.027304
v 0.050450 0.176630 0.050450
v 0.040551 0.166458 0.040551
v 0.052982 0.166458 0.021946
vt 0.000000 0.000000
vt 1.000000 0.000000
vt 1.000000 1.000000
vt 0.000000 1.000000
f 1453/1453 1454/1454 1455/1455 1456/1456
v 0.052982 0.166458 0.021946
v 0.040551 0.166458 0.040551
v 0.036770 0.150000 0.036770
v 0.048042 0.150000 0.019900
vt 0.000000 0.000000
vt 1.000000 0.000000
vt 1.000000 1.000000
vt 0.000000 1.000000
f 1457/1457 1458/1458 1459/1459 1460/1460
v 0.048042 0.150000 0.019900
v 0.036770 0.150000 0.036770
v 0.040551 0.133542 0.040551
v 0.052982 0.133542 0.021946
vt 0.000000 0.000000
vt 1.000000 0.000000
vt 1.000000 1.000000
vt 0.000000 1.000000
f 1461/1461 1462/1462 1463/1463 1464/1464
v 0.052982 0.133542 0.021946
v 0.040551 0.133542 0.040551
v 0.050450 0.123370 0.050450
v 0.065917 0.123370 0.027304
vt 0.000000 0.000000
vt 1.000000 0.000000
vt 1.000000 1.000000
vt 0.000000 1.000000
f 1465/1465 1466/1466 1467/1467 1468/1468
v 0.065917 0.123370 0.027304
v 0.050450 0.123370 0.050450
v 0.062687 0.123370 0.062687
v 0.081904 0.123370 0.033926
vt 0.000000 0.000000
vt 1.000000 0.000000
vt 1.000000 1.000000
vt 0.000000 1.000000
f 1469/1469 1470/1470 1471/1471 1472/1472
v 0.081904 0.123370 0.033926
v 0.062687 0.123370 0.062687
v 0.072586 0.133542 0.072586
v 0.094839 0.133542 0.039283
vt 0.000000 0.000000
vt 1.000000 0.000000
vt 1.000000 1.000000
vt 0.000000 1.000000
f 1473/1473 1474/1474 1475/1475 1476/1476
v 0.094839 0.133542 0.039283
v 0.072586 0.133542 0.072586
v 0.076368 0.150000 0.076368
v 0.099779 0.150000 0.041330
vt 0.000000 0.000000
vt 1.000000 0.000000
vt 1.000000 1.000000
vt 0.000000 1.000000
f 1477/1477 1478/1478 1479/1479 1480/1480
v 0.076368 0.150000 0.076368
v 0.041330 0.150000 0.099779
v 0.039283 0.166458 0.094839
v 0.072586 0.166458 0.072586
vt 0.000000 0.000000
vt 1.000000 0.000000
vt 1.000000 1.000000
vt 0.000000 1.000000
f 1481/1481 1482/1482 1483/1483 1484/1484
v 0.072586 0.166458 0.072586
v 0.039283 0.166458 0.094839
v 0.033926 0.176630 0.081904
v 0.062687 0.176630 0.062687
vt 0.000000 0.000000
vt 1.000000 0.000000
vt 1.000000 1.000000
vt 0.000000 1.000000
f 1485/1485 1486/1486 1487/1487 1488/1488
v 0.062687 0.176630 0.062687
v 0.033926 0.176630 0.081904
v 0.027304 0.176630 0.065917
v 0.050450 0.176630 0.050450
vt 0.000000 0.000000
vt 1.000000 0.000000
vt 1.000000 1.000000
vt 0.000000 1.000000
f 1489/1489 1490/1490 1491/1491 1492/1492
v 0.050450 0.176630 0.050450
v 0.027304 0.176630 0.065917
v 0.021946 0.166458 0.052982
v 0.040551 0.166458 0.040551
vt 0.000000 0.000000
vt 1.000000 0.000000
vt 1.000000 1.000000
vt 0.000000 1.000000
f 1493/1493 1494/1494 1495/1495 1496/1496
v 0.040551 0.166458 0.040551
v 0.021946 0.166458 0.052982
v 0.019900 0.150000 0.048042
v 0.036770 0.150000 0.036770
vt 0.000000 0.000000
vt 1.000000 0.000000
vt 1.000000 1.000000
vt 0.000000 1.000000
f 1497/1497 1498/1498 1499/1499 1500/1500
v 0.036770 0.150000 0.036770
v 0.019900 0.150000 0.048042
v 0.021946 0.133542 0.052982
v 0.040551 0.133542 0.040551
vt 0.000000 0.000000
vt 1.000000 0.000000
vt 1.000000 1.000000
vt 0.000000 1.000000
f 1501/1501 1502/1502 1503/1503 1504/1504
v 0.040551 0.133542 0.040551
v 0.021946 0.133542 0.052982
v 0.027304 0.123370 0.065917
v 0.050450 0.123370 0.050450
vt 0.000000 0.000000
vt 1.000000 0.000000
vt 1.000000 1.000000
vt 0.000000 1.000000
f 1505/1505 1506/1506 1507/1507 1508/1508
v 0.050450 0.123370 0.050450
v 0.027304 0.123370 0.065917
v 0.033926 0.123370 0.081904
v 0.062687 0.123370 0.062687
vt 0.000000 0.000000
vt 1.000000 0.000000
vt 1.000000 1.000000
vt 0.000000 1.000000
f 1509/1509 1510/1510 1511/1511 1512/1512
v 0.062687 0.123370 0.062687
v 0.033926 0.123370 0.081904
v 0.039283 0.133542 0.094839
v 0.072586 0.133542 0.072586
vt 0.000000 0.000000
vt 1.000000 0.000000
vt 1.000000 1.000000
vt 0.000000 1.000000
f 1513/1513 1514/1514 1515/1515 1516/1516
v 0.072586 0.133542 0.072586
v 0.039283 0.133542 0.094839
v 0.041330 0.150000 0.099779
v 0.076368 0.150000 0.076368
vt 0.000000 0.000000
vt 1.000000 0.000000
vt 1.000000 1.000000
vt 0.000000 1.000000
f 1517/1517 1518/1518 1519/1519 1520/1520
v 0.041330 0.150000 0.099779
v 0.000000 0.150000 0.108000
v 0.000000 0.166458 0.102652
v 0.039283 0.166458 0.094839
vt 0.000000 0.000000
vt 1.000000 0.000000
vt 1.000000 1.000000
vt 0.000000 1.000000
f 1521/1521 1522/1522 1523/1523 1524/1524
v 0.039283 0.166458 0.094839
v 0.000000 0.166458 0.102652
v 0.000000 0.176630 0.088652
v 0.033926 0.176630 0.081904
vt 0.000000 0.000000
vt 1.000000 0.000000
vt 1.000000 1.000000
vt 0.000000 1.000000
f 1525/1525 1526/1526 1527/1527 1528/1528
v 0.033926 0.176630 0.081904
v 0.000000 0.176630 0.088652
v 0.000000 0.176630 0.071348
v 0.027304 0.176630 0.065917
vt 0.000000 0.000000
vt 1.000000 0.000000
vt 1.000000 1.000000
vt 0.000000 1.000000
f 1529/1529 1530/1530 1531/1531 1532/1532
v 0.027304 0.176630 0.065917
v 0.000000 0.176630 0.071348
v 0.000000 0.166458 0.057348
v 0.021946 0.166458 0.052982
vt 0.000000 0.000000
vt 1.000000 0.000000
vt 1.000000 1.000000
vt 0.000000 1.000000
f 1533/1533 1534/1534 1535/1535 1536/1536
v 0.021946 0.166458 0.052982
v 0.000000 0.166458 0.057348
v 0.000000 0.150000 0.052000
v 0.019900 0.150000 0.048042
vt 0.000000 0.000000
vt 1.000000 0.000000
vt 1.000000 1.000000
vt 0.000000 1.000000
f 1537/1537 1538/1538 1539/1539 1540/1540
v 0.019900 0.150000 0.048042
v 0.000000 0.150000 0.052000
v 0.000000 0.133542 0.057348
v 0.021946 0.133542 0.052982
vt 0.000000 0.000000
vt 1.000000 0.000000
vt 1.000000 1.000000
vt 0.000000 1.000000
f 1541/1541 1542/1542 1543/1543 1544/1544
v 0.021946 0.133542 0.052982
v 0.000000 0.133542 0.057348
v 0.000000 0.123370 0.071348
v 0.027304 0.123370 0.065917
vt 0.000000 0.000000
vt 1.000000 0.000000
vt 1.000000 1.000000
vt 0.000000 1.000000
f 1545/1545 1546/1546 1547/1547 1548/1548
v 0.027304 0.123370 0.065917
v 0.000000 0.123370 0.071348
v 0.000000 0.123370 0.088652
v 0.033926 0.123370 0.081904
vt 0.000000 0.000000
vt 1.000000 0.000000
vt 1.000000 1.000000
vt 0.000000 1.000000
f 1549/1549 1550/1550 1551/1551 1552/1552
v 0.033926 0.123370 0.081904
v 0.000000 0.123370 0.088652
v 0.000000 0.133542 0.102652
v 0.039283 0.133542 0.094839
vt 0.000000 0.000000
vt 1.000000 0.000000
vt 1.000000 1.000000
vt 0.000000 1.000000
f 1553/1553 1554/1554 1555/1555 1556/1556
v 0.039283 0.133542 0.094839
v 0.000000 0.133542 0.102652
v 0.000000 0.150000 0.108000
v 0.041330 0.150000 0.099779
vt 0.000000 0.000000
vt 1.000000 0.000000
vt 1.000000 1.000000
vt 0.000000 1.000000
f 1557/1557 1558/1558 1559/1559 1560/1560
v 0.000000 0.150000 0.108000
v -0.041330 0.150000 0.099779
v -0.039283 0.166458 0.094839
v 0.000000 0.166458 0.102652
vt 0.000000 0.000000
vt 1.000000 0.000000
vt 1.000000 1.000000
vt 0.000000 1.000000
f 1561/1561 1562/1562 1563/1563 1564/1564
v 0.000000 0.166458 0.102652
v -0.039283 0.166458 0.094839
v -0.033926 0.176630 0.081904
v 0.000000 0.176630 0.088652
vt 0.000000 0.000000
vt 1.000000 0.000000
vt 1.000000 1.000000
vt 0.000000 1.000000
f 1565/1565 1566/1566 1567/1567 1568/1568
v 0.000000 0.176630 0.088652
v -0.033926 0.176630 0.081904
v -0.027304 0.176630 0.065917
v 0.000000 0.176630 0.071348
vt 0.000000 0.000000
vt 1.000000 0.000000
vt 1.000000 1.000000
vt 0.000000 1.000000
f 1569/1569 1570/1570 1571/1571 1572/1572
v 0.000000 0.176630 0.071348
v -0.027304 0.176630 0.065917
v -0.021946 0.166458 0.052982
v 0.000000 0.166458 0.057348
vt 0.000000 0.000000
vt 1.000000 0.000000
vt 1.000000 1.000000
vt 0.000000 1.000000
f 1573/1573 1574/1574 1575/1575 1576/1576
v 0.000000 0.166458 0.057348
v -0.021946 0.166458 0.052982
v -0.019900 0.150000 0.048042
v 0.000000 0.150000 0.052000
vt 0.000000 0.000000
vt 1.000000 0.000000
vt 1.000000 1.000000
vt 0.000000 1.000000
f 1577/1577 1578/1578 1579/1579 1580/1580
v 0.000000 0.150000 0.052000
v -0.019900 0.150000 0.048042
v -0.021946 0.133542 0.052982
v 0.000000 0.133542 0.057348
vt 0.000000 0.000000
vt 1.000000 0.000000
vt 1.000000 1.000000
vt 0.000000 1.000000
f 1581/1581 1582/1582 1583/1583 1584/1584
v 0.000000 0.133542 0.057348
v -0.021946 0.133542 0.052982
v -0.027304 0.123370 0.065917
v 0.000000 0.123370 0.071348
vt 0.000000 0.000000
vt 1.000000 0.000000
vt 1.000000 1.000000
vt 0.000000 1.000000
f 1585/1585 1586/1586 1587/1587 1588/1588
v 0.000000 0.123370 0.071348
v -0.027304 0.123370 0.065917
v -0.033926 0.123370 0.081904
v 0.000000 0.123370 0.088652
vt 0.000000 0.000000
vt 1.000000 0.000000
vt 1.000000 1.000000
vt 0.000000 1.000000
f 1589/1589 1590/1590 1591/1591 1592/1592
v 0.000000 0.123370 0.088652
v -0.033926 0.123370 0.081904
v -0.039283 0.133542 0.094839
v 0.000000 0.133542 0.102652
vt 0.000000 0.000000
vt 1.000000 0.000000
vt 1.000000 1.000000
vt 0.000000 1.000000
f 1593/1593 1594/1594 1595/1595 1596/1596
v 0.000000 0.133542 0.102652
v -0.039283 0.133542 0.094839
v -0.041330 0.150000 0.099779
v 0.000000 0.150000 0.108000
vt 0.000000 0.000000
vt 1.000000 0.000000
vt 1.000000 1.000000
vt 0.000000 1.000000
f 1597/1597 1598/1598 1599/1599 1600/1600
v -0.041330 0.150000 0.099779
v -0.076368 0.150000 0.076368
v -0.072586 0.166458 0.072586
v -0.039283 0.166458 0.094839
vt 0.000000 0.000000
vt 1.000000 0.000000
vt 1.000000 1.000000
vt 0.000000 1.000000
f 1601/1601 1602/1602 1603/1603 1604/1604
v -0.039283 0.166458 0.094839
v -0.072586 0.166458 0.072586
v -0.062687 0.176630 0.062687
v -0.033926 0.176630 0.081904
vt 0.000000 0.000000
vt 1.000000 0.000000
vt 1.000000 1.000000
vt 0.000000 1.000000
f 1605/1605 1606/1606 1607/1607 1608/1608
v -0.033926 0.176630 0.081904
v -0.062687 0.176630 0.062687
v -0.050450 0.176630 0.050450
v -0.027304 0.176630 0.065917
vt 0.000000 0.000000
vt 1.000000 0.000000
vt 1.000000 1.000000
vt 0.000000 1.000000
f 1609/1609 1610/1610 1611/1611 1612/1612
v -0.027304 0.176630 0.065917
v -0.050450 0.176630 0.050450
v -0.040551 0.166458 0.040551
v -0.021946 0.166458 0.052982
vt 0.000000 0.000000
vt 1.000000 0.000000
vt 1.000000 1.000000
vt 0.000000 1.000000
f 1613/1613 1614/1614 1615/1615 1616/1616
v -0.021946 0.166458 0.052982
v -0.040551 0.166458 0.040551
v -0.036770 0.150000 0.036770
v -0.019900 0.150000 0.048042
vt 0.000000 0.000000
vt 1.000000 0.000000
vt 1.000000 1.000000
vt 0.000000 1.000000
f 1617/1617 1618/1618 1619/1619 1620/1620
v -0.019900 0.150000 0.048042
v -0.036770 0.150000 0.036770
v -0.040551 0.133542 0.040551
v -0.021946 0.133542 0.052982
vt 0.000000 0.000000
vt 1.000000 0.000000
vt 1.000000 1.000000
vt 0.000000 1.000000
f 1621/1621 1622/1622 1623/1623 1624/1624
v -0.021946 0.133542 0.052982
v -0.040551 0.133542 0.040551
v -0.050450 0.123370 0.050450
v -0.027304 0.123370 0.065917
vt 0.000000 0.000000
vt 1.000000 0.000000
vt 1.000000 1.000000
vt 0.000000 1.000000
f 1625/1625 1626/1626 1627/1627 1628/1628
v -0.027304 0.123370 0.065917
v -0.050450 0.123370 0.050450
v -0.062687 0.123370 0.062687
v -0.033926 0.123370 0.081904
vt 0.000000 0.000000
vt 1.000000 0.000000
vt 1.000000 1.000000
vt 0.000000 1.000000
f 1629/1629 1630/1630 1631/1631 1632/1632
v -0.033926 0.123370 0.081904
v -0.062687 0.123370 0.062687
v -0.072586 0.133542 0.072586
v -0.039283 0.133542 0.094839
vt 0.000000 0.000000
vt 1.000000 0.000000
vt 1.000000 1.000000
vt 0.000000 1.000000
f 1633/1633 1634/1634 1635/1635 1636/1636
v -0.039283 0.133542 0.094839
v -0.072586 0.133542 0.072586
v -0.076368 0.150000 0.076368
v -0.041330 0.150000 0.099779
vt 0.000000 0.000000
vt 1.000000 0.000000
vt 1.000000 1.000000
vt 0.000000 1.000000
f 1637/1637 1638/1638 1639/1639 1640/1640
v -0.076368 0.150000 0.076368
v -0.099779 0.150000 0.041330
v -0.094839 0.166458 0.039283
v -0.072586 0.166458 0.072586
vt 0.000000 0.000000
vt 1.000000 0.000000
vt 1.000000 1.000000
vt 0.000000 1.000000
f 1641/1641 1642/1642 1643/1643 1644/1644
v -0.072586 0.166458 0.072586
v -0.094839 0.166458 0.039283
v -0.081904 0.176630 0.033926
v -0.062687 0.176630 0.062687
vt 0.000000 0.000000
vt 1.000000 0.000000
vt 1.000000 1.000000
vt 0.000000 1.000000
f 1645/1645 1646/1646 1647/1647 1648/1648
v -0.062687 0.176630 0.062687
v -0.081904 0.176630 0.033926
v -0.065917 0.176630 0.027304
v -0.050450 0.176630 0.050450
vt 0.000000 0.000000
vt 1.000000 0.000000
vt 1.000000 1.000000
vt 0.000000 1.000000
f 1649/1649 1650/1650 1651/1651 1652/1652
v -0.050450 0.176630 0.050450
v -0.065917 0.176630 0.027304
v -0.052982 0.166458 0.021946
v -0.040551 0.166458 0.040551
vt 0.000000 0.000000
vt 1.000000 0.000000
vt 1.000000 1.000000
vt 0.000000 1.000000
f 1653/1653 1654/1654 1655/1655 1656/1656
v -0.040551 0.166458 0.040551
v -0.052982 0.166458 0.021946
v -0.048042 0.150000 0.019900
v -0.036770 0.150000 0.036770
vt 0.000000 0.000000
vt 1.000000 0.000000
vt 1.000000 1.000000
vt 0.000000 1.000000
f 1657/1657 1658/1658 1659/1659 1660/1660
v -0.036770 0.150000 0.036770
v -0.048042 0.150000 0.019900
v -0.052982 0.133542 0.021946
v -0.040551 0.133542 0.040551
vt 0.000000 0.000000
vt 1.000000 0.000000
vt 1.000000 1.000000
vt 0.000000 1.000000
f 1661/1661 1662/1662 1663/1663 1664/1664
v -0.040551 0.133542 0.040551
v -0.052982 0.133542 0.021946
v -0.065917 0.123370 0.027304
v -0.050450 0.123370 0.050450
vt 0.000000 0.000000
vt 1.000000 0.000000
vt 1.000000 1.000000
vt 0.000000 1.000000
f 1665/1665 1666/1666 1667/1667 1668/1668
v -0.050450 0.123370 0.050450
v -0.065917 0.123370 0.027304
v -0.081904 0.123370 0.033926
v -0.062687 0.123370 0.062687
vt 0.000000 0.000000
vt 1.000000 0.000000
vt 1.000000 1.000000
vt 0.000000 1.000000
f 1669/1669 1670/1670 1671/1671 1672/1672
v -0.062687 0.123370 0.062687
v -0.081904 0.123370 0.033926
v -0.094839 0.133542 0.039283
v -0.072586 0.133542 0.072586
vt 0.000000 0.000000
vt 1.000000 0.000000
vt 1.000000 1.000000
vt 0.000000 1.000000
f 1673/1673 1674/1674 1675/1675 1676/1676
v -0.072586 0.133542 0.072586
v -0.094839 0.133542 0.039283
v -0.099779 0.150000 0.041330
v -0.076368 0.150000 0.076368
vt 0.000000 0.000000
vt 1.000000 0.000000
vt 1.000000 1.000000
vt 0.000000 1.000000
f 1677/1677 1678/1678 1679/1679 1680/1680
v -0.099779 0.150000 0.041330
v -0.108000 0.150000 0.000000
v -0.102652 0.166458 0.000000
v -0.094839 0.166458 0.039283
vt 0.000000 0.000000
vt 1.000000 0.000000
vt 1.000000 1.000000
vt 0.000000 1.000000
f 1681/1681 1682/1682 1683/1683 1684/1684
v -0.094839 0.166458 0.039283
v -0.102652 0.166458 0.000000
v -0.088652 0.176630 0.000000
v -0.081904 0.176630 0.033926
vt 0.000000 0.000000
vt 1.000000 0.000000
vt 1.000000 1.000000
vt 0.000000 1.000000
f 1685/1685 1686/1686 1687/1687 1688/1688
v -0.081904 0.176630 0.033926
v -0.088652 0.176630 0.000000
v -0.071348 0.176630 0.000000
v -0.065917 0.176630 0.027304
vt 0.000000 0.000000
vt 1.000000 0.000000
vt 1.000000 1.000000
vt 0.000000 1.000000
f 1689/1689 1690/1690 1691/1691 1692/1692
v -0.065917 0.176630 0.027304
v -0.071348 0.176630 0.000000
v -0.057348 0.166458 0.000000
v -0.052982 0.166458 0.021946
vt 0.000000 0.000000
vt 1.000000 0.000000
vt 1.000000 1.000000
vt 0.000000 1.000000
f 1693/1693 1694/1694 1695/1695 1696/1696
v -0.052982 0.166458 0.021946
v -0.057348 0.166458 0.000000
v -0.052000 0.150000 0.000000
v -0.048042 0.150000 0.019900
vt 0.000000 0.000000
vt 1.000000 0.000000
vt 1.000000 1.000000
vt 0.000000 1.000000
f 1697/1697 1698/1698 1699/1699 1700/1700
v -0.048042 0.150000 0.019900
v -0.052000 0.150000 0.000000
v -0.057348 0.133542 0.000000
v -0.052982 0.133542 0.021946
vt 0.000000 0.000000
vt 1.000000 0.000000
vt 1.000000 1.000000
vt 0.000000 1.000000
f 1701/1701 1702/1702 1703/1703 1704/1704
v -0.052982 0.133542 0.021946
v -0.057348 0.133542 0.000000
v -0.071348 0.123370 0.000000
v -0.065917 0.123370 0.027304
vt 0.000000 0.000000
vt 1.000000 0.000000
vt 1.000000 1.000000
vt 0.000000 1.000000
f 1705/1705 1706/1706 1707/1707 1708/1708
v -0.065917 0.123370 0.027304
v -0.071348 0.123370 0.000000
v -0.088652 0.123370 0.000000
v -0.081904 0.123370 0.033926
vt 0.000000 0.000000
vt 1.000000 0.000000
vt 1.000000 1.000000
vt 0.000000 1.000000
f 1709/1709 1710/1710 1711/1711 1712/1712
v -0.081904 0.123370 0.033926
v -0.088652 0.123370 0.000000
v -0.102652 0.133542 0.000000
v -0.094839 0.133542 0.039283
vt 0.000000 0.000000
vt 1.000000 0.000000
vt 1.000000 1.000000
vt 0.000000 1.000000
f 1713/1713 1714/1714 1715/1715 1716/1716
v -0.094839 0.133542 0.039283
v -0.102652 0.133542 0.000000
v -0.108000 0.150000 0.000000
v -0.099779 0.150000 0.041330
vt 0.000000 0.000000
vt 1.000000 0.000000
vt 1.000000 1.000000
vt 0.000000 1.000000
f 1717/1717 1718/1718 1719/1719 1720/1720
v -0.108000 0.150000 0.000000
v -0.099779 0.150000 -0.041330
v -0.094839 0.166458 -0.039283
v -0.102652 0.166458 0.000000
vt 0.000000 0.000000
vt 1.000000 0.000000
vt 1.000000 1.000000
vt 0.000000 1.000000
f 1721/1721 1722/1722 1723/1723 1724/1724
v -0.102652 0.166458 0.000000
v -0.094839 0.166458 -0.039283
v -0.081904 0.176630 -0.033926
v -0.088652 0.176630 0.000000
vt 0.000000 0.000000
vt 1.000000 0.000000
vt 1.000000 1.000000
vt 0.000000 1.000000
f 1725/1725 1726/1726 1727/1727 1728/1728
v -0.088652 0.176630 0.000000
v -0.081904 0.176630 -0.033926
v -0.065917 0.176630 -0.027304
v -0.071348 0.176630 0.000000
vt 0.000000 0.000000
vt 1.000000 0.000000
vt 1.000000 1.000000
vt 0.000000 1.000000
f 1729/1729 1730/1730 1731/1731 1732/1732
v -0.071348 0.176630 0.000000
v -0.065917 0.176630 -0.027304
v -0.052982 0.166458 -0.021946
v -0.057348 0.166458 0.000000
vt 0.000000 0.000000
vt 1.000000 0.000000
vt 1.000000 1.000000
vt 0.000000 1.000000
f 1733/1733 1734/1734 1735/1735 1736/1736
v -0.057348 0.166458 0.000000
v -0.052982 0.166458 -0.021946
v -0.048042 0.150000 -0.019900
v -0.052000 0.150000 0.000000
vt 0.000000 0.000000
vt 1.000000 0.000000
vt 1.000000 1.000000
vt 0.000000 1.000000
f 1737/1737 1738/1738 1739/1739 1740/1740
v -0.052000 0.150000 0.000000
v -0.048042 0.150000 -0.019900
v -0.052982 0.133542 -0.021946
v -0.057348 0.133542 0.000000
vt 0.000000 0.000000
vt 1.000000 0.000000
vt 1.000000 1.000000
vt 0.000000 1.000000
f 1741/1741 1742/1742 1743/1743 1744/1744
v -0.057348 0.133542 0.000000
v -0.052982 0.133542 -0.021946
v -0.065917 0.123370 -0.027304
v -0.071348 0.123370 0.000000
vt 0.000000 0.000000
vt 1.000000 0.000000
vt 1.000000 1.000000
vt 0.000000 1.000000
f 1745/1745 1746/1746 1747/1747 1748/1748
v -0.071348 0.123370 0.000000
v -0.065917 0.123370 -0.027304
v -0.081904 0.123370 -0.033926
v -0.088652 0.123370 0.000000
vt 0.000000 0.000000
vt 1.000000 0.000000
vt 1.000000 1.000000
vt 0.000000 1.000000
f 1749/1749 1750/1750 1751/1751 1752/1752
v -0.088652 0.123370 0.000000
v -0.081904 0.123370 -0.033926
v -0.094839 0.133542 -0.039283
v -0.102652 0.133542 0.000000
vt 0.000000 0.000000
vt 1.000000 0.000000
vt 1.000000 1.000000
vt 0.000000 1.000000
f 1753/1753 1754/1754 1755/1755 1756/1756
v -0.102652 0.133542 0.000000
v -0.094839 0.133542 -0.039283
v -0.099779 0.150000 -0.041330
v -0.108000 0.150000 0.000000
vt 0.000000 0.000000
vt 1.000000 0.000000
vt 1.000000 1.000000
vt 0.000000 1.000000
f 1757/1757 1758/1758 1759/1759 1760/1760
v -0.099779 0.150000 -0.041330
v -0.076368 0.150000 -0.076368
v -0.072586 0.166458 -0.072586
v -0.094839 0.166458 -0.039283
vt 0.000000 0.000000
vt 1.000000 0.000000
vt 1.000000 1.000000
vt 0.000000 1.000000
f 1761/1761 1762/1762 1763/1763 1764/1764
v -0.094839 0.166458 -0.039283
v -0.072586 0.166458 -0.072586
v -0.062687 0.176630 -0.062687
v -0.081904 0.176630 -0.033926
vt 0.000000 0.000000
vt 1.000000 0.000000
vt 1.000000 1.000000
vt 0.000000 1.000000
f 1765/1765 1766/1766 1767/1767 1768/1768
v -0.081904 0.176630 -0.033926
v -0.062687 0.176630 -0.062687
v -0.050450 0.176630 -0.050450
v -0.065917 0.176630 -0.027304
vt 0.000000 0.000000
vt 1.000000 0.000000
vt 1.000000 1.000000
vt 0.000000 1.000000
f 1769/1769 1770/1770 1771/1771 1772/1772
v -0.065917 0.176630 -0.027304
v -0.050450 0.176630 -0.050450
v -0.040551 0.166458 -0.040551
v -0.052982 0.166458 -0.021946
vt 0.000000 0.000000
vt 1.000000 0.000000
vt 1.000000 1.000000
vt 0.000000 1.000000
f 1773/1773 1774/1774 1775/1775 1776/1776
v -0.052982 0.166458 -0.021946
v -0.040551 0.166458 -0.040551
v -0.036770 0.150000 -0.036770
v -0.048042 0.150000 -0.019900
vt 0.000000 0.000000
vt 1.000000 0.000000
vt 1.000000 1.000000
vt 0.000000 1.000000
f 1777/1777 1778/1778 1779/1779 1780/1780
v -0.048042 0.150000 -0.019900
v -0.036770 0.150000 -0.036770
v -0.040551 0.133542 -0.040551
v -0.052982 0.133542 -0.021946
vt 0.000000 0.000000
vt 1.000000 0.000000
vt 1.000000 1.000000
vt 0.000000 1.000000
f 1781/1781 1782/1782 1783/1783 1784/1784
v -0.052982 0.133542 -0.021946
v -0.040551 0.133542 -0.040551
v -0.050450 0.123370 -0.050450
v -0.065917 0.123370 -0.027304
vt 0.000000 0.000000
vt 1.000000 0.000000
vt 1.000000 1.000000
vt 0.000000 1.000000
f 1785/1785 1786/1786 1787/1787 1788/1788
v -0.065917 0.123370 -0.027304
v -0.050450 0.123370 -0.050450
v -0.062687 0.123370 -0.062687
v -0.081904 0.123370 -0.033926
vt 0.000000 0.000000
vt 1.000000 0.000000
vt 1.000000 1.000000
vt 0.000000 1.000000
f 1789/1789 1790/1790 1791/1791 1792/1792
v -0.081904 0.123370 -0.033926
v -0.062687 0.123370 -0.062687
v -0.072586 0.133542 -0.072586
v -0.094839 0.133542 -0.039283
vt 0.000000 0.000000
vt 1.000000 0.000000
vt 1.000000 1.000000
vt 0.000000 1.000000
f 1793/1793 1794/1794 1795/1795 1796/1796
v -0.094839 0.133542 -0.039283
v -0.072586 0.133542 -0.072586
v -0.076368 0.150000 -0.076368
v -0.099779 0.150000 -0.041330
vt 0.000000 0.000000
vt 1.000000 0.000000
vt 1.000000 1.000000
vt 0.000000 1.000000
f 1797/1797 1798/1798 1799/1799 1800/1800
v -0.076368 0.150000 -0.076368
v -0.041330 0.150000 -0.099779
v -0.039283 0.166458 -0.094839
v -0.072586 0.166458 -0.072586
vt 0.000000 0.000000
vt 1.000000 0.000000
vt 1.000000 1.000000
vt 0.000000 1.000000
f 1801/1801 1802/1802 1803/1803 1804/1804
v -0.072586 0.166458 -0.072586
v -0.039283 0.166458 -0.094839
v -0.033926 0.176630 -0.081904
v -0.062687 0.176630 -0.062687
vt 0.000000 0.000000
vt 1.000000 0.000000
vt 1.000000 1.000000
vt 0.000000 1.000000
f 1805/1805 1806/1806 1807/1807 1808/1808
v -0.062687 0.176630 -0.062687
v -0.033926 0.176630 -0.081904
v -0.027304 0.176630 -0.065917
v -0.050450 0.176630 -0.050450
vt 0.000000 0.000000
vt 1.000000 0.000000
vt 1.000000 1.000000
vt 0.000000 1.000000
f 1809/1809 1810/1810 1811/1811 1812/1812
v -0.050450 0.176630 -0.050450
v -0.027304 0.176630 -0.065917
v -0.021946 0.166458 -0.052982
v -0.040551 0.166458 -0.040551
vt 0.000000 0.000000
vt 1.000000 0.000000
vt 1.000000 1.000000
vt 0.000000 1.000000
f 1813/1813 1814/1814 1815/1815 1816/1816
v -0.040551 0.166458 -0.040551
v -0.021946 0.166458 -0.052982
v -0.019900 0.150000 -0.048042
v -0.036770 0.150000 -0.036770
vt 0.000000 0.000000
vt 1.000000 0.000000
vt 1.000000 1.000000
vt 0.000000 1.000000
f 1817/1817 1818/1818 1819/1819 1820/1820
v -0.036770 0.150000 -0.036770
v -0.019900 0.150000 -0.048042
v -0.021946 0.133542 -0.052982
v -0.040551 0.133542 -0.040551
vt 0.000000 0.000000
vt 1.000000 0.000000
vt 1.000000 1.000000
vt 0.000000 1.000000
f 1821/1821 1822/1822 1823/1823 1824/1824
v -0.040551 0.133542 -0.040551
v -0.021946 0.133542 -0.052982
v -0.027304 0.123370 -0.065917
v -0.050450 0.123370 -0.050450
vt 0.000000 0.000000
vt 1.000000 0.000000
vt 1.000000 1.000000
vt 0.000000 1.000000
f 1825/1825 1826/1826 1827/1827 1828/1828
v -0.050450 0.123370 -0.050450
v -0.027304 0.123370 -0.065917
v -0.033926 0.123370 -0.081904
v -0.062687 0.123370 -0.062687
vt 0.000000 0.000000
vt 1.000000 0.000000
vt 1.000000 1.000000
vt 0.000000 1.000000
f 1829/1829 1830/1830 1831/1831 1832/1832
v -0.062687 0.123370 -0.062687
v -0.033926 0.123370 -0.081904
v -0.039283 0.133542 -0.094839
v -0.072586 0.133542 -0.072586
vt 0.000000 0.000000
vt 1.000000 0.000000
vt 1.000000 1.000000
vt 0.000000 1.000000
f 1833/1833 1834/1834 1835/1835 1836/1836
v -0.072586 0.133542 -0.072586
v -0.039283 0.133542 -0.094839
v -0.041330 0.150000 -0.099779
v -0.076368 0.150000 -0.076368
vt 0.000000 0.000000
vt 1.000000 0.000000
vt 1.000000 1.000000
vt 0.000000 1.000000
f 1837/1837 1838/1838 1839/1839 1840/1840
v -0.041330 0.150000 -0.099779
v -0.000000 0.150000 -0.108000
v -0.000000 0.166458 -0.102652
v -0.039283 0.166458 -0.094839
vt 0.000000 0.000000
vt 1.000000 0.000000
vt 1.000000 1.000000
vt 0.000000 1.000000
f 1841/1841 1842/1842 1843/1843 1844/1844
v -0.039283 0.166458 -0.094839
v -0.000000 0.166458 -0.102652
v -0.000000 0.176630 -0.088652
v -0.033926 0.176630 -0.081904
vt 0.000000 0.000000
vt 1.000000 0.000000
vt 1.000000 1.000000
vt 0.000000 1.000000
f 1845/1845 1846/1846 1847/1847 1848/1848
v -0.033926 0.176630 -0.081904
v -0.000000 0.176630 -0.088652
v -0.000000 0.176630 -0.071348
v -0.027304 0.176630 -0.065917
vt 0.000000 0.000000
vt 1.000000 0.000000
vt 1.000000 1.000000
vt 0.000000 1.000000
f 1849/1849 1850/1850 1851/1851 1852/1852
v -0.027304 0.176630 -0.065917
v -0.000000 0.176630 -0.071348
v -0.000000 0.166458 -0.057348
v -0.021946 0.166458 -0.052982
vt 0.000000 0.000000
vt 1.000000 0.000000
vt 1.000000 1.000000
vt 0.000000 1.000000
f 1853/1853 1854/1854 1855/1855 1856/1856
v -0.021946 0.166458 -0.052982
v -0.000000 0.166458 -0.057348
v -0.000000 0.150000 -0.052000
v -0.019900 0.150000 -0.048042
vt 0.000000 0.000000
vt 1.000000 0.000000
vt 1.000000 1.000000
vt 0.000000 1.000000
f 1857/1857 1858/1858 1859/1859 1860/1860
v -0.019900 0.150000 -0.048042
v -0.000000 0.150000 -0.052000
v -0.000000 0.133542 -0.057348
v -0.021946 0.133542 -0.052982
vt 0.000000 0.000000
vt 1.000000 0.000000
vt 1.000000 1.000000
vt 0.000000 1.000000
f 1861/1861 1862/1862 1863/1863 1864/1864
v -0.021946 0.133542 -0.052982
v -0.000000 0.133542 -0.057348
v -0.000000 0.123370 -0.071348
v -0.027304 0.123370 -0.065917
vt 0.000000 0.000000
vt 1.000000 0.000000
vt 1.000000 1.000000
vt 0.000000 1.000000
f 1865/1865 1866/1866 1867/1867 1868/1868
v -0.027304 0.123370 -0.065917
v -0.000000 0.123370 -0.071348
v -0.000000 0.123370 -0.088652
v -0.033926 0.123370 -0.081904
vt 0.000000 0.000000
vt 1.000000 0.000000
vt 1.000000 1.000000
vt 0.000000 1.000000
f 1869/1869 1870/1870 1871/1871 1872/1872
v -0.033926 0.123370 -0.081904
v -0.000000 0.123370 -0.088652
v -0.000000 0.133542 -0.102652
v -0.039283 0.133542 -0.094839
vt 0.000000 0.000000
vt 1.000000 0.000000
vt 1.000000 1.000000
vt 0.000000 1.000000
f 1873/1873 1874/1874 1875/1875 1876/1876
v -0.039283 0.133542 -0.094839
v -0.000000 0.133542 -0.102652
v -0.000000 0.150000 -0.108000
v -0.041330 0.150000 -0.099779
vt 0.000000 0.000000
vt 1.000000 0.000000
vt 1.000000 1.000000
vt 0.000000 1.000000
f 1877/1877 1878/1878 1879/1879 1880/1880
usemtl accent
v 0.088477 0.150000 0.013828
v 0.097482 0.160407 0.014469
v 0.217482 0.050407 0.114469
v 0.208477 0.040000 0.113828
vt 0.000000 0.000000
vt 0.125000 0.000000
vt 0.125000 1.000000
vt 0.000000 1.000000
f 1881/1881 1882/1882 1883/1883 1884/1884
v 0.100000 0.150000 0.000000
v 0.097482 0.160407 0.014469
v 0.088477 0.150000 0.013828
vt 0.000000 0.000000
vt 1.000000 0.000000
vt 1.000000 1.000000
f 1885/1885 1886/1886 1887/1887
v 0.220000 0.040000 0.100000
v 0.208477 0.040000 0.113828
v 0.217482 0.050407 0.114469
vt 0.000000 0.000000
vt 1.000000 0.000000
vt 1.000000 1.000000
f 1888/1888 1889/1889 1890/1890
v 0.097482 0.160407 0.014469
v 0.107962 0.164717 0.006635
v 0.227962 0.054717 0.106635
v 0.217482 0.050407 0.114469
vt 0.125000 0.000000
vt 0.250000 0.000000
vt 0.250000 1.000000
vt 0.125000 1.000000
f 1891/1891 1892/1892 1893/1893 1894/1894
v 0.100000 0.150000 0.000000
v 0.107962 0.164717 0.006635
v 0.097482 0.160407 0.014469
vt 0.000000 0.000000
vt 1.000000 0.000000
vt 1.000000 1.000000
f 1895/1895 1896/1896 1897/1897
v 0.220000 0.040000 0.100000
v 0.217482 0.050407 0.114469
v 0.227962 0.054717 0.106635
vt 0.000000 0.000000
vt 1.000000 0.000000
vt 1.000000 1.000000
f 1898/1898 1899/1899 1900/1900
v 0.107962 0.164717 0.006635
v 0.113778 0.160407 -0.005086
v 0.233778 0.050407 0.094914
v 0.227962 0.054717 0.106635
vt 0.250000 0.000000
vt 0.375000 0.000000
vt 0.375000 1.000000
vt 0.250000 1.000000
f 1901/1901 1902/1902 1903/1903 1904/1904
v 0.100000 0.150000 0.000000
v 0.113778 0.160407 -0.005086
v 0.107962 0.164717 0.006635
vt 0.000000 0.000000
vt 1.000000 0.000000
vt 1.000000 1.000000
f 1905/1905 1906/1906 1907/1907
v 0.220000 0.040000 0.100000
v 0.227962 0.054717 0.106635
v 0.233778 0.050407 0.094914
vt 0.000000 0.000000
vt 1.000000 0.000000
vt 1.000000 1.000000
f 1908/1908 1909/1909 1910/1910
v 0.113778 0.160407 -0.005086
v 0.111523 0.150000 -0.013828
v 0.231523 0.040000 0.086172
v 0.233778 0.050407 0.094914
vt 0.375000 0.000000
vt 0.500000 0.000000
vt 0.500000 1.000000
vt 0.375000 1.000000
f 1911/1911 1912/1912 1913/1913 1914/1914
v 0.100000 0.150000 0.000000
v 0.111523 0.150000 -0.013828
v 0.113778 0.160407 -0.005086
vt 0.000000 0.000000
vt 1.000000 0.000000
vt 1.000000 1.000000
f 1915/1915 1916/1916 1917/1917
v 0.220000 0.040000 0.100000
v 0.233778 0.050407 0.094914
v 0.231523 0.040000 0.086172
vt 0.000000 0.000000
vt 1.000000 0.000000
vt 1.000000 1.000000
f 1918/1918 1919/1919 1920/1920
v 0.111523 0.150000 -0.013828
v 0.102518 0.139593 -0.014469
v 0.222518 0.029593 0.085531
v 0.231523 0.040000 0.086172
vt 0.500000 0.000000
vt 0.625000 0.000000
vt 0.625000 1.000000
vt 0.500000 1.000000
f 1921/1921 1922/1922 1923/1923 1924/1924
v 0.100000 0.150000 0.000000
v 0.102518 0.139593 -0.014469
v 0.111523 0.150000 -0.013828
vt 0.000000 0.000000
vt 1.000000 0.000000
vt 1.000000 1.000000
f 1925/1925 1926/1926 1927/1927
v 0.220000 0.040000 0.100000
v 0.231523 0.040000 0.086172
v 0.222518 0.029593 0.085531
vt 0.000000 0.000000
vt 1.000000 0.000000
vt 1.000000 1.000000
f 1928/1928 1929/1929 1930/1930
v 0.102518 0.139593 -0.014469
v 0.092038 0.135283 -0.006635
v 0.212038 0.025283 0.093365
v 0.222518 0.029593 0.085531
vt 0.625000 0.000000
vt 0.750000 0.000000
vt 0.750000 1.000000
vt 0.625000 1.000000
f 1931/1931 1932/1932 1933/1933 1934/1934
v 0.100000 0.150000 0.000000
v 0.092038 0.135283 -0.006635
v 0.102518 0.139593 -0.014469
vt 0.000000 0.000000
vt 1.000000 0.000000
vt 1.000000 1.000000
f 1935/1935 1936/1936 1937/1937
v 0.220000 0.040000 0.100000
v 0.222518 0.029593 0.085531
v 0.212038 0.025283 0.093365
vt 0.000000 0.000000
vt 1.000000 0.000000
vt 1.000000 1.000000
f 1938/1938 1939/1939 1940/1940
v 0.092038 0.135283 -0.006635
v 0.086222 0.139593 0.005086
v 0.206222 0.029593 0.105086
v 0.212038 0.025283 0.093365
vt 0.750000 0.000000
vt 0.875000 0.000000
vt 0.875000 1.000000
vt 0.750000 1.000000
f 1941/1941 1942/1942 1943/1943 1944/1944
v 0.100000 0.150000 0.000000
v 0.086222 0.139593 0.005086
v 0.092038 0.135283 -0.006635
vt 0.000000 0.000000
vt 1.000000 0.000000
vt 1.000000 1.000000
f 1945/1945 1946/1946 1947/1947
v 0.220000 0.040000 0.100000
v 0.212038 0.025283 0.093365
v 0.206222 0.029593 0.105086
vt 0.000000 0.000000
vt 1.000000 0.000000
vt 1.000000 1.000000
f 1948/1948 1949/1949 1950/1950
v 0.086222 0.139593 0.005086
v 0.088477 0.150000 0.013828
v 0.208477 0.040000 0.113828
v 0.206222 0.029593 0.105086
vt 0.875000 0.000000
vt 1.000000 0.000000
vt 1.000000 1.000000
vt 0.875000 1.000000
f 1951/1951 1952/1952 1953/1953 1954/1954
v 0.100000 0.150000 0.000000
v 0.088477 0.150000 0.013828
v 0.086222 0.139593 0.005086
vt 0.000000 0.000000
vt 1.000000 0.000000
vt 1.000000 1.000000
f 1955/1955 1956/1956 1957/1957
v 0.220000 0.040000 0.100000
v 0.206222 0.029593 0.105086
v 0.208477 0.040000 0.113828
vt 0.000000 0.000000
vt 1.000000 0.000000
vt 1.000000 1.000000
f 1958/1958 1959/1959 1960/1960
