mtllib ciws.mtl
o ciws
s 1
usemtl dark
v -0.802000 0.000000 -0.802000
v 1.802000 0.000000 -0.802000
v 1.802000 0.294000 -0.802000
v -0.802000 0.294000 -0.802000
vt 0.000000 0.000000
vt 1.000000 0.000000
vt 1.000000 1.000000
vt 0.000000 1.000000
f 1/1 2/2 3/3 4/4
v 1.802000 0.000000 1.802000
v -0.802000 0.000000 1.802000
v -0.802000 0.294000 1.802000
v 1.802000 0.294000 1.802000
vt 0.000000 0.000000
vt 1.000000 0.000000
vt 1.000000 1.000000
vt 0.000000 1.000000
f 5/5 6/6 7/7 8/8
v -0.802000 0.000000 1.802000
v -0.802000 0.000000 -0.802000
v -0.802000 0.294000 -0.802000
v -0.802000 0.294000 1.802000
vt 0.000000 0.000000
vt 1.000000 0.000000
vt 1.000000 1.000000
vt 0.000000 1.000000
f 9/9 10/10 11/11 12/12
v 1.802000 0.000000 -0.802000
v 1.802000 0.000000 1.802000
v 1.802000 0.294000 1.802000
v 1.802000 0.294000 -0.802000
vt 0.000000 0.000000
vt 1.000000 0.000000
vt 1.000000 1.000000
vt 0.000000 1.000000
f 13/13 14/14 15/15 16/16
v -0.802000 0.294000 -0.802000
v 1.802000 0.294000 -0.802000
v 1.802000 0.294000 1.802000
v -0.802000 0.294000 1.802000
vt 0.000000 0.000000
vt 1.000000 0.000000
vt 1.000000 1.000000
vt 0.000000 1.000000
f 17/17 18/18 19/19 20/20
v -0.802000 0.000000 1.802000
v 1.802000 0.000000 1.802000
v 1.802000 0.000000 -0.802000
v -0.802000 0.000000 -0.802000
vt 0.000000 0.000000
vt 1.000000 0.000000
vt 1.000000 1.000000
vt 0.000000 1.000000
f 21/21 22/22 23/23 24/24
usemtl white
v -0.508000 0.294000 -0.508000
v 1.508000 0.294000 -0.508000
v 1.508000 0.588000 -0.508000
v -0.508000 0.588000 -0.508000
vt 0.000000 0.000000
vt 1.000000 0.000000
vt 1.000000 1.000000
vt 0.000000 1.000000
f 25/25 26/26 27/27 28/28
v 1.508000 0.294000 1.508000
v -0.508000 0.294000 1.508000
v -0.508000 0.588000 1.508000
v 1.508000 0.588000 1.508000
vt 0.000000 0.000000
vt 1.000000 0.000000
vt 1.000000 1.000000
vt 0.000000 1.000000
f 29/29 30/30 31/31 32/32
v -0.508000 0.294000 1.508000
v -0.508000 0.294000 -0.508000
v -0.508000 0.588000 -0.508000
v -0.508000 0.588000 1.508000
vt 0.000000 0.000000
vt 1.000000 0.000000
vt 1.000000 1.000000
vt 0.000000 1.000000
f 33/33 34/34 35/35 36/36
v 1.508000 0.294000 -0.508000
v 1.508000 0.294000 1.508000
v 1.508000 0.588000 1.508000
v 1.508000 0.588000 -0.508000
vt 0.000000 0.000000
vt 1.000000 0.000000
vt 1.000000 1.000000
vt 0.000000 1.000000
f 37/37 38/38 39/39 40/40
v -0.508000 0.588000 -0.508000
v 1.508000 0.588000 -0.508000
v 1.508000 0.588000 1.508000
v -0.508000 0.588000 1.508000
vt 0.000000 0.000000
vt 1.000000 0.000000
vt 1.000000 1.000000
vt 0.000000 1.000000
f 41/41 42/42 43/43 44/44
v -0.508000 0.294000 1.508000
v 1.508000 0.294000 1.508000
v 1.508000 0.294000 -0.508000
v -0.508000 0.294000 -0.508000
vt 0.000000 0.000000
vt 1.000000 0.000000
vt 1.000000 1.000000
vt 0.000000 1.000000
f 45/45 46/46 47/47 48/48
v 0.500000 0.462000 -0.172000
v 0.631101 0.462000 -0.159088
v 0.631101 1.302000 -0.159088
v 0.500000 1.302000 -0.172000
vt 0.000000 0.000000
vt 0.031250 0.000000
vt 0.031250 1.000000
vt 0.000000 1.000000
f 49/49 50/50 51/51 52/52
v 0.500000 0.462000 0.500000
v 0.631101 0.462000 -0.159088
v 0.500000 0.462000 -0.172000
vt 0.000000 0.000000
vt 1.000000 0.000000
vt 1.000000 1.000000
f 53/53 54/54 55/55
v 0.500000 1.302000 0.500000
v 0.500000 1.302000 -0.172000
v 0.631101 1.302000 -0.159088
vt 0.000000 0.000000
vt 1.000000 0.000000
vt 1.000000 1.000000
f 56/56 57/57 58/58
v 0.631101 0.462000 -0.159088
v 0.757163 0.462000 -0.120847
v 0.757163 1.302000 -0.120847
v 0.631101 1.302000 -0.159088
vt 0.031250 0.000000
vt 0.062500 0.000000
vt 0.062500 1.000000
vt 0.031250 1.000000
f 59/59 60/60 61/61 62/62
v 0.500000 0.462000 0.500000
v 0.757163 0.462000 -0.120847
v 0.631101 0.462000 -0.159088
vt 0.000000 0.000000
vt 1.000000 0.000000
vt 1.000000 1.000000
f 63/63 64/64 65/65
v 0.500000 1.302000 0.500000
v 0.631101 1.302000 -0.159088
v 0.757163 1.302000 -0.120847
vt 0.000000 0.000000
vt 1.000000 0.000000
vt 1.000000 1.000000
f 66/66 67/67 68/68
v 0.757163 0.462000 -0.120847
v 0.873343 0.462000 -0.058748
v 0.873343 1.302000 -0.058748
v 0.757163 1.302000 -0.120847
vt 0.062500 0.000000
vt 0.093750 0.000000
vt 0.093750 1.000000
vt 0.062500 1.000000
f 69/69 70/70 71/71 72/72
v 0.500000 0.462000 0.500000
v 0.873343 0.462000 -0.058748
v 0.757163 0.462000 -0.120847
vt 0.000000 0.000000
vt 1.000000 0.000000
vt 1.000000 1.000000
f 73/73 74/74 75/75
v 0.500000 1.302000 0.500000
v 0.757163 1.302000 -0.120847
v 0.873343 1.302000 -0.058748
vt 0.000000 0.000000
vt 1.000000 0.000000
vt 1.000000 1.000000
f 76/76 77/77 78/78
v 0.873343 0.462000 -0.058748
v 0.975176 0.462000 0.024824
v 0.975176 1.302000 0.024824
v 0.873343 1.302000 -0.058748
vt 0.093750 0.000000
vt 0.125000 0.000000
vt 0.125000 1.000000
vt 0.093750 1.000000
f 79/79 80/80 81/81 82/82
v 0.500000 0.462000 0.500000
v 0.975176 0.462000 0.024824
v 0.873343 0.462000 -0.058748
vt 0.000000 0.000000
vt 1.000000 0.000000
vt 1.000000 1.000000
f 83/83 84/84 85/85
v 0.500000 1.302000 0.500000
v 0.873343 1.302000 -0.058748
v 0.975176 1.302000 0.024824
vt 0.000000 0.000000
vt 1.000000 0.000000
vt 1.000000 1.000000
f 86/86 87/87 88/88
v 0.975176 0.462000 0.024824
v 1.058748 0.462000 0.126657
v 1.058748 1.302000 0.126657
v 0.975176 1.302000 0.024824
vt 0.125000 0.000000
vt 0.156250 0.000000
vt 0.156250 1.000000
vt 0.125000 1.000000
f 89/89 90/90 91/91 92/92
v 0.500000 0.462000 0.500000
v 1.058748 0.462000 0.126657
v 0.975176 0.462000 0.024824
vt 0.000000 0.000000
vt 1.000000 0.000000
vt 1.000000 1.000000
f 93/93 94/94 95/95
v 0.500000 1.302000 0.500000
v 0.975176 1.302000 0.024824
v 1.058748 1.302000 0.126657
vt 0.000000 0.000000
vt 1.000000 0.000000
vt 1.000000 1.000000
f 96/96 97/97 98/98
v 1.058748 0.462000 0.126657
v 1.120847 0.462000 0.242837
v 1.120847 1.302000 0.242837
v 1.058748 1.302000 0.126657
vt 0.156250 0.000000
vt 0.187500 0.000000
vt 0.187500 1.000000
vt 0.156250 1.000000
f 99/99 100/100 101/101 102/102
v 0.500000 0.462000 0.500000
v 1.120847 0.462000 0.242837
v 1.058748 0.462000 0.126657
vt 0.000000 0.000000
vt 1.000000 0.000000
vt 1.000000 1.000000
f 103/103 104/104 105/105
v 0.500000 1.302000 0.500000
v 1.058748 1.302000 0.126657
v 1.120847 1.302000 0.242837
vt 0.000000 0.000000
vt 1.000000 0.000000
vt 1.000000 1.000000
f 106/106 107/107 108/108
v 1.120847 0.462000 0.242837
v 1.159088 0.462000 0.368899
v 1.159088 1.302000 0.368899
v 1.120847 1.302000 0.242837
vt 0.187500 0.000000
vt 0.218750 0.000000
vt 0.218750 1.000000
vt 0.187500 1.000000
f 109/109 110/110 111/111 112/112
v 0.500000 0.462000 0.500000
v 1.159088 0.462000 0.368899
v 1.120847 0.462000 0.242837
vt 0.000000 0.000000
vt 1.000000 0.000000
vt 1.000000 1.000000
f 113/113 114/114 115/115
v 0.500000 1.302000 0.500000
v 1.120847 1.302000 0.242837
v 1.159088 1.302000 0.368899
vt 0.000000 0.000000
vt 1.000000 0.000000
vt 1.000000 1.000000
f 116/116 117/117 118/118
v 1.159088 0.462000 0.368899
v 1.172000 0.462000 0.500000
v 1.172000 1.302000 0.500000
v 1.159088 1.302000 0.368899
vt 0.218750 0.000000
vt 0.250000 0.000000
vt 0.250000 1.000000
vt 0.218750 1.000000
f 119/119 120/120 121/121 122/122
v 0.500000 0.462000 0.500000
v 1.172000 0.462000 0.500000
v 1.159088 0.462000 0.368899
vt 0.000000 0.000000
vt 1.000000 0.000000
vt 1.000000 1.000000
f 123/123 124/124 125/125
v 0.500000 1.302000 0.500000
v 1.159088 1.302000 0.368899
v 1.172000 1.302000 0.500000
vt 0.000000 0.000000
vt 1.000000 0.000000
vt 1.000000 1.000000
f 126/126 127/127 128/128
v 1.172000 0.462000 0.500000
v 1.159088 0.462000 0.631101
v 1.159088 1.302000 0.631101
v 1.172000 1.302000 0.500000
vt 0.250000 0.000000
vt 0.281250 0.000000
vt 0.281250 1.000000
vt 0.250000 1.000000
f 129/129 130/130 131/131 132/132
v 0.500000 0.462000 0.500000
v 1.159088 0.462000 0.631101
v 1.172000 0.462000 0.500000
vt 0.000000 0.000000
vt 1.000000 0.000000
vt 1.000000 1.000000
f 133/133 134/134 135/135
v 0.500000 1.302000 0.500000
v 1.172000 1.302000 0.500000
v 1.159088 1.302000 0.631101
vt 0.000000 0.000000
vt 1.000000 0.000000
vt 1.000000 1.000000
f 136/136 137/137 138/138
v 1.159088 0.462000 0.631101
v 1.120847 0.462000 0.757163
v 1.120847 1.302000 0.757163
v 1.159088 1.302000 0.631101
vt 0.281250 0.000000
vt 0.312500 0.000000
vt 0.312500 1.000000
vt 0.281250 1.000000
f 139/139 140/140 141/141 142/142
v 0.500000 0.462000 0.500000
v 1.120847 0.462000 0.757163
v 1.159088 0.462000 0.631101
vt 0.000000 0.000000
vt 1.000000 0.000000
vt 1.000000 1.000000
f 143/143 144/144 145/145
v 0.500000 1.302000 0.500000
v 1.159088 1.302000 0.631101
v 1.120847 1.302000 0.757163
vt 0.000000 0.000000
vt 1.000000 0.000000
vt 1.000000 1.000000
f 146/146 147/147 148/148
v 1.120847 0.462000 0.757163
v 1.058748 0.462000 0.873343
v 1.058748 1.302000 0.873343
v 1.120847 1.302000 0.757163
vt 0.312500 0.000000
vt 0.343750 0.000000
vt 0.343750 1.000000
vt 0.312500 1.000000
f 149/149 150/150 151/151 152/152
v 0.500000 0.462000 0.500000
v 1.058748 0.462000 0.873343
v 1.120847 0.462000 0.757163
vt 0.000000 0.000000
vt 1.000000 0.000000
vt 1.000000 1.000000
f 153/153 154/154 155/155
v 0.500000 1.302000 0.500000
v 1.120847 1.302000 0.757163
v 1.058748 1.302000 0.873343
vt 0.000000 0.000000
vt 1.000000 0.000000
vt 1.000000 1.000000
f 156/156 157/157 158/158
v 1.058748 0.462000 0.873343
v 0.975176 0.462000 0.975176
v 0.975176 1.302000 0.975176
v 1.058748 1.302000 0.873343
vt 0.343750 0.000000
vt 0.375000 0.000000
vt 0.375000 1.000000
vt 0.343750 1.000000
f 159/159 160/160 161/161 162/162
v 0.500000 0.462000 0.500000
v 0.975176 0.462000 0.975176
v 1.058748 0.462000 0.873343
vt 0.000000 0.000000
vt 1.000000 0.000000
vt 1.000000 1.000000
f 163/163 164/164 165/165
v 0.500000 1.302000 0.500000
v 1.058748 1.302000 0.873343
v 0.975176 1.302000 0.975176
vt 0.000000 0.000000
vt 1.000000 0.000000
vt 1.000000 1.000000
f 166/166 167/167 168/168
v 0.975176 0.462000 0.975176
v 0.873343 0.462000 1.058748
v 0.873343 1.302000 1.058748
v 0.975176 1.302000 0.975176
vt 0.375000 0.000000
vt 0.406250 0.000000
vt 0.406250 1.000000
vt 0.375000 1.000000
f 169/169 170/170 171/171 172/172
v 0.500000 0.462000 0.500000
v 0.873343 0.462000 1.058748
v 0.975176 0.462000 0.975176
vt 0.000000 0.000000
vt 1.000000 0.000000
vt 1.000000 1.000000
f 173/173 174/174 175/175
v 0.500000 1.302000 0.500000
v 0.975176 1.302000 0.975176
v 0.873343 1.302000 1.058748
vt 0.000000 0.000000
vt 1.000000 0.000000
vt 1.000000 1.000000
f 176/176 177/177 178/178
v 0.873343 0.462000 1.058748
v 0.757163 0.462000 1.120847
v 0.757163 1.302000 1.120847
v 0.873343 1.302000 1.058748
vt 0.406250 0.000000
vt 0.437500 0.000000
vt 0.437500 1.000000
vt 0.406250 1.000000
f 179/179 180/180 181/181 182/182
v 0.500000 0.462000 0.500000
v 0.757163 0.462000 1.120847
v 0.873343 0.462000 1.058748
vt 0.000000 0.000000
vt 1.000000 0.000000
vt 1.000000 1.000000
f 183/183 184/184 185/185
v 0.500000 1.302000 0.500000
v 0.873343 1.302000 1.058748
v 0.757163 1.302000 1.120847
vt 0.000000 0.000000
vt 1.000000 0.000000
vt 1.000000 1.000000
f 186/186 187/187 188/188
v 0.757163 0.462000 1.120847
v 0.631101 0.462000 1.159088
v 0.631101 1.302000 1.159088
v 0.757163 1.302000 1.120847
vt 0.437500 0.000000
vt 0.468750 0.000000
vt 0.468750 1.000000
vt 0.437500 1.000000
f 189/189 190/190 191/191 192/192
v 0.500000 0.462000 0.500000
v 0.631101 0.462000 1.159088
v 0.757163 0.462000 1.120847
vt 0.000000 0.000000
vt 1.000000 0.000000
vt 1.000000 1.000000
f 193/193 194/194 195/195
v 0.500000 1.302000 0.500000
v 0.757163 1.302000 1.120847
v 0.631101 1.302000 1.159088
vt 0.000000 0.000000
vt 1.000000 0.000000
vt 1.000000 1.000000
f 196/196 197/197 198/198
v 0.631101 0.462000 1.159088
v 0.500000 0.462000 1.172000
v 0.500000 1.302000 1.172000
v 0.631101 1.302000 1.159088
vt 0.468750 0.000000
vt 0.500000 0.000000
vt 0.500000 1.000000
vt 0.468750 1.000000
f 199/199 200/200 201/201 202/202
v 0.500000 0.462000 0.500000
v 0.500000 0.462000 1.172000
v 0.631101 0.462000 1.159088
vt 0.000000 0.000000
vt 1.000000 0.000000
vt 1.000000 1.000000
f 203/203 204/204 205/205
v 0.500000 1.302000 0.500000
v 0.631101 1.302000 1.159088
v 0.500000 1.302000 1.172000
vt 0.000000 0.000000
vt 1.000000 0.000000
vt 1.000000 1.000000
f 206/206 207/207 208/208
v 0.500000 0.462000 1.172000
v 0.368899 0.462000 1.159088
v 0.368899 1.302000 1.159088
v 0.500000 1.302000 1.172000
vt 0.500000 0.000000
vt 0.531250 0.000000
vt 0.531250 1.000000
vt 0.500000 1.000000
f 209/209 210/210 211/211 212/212
v 0.500000 0.462000 0.500000
v 0.368899 0.462000 1.159088
v 0.500000 0.462000 1.172000
vt 0.000000 0.000000
vt 1.000000 0.000000
vt 1.000000 1.000000
f 213/213 214/214 215/215
v 0.500000 1.302000 0.500000
v 0.500000 1.302000 1.172000
v 0.368899 1.302000 1.159088
vt 0.000000 0.000000
vt 1.000000 0.000000
vt 1.000000 1.000000
f 216/216 217/217 218/218
v 0.368899 0.462000 1.159088
v 0.242837 0.462000 1.120847
v 0.242837 1.302000 1.120847
v 0.368899 1.302000 1.159088
vt 0.531250 0.000000
vt 0.562500 0.000000
vt 0.562500 1.000000
vt 0.531250 1.000000
f 219/219 220/220 221/221 222/222
v 0.500000 0.462000 0.500000
v 0.242837 0.462000 1.120847
v 0.368899 0.462000 1.159088
vt 0.000000 0.000000
vt 1.000000 0.000000
vt 1.000000 1.000000
f 223/223 224/224 225/225
v 0.500000 1.302000 0.500000
v 0.368899 1.302000 1.159088
v 0.242837 1.302000 1.120847
vt 0.000000 0.000000
vt 1.000000 0.000000
vt 1.000000 1.000000
f 226/226 227/227 228/228
v 0.242837 0.462000 1.120847
v 0.126657 0.462000 1.058748
v 0.126657 1.302000 1.058748
v 0.242837 1.302000 1.120847
vt 0.562500 0.000000
vt 0.593750 0.000000
vt 0.593750 1.000000
vt 0.562500 1.000000
f 229/229 230/230 231/231 232/232
v 0.500000 0.462000 0.500000
v 0.126657 0.462000 1.058748
v 0.242837 0.462000 1.120847
vt 0.000000 0.000000
vt 1.000000 0.000000
vt 1.000000 1.000000
f 233/233 234/234 235/235
v 0.500000 1.302000 0.500000
v 0.242837 1.302000 1.120847
v 0.126657 1.302000 1.058748
vt 0.000000 0.000000
vt 1.000000 0.000000
vt 1.000000 1.000000
f 236/236 237/237 238/238
v 0.126657 0.462000 1.058748
v 0.024824 0.462000 0.975176
v 0.024824 1.302000 0.975176
v 0.126657 1.302000 1.058748
vt 0.593750 0.000000
vt 0.625000 0.000000
vt 0.625000 1.000000
vt 0.593750 1.000000
f 239/239 240/240 241/241 242/242
v 0.500000 0.462000 0.500000
v 0.024824 0.462000 0.975176
v 0.126657 0.462000 1.058748
vt 0.000000 0.000000
vt 1.000000 0.000000
vt 1.000000 1.000000
f 243/243 244/244 245/245
v 0.500000 1.302000 0.500000
v 0.126657 1.302000 1.058748
v 0.024824 1.302000 0.975176
vt 0.000000 0.000000
vt 1.000000 0.000000
vt 1.000000 1.000000
f 246/246 247/247 248/248
v 0.024824 0.462000 0.975176
v -0.058748 0.462000 0.873343
v -0.058748 1.302000 0.873343
v 0.024824 1.302000 0.975176
vt 0.625000 0.000000
vt 0.656250 0.000000
vt 0.656250 1.000000
vt 0.625000 1.000000
f 249/249 250/250 251/251 252/252
v 0.500000 0.462000 0.500000
v -0.058748 0.462000 0.873343
v 0.024824 0.462000 0.975176
vt 0.000000 0.000000
vt 1.000000 0.000000
vt 1.000000 1.000000
f 253/253 254/254 255/255
v 0.500000 1.302000 0.500000
v 0.024824 1.302000 0.975176
v -0.058748 1.302000 0.873343
vt 0.000000 0.000000
vt 1.000000 0.000000
vt 1.000000 1.000000
f 256/256 257/257 258/258
v -0.058748 0.462000 0.873343
v -0.120847 0.462000 0.757163
v -0.120847 1.302000 0.757163
v -0.058748 1.302000 0.873343
vt 0.656250 0.000000
vt 0.687500 0.000000
vt 0.687500 1.000000
vt 0.656250 1.000000
f 259/259 260/260 261/261 262/262
v 0.500000 0.462000 0.500000
v -0.120847 0.462000 0.757163
v -0.058748 0.462000 0.873343
vt 0.000000 0.000000
vt 1.000000 0.000000
vt 1.000000 1.000000
f 263/263 264/264 265/265
v 0.500000 1.302000 0.500000
v -0.058748 1.302000 0.873343
v -0.120847 1.302000 0.757163
vt 0.000000 0.000000
vt 1.000000 0.000000
vt 1.000000 1.000000
f 266/266 267/267 268/268
v -0.120847 0.462000 0.757163
v -0.159088 0.462000 0.631101
v -0.159088 1.302000 0.631101
v -0.120847 1.302000 0.757163
vt 0.687500 0.000000
vt 0.718750 0.000000
vt 0.718750 1.000000
vt 0.687500 1.000000
f 269/269 270/270 271/271 272/272
v 0.500000 0.462000 0.500000
v -0.159088 0.462000 0.631101
v -0.120847 0.462000 0.757163
vt 0.000000 0.000000
vt 1.000000 0.000000
vt 1.000000 1.000000
f 273/273 274/274 275/275
v 0.500000 1.302000 0.500000
v -0.120847 1.302000 0.757163
v -0.159088 1.302000 0.631101
vt 0.000000 0.000000
vt 1.000000 0.000000
vt 1.000000 1.000000
f 276/276 277/277 278/278
v -0.159088 0.462000 0.631101
v -0.172000 0.462000 0.500000
v -0.172000 1.302000 0.500000
v -0.159088 1.302000 0.631101
vt 0.718750 0.000000
vt 0.750000 0.000000
vt 0.750000 1.000000
vt 0.718750 1.000000
f 279/279 280/280 281/281 282/282
v 0.500000 0.462000 0.500000
v -0.172000 0.462000 0.500000
v -0.159088 0.462000 0.631101
vt 0.000000 0.000000
vt 1.000000 0.000000
vt 1.000000 1.000000
f 283/283 284/284 285/285
v 0.500000 1.302000 0.500000
v -0.159088 1.302000 0.631101
v -0.172000 1.302000 0.500000
vt 0.000000 0.000000
vt 1.000000 0.000000
vt 1.000000 1.000000
f 286/286 287/287 288/288
v -0.172000 0.462000 0.500000
v -0.159088 0.462000 0.368899
v -0.159088 1.302000 0.368899
v -0.172000 1.302000 0.500000
vt 0.750000 0.000000
vt 0.781250 0.000000
vt 0.781250 1.000000
vt 0.750000 1.000000
f 289/289 290/290 291/291 292/292
v 0.500000 0.462000 0.500000
v -0.159088 0.462000 0.368899
v -0.172000 0.462000 0.500000
vt 0.000000 0.000000
vt 1.000000 0.000000
vt 1.000000 1.000000
f 293/293 294/294 295/295
v 0.500000 1.302000 0.500000
v -0.172000 1.302000 0.500000
v -0.159088 1.302000 0.368899
vt 0.000000 0.000000
vt 1.000000 0.000000
vt 1.000000 1.000000
f 296/296 297/297 298/298
v -0.159088 0.462000 0.368899
v -0.120847 0.462000 0.242837
v -0.120847 1.302000 0.242837
v -0.159088 1.302000 0.368899
vt 0.781250 0.000000
vt 0.812500 0.000000
vt 0.812500 1.000000
vt 0.781250 1.000000
f 299/299 300/300 301/301 302/302
v 0.500000 0.462000 0.500000
v -0.120847 0.462000 0.242837
v -0.159088 0.462000 0.368899
vt 0.000000 0.000000
vt 1.000000 0.000000
vt 1.000000 1.000000
f 303/303 304/304 305/305
v 0.500000 1.302000 0.500000
v -0.159088 1.302000 0.368899
v -0.120847 1.302000 0.242837
vt 0.000000 0.000000
vt 1.000000 0.000000
vt 1.000000 1.000000
f 306/306 307/307 308/308
v -0.120847 0.462000 0.242837
v -0.058748 0.462000 0.126657
v -0.058748 1.302000 0.126657
v -0.120847 1.302000 0.242837
vt 0.812500 0.000000
vt 0.843750 0.000000
vt 0.843750 1.000000
vt 0.812500 1.000000
f 309/309 310/310 311/311 312/312
v 0.500000 0.462000 0.500000
v -0.058748 0.462000 0.126657
v -0.120847 0.462000 0.242837
vt 0.000000 0.000000
vt 1.000000 0.000000
vt 1.000000 1.000000
f 313/313 314/314 315/315
v 0.500000 1.302000 0.500000
v -0.120847 1.302000 0.242837
v -0.058748 1.302000 0.126657
vt 0.000000 0.000000
vt 1.000000 0.000000
vt 1.000000 1.000000
f 316/316 317/317 318/318
v -0.058748 0.462000 0.126657
v 0.024824 0.462000 0.024824
v 0.024824 1.302000 0.024824
v -0.058748 1.302000 0.126657
vt 0.843750 0.000000
vt 0.875000 0.000000
vt 0.875000 1.000000
vt 0.843750 1.000000
f 319/319 320/320 321/321 322/322
v 0.500000 0.462000 0.500000
v 0.024824 0.462000 0.024824
v -0.058748 0.462000 0.126657
vt 0.000000 0.000000
vt 1.000000 0.000000
vt 1.000000 1.000000
f 323/323 324/324 325/325
v 0.500000 1.302000 0.500000
v -0.058748 1.302000 0.126657
v 0.024824 1.302000 0.024824
vt 0.000000 0.000000
vt 1.000000 0.000000
vt 1.000000 1.000000
f 326/326 327/327 328/328
v 0.024824 0.462000 0.024824
v 0.126657 0.462000 -0.058748
v 0.126657 1.302000 -0.058748
v 0.024824 1.302000 0.024824
vt 0.875000 0.000000
vt 0.906250 0.000000
vt 0.906250 1.000000
vt 0.875000 1.000000
f 329/329 330/330 331/331 332/332
v 0.500000 0.462000 0.500000
v 0.126657 0.462000 -0.058748
v 0.024824 0.462000 0.024824
vt 0.000000 0.000000
vt 1.000000 0.000000
vt 1.000000 1.000000
f 333/333 334/334 335/335
v 0.500000 1.302000 0.500000
v 0.024824 1.302000 0.024824
v 0.126657 1.302000 -0.058748
vt 0.000000 0.000000
vt 1.000000 0.000000
vt 1.000000 1.000000
f 336/336 337/337 338/338
v 0.126657 0.462000 -0.058748
v 0.242837 0.462000 -0.120847
v 0.242837 1.302000 -0.120847
v 0.126657 1.302000 -0.058748
vt 0.906250 0.000000
vt 0.937500 0.000000
vt 0.937500 1.000000
vt 0.906250 1.000000
f 339/339 340/340 341/341 342/342
v 0.500000 0.462000 0.500000
v 0.242837 0.462000 -0.120847
v 0.126657 0.462000 -0.058748
vt 0.000000 0.000000
vt 1.000000 0.000000
vt 1.000000 1.000000
f 343/343 344/344 345/345
v 0.500000 1.302000 0.500000
v 0.126657 1.302000 -0.058748
v 0.242837 1.302000 -0.120847
vt 0.000000 0.000000
vt 1.000000 0.000000
vt 1.000000 1.000000
f 346/346 347/347 348/348
v 0.242837 0.462000 -0.120847
v 0.368899 0.462000 -0.159088
v 0.368899 1.302000 -0.159088
v 0.242837 1.302000 -0.120847
vt 0.937500 0.000000
vt 0.968750 0.000000
vt 0.968750 1.000000
vt 0.937500 1.000000
f 349/349 350/350 351/351 352/352
v 0.500000 0.462000 0.500000
v 0.368899 0.462000 -0.159088
v 0.242837 0.462000 -0.120847
vt 0.000000 0.000000
vt 1.000000 0.000000
vt 1.000000 1.000000
f 353/353 354/354 355/355
v 0.500000 1.302000 0.500000
v 0.242837 1.302000 -0.120847
v 0.368899 1.302000 -0.159088
vt 0.000000 0.000000
vt 1.000000 0.000000
vt 1.000000 1.000000
f 356/356 357/357 358/358
v 0.368899 0.462000 -0.159088
v 0.500000 0.462000 -0.172000
v 0.500000 1.302000 -0.172000
v 0.368899 1.302000 -0.159088
vt 0.968750 0.000000
vt 1.000000 0.000000
vt 1.000000 1.000000
vt 0.968750 1.000000
f 359/359 360/360 361/361 362/362
v 0.500000 0.462000 0.500000
v 0.500000 0.462000 -0.172000
v 0.368899 0.462000 -0.159088
vt 0.000000 0.000000
vt 1.000000 0.000000
vt 1.000000 1.000000
f 363/363 364/364 365/365
v 0.500000 1.302000 0.500000
v 0.368899 1.302000 -0.159088
v 0.500000 1.302000 -0.172000
vt 0.000000 0.000000
vt 1.000000 0.000000
vt 1.000000 1.000000
f 366/366 367/367 368/368
usemtl yellow
v 0.500000 0.546000 -0.541600
v 0.523759 0.546000 -0.531759
v 0.523759 0.599760 -0.531759
v 0.500000 0.599760 -0.541600
vt 0.000000 0.000000
vt 0.125000 0.000000
vt 0.125000 1.000000
vt 0.000000 1.000000
f 369/369 370/370 371/371 372/372
v 0.500000 0.546000 -0.508000
v 0.523759 0.546000 -0.531759
v 0.500000 0.546000 -0.541600
vt 0.000000 0.000000
vt 1.000000 0.000000
vt 1.000000 1.000000
f 373/373 374/374 375/375
v 0.500000 0.599760 -0.508000
v 0.500000 0.599760 -0.541600
v 0.523759 0.599760 -0.531759
vt 0.000000 0.000000
vt 1.000000 0.000000
vt 1.000000 1.000000
f 376/376 377/377 378/378
v 0.523759 0.546000 -0.531759
v 0.533600 0.546000 -0.508000
v 0.533600 0.599760 -0.508000
v 0.523759 0.599760 -0.531759
vt 0.125000 0.000000
vt 0.250000 0.000000
vt 0.250000 1.000000
vt 0.125000 1.000000
f 379/379 380/380 381/381 382/382
v 0.500000 0.546000 -0.508000
v 0.533600 0.546000 -0.508000
v 0.523759 0.546000 -0.531759
vt 0.000000 0.000000
vt 1.000000 0.000000
vt 1.000000 1.000000
f 383/383 384/384 385/385
v 0.500000 0.599760 -0.508000
v 0.523759 0.599760 -0.531759
v 0.533600 0.599760 -0.508000
vt 0.000000 0.000000
vt 1.000000 0.000000
vt 1.000000 1.000000
f 386/386 387/387 388/388
v 0.533600 0.546000 -0.508000
v 0.523759 0.546000 -0.484241
v 0.523759 0.599760 -0.484241
v 0.533600 0.599760 -0.508000
vt 0.250000 0.000000
vt 0.375000 0.000000
vt 0.375000 1.000000
vt 0.250000 1.000000
f 389/389 390/390 391/391 392/392
v 0.500000 0.546000 -0.508000
v 0.523759 0.546000 -0.484241
v 0.533600 0.546000 -0.508000
vt 0.000000 0.000000
vt 1.000000 0.000000
vt 1.000000 1.000000
f 393/393 394/394 395/395
v 0.500000 0.599760 -0.508000
v 0.533600 0.599760 -0.508000
v 0.523759 0.599760 -0.484241
vt 0.000000 0.000000
vt 1.000000 0.000000
vt 1.000000 1.000000
f 396/396 397/397 398/398
v 0.523759 0.546000 -0.484241
v 0.500000 0.546000 -0.474400
v 0.500000 0.599760 -0.474400
v 0.523759 0.599760 -0.484241
vt 0.375000 0.000000
vt 0.500000 0.000000
vt 0.500000 1.000000
vt 0.375000 1.000000
f 399/399 400/400 401/401 402/402
v 0.500000 0.546000 -0.508000
v 0.500000 0.546000 -0.474400
v 0.523759 0.546000 -0.484241
vt 0.000000 0.000000
vt 1.000000 0.000000
vt 1.000000 1.000000
f 403/403 404/404 405/405
v 0.500000 0.599760 -0.508000
v 0.523759 0.599760 -0.484241
v 0.500000 0.599760 -0.474400
vt 0.000000 0.000000
vt 1.000000 0.000000
vt 1.000000 1.000000
f 406/406 407/407 408/408
v 0.500000 0.546000 -0.474400
v 0.476241 0.546000 -0.484241
v 0.476241 0.599760 -0.484241
v 0.500000 0.599760 -0.474400
vt 0.500000 0.000000
vt 0.625000 0.000000
vt 0.625000 1.000000
vt 0.500000 1.000000
f 409/409 410/410 411/411 412/412
v 0.500000 0.546000 -0.508000
v 0.476241 0.546000 -0.484241
v 0.500000 0.546000 -0.474400
vt 0.000000 0.000000
vt 1.000000 0.000000
vt 1.000000 1.000000
f 413/413 414/414 415/415
v 0.500000 0.599760 -0.508000
v 0.500000 0.599760 -0.474400
v 0.476241 0.599760 -0.484241
vt 0.000000 0.000000
vt 1.000000 0.000000
vt 1.000000 1.000000
f 416/416 417/417 418/418
v 0.476241 0.546000 -0.484241
v 0.466400 0.546000 -0.508000
v 0.466400 0.599760 -0.508000
v 0.476241 0.599760 -0.484241
vt 0.625000 0.000000
vt 0.750000 0.000000
vt 0.750000 1.000000
vt 0.625000 1.000000
f 419/419 420/420 421/421 422/422
v 0.500000 0.546000 -0.508000
v 0.466400 0.546000 -0.508000
v 0.476241 0.546000 -0.484241
vt 0.000000 0.000000
vt 1.000000 0.000000
vt 1.000000 1.000000
f 423/423 424/424 425/425
v 0.500000 0.599760 -0.508000
v 0.476241 0.599760 -0.484241
v 0.466400 0.599760 -0.508000
vt 0.000000 0.000000
vt 1.000000 0.000000
vt 1.000000 1.000000
f 426/426 427/427 428/428
v 0.466400 0.546000 -0.508000
v 0.476241 0.546000 -0.531759
v 0.476241 0.599760 -0.531759
v 0.466400 0.599760 -0.508000
vt 0.750000 0.000000
vt 0.875000 0.000000
vt 0.875000 1.000000
vt 0.750000 1.000000
f 429/429 430/430 431/431 432/432
v 0.500000 0.546000 -0.508000
v 0.476241 0.546000 -0.531759
v 0.466400 0.546000 -0.508000
vt 0.000000 0.000000
vt 1.000000 0.000000
vt 1.000000 1.000000
f 433/433 434/434 435/435
v 0.500000 0.599760 -0.508000
v 0.466400 0.599760 -0.508000
v 0.476241 0.599760 -0.531759
vt 0.000000 0.000000
vt 1.000000 0.000000
vt 1.000000 1.000000
f 436/436 437/437 438/438
v 0.476241 0.546000 -0.531759
v 0.500000 0.546000 -0.541600
v 0.500000 0.599760 -0.541600
v 0.476241 0.599760 -0.531759
vt 0.875000 0.000000
vt 1.000000 0.000000
vt 1.000000 1.000000
vt 0.875000 1.000000
f 439/439 440/440 441/441 442/442
v 0.500000 0.546000 -0.508000
v 0.500000 0.546000 -0.541600
v 0.476241 0.546000 -0.531759
vt 0.000000 0.000000
vt 1.000000 0.000000
vt 1.000000 1.000000
f 443/443 444/444 445/445
v 0.500000 0.599760 -0.508000
v 0.476241 0.599760 -0.531759
v 0.500000 0.599760 -0.541600
vt 0.000000 0.000000
vt 1.000000 0.000000
vt 1.000000 1.000000
f 446/446 447/447 448/448
v 1.004000 0.546000 -0.406554
v 1.027759 0.546000 -0.396712
v 1.027759 0.599760 -0.396712
v 1.004000 0.599760 -0.406554
vt 0.000000 0.000000
vt 0.125000 0.000000
vt 0.125000 1.000000
vt 0.000000 1.000000
f 449/449 450/450 451/451 452/452
v 1.004000 0.546000 -0.372954
v 1.027759 0.546000 -0.396712
v 1.004000 0.546000 -0.406554
vt 0.000000 0.000000
vt 1.000000 0.000000
vt 1.000000 1.000000
f 453/453 454/454 455/455
v 1.004000 0.599760 -0.372954
v 1.004000 0.599760 -0.406554
v 1.027759 0.599760 -0.396712
vt 0.000000 0.000000
vt 1.000000 0.000000
vt 1.000000 1.000000
f 456/456 457/457 458/458
v 1.027759 0.546000 -0.396712
v 1.037600 0.546000 -0.372954
v 1.037600 0.599760 -0.372954
v 1.027759 0.599760 -0.396712
vt 0.125000 0.000000
vt 0.250000 0.000000
vt 0.250000 1.000000
vt 0.125000 1.000000
f 459/459 460/460 461/461 462/462
v 1.004000 0.546000 -0.372954
v 1.037600 0.546000 -0.372954
v 1.027759 0.546000 -0.396712
vt 0.000000 0.000000
vt 1.000000 0.000000
vt 1.000000 1.000000
f 463/463 464/464 465/465
v 1.004000 0.599760 -0.372954
v 1.027759 0.599760 -0.396712
v 1.037600 0.599760 -0.372954
vt 0.000000 0.000000
vt 1.000000 0.000000
vt 1.000000 1.000000
f 466/466 467/467 468/468
v 1.037600 0.546000 -0.372954
v 1.027759 0.546000 -0.349195
v 1.027759 0.599760 -0.349195
v 1.037600 0.599760 -0.372954
vt 0.250000 0.000000
vt 0.375000 0.000000
vt 0.375000 1.000000
vt 0.250000 1.000000
f 469/469 470/470 471/471 472/472
v 1.004000 0.546000 -0.372954
v 1.027759 0.546000 -0.349195
v 1.037600 0.546000 -0.372954
vt 0.000000 0.000000
vt 1.000000 0.000000
vt 1.000000 1.000000
f 473/473 474/474 475/475
v 1.004000 0.599760 -0.372954
v 1.037600 0.599760 -0.372954
v 1.027759 0.599760 -0.349195
vt 0.000000 0.000000
vt 1.000000 0.000000
vt 1.000000 1.000000
f 476/476 477/477 478/478
v 1.027759 0.546000 -0.349195
v 1.004000 0.546000 -0.339354
v 1.004000 0.599760 -0.339354
v 1.027759 0.599760 -0.349195
vt 0.375000 0.000000
vt 0.500000 0.000000
vt 0.500000 1.000000
vt 0.375000 1.000000
f 479/479 480/480 481/481 482/482
v 1.004000 0.546000 -0.372954
v 1.004000 0.546000 -0.339354
v 1.027759 0.546000 -0.349195
vt 0.000000 0.000000
vt 1.000000 0.000000
vt 1.000000 1.000000
f 483/483 484/484 485/485
v 1.004000 0.599760 -0.372954
v 1.027759 0.599760 -0.349195
v 1.004000 0.599760 -0.339354
vt 0.000000 0.000000
vt 1.000000 0.000000
vt 1.000000 1.000000
f 486/486 487/487 488/488
v 1.004000 0.546000 -0.339354
v 0.980241 0.546000 -0.349195
v 0.980241 0.599760 -0.349195
v 1.004000 0.599760 -0.339354
vt 0.500000 0.000000
vt 0.625000 0.000000
vt 0.625000 1.000000
vt 0.500000 1.000000
f 489/489 490/490 491/491 492/492
v 1.004000 0.546000 -0.372954
v 0.980241 0.546000 -0.349195
v 1.004000 0.546000 -0.339354
vt 0.000000 0.000000
vt 1.000000 0.000000
vt 1.000000 1.000000
f 493/493 494/494 495/495
v 1.004000 0.599760 -0.372954
v 1.004000 0.599760 -0.339354
v 0.980241 0.599760 -0.349195
vt 0.000000 0.000000
vt 1.000000 0.000000
vt 1.000000 1.000000
f 496/496 497/497 498/498
v 0.980241 0.546000 -0.349195
v 0.970400 0.546000 -0.372954
v 0.970400 0.599760 -0.372954
v 0.980241 0.599760 -0.349195
vt 0.625000 0.000000
vt 0.750000 0.000000
vt 0.750000 1.000000
vt 0.625000 1.000000
f 499/499 500/500 501/501 502/502
v 1.004000 0.546000 -0.372954
v 0.970400 0.546000 -0.372954
v 0.980241 0.546000 -0.349195
vt 0.000000 0.000000
vt 1.000000 0.000000
vt 1.000000 1.000000
f 503/503 504/504 505/505
v 1.004000 0.599760 -0.372954
v 0.980241 0.599760 -0.349195
v 0.970400 0.599760 -0.372954
vt 0.000000 0.000000
vt 1.000000 0.000000
vt 1.000000 1.000000
f 506/506 507/507 508/508
v 0.970400 0.546000 -0.372954
v 0.980241 0.546000 -0.396712
v 0.980241 0.599760 -0.396712
v 0.970400 0.599760 -0.372954
vt 0.750000 0.000000
vt 0.875000 0.000000
vt 0.875000 1.000000
vt 0.750000 1.000000
f 509/509 510/510 511/511 512/512
v 1.004000 0.546000 -0.372954
v 0.980241 0.546000 -0.396712
v 0.970400 0.546000 -0.372954
vt 0.000000 0.000000
vt 1.000000 0.000000
vt 1.000000 1.000000
f 513/513 514/514 515/515
v 1.004000 0.599760 -0.372954
v 0.970400 0.599760 -0.372954
v 0.980241 0.599760 -0.396712
vt 0.000000 0.000000
vt 1.000000 0.000000
vt 1.000000 1.000000
f 516/516 517/517 518/518
v 0.980241 0.546000 -0.396712
v 1.004000 0.546000 -0.406554
v 1.004000 0.599760 -0.406554
v 0.980241 0.599760 -0.396712
vt 0.875000 0.000000
vt 1.000000 0.000000
vt 1.000000 1.000000
vt 0.875000 1.000000
f 519/519 520/520 521/521 522/522
v 1.004000 0.546000 -0.372954
v 1.004000 0.546000 -0.406554
v 0.980241 0.546000 -0.396712
vt 0.000000 0.000000
vt 1.000000 0.000000
vt 1.000000 1.000000
f 523/523 524/524 525/525
v 1.004000 0.599760 -0.372954
v 0.980241 0.599760 -0.396712
v 1.004000 0.599760 -0.406554
vt 0.000000 0.000000
vt 1.000000 0.000000
vt 1.000000 1.000000
f 526/526 527/527 528/528
v 1.372954 0.546000 -0.037600
v 1.396712 0.546000 -0.027759
v 1.396712 0.599760 -0.027759
v 1.372954 0.599760 -0.037600
vt 0.000000 0.000000
vt 0.125000 0.000000
vt 0.125000 1.000000
vt 0.000000 1.000000
f 529/529 530/530 531/531 532/532
v 1.372954 0.546000 -0.004000
v 1.396712 0.546000 -0.027759
v 1.372954 0.546000 -0.037600
vt 0.000000 0.000000
vt 1.000000 0.000000
vt 1.000000 1.000000
f 533/533 534/534 535/535
v 1.372954 0.599760 -0.004000
v 1.372954 0.599760 -0.037600
v 1.396712 0.599760 -0.027759
vt 0.000000 0.000000
vt 1.000000 0.000000
vt 1.000000 1.000000
f 536/536 537/537 538/538
v 1.396712 0.546000 -0.027759
v 1.406554 0.546000 -0.004000
v 1.406554 0.599760 -0.004000
v 1.396712 0.599760 -0.027759
vt 0.125000 0.000000
vt 0.250000 0.000000
vt 0.250000 1.000000
vt 0.125000 1.000000
f 539/539 540/540 541/541 542/542
v 1.372954 0.546000 -0.004000
v 1.406554 0.546000 -0.004000
v 1.396712 0.546000 -0.027759
vt 0.000000 0.000000
vt 1.000000 0.000000
vt 1.000000 1.000000
f 543/543 544/544 545/545
v 1.372954 0.599760 -0.004000
v 1.396712 0.599760 -0.027759
v 1.406554 0.599760 -0.004000
vt 0.000000 0.000000
vt 1.000000 0.000000
vt 1.000000 1.000000
f 546/546 547/547 548/548
v 1.406554 0.546000 -0.004000
v 1.396712 0.546000 0.019759
v 1.396712 0.599760 0.019759
v 1.406554 0.599760 -0.004000
vt 0.250000 0.000000
vt 0.375000 0.000000
vt 0.375000 1.000000
vt 0.250000 1.000000
f 549/549 550/550 551/551 552/552
v 1.372954 0.546000 -0.004000
v 1.396712 0.546000 0.019759
v 1.406554 0.546000 -0.004000
vt 0.000000 0.000000
vt 1.000000 0.000000
vt 1.000000 1.000000
f 553/553 554/554 555/555
v 1.372954 0.599760 -0.004000
v 1.406554 0.599760 -0.004000
v 1.396712 0.599760 0.019759
vt 0.000000 0.000000
vt 1.000000 0.000000
vt 1.000000 1.000000
f 556/556 557/557 558/558
v 1.396712 0.546000 0.019759
v 1.372954 0.546000 0.029600
v 1.372954 0.599760 0.029600
v 1.396712 0.599760 0.019759
vt 0.375000 0.000000
vt 0.500000 0.000000
vt 0.500000 1.000000
vt 0.375000 1.000000
f 559/559 560/560 561/561 562/562
v 1.372954 0.546000 -0.004000
v 1.372954 0.546000 0.029600
v 1.396712 0.546000 0.019759
vt 0.000000 0.000000
vt 1.000000 0.000000
vt 1.000000 1.000000
f 563/563 564/564 565/565
v 1.372954 0.599760 -0.004000
v 1.396712 0.599760 0.019759
v 1.372954 0.599760 0.029600
vt 0.000000 0.000000
vt 1.000000 0.000000
vt 1.000000 1.000000
f 566/566 567/567 568/568
v 1.372954 0.546000 0.029600
v 1.349195 0.546000 0.019759
v 1.349195 0.599760 0.019759
v 1.372954 0.599760 0.029600
vt 0.500000 0.000000
vt 0.625000 0.000000
vt 0.625000 1.000000
vt 0.500000 1.000000
f 569/569 570/570 571/571 572/572
v 1.372954 0.546000 -0.004000
v 1.349195 0.546000 0.019759
v 1.372954 0.546000 0.029600
vt 0.000000 0.000000
vt 1.000000 0.000000
vt 1.000000 1.000000
f 573/573 574/574 575/575
v 1.372954 0.599760 -0.004000
v 1.372954 0.599760 0.029600
v 1.349195 0.599760 0.019759
vt 0.000000 0.000000
vt 1.000000 0.000000
vt 1.000000 1.000000
f 576/576 577/577 578/578
v 1.349195 0.546000 0.019759
v 1.339354 0.546000 -0.004000
v 1.339354 0.599760 -0.004000
v 1.349195 0.599760 0.019759
vt 0.625000 0.000000
vt 0.750000 0.000000
vt 0.750000 1.000000
vt 0.625000 1.000000
f 579/579 580/580 581/581 582/582
v 1.372954 0.546000 -0.004000
v 1.339354 0.546000 -0.004000
v 1.349195 0.546000 0.019759
vt 0.000000 0.000000
vt 1.000000 0.000000
vt 1.000000 1.000000
f 583/583 584/584 585/585
v 1.372954 0.599760 -0.004000
v 1.349195 0.599760 0.019759
v 1.339354 0.599760 -0.004000
vt 0.000000 0.000000
vt 1.000000 0.000000
vt 1.000000 1.000000
f 586/586 587/587 588/588
v 1.339354 0.546000 -0.004000
v 1.349195 0.546000 -0.027759
v 1.349195 0.599760 -0.027759
v 1.339354 0.599760 -0.004000
vt 0.750000 0.000000
vt 0.875000 0.000000
vt 0.875000 1.000000
vt 0.750000 1.000000
f 589/589 590/590 591/591 592/592
v 1.372954 0.546000 -0.004000
v 1.349195 0.546000 -0.027759
v 1.339354 0.546000 -0.004000
vt 0.000000 0.000000
vt 1.000000 0.000000
vt 1.000000 1.000000
f 593/593 594/594 595/595
v 1.372954 0.599760 -0.004000
v 1.339354 0.599760 -0.004000
v 1.349195 0.599760 -0.027759
vt 0.000000 0.000000
vt 1.000000 0.000000
vt 1.000000 1.000000
f 596/596 597/597 598/598
v 1.349195 0.546000 -0.027759
v 1.372954 0.546000 -0.037600
v 1.372954 0.599760 -0.037600
v 1.349195 0.599760 -0.027759
vt 0.875000 0.000000
vt 1.000000 0.000000
vt 1.000000 1.000000
vt 0.875000 1.000000
f 599/599 600/600 601/601 602/602
v 1.372954 0.546000 -0.004000
v 1.372954 0.546000 -0.037600
v 1.349195 0.546000 -0.027759
vt 0.000000 0.000000
vt 1.000000 0.000000
vt 1.000000 1.000000
f 603/603 604/604 605/605
v 1.372954 0.599760 -0.004000
v 1.349195 0.599760 -0.027759
v 1.372954 0.599760 -0.037600
vt 0.000000 0.000000
vt 1.000000 0.000000
vt 1.000000 1.000000
f 606/606 607/607 608/608
v 1.508000 0.546000 0.466400
v 1.531759 0.546000 0.476241
v 1.531759 0.599760 0.476241
v 1.508000 0.599760 0.466400
vt 0.000000 0.000000
vt 0.125000 0.000000
vt 0.125000 1.000000
vt 0.000000 1.000000
f 609/609 610/610 611/611 612/612
v 1.508000 0.546000 0.500000
v 1.531759 0.546000 0.476241
v 1.508000 0.546000 0.466400
vt 0.000000 0.000000
vt 1.000000 0.000000
vt 1.000000 1.000000
f 613/613 614/614 615/615
v 1.508000 0.599760 0.500000
v 1.508000 0.599760 0.466400
v 1.531759 0.599760 0.476241
vt 0.000000 0.000000
vt 1.000000 0.000000
vt 1.000000 1.000000
f 616/616 617/617 618/618
v 1.531759 0.546000 0.476241
v 1.541600 0.546000 0.500000
v 1.541600 0.599760 0.500000
v 1.531759 0.599760 0.476241
vt 0.125000 0.000000
vt 0.250000 0.000000
vt 0.250000 1.000000
vt 0.125000 1.000000
f 619/619 620/620 621/621 622/622
v 1.508000 0.546000 0.500000
v 1.541600 0.546000 0.500000
v 1.531759 0.546000 0.476241
vt 0.000000 0.000000
vt 1.000000 0.000000
vt 1.000000 1.000000
f 623/623 624/624 625/625
v 1.508000 0.599760 0.500000
v 1.531759 0.599760 0.476241
v 1.541600 0.599760 0.500000
vt 0.000000 0.000000
vt 1.000000 0.000000
vt 1.000000 1.000000
f 626/626 627/627 628/628
v 1.541600 0.546000 0.500000
v 1.531759 0.546000 0.523759
v 1.531759 0.599760 0.523759
v 1.541600 0.599760 0.500000
vt 0.250000 0.000000
vt 0.375000 0.000000
vt 0.375000 1.000000
vt 0.250000 1.000000
f 629/629 630/630 631/631 632/632
v 1.508000 0.546000 0.500000
v 1.531759 0.546000 0.523759
v 1.541600 0.546000 0.500000
vt 0.000000 0.000000
vt 1.000000 0.000000
vt 1.000000 1.000000
f 633/633 634/634 635/635
v 1.508000 0.599760 0.500000
v 1.541600 0.599760 0.500000
v 1.531759 0.599760 0.523759
vt 0.000000 0.000000
vt 1.000000 0.000000
vt 1.000000 1.000000
f 636/636 637/637 638/638
v 1.531759 0.546000 0.523759
v 1.508000 0.546000 0.533600
v 1.508000 0.599760 0.533600
v 1.531759 0.599760 0.523759
vt 0.375000 0.000000
vt 0.500000 0.000000
vt 0.500000 1.000000
vt 0.375000 1.000000
f 639/639 640/640 641/641 642/642
v 1.508000 0.546000 0.500000
v 1.508000 0.546000 0.533600
v 1.531759 0.546000 0.523759
vt 0.000000 0.000000
vt 1.000000 0.000000
vt 1.000000 1.000000
f 643/643 644/644 645/645
v 1.508000 0.599760 0.500000
v 1.531759 0.599760 0.523759
v 1.508000 0.599760 0.533600
vt 0.000000 0.000000
vt 1.000000 0.000000
vt 1.000000 1.000000
f 646/646 647/647 648/648
v 1.508000 0.546000 0.533600
v 1.484241 0.546000 0.523759
v 1.484241 0.599760 0.523759
v 1.508000 0.599760 0.533600
vt 0.500000 0.000000
vt 0.625000 0.000000
vt 0.625000 1.000000
vt 0.500000 1.000000
f 649/649 650/650 651/651 652/652
v 1.508000 0.546000 0.500000
v 1.484241 0.546000 0.523759
v 1.508000 0.546000 0.533600
vt 0.000000 0.000000
vt 1.000000 0.000000
vt 1.000000 1.000000
f 653/653 654/654 655/655
v 1.508000 0.599760 0.500000
v 1.508000 0.599760 0.533600
v 1.484241 0.599760 0.523759
vt 0.000000 0.000000
vt 1.000000 0.000000
vt 1.000000 1.000000
f 656/656 657/657 658/658
v 1.484241 0.546000 0.523759
v 1.474400 0.546000 0.500000
v 1.474400 0.599760 0.500000
v 1.484241 0.599760 0.523759
vt 0.625000 0.000000
vt 0.750000 0.000000
vt 0.750000 1.000000
vt 0.625000 1.000000
f 659/659 660/660 661/661 662/662
v 1.508000 0.546000 0.500000
v 1.474400 0.546000 0.500000
v 1.484241 0.546000 0.523759
vt 0.000000 0.000000
vt 1.000000 0.000000
vt 1.000000 1.000000
f 663/663 664/664 665/665
v 1.508000 0.599760 0.500000
v 1.484241 0.599760 0.523759
v 1.474400 0.599760 0.500000
vt 0.000000 0.000000
vt 1.000000 0.000000
vt 1.000000 1.000000
f 666/666 667/667 668/668
v 1.474400 0.546000 0.500000
v 1.484241 0.546000 0.476241
v 1.484241 0.599760 0.476241
v 1.474400 0.599760 0.500000
vt 0.750000 0.000000
vt 0.875000 0.000000
vt 0.875000 1.000000
vt 0.750000 1.000000
f 669/669 670/670 671/671 672/672
v 1.508000 0.546000 0.500000
v 1.484241 0.546000 0.476241
v 1.474400 0.546000 0.500000
vt 0.000000 0.000000
vt 1.000000 0.000000
vt 1.000000 1.000000
f 673/673 674/674 675/675
v 1.508000 0.599760 0.500000
v 1.474400 0.599760 0.500000
v 1.484241 0.599760 0.476241
vt 0.000000 0.000000
vt 1.000000 0.000000
vt 1.000000 1.000000
f 676/676 677/677 678/678
v 1.484241 0.546000 0.476241
v 1.508000 0.546000 0.466400
v 1.508000 0.599760 0.466400
v 1.484241 0.599760 0.476241
vt 0.875000 0.000000
vt 1.000000 0.000000
vt 1.000000 1.000000
vt 0.875000 1.000000
f 679/679 680/680 681/681 682/682
v 1.508000 0.546000 0.500000
v 1.508000 0.546000 0.466400
v 1.484241 0.546000 0.476241
vt 0.000000 0.000000
vt 1.000000 0.000000
vt 1.000000 1.000000
f 683/683 684/684 685/685
v 1.508000 0.599760 0.500000
v 1.484241 0.599760 0.476241
v 1.508000 0.599760 0.466400
vt 0.000000 0.000000
vt 1.000000 0.000000
vt 1.000000 1.000000
f 686/686 687/687 688/688
v 1.372954 0.546000 0.970400
v 1.396712 0.546000 0.980241
v 1.396712 0.599760 0.980241
v 1.372954 0.599760 0.970400
vt 0.000000 0.000000
vt 0.125000 0.000000
vt 0.125000 1.000000
vt 0.000000 1.000000
f 689/689 690/690 691/691 692/692
v 1.372954 0.546000 1.004000
v 1.396712 0.546000 0.980241
v 1.372954 0.546000 0.970400
vt 0.000000 0.000000
vt 1.000000 0.000000
vt 1.000000 1.000000
f 693/693 694/694 695/695
v 1.372954 0.599760 1.004000
v 1.372954 0.599760 0.970400
v 1.396712 0.599760 0.980241
vt 0.000000 0.000000
vt 1.000000 0.000000
vt 1.000000 1.000000
f 696/696 697/697 698/698
v 1.396712 0.546000 0.980241
v 1.406554 0.546000 1.004000
v 1.406554 0.599760 1.004000
v 1.396712 0.599760 0.980241
vt 0.125000 0.000000
vt 0.250000 0.000000
vt 0.250000 1.000000
vt 0.125000 1.000000
f 699/699 700/700 701/701 702/702
v 1.372954 0.546000 1.004000
v 1.406554 0.546000 1.004000
v 1.396712 0.546000 0.980241
vt 0.000000 0.000000
vt 1.000000 0.000000
vt 1.000000 1.000000
f 703/703 704/704 705/705
v 1.372954 0.599760 1.004000
v 1.396712 0.599760 0.980241
v 1.406554 0.599760 1.004000
vt 0.000000 0.000000
vt 1.000000 0.000000
vt 1.000000 1.000000
f 706/706 707/707 708/708
v 1.406554 0.546000 1.004000
v 1.396712 0.546000 1.027759
v 1.396712 0.599760 1.027759
v 1.406554 0.599760 1.004000
vt 0.250000 0.000000
vt 0.375000 0.000000
vt 0.375000 1.000000
vt 0.250000 1.000000
f 709/709 710/710 711/711 712/712
v 1.372954 0.546000 1.004000
v 1.396712 0.546000 1.027759
v 1.406554 0.546000 1.004000
vt 0.000000 0.000000
vt 1.000000 0.000000
vt 1.000000 1.000000
f 713/713 714/714 715/715
v 1.372954 0.599760 1.004000
v 1.406554 0.599760 1.004000
v 1.396712 0.599760 1.027759
vt 0.000000 0.000000
vt 1.000000 0.000000
vt 1.000000 1.000000
f 716/716 717/717 718/718
v 1.396712 0.546000 1.027759
v 1.372954 0.546000 1.037600
v 1.372954 0.599760 1.037600
v 1.396712 0.599760 1.027759
vt 0.375000 0.000000
vt 0.500000 0.000000
vt 0.500000 1.000000
vt 0.375000 1.000000
f 719/719 720/720 721/721 722/722
v 1.372954 0.546000 1.004000
v 1.372954 0.546000 1.037600
v 1.396712 0.546000 1.027759
vt 0.000000 0.000000
vt 1.000000 0.000000
vt 1.000000 1.000000
f 723/723 724/724 725/725
v 1.372954 0.599760 1.004000
v 1.396712 0.599760 1.027759
v 1.372954 0.599760 1.037600
vt 0.000000 0.000000
vt 1.000000 0.000000
vt 1.000000 1.000000
f 726/726 727/727 728/728
v 1.372954 0.546000 1.037600
v 1.349195 0.546000 1.027759
v 1.349195 0.599760 1.027759
v 1.372954 0.599760 1.037600
vt 0.500000 0.000000
vt 0.625000 0.000000
vt 0.625000 1.000000
vt 0.500000 1.000000
f 729/729 730/730 731/731 732/732
v 1.372954 0.546000 1.004000
v 1.349195 0.546000 1.027759
v 1.372954 0.546000 1.037600
vt 0.000000 0.000000
vt 1.000000 0.000000
vt 1.000000 1.000000
f 733/733 734/734 735/735
v 1.372954 0.599760 1.004000
v 1.372954 0.599760 1.037600
v 1.349195 0.599760 1.027759
vt 0.000000 0.000000
vt 1.000000 0.000000
vt 1.000000 1.000000
f 736/736 737/737 738/738
v 1.349195 0.546000 1.027759
v 1.339354 0.546000 1.004000
v 1.339354 0.599760 1.004000
v 1.349195 0.599760 1.027759
vt 0.625000 0.000000
vt 0.750000 0.000000
vt 0.750000 1.000000
vt 0.625000 1.000000
f 739/739 740/740 741/741 742/742
v 1.372954 0.546000 1.004000
v 1.339354 0.546000 1.004000
v 1.349195 0.546000 1.027759
vt 0.000000 0.000000
vt 1.000000 0.000000
vt 1.000000 1.000000
f 743/743 744/744 745/745
v 1.372954 0.599760 1.004000
v 1.349195 0.599760 1.027759
v 1.339354 0.599760 1.004000
vt 0.000000 0.000000
vt 1.000000 0.000000
vt 1.000000 1.000000
f 746/746 747/747 748/748
v 1.339354 0.546000 1.004000
v 1.349195 0.546000 0.980241
v 1.349195 0.599760 0.980241
v 1.339354 0.599760 1.004000
vt 0.750000 0.000000
vt 0.875000 0.000000
vt 0.875000 1.000000
vt 0.750000 1.000000
f 749/749 750/750 751/751 752/752
v 1.372954 0.546000 1.004000
v 1.349195 0.546000 0.980241
v 1.339354 0.546000 1.004000
vt 0.000000 0.000000
vt 1.000000 0.000000
vt 1.000000 1.000000
f 753/753 754/754 755/755
v 1.372954 0.599760 1.004000
v 1.339354 0.599760 1.004000
v 1.349195 0.599760 0.980241
vt 0.000000 0.000000
vt 1.000000 0.000000
vt 1.000000 1.000000
f 756/756 757/757 758/758
v 1.349195 0.546000 0.980241
v 1.372954 0.546000 0.970400
v 1.372954 0.599760 0.970400
v 1.349195 0.599760 0.980241
vt 0.875000 0.000000
vt 1.000000 0.000000
vt 1.000000 1.000000
vt 0.875000 1.000000
f 759/759 760/760 761/761 762/762
v 1.372954 0.546000 1.004000
v 1.372954 0.546000 0.970400
v 1.349195 0.546000 0.980241
vt 0.000000 0.000000
vt 1.000000 0.000000
vt 1.000000 1.000000
f 763/763 764/764 765/765
v 1.372954 0.599760 1.004000
v 1.349195 0.599760 0.980241
v 1.372954 0.599760 0.970400
vt 0.000000 0.000000
vt 1.000000 0.000000
vt 1.000000 1.000000
f 766/766 767/767 768/768
v 1.004000 0.546000 1.339354
v 1.027759 0.546000 1.349195
v 1.027759 0.599760 1.349195
v 1.004000 0.599760 1.339354
vt 0.000000 0.000000
vt 0.125000 0.000000
vt 0.125000 1.000000
vt 0.000000 1.000000
f 769/769 770/770 771/771 772/772
v 1.004000 0.546000 1.372954
v 1.027759 0.546000 1.349195
v 1.004000 0.546000 1.339354
vt 0.000000 0.000000
vt 1.000000 0.000000
vt 1.000000 1.000000
f 773/773 774/774 775/775
v 1.004000 0.599760 1.372954
v 1.004000 0.599760 1.339354
v 1.027759 0.599760 1.349195
vt 0.000000 0.000000
vt 1.000000 0.000000
vt 1.000000 1.000000
f 776/776 777/777 778/778
v 1.027759 0.546000 1.349195
v 1.037600 0.546000 1.372954
v 1.037600 0.599760 1.372954
v 1.027759 0.599760 1.349195
vt 0.125000 0.000000
vt 0.250000 0.000000
vt 0.250000 1.000000
vt 0.125000 1.000000
f 779/779 780/780 781/781 782/782
v 1.004000 0.546000 1.372954
v 1.037600 0.546000 1.372954
v 1.027759 0.546000 1.349195
vt 0.000000 0.000000
vt 1.000000 0.000000
vt 1.000000 1.000000
f 783/783 784/784 785/785
v 1.004000 0.599760 1.372954
v 1.027759 0.599760 1.349195
v 1.037600 0.599760 1.372954
vt 0.000000 0.000000
vt 1.000000 0.000000
vt 1.000000 1.000000
f 786/786 787/787 788/788
v 1.037600 0.546000 1.372954
v 1.027759 0.546000 1.396712
v 1.027759 0.599760 1.396712
v 1.037600 0.599760 1.372954
vt 0.250000 0.000000
vt 0.375000 0.000000
vt 0.375000 1.000000
vt 0.250000 1.000000
f 789/789 790/790 791/791 792/792
v 1.004000 0.546000 1.372954
v 1.027759 0.546000 1.396712
v 1.037600 0.546000 1.372954
vt 0.000000 0.000000
vt 1.000000 0.000000
vt 1.000000 1.000000
f 793/793 794/794 795/795
v 1.004000 0.599760 1.372954
v 1.037600 0.599760 1.372954
v 1.027759 0.599760 1.396712
vt 0.000000 0.000000
vt 1.000000 0.000000
vt 1.000000 1.000000
f 796/796 797/797 798/798
v 1.027759 0.546000 1.396712
v 1.004000 0.546000 1.406554
v 1.004000 0.599760 1.406554
v 1.027759 0.599760 1.396712
vt 0.375000 0.000000
vt 0.500000 0.000000
vt 0.500000 1.000000
vt 0.375000 1.000000
f 799/799 800/800 801/801 802/802
v 1.004000 0.546000 1.372954
v 1.004000 0.546000 1.406554
v 1.027759 0.546000 1.396712
vt 0.000000 0.000000
vt 1.000000 0.000000
vt 1.000000 1.000000
f 803/803 804/804 805/805
v 1.004000 0.599760 1.372954
v 1.027759 0.599760 1.396712
v 1.004000 0.599760 1.406554
vt 0.000000 0.000000
vt 1.000000 0.000000
vt 1.000000 1.000000
f 806/806 807/807 808/808
v 1.004000 0.546000 1.406554
v 0.980241 0.546000 1.396712
v 0.980241 0.599760 1.396712
v 1.004000 0.599760 1.406554
vt 0.500000 0.000000
vt 0.625000 0.000000
vt 0.625000 1.000000
vt 0.500000 1.000000
f 809/809 810/810 811/811 812/812
v 1.004000 0.546000 1.372954
v 0.980241 0.546000 1.396712
v 1.004000 0.546000 1.406554
vt 0.000000 0.000000
vt 1.000000 0.000000
vt 1.000000 1.000000
f 813/813 814/814 815/815
v 1.004000 0.599760 1.372954
v 1.004000 0.599760 1.406554
v 0.980241 0.599760 1.396712
vt 0.000000 0.000000
vt 1.000000 0.000000
vt 1.000000 1.000000
f 816/816 817/817 818/818
v 0.980241 0.546000 1.396712
v 0.970400 0.546000 1.372954
v 0.970400 0.599760 1.372954
v 0.980241 0.599760 1.396712
vt 0.625000 0.000000
vt 0.750000 0.000000
vt 0.750000 1.000000
vt 0.625000 1.000000
f 819/819 820/820 821/821 822/822
v 1.004000 0.546000 1.372954
v 0.970400 0.546000 1.372954
v 0.980241 0.546000 1.396712
vt 0.000000 0.000000
vt 1.000000 0.000000
vt 1.000000 1.000000
f 823/823 824/824 825/825
v 1.004000 0.599760 1.372954
v 0.980241 0.599760 1.396712
v 0.970400 0.599760 1.372954
vt 0.000000 0.000000
vt 1.000000 0.000000
vt 1.000000 1.000000
f 826/826 827/827 828/828
v 0.970400 0.546000 1.372954
v 0.980241 0.546000 1.349195
v 0.980241 0.599760 1.349195
v 0.970400 0.599760 1.372954
vt 0.750000 0.000000
vt 0.875000 0.000000
vt 0.875000 1.000000
vt 0.750000 1.000000
f 829/829 830/830 831/831 832/832
v 1.004000 0.546000 1.372954
v 0.980241 0.546000 1.349195
v 0.970400 0.546000 1.372954
vt 0.000000 0.000000
vt 1.000000 0.000000
vt 1.000000 1.000000
f 833/833 834/834 835/835
v 1.004000 0.599760 1.372954
v 0.970400 0.599760 1.372954
v 0.980241 0.599760 1.349195
vt 0.000000 0.000000
vt 1.000000 0.000000
vt 1.000000 1.000000
f 836/836 837/837 838/838
v 0.980241 0.546000 1.349195
v 1.004000 0.546000 1.339354
v 1.004000 0.599760 1.339354
v 0.980241 0.599760 1.349195
vt 0.875000 0.000000
vt 1.000000 0.000000
vt 1.000000 1.000000
vt 0.875000 1.000000
f 839/839 840/840 841/841 842/842
v 1.004000 0.546000 1.372954
v 1.004000 0.546000 1.339354
v 0.980241 0.546000 1.349195
vt 0.000000 0.000000
vt 1.000000 0.000000
vt 1.000000 1.000000
f 843/843 844/844 845/845
v 1.004000 0.599760 1.372954
v 0.980241 0.599760 1.349195
v 1.004000 0.599760 1.339354
vt 0.000000 0.000000
vt 1.000000 0.000000
vt 1.000000 1.000000
f 846/846 847/847 848/848
v 0.500000 0.546000 1.474400
v 0.523759 0.546000 1.484241
v 0.523759 0.599760 1.484241
v 0.500000 0.599760 1.474400
vt 0.000000 0.000000
vt 0.125000 0.000000
vt 0.125000 1.000000
vt 0.000000 1.000000
f 849/849 850/850 851/851 852/852
v 0.500000 0.546000 1.508000
v 0.523759 0.546000 1.484241
v 0.500000 0.546000 1.474400
vt 0.000000 0.000000
vt 1.000000 0.000000
vt 1.000000 1.000000
f 853/853 854/854 855/855
v 0.500000 0.599760 1.508000
v 0.500000 0.599760 1.474400
v 0.523759 0.599760 1.484241
vt 0.000000 0.000000
vt 1.000000 0.000000
vt 1.000000 1.000000
f 856/856 857/857 858/858
v 0.523759 0.546000 1.484241
v 0.533600 0.546000 1.508000
v 0.533600 0.599760 1.508000
v 0.523759 0.599760 1.484241
vt 0.125000 0.000000
vt 0.250000 0.000000
vt 0.250000 1.000000
vt 0.125000 1.000000
f 859/859 860/860 861/861 862/862
v 0.500000 0.546000 1.508000
v 0.533600 0.546000 1.508000
v 0.523759 0.546000 1.484241
vt 0.000000 0.000000
vt 1.000000 0.000000
vt 1.000000 1.000000
f 863/863 864/864 865/865
v 0.500000 0.599760 1.508000
v 0.523759 0.599760 1.484241
v 0.533600 0.599760 1.508000
vt 0.000000 0.000000
vt 1.000000 0.000000
vt 1.000000 1.000000
f 866/866 867/867 868/868
v 0.533600 0.546000 1.508000
v 0.523759 0.546000 1.531759
v 0.523759 0.599760 1.531759
v 0.533600 0.599760 1.508000
vt 0.250000 0.000000
vt 0.375000 0.000000
vt 0.375000 1.000000
vt 0.250000 1.000000
f 869/869 870/870 871/871 872/872
v 0.500000 0.546000 1.508000
v 0.523759 0.546000 1.531759
v 0.533600 0.546000 1.508000
vt 0.000000 0.000000
vt 1.000000 0.000000
vt 1.000000 1.000000
f 873/873 874/874 875/875
v 0.500000 0.599760 1.508000
v 0.533600 0.599760 1.508000
v 0.523759 0.599760 1.531759
vt 0.000000 0.000000
vt 1.000000 0.000000
vt 1.000000 1.000000
f 876/876 877/877 878/878
v 0.523759 0.546000 1.531759
v 0.500000 0.546000 1.541600
v 0.500000 0.599760 1.541600
v 0.523759 0.599760 1.531759
vt 0.375000 0.000000
vt 0.500000 0.000000
vt 0.500000 1.000000
vt 0.375000 1.000000
f 879/879 880/880 881/881 882/882
v 0.500000 0.546000 1.508000
v 0.500000 0.546000 1.541600
v 0.523759 0.546000 1.531759
vt 0.000000 0.000000
vt 1.000000 0.000000
vt 1.000000 1.000000
f 883/883 884/884 885/885
v 0.500000 0.599760 1.508000
v 0.523759 0.599760 1.531759
v 0.500000 0.599760 1.541600
vt 0.000000 0.000000
vt 1.000000 0.000000
vt 1.000000 1.000000
f 886/886 887/887 888/888
v 0.500000 0.546000 1.541600
v 0.476241 0.546000 1.531759
v 0.476241 0.599760 1.531759
v 0.500000 0.599760 1.541600
vt 0.500000 0.000000
vt 0.625000 0.000000
vt 0.625000 1.000000
vt 0.500000 1.000000
f 889/889 890/890 891/891 892/892
v 0.500000 0.546000 1.508000
v 0.476241 0.546000 1.531759
v 0.500000 0.546000 1.541600
vt 0.000000 0.000000
vt 1.000000 0.000000
vt 1.000000 1.000000
f 893/893 894/894 895/895
v 0.500000 0.599760 1.508000
v 0.500000 0.599760 1.541600
v 0.476241 0.599760 1.531759
vt 0.000000 0.000000
vt 1.000000 0.000000
vt 1.000000 1.000000
f 896/896 897/897 898/898
v 0.476241 0.546000 1.531759
v 0.466400 0.546000 1.508000
v 0.466400 0.599760 1.508000
v 0.476241 0.599760 1.531759
vt 0.625000 0.000000
vt 0.750000 0.000000
vt 0.750000 1.000000
vt 0.625000 1.000000
f 899/899 900/900 901/901 902/902
v 0.500000 0.546000 1.508000
v 0.466400 0.546000 1.508000
v 0.476241 0.546000 1.531759
vt 0.000000 0.000000
vt 1.000000 0.000000
vt 1.000000 1.000000
f 903/903 904/904 905/905
v 0.500000 0.599760 1.508000
v 0.476241 0.599760 1.531759
v 0.466400 0.599760 1.508000
vt 0.000000 0.000000
vt 1.000000 0.000000
vt 1.000000 1.000000
f 906/906 907/907 908/908
v 0.466400 0.546000 1.508000
v 0.476241 0.546000 1.484241
v 0.476241 0.599760 1.484241
v 0.466400 0.599760 1.508000
vt 0.750000 0.000000
vt 0.875000 0.000000
vt 0.875000 1.000000
vt 0.750000 1.000000
f 909/909 910/910 911/911 912/912
v 0.500000 0.546000 1.508000
v 0.476241 0.546000 1.484241
v 0.466400 0.546000 1.508000
vt 0.000000 0.000000
vt 1.000000 0.000000
vt 1.000000 1.000000
f 913/913 914/914 915/915
v 0.500000 0.599760 1.508000
v 0.466400 0.599760 1.508000
v 0.476241 0.599760 1.484241
vt 0.000000 0.000000
vt 1.000000 0.000000
vt 1.000000 1.000000
f 916/916 917/917 918/918
v 0.476241 0.546000 1.484241
v 0.500000 0.546000 1.474400
v 0.500000 0.599760 1.474400
v 0.476241 0.599760 1.484241
vt 0.875000 0.000000
vt 1.000000 0.000000
vt 1.000000 1.000000
vt 0.875000 1.000000
f 919/919 920/920 921/921 922/922
v 0.500000 0.546000 1.508000
v 0.500000 0.546000 1.474400
v 0.476241 0.546000 1.484241
vt 0.000000 0.000000
vt 1.000000 0.000000
vt 1.000000 1.000000
f 923/923 924/924 925/925
v 0.500000 0.599760 1.508000
v 0.476241 0.599760 1.484241
v 0.500000 0.599760 1.474400
vt 0.000000 0.000000
vt 1.000000 0.000000
vt 1.000000 1.000000
f 926/926 927/927 928/928
v -0.004000 0.546000 1.339354
v 0.019759 0.546000 1.349195
v 0.019759 0.599760 1.349195
v -0.004000 0.599760 1.339354
vt 0.000000 0.000000
vt 0.125000 0.000000
vt 0.125000 1.000000
vt 0.000000 1.000000
f 929/929 930/930 931/931 932/932
v -0.004000 0.546000 1.372954
v 0.019759 0.546000 1.349195
v -0.004000 0.546000 1.339354
vt 0.000000 0.000000
vt 1.000000 0.000000
vt 1.000000 1.000000
f 933/933 934/934 935/935
v -0.004000 0.599760 1.372954
v -0.004000 0.599760 1.339354
v 0.019759 0.599760 1.349195
vt 0.000000 0.000000
vt 1.000000 0.000000
vt 1.000000 1.000000
f 936/936 937/937 938/938
v 0.019759 0.546000 1.349195
v 0.029600 0.546000 1.372954
v 0.029600 0.599760 1.372954
v 0.019759 0.599760 1.349195
vt 0.125000 0.000000
vt 0.250000 0.000000
vt 0.250000 1.000000
vt 0.125000 1.000000
f 939/939 940/940 941/941 942/942
v -0.004000 0.546000 1.372954
v 0.029600 0.546000 1.372954
v 0.019759 0.546000 1.349195
vt 0.000000 0.000000
vt 1.000000 0.000000
vt 1.000000 1.000000
f 943/943 944/944 945/945
v -0.004000 0.599760 1.372954
v 0.019759 0.599760 1.349195
v 0.029600 0.599760 1.372954
vt 0.000000 0.000000
vt 1.000000 0.000000
vt 1.000000 1.000000
f 946/946 947/947 948/948
v 0.029600 0.546000 1.372954
v 0.019759 0.546000 1.396712
v 0.019759 0.599760 1.396712
v 0.029600 0.599760 1.372954
vt 0.250000 0.000000
vt 0.375000 0.000000
vt 0.375000 1.000000
vt 0.250000 1.000000
f 949/949 950/950 951/951 952/952
v -0.004000 0.546000 1.372954
v 0.019759 0.546000 1.396712
v 0.029600 0.546000 1.372954
vt 0.000000 0.000000
vt 1.000000 0.000000
vt 1.000000 1.000000
f 953/953 954/954 955/955
v -0.004000 0.599760 1.372954
v 0.029600 0.599760 1.372954
v 0.019759 0.599760 1.396712
vt 0.000000 0.000000
vt 1.000000 0.000000
vt 1.000000 1.000000
f 956/956 957/957 958/958
v 0.019759 0.546000 1.396712
v -0.004000 0.546000 1.406554
v -0.004000 0.599760 1.406554
v 0.019759 0.599760 1.396712
vt 0.375000 0.000000
vt 0.500000 0.000000
vt 0.500000 1.000000
vt 0.375000 1.000000
f 959/959 960/960 961/961 962/962
v -0.004000 0.546000 1.372954
v -0.004000 0.546000 1.406554
v 0.019759 0.546000 1.396712
vt 0.000000 0.000000
vt 1.000000 0.000000
vt 1.000000 1.000000
f 963/963 964/964 965/965
v -0.004000 0.599760 1.372954
v 0.019759 0.599760 1.396712
v -0.004000 0.599760 1.406554
vt 0.000000 0.000000
vt 1.000000 0.000000
vt 1.000000 1.000000
f 966/966 967/967 968/968
v -0.004000 0.546000 1.406554
v -0.027759 0.546000 1.396712
v -0.027759 0.599760 1.396712
v -0.004000 0.599760 1.406554
vt 0.500000 0.000000
vt 0.625000 0.000000
vt 0.625000 1.000000
vt 0.500000 1.000000
f 969/969 970/970 971/971 972/972
v -0.004000 0.546000 1.372954
v -0.027759 0.546000 1.396712
v -0.004000 0.546000 1.406554
vt 0.000000 0.000000
vt 1.000000 0.000000
vt 1.000000 1.000000
f 973/973 974/974 975/975
v -0.004000 0.599760 1.372954
v -0.004000 0.599760 1.406554
v -0.027759 0.599760 1.396712
vt 0.000000 0.000000
vt 1.000000 0.000000
vt 1.000000 1.000000
f 976/976 977/977 978/978
v -0.027759 0.546000 1.396712
v -0.037600 0.546000 1.372954
v -0.037600 0.599760 1.372954
v -0.027759 0.599760 1.396712
vt 0.625000 0.000000
vt 0.750000 0.000000
vt 0.750000 1.000000
vt 0.625000 1.000000
f 979/979 980/980 981/981 982/982
v -0.004000 0.546000 1.372954
v -0.037600 0.546000 1.372954
v -0.027759 0.546000 1.396712
vt 0.000000 0.000000
vt 1.000000 0.000000
vt 1.000000 1.000000
f 983/983 984/984 985/985
v -0.004000 0.599760 1.372954
v -0.027759 0.599760 1.396712
v -0.037600 0.599760 1.372954
vt 0.000000 0.000000
vt 1.000000 0.000000
vt 1.000000 1.000000
f 986/986 987/987 988/988
v -0.037600 0.546000 1.372954
v -0.027759 0.546000 1.349195
v -0.027759 0.599760 1.349195
v -0.037600 0.599760 1.372954
vt 0.750000 0.000000
vt 0.875000 0.000000
vt 0.875000 1.000000
vt 0.750000 1.000000
f 989/989 990/990 991/991 992/992
v -0.004000 0.546000 1.372954
v -0.027759 0.546000 1.349195
v -0.037600 0.546000 1.372954
vt 0.000000 0.000000
vt 1.000000 0.000000
vt 1.000000 1.000000
f 993/993 994/994 995/995
v -0.004000 0.599760 1.372954
v -0.037600 0.599760 1.372954
v -0.027759 0.599760 1.349195
vt 0.000000 0.000000
vt 1.000000 0.000000
vt 1.000000 1.000000
f 996/996 997/997 998/998
v -0.027759 0.546000 1.349195
v -0.004000 0.546000 1.339354
v -0.004000 0.599760 1.339354
v -0.027759 0.599760 1.349195
vt 0.875000 0.000000
vt 1.000000 0.000000
vt 1.000000 1.000000
vt 0.875000 1.000000
f 999/999 1000/1000 1001/1001 1002/1002
v -0.004000 0.546000 1.372954
v -0.004000 0.546000 1.339354
v -0.027759 0.546000 1.349195
vt 0.000000 0.000000
vt 1.000000 0.000000
vt 1.000000 1.000000
f 1003/1003 1004/1004 1005/1005
v -0.004000 0.599760 1.372954
v -0.027759 0.599760 1.349195
v -0.004000 0.599760 1.339354
vt 0.000000 0.000000
vt 1.000000 0.000000
vt 1.000000 1.000000
f 1006/1006 1007/1007 1008/1008
v -0.372954 0.546000 0.970400
v -0.349195 0.546000 0.980241
v -0.349195 0.599760 0.980241
v -0.372954 0.599760 0.970400
vt 0.000000 0.000000
vt 0.125000 0.000000
vt 0.125000 1.000000
vt 0.000000 1.000000
f 1009/1009 1010/1010 1011/1011 1012/1012
v -0.372954 0.546000 1.004000
v -0.349195 0.546000 0.980241
v -0.372954 0.546000 0.970400
vt 0.000000 0.000000
vt 1.000000 0.000000
vt 1.000000 1.000000
f 1013/1013 1014/1014 1015/1015
v -0.372954 0.599760 1.004000
v -0.372954 0.599760 0.970400
v -0.349195 0.599760 0.980241
vt 0.000000 0.000000
vt 1.000000 0.000000
vt 1.000000 1.000000
f 1016/1016 1017/1017 1018/1018
v -0.349195 0.546000 0.980241
v -0.339354 0.546000 1.004000
v -0.339354 0.599760 1.004000
v -0.349195 0.599760 0.980241
vt 0.125000 0.000000
vt 0.250000 0.000000
vt 0.250000 1.000000
vt 0.125000 1.000000
f 1019/1019 1020/1020 1021/1021 1022/1022
v -0.372954 0.546000 1.004000
v -0.339354 0.546000 1.004000
v -0.349195 0.546000 0.980241
vt 0.000000 0.000000
vt 1.000000 0.000000
vt 1.000000 1.000000
f 1023/1023 1024/1024 1025/1025
v -0.372954 0.599760 1.004000
v -0.349195 0.599760 0.980241
v -0.339354 0.599760 1.004000
vt 0.000000 0.000000
vt 1.000000 0.000000
vt 1.000000 1.000000
f 1026/1026 1027/1027 1028/1028
v -0.339354 0.546000 1.004000
v -0.349195 0.546000 1.027759
v -0.349195 0.599760 1.027759
v -0.339354 0.599760 1.004000
vt 0.250000 0.000000
vt 0.375000 0.000000
vt 0.375000 1.000000
vt 0.250000 1.000000
f 1029/1029 1030/1030 1031/1031 1032/1032
v -0.372954 0.546000 1.004000
v -0.349195 0.546000 1.027759
v -0.339354 0.546000 1.004000
vt 0.000000 0.000000
vt 1.000000 0.000000
vt 1.000000 1.000000
f 1033/1033 1034/1034 1035/1035
v -0.372954 0.599760 1.004000
v -0.339354 0.599760 1.004000
v -0.349195 0.599760 1.027759
vt 0.000000 0.000000
vt 1.000000 0.000000
vt 1.000000 1.000000
f 1036/1036 1037/1037 1038/1038
v -0.349195 0.546000 1.027759
v -0.372954 0.546000 1.037600
v -0.372954 0.599760 1.037600
v -0.349195 0.599760 1.027759
vt 0.375000 0.000000
vt 0.500000 0.000000
vt 0.500000 1.000000
vt 0.375000 1.000000
f 1039/1039 1040/1040 1041/1041 1042/1042
v -0.372954 0.546000 1.004000
v -0.372954 0.546000 1.037600
v -0.349195 0.546000 1.027759
vt 0.000000 0.000000
vt 1.000000 0.000000
vt 1.000000 1.000000
f 1043/1043 1044/1044 1045/1045
v -0.372954 0.599760 1.004000
v -0.349195 0.599760 1.027759
v -0.372954 0.599760 1.037600
vt 0.000000 0.000000
vt 1.000000 0.000000
vt 1.000000 1.000000
f 1046/1046 1047/1047 1048/1048
v -0.372954 0.546000 1.037600
v -0.396712 0.546000 1.027759
v -0.396712 0.599760 1.027759
v -0.372954 0.599760 1.037600
vt 0.500000 0.000000
vt 0.625000 0.000000
vt 0.625000 1.000000
vt 0.500000 1.000000
f 1049/1049 1050/1050 1051/1051 1052/1052
v -0.372954 0.546000 1.004000
v -0.396712 0.546000 1.027759
v -0.372954 0.546000 1.037600
vt 0.000000 0.000000
vt 1.000000 0.000000
vt 1.000000 1.000000
f 1053/1053 1054/1054 1055/1055
v -0.372954 0.599760 1.004000
v -0.372954 0.599760 1.037600
v -0.396712 0.599760 1.027759
vt 0.000000 0.000000
vt 1.000000 0.000000
vt 1.000000 1.000000
f 1056/1056 1057/1057 1058/1058
v -0.396712 0.546000 1.027759
v -0.406554 0.546000 1.004000
v -0.406554 0.599760 1.004000
v -0.396712 0.599760 1.027759
vt 0.625000 0.000000
vt 0.750000 0.000000
vt 0.750000 1.000000
vt 0.625000 1.000000
f 1059/1059 1060/1060 1061/1061 1062/1062
v -0.372954 0.546000 1.004000
v -0.406554 0.546000 1.004000
v -0.396712 0.546000 1.027759
vt 0.000000 0.000000
vt 1.000000 0.000000
vt 1.000000 1.000000
f 1063/1063 1064/1064 1065/1065
v -0.372954 0.599760 1.004000
v -0.396712 0.599760 1.027759
v -0.406554 0.599760 1.004000
vt 0.000000 0.000000
vt 1.000000 0.000000
vt 1.000000 1.000000
f 1066/1066 1067/1067 1068/1068
v -0.406554 0.546000 1.004000
v -0.396712 0.546000 0.980241
v -0.396712 0.599760 0.980241
v -0.406554 0.599760 1.004000
vt 0.750000 0.000000
vt 0.875000 0.000000
vt 0.875000 1.000000
vt 0.750000 1.000000
f 1069/1069 1070/1070 1071/1071 1072/1072
v -0.372954 0.546000 1.004000
v -0.396712 0.546000 0.980241
v -0.406554 0.546000 1.004000
vt 0.000000 0.000000
vt 1.000000 0.000000
vt 1.000000 1.000000
f 1073/1073 1074/1074 1075/1075
v -0.372954 0.599760 1.004000
v -0.406554 0.599760 1.004000
v -0.396712 0.599760 0.980241
vt 0.000000 0.000000
vt 1.000000 0.000000
vt 1.000000 1.000000
f 1076/1076 1077/1077 1078/1078
v -0.396712 0.546000 0.980241
v -0.372954 0.546000 0.970400
v -0.372954 0.599760 0.970400
v -0.396712 0.599760 0.980241
vt 0.875000 0.000000
vt 1.000000 0.000000
vt 1.000000 1.000000
vt 0.875000 1.000000
f 1079/1079 1080/1080 1081/1081 1082/1082
v -0.372954 0.546000 1.004000
v -0.372954 0.546000 0.970400
v -0.396712 0.546000 0.980241
vt 0.000000 0.000000
vt 1.000000 0.000000
vt 1.000000 1.000000
f 1083/1083 1084/1084 1085/1085
v -0.372954 0.599760 1.004000
v -0.396712 0.599760 0.980241
v -0.372954 0.599760 0.970400
vt 0.000000 0.000000
vt 1.000000 0.000000
vt 1.000000 1.000000
f 1086/1086 1087/1087 1088/1088
v -0.508000 0.546000 0.466400
v -0.484241 0.546000 0.476241
v -0.484241 0.599760 0.476241
v -0.508000 0.599760 0.466400
vt 0.000000 0.000000
vt 0.125000 0.000000
vt 0.125000 1.000000
vt 0.000000 1.000000
f 1089/1089 1090/1090 1091/1091 1092/1092
v -0.508000 0.546000 0.500000
v -0.484241 0.546000 0.476241
v -0.508000 0.546000 0.466400
vt 0.000000 0.000000
vt 1.000000 0.000000
vt 1.000000 1.000000
f 1093/1093 1094/1094 1095/1095
v -0.508000 0.599760 0.500000
v -0.508000 0.599760 0.466400
v -0.484241 0.599760 0.476241
vt 0.000000 0.000000
vt 1.000000 0.000000
vt 1.000000 1.000000
f 1096/1096 1097/1097 1098/1098
v -0.484241 0.546000 0.476241
v -0.474400 0.546000 0.500000
v -0.474400 0.599760 0.500000
v -0.484241 0.599760 0.476241
vt 0.125000 0.000000
vt 0.250000 0.000000
vt 0.250000 1.000000
vt 0.125000 1.000000
f 1099/1099 1100/1100 1101/1101 1102/1102
v -0.508000 0.546000 0.500000
v -0.474400 0.546000 0.500000
v -0.484241 0.546000 0.476241
vt 0.000000 0.000000
vt 1.000000 0.000000
vt 1.000000 1.000000
f 1103/1103 1104/1104 1105/1105
v -0.508000 0.599760 0.500000
v -0.484241 0.599760 0.476241
v -0.474400 0.599760 0.500000
vt 0.000000 0.000000
vt 1.000000 0.000000
vt 1.000000 1.000000
f 1106/1106 1107/1107 1108/1108
v -0.474400 0.546000 0.500000
v -0.484241 0.546000 0.523759
v -0.484241 0.599760 0.523759
v -0.474400 0.599760 0.500000
vt 0.250000 0.000000
vt 0.375000 0.000000
vt 0.375000 1.000000
vt 0.250000 1.000000
f 1109/1109 1110/1110 1111/1111 1112/1112
v -0.508000 0.546000 0.500000
v -0.484241 0.546000 0.523759
v -0.474400 0.546000 0.500000
vt 0.000000 0.000000
vt 1.000000 0.000000
vt 1.000000 1.000000
f 1113/1113 1114/1114 1115/1115
v -0.508000 0.599760 0.500000
v -0.474400 0.599760 0.500000
v -0.484241 0.599760 0.523759
vt 0.000000 0.000000
vt 1.000000 0.000000
vt 1.000000 1.000000
f 1116/1116 1117/1117 1118/1118
v -0.484241 0.546000 0.523759
v -0.508000 0.546000 0.533600
v -0.508000 0.599760 0.533600
v -0.484241 0.599760 0.523759
vt 0.375000 0.000000
vt 0.500000 0.000000
vt 0.500000 1.000000
vt 0.375000 1.000000
f 1119/1119 1120/1120 1121/1121 1122/1122
v -0.508000 0.546000 0.500000
v -0.508000 0.546000 0.533600
v -0.484241 0.546000 0.523759
vt 0.000000 0.000000
vt 1.000000 0.000000
vt 1.000000 1.000000
f 1123/1123 1124/1124 1125/1125
v -0.508000 0.599760 0.500000
v -0.484241 0.599760 0.523759
v -0.508000 0.599760 0.533600
vt 0.000000 0.000000
vt 1.000000 0.000000
vt 1.000000 1.000000
f 1126/1126 1127/1127 1128/1128
v -0.508000 0.546000 0.533600
v -0.531759 0.546000 0.523759
v -0.531759 0.599760 0.523759
v -0.508000 0.599760 0.533600
vt 0.500000 0.000000
vt 0.625000 0.000000
vt 0.625000 1.000000
vt 0.500000 1.000000
f 1129/1129 1130/1130 1131/1131 1132/1132
v -0.508000 0.546000 0.500000
v -0.531759 0.546000 0.523759
v -0.508000 0.546000 0.533600
vt 0.000000 0.000000
vt 1.000000 0.000000
vt 1.000000 1.000000
f 1133/1133 1134/1134 1135/1135
v -0.508000 0.599760 0.500000
v -0.508000 0.599760 0.533600
v -0.531759 0.599760 0.523759
vt 0.000000 0.000000
vt 1.000000 0.000000
vt 1.000000 1.000000
f 1136/1136 1137/1137 1138/1138
v -0.531759 0.546000 0.523759
v -0.541600 0.546000 0.500000
v -0.541600 0.599760 0.500000
v -0.531759 0.599760 0.523759
vt 0.625000 0.000000
vt 0.750000 0.000000
vt 0.750000 1.000000
vt 0.625000 1.000000
f 1139/1139 1140/1140 1141/1141 1142/1142
v -0.508000 0.546000 0.500000
v -0.541600 0.546000 0.500000
v -0.531759 0.546000 0.523759
vt 0.000000 0.000000
vt 1.000000 0.000000
vt 1.000000 1.000000
f 1143/1143 1144/1144 1145/1145
v -0.508000 0.599760 0.500000
v -0.531759 0.599760 0.523759
v -0.541600 0.599760 0.500000
vt 0.000000 0.000000
vt 1.000000 0.000000
vt 1.000000 1.000000
f 1146/1146 1147/1147 1148/1148
v -0.541600 0.546000 0.500000
v -0.531759 0.546000 0.476241
v -0.531759 0.599760 0.476241
v -0.541600 0.599760 0.500000
vt 0.750000 0.000000
vt 0.875000 0.000000
vt 0.875000 1.000000
vt 0.750000 1.000000
f 1149/1149 1150/1150 1151/1151 1152/1152
v -0.508000 0.546000 0.500000
v -0.531759 0.546000 0.476241
v -0.541600 0.546000 0.500000
vt 0.000000 0.000000
vt 1.000000 0.000000
vt 1.000000 1.000000
f 1153/1153 1154/1154 1155/1155
v -0.508000 0.599760 0.500000
v -0.541600 0.599760 0.500000
v -0.531759 0.599760 0.476241
vt 0.000000 0.000000
vt 1.000000 0.000000
vt 1.000000 1.000000
f 1156/1156 1157/1157 1158/1158
v -0.531759 0.546000 0.476241
v -0.508000 0.546000 0.466400
v -0.508000 0.599760 0.466400
v -0.531759 0.599760 0.476241
vt 0.875000 0.000000
vt 1.000000 0.000000
vt 1.000000 1.000000
vt 0.875000 1.000000
f 1159/1159 1160/1160 1161/1161 1162/1162
v -0.508000 0.546000 0.500000
v -0.508000 0.546000 0.466400
v -0.531759 0.546000 0.476241
vt 0.000000 0.000000
vt 1.000000 0.000000
vt 1.000000 1.000000
f 1163/1163 1164/1164 1165/1165
v -0.508000 0.599760 0.500000
v -0.531759 0.599760 0.476241
v -0.508000 0.599760 0.466400
vt 0.000000 0.000000
vt 1.000000 0.000000
vt 1.000000 1.000000
f 1166/1166 1167/1167 1168/1168
v -0.372954 0.546000 -0.037600
v -0.349195 0.546000 -0.027759
v -0.349195 0.599760 -0.027759
v -0.372954 0.599760 -0.037600
vt 0.000000 0.000000
vt 0.125000 0.000000
vt 0.125000 1.000000
vt 0.000000 1.000000
f 1169/1169 1170/1170 1171/1171 1172/1172
v -0.372954 0.546000 -0.004000
v -0.349195 0.546000 -0.027759
v -0.372954 0.546000 -0.037600
vt 0.000000 0.000000
vt 1.000000 0.000000
vt 1.000000 1.000000
f 1173/1173 1174/1174 1175/1175
v -0.372954 0.599760 -0.004000
v -0.372954 0.599760 -0.037600
v -0.349195 0.599760 -0.027759
vt 0.000000 0.000000
vt 1.000000 0.000000
vt 1.000000 1.000000
f 1176/1176 1177/1177 1178/1178
v -0.349195 0.546000 -0.027759
v -0.339354 0.546000 -0.004000
v -0.339354 0.599760 -0.004000
v -0.349195 0.599760 -0.027759
vt 0.125000 0.000000
vt 0.250000 0.000000
vt 0.250000 1.000000
vt 0.125000 1.000000
f 1179/1179 1180/1180 1181/1181 1182/1182
v -0.372954 0.546000 -0.004000
v -0.339354 0.546000 -0.004000
v -0.349195 0.546000 -0.027759
vt 0.000000 0.000000
vt 1.000000 0.000000
vt 1.000000 1.000000
f 1183/1183 1184/1184 1185/1185
v -0.372954 0.599760 -0.004000
v -0.349195 0.599760 -0.027759
v -0.339354 0.599760 -0.004000
vt 0.000000 0.000000
vt 1.000000 0.000000
vt 1.000000 1.000000
f 1186/1186 1187/1187 1188/1188
v -0.339354 0.546000 -0.004000
v -0.349195 0.546000 0.019759
v -0.349195 0.599760 0.019759
v -0.339354 0.599760 -0.004000
vt 0.250000 0.000000
vt 0.375000 0.000000
vt 0.375000 1.000000
vt 0.250000 1.000000
f 1189/1189 1190/1190 1191/1191 1192/1192
v -0.372954 0.546000 -0.004000
v -0.349195 0.546000 0.019759
v -0.339354 0.546000 -0.004000
vt 0.000000 0.000000
vt 1.000000 0.000000
vt 1.000000 1.000000
f 1193/1193 1194/1194 1195/1195
v -0.372954 0.599760 -0.004000
v -0.339354 0.599760 -0.004000
v -0.349195 0.599760 0.019759
vt 0.000000 0.000000
vt 1.000000 0.000000
vt 1.000000 1.000000
f 1196/1196 1197/1197 1198/1198
v -0.349195 0.546000 0.019759
v -0.372954 0.546000 0.029600
v -0.372954 0.599760 0.029600
v -0.349195 0.599760 0.019759
vt 0.375000 0.000000
vt 0.500000 0.000000
vt 0.500000 1.000000
vt 0.375000 1.000000
f 1199/1199 1200/1200 1201/1201 1202/1202
v -0.372954 0.546000 -0.004000
v -0.372954 0.546000 0.029600
v -0.349195 0.546000 0.019759
vt 0.000000 0.000000
vt 1.000000 0.000000
vt 1.000000 1.000000
f 1203/1203 1204/1204 1205/1205
v -0.372954 0.599760 -0.004000
v -0.349195 0.599760 0.019759
v -0.372954 0.599760 0.029600
vt 0.000000 0.000000
vt 1.000000 0.000000
vt 1.000000 1.000000
f 1206/1206 1207/1207 1208/1208
v -0.372954 0.546000 0.029600
v -0.396712 0.546000 0.019759
v -0.396712 0.599760 0.019759
v -0.372954 0.599760 0.029600
vt 0.500000 0.000000
vt 0.625000 0.000000
vt 0.625000 1.000000
vt 0.500000 1.000000
f 1209/1209 1210/1210 1211/1211 1212/1212
v -0.372954 0.546000 -0.004000
v -0.396712 0.546000 0.019759
v -0.372954 0.546000 0.029600
vt 0.000000 0.000000
vt 1.000000 0.000000
vt 1.000000 1.000000
f 1213/1213 1214/1214 1215/1215
v -0.372954 0.599760 -0.004000
v -0.372954 0.599760 0.029600
v -0.396712 0.599760 0.019759
vt 0.000000 0.000000
vt 1.000000 0.000000
vt 1.000000 1.000000
f 1216/1216 1217/1217 1218/1218
v -0.396712 0.546000 0.019759
v -0.406554 0.546000 -0.004000
v -0.406554 0.599760 -0.004000
v -0.396712 0.599760 0.019759
vt 0.625000 0.000000
vt 0.750000 0.000000
vt 0.750000 1.000000
vt 0.625000 1.000000
f 1219/1219 1220/1220 1221/1221 1222/1222
v -0.372954 0.546000 -0.004000
v -0.406554 0.546000 -0.004000
v -0.396712 0.546000 0.019759
vt 0.000000 0.000000
vt 1.000000 0.000000
vt 1.000000 1.000000
f 1223/1223 1224/1224 1225/1225
v -0.372954 0.599760 -0.004000
v -0.396712 0.599760 0.019759
v -0.406554 0.599760 -0.004000
vt 0.000000 0.000000
vt 1.000000 0.000000
vt 1.000000 1.000000
f 1226/1226 1227/1227 1228/1228
v -0.406554 0.546000 -0.004000
v -0.396712 0.546000 -0.027759
v -0.396712 0.599760 -0.027759
v -0.406554 0.599760 -0.004000
vt 0.750000 0.000000
vt 0.875000 0.000000
vt 0.875000 1.000000
vt 0.750000 1.000000
f 1229/1229 1230/1230 1231/1231 1232/1232
v -0.372954 0.546000 -0.004000
v -0.396712 0.546000 -0.027759
v -0.406554 0.546000 -0.004000
vt 0.000000 0.000000
vt 1.000000 0.000000
vt 1.000000 1.000000
f 1233/1233 1234/1234 1235/1235
v -0.372954 0.599760 -0.004000
v -0.406554 0.599760 -0.004000
v -0.396712 0.599760 -0.027759
vt 0.000000 0.000000
vt 1.000000 0.000000
vt 1.000000 1.000000
f 1236/1236 1237/1237 1238/1238
v -0.396712 0.546000 -0.027759
v -0.372954 0.546000 -0.037600
v -0.372954 0.599760 -0.037600
v -0.396712 0.599760 -0.027759
vt 0.875000 0.000000
vt 1.000000 0.000000
vt 1.000000 1.000000
vt 0.875000 1.000000
f 1239/1239 1240/1240 1241/1241 1242/1242
v -0.372954 0.546000 -0.004000
v -0.372954 0.546000 -0.037600
v -0.396712 0.546000 -0.027759
vt 0.000000 0.000000
vt 1.000000 0.000000
vt 1.000000 1.000000
f 1243/1243 1244/1244 1245/1245
v -0.372954 0.599760 -0.004000
v -0.396712 0.599760 -0.027759
v -0.372954 0.599760 -0.037600
vt 0.000000 0.000000
vt 1.000000 0.000000
vt 1.000000 1.000000
f 1246/1246 1247/1247 1248/1248
v -0.004000 0.546000 -0.406554
v 0.019759 0.546000 -0.396712
v 0.019759 0.599760 -0.396712
v -0.004000 0.599760 -0.406554
vt 0.000000 0.000000
vt 0.125000 0.000000
vt 0.125000 1.000000
vt 0.000000 1.000000
f 1249/1249 1250/1250 1251/1251 1252/1252
v -0.004000 0.546000 -0.372954
v 0.019759 0.546000 -0.396712
v -0.004000 0.546000 -0.406554
vt 0.000000 0.000000
vt 1.000000 0.000000
vt 1.000000 1.000000
f 1253/1253 1254/1254 1255/1255
v -0.004000 0.599760 -0.372954
v -0.004000 0.599760 -0.406554
v 0.019759 0.599760 -0.396712
vt 0.000000 0.000000
vt 1.000000 0.000000
vt 1.000000 1.000000
f 1256/1256 1257/1257 1258/1258
v 0.019759 0.546000 -0.396712
v 0.029600 0.546000 -0.372954
v 0.029600 0.599760 -0.372954
v 0.019759 0.599760 -0.396712
vt 0.125000 0.000000
vt 0.250000 0.000000
vt 0.250000 1.000000
vt 0.125000 1.000000
f 1259/1259 1260/1260 1261/1261 1262/1262
v -0.004000 0.546000 -0.372954
v 0.029600 0.546000 -0.372954
v 0.019759 0.546000 -0.396712
vt 0.000000 0.000000
vt 1.000000 0.000000
vt 1.000000 1.000000
f 1263/1263 1264/1264 1265/1265
v -0.004000 0.599760 -0.372954
v 0.019759 0.599760 -0.396712
v 0.029600 0.599760 -0.372954
vt 0.000000 0.000000
vt 1.000000 0.000000
vt 1.000000 1.000000
f 1266/1266 1267/1267 1268/1268
v 0.029600 0.546000 -0.372954
v 0.019759 0.546000 -0.349195
v 0.019759 0.599760 -0.349195
v 0.029600 0.599760 -0.372954
vt 0.250000 0.000000
vt 0.375000 0.000000
vt 0.375000 1.000000
vt 0.250000 1.000000
f 1269/1269 1270/1270 1271/1271 1272/1272
v -0.004000 0.546000 -0.372954
v 0.019759 0.546000 -0.349195
v 0.029600 0.546000 -0.372954
vt 0.000000 0.000000
vt 1.000000 0.000000
vt 1.000000 1.000000
f 1273/1273 1274/1274 1275/1275
v -0.004000 0.599760 -0.372954
v 0.029600 0.599760 -0.372954
v 0.019759 0.599760 -0.349195
vt 0.000000 0.000000
vt 1.000000 0.000000
vt 1.000000 1.000000
f 1276/1276 1277/1277 1278/1278
v 0.019759 0.546000 -0.349195
v -0.004000 0.546000 -0.339354
v -0.004000 0.599760 -0.339354
v 0.019759 0.599760 -0.349195
vt 0.375000 0.000000
vt 0.500000 0.000000
vt 0.500000 1.000000
vt 0.375000 1.000000
f 1279/1279 1280/1280 1281/1281 1282/1282
v -0.004000 0.546000 -0.372954
v -0.004000 0.546000 -0.339354
v 0.019759 0.546000 -0.349195
vt 0.000000 0.000000
vt 1.000000 0.000000
vt 1.000000 1.000000
f 1283/1283 1284/1284 1285/1285
v -0.004000 0.599760 -0.372954
v 0.019759 0.599760 -0.349195
v -0.004000 0.599760 -0.339354
vt 0.000000 0.000000
vt 1.000000 0.000000
vt 1.000000 1.000000
f 1286/1286 1287/1287 1288/1288
v -0.004000 0.546000 -0.339354
v -0.027759 0.546000 -0.349195
v -0.027759 0.599760 -0.349195
v -0.004000 0.599760 -0.339354
vt 0.500000 0.000000
vt 0.625000 0.000000
vt 0.625000 1.000000
vt 0.500000 1.000000
f 1289/1289 1290/1290 1291/1291 1292/1292
v -0.004000 0.546000 -0.372954
v -0.027759 0.546000 -0.349195
v -0.004000 0.546000 -0.339354
vt 0.000000 0.000000
vt 1.000000 0.000000
vt 1.000000 1.000000
f 1293/1293 1294/1294 1295/1295
v -0.004000 0.599760 -0.372954
v -0.004000 0.599760 -0.339354
v -0.027759 0.599760 -0.349195
vt 0.000000 0.000000
vt 1.000000 0.000000
vt 1.000000 1.000000
f 1296/1296 1297/1297 1298/1298
v -0.027759 0.546000 -0.349195
v -0.037600 0.546000 -0.372954
v -0.037600 0.599760 -0.372954
v -0.027759 0.599760 -0.349195
vt 0.625000 0.000000
vt 0.750000 0.000000
vt 0.750000 1.000000
vt 0.625000 1.000000
f 1299/1299 1300/1300 1301/1301 1302/1302
v -0.004000 0.546000 -0.372954
v -0.037600 0.546000 -0.372954
v -0.027759 0.546000 -0.349195
vt 0.000000 0.000000
vt 1.000000 0.000000
vt 1.000000 1.000000
f 1303/1303 1304/1304 1305/1305
v -0.004000 0.599760 -0.372954
v -0.027759 0.599760 -0.349195
v -0.037600 0.599760 -0.372954
vt 0.000000 0.000000
vt 1.000000 0.000000
vt 1.000000 1.000000
f 1306/1306 1307/1307 1308/1308
v -0.037600 0.546000 -0.372954
v -0.027759 0.546000 -0.396712
v -0.027759 0.599760 -0.396712
v -0.037600 0.599760 -0.372954
vt 0.750000 0.000000
vt 0.875000 0.000000
vt 0.875000 1.000000
vt 0.750000 1.000000
f 1309/1309 1310/1310 1311/1311 1312/1312
v -0.004000 0.546000 -0.372954
v -0.027759 0.546000 -0.396712
v -0.037600 0.546000 -0.372954
vt 0.000000 0.000000
vt 1.000000 0.000000
vt 1.000000 1.000000
f 1313/1313 1314/1314 1315/1315
v -0.004000 0.599760 -0.372954
v -0.037600 0.599760 -0.372954
v -0.027759 0.599760 -0.396712
vt 0.000000 0.000000
vt 1.000000 0.000000
vt 1.000000 1.000000
f 1316/1316 1317/1317 1318/1318
v -0.027759 0.546000 -0.396712
v -0.004000 0.546000 -0.406554
v -0.004000 0.599760 -0.406554
v -0.027759 0.599760 -0.396712
vt 0.875000 0.000000
vt 1.000000 0.000000
vt 1.000000 1.000000
vt 0.875000 1.000000
f 1319/1319 1320/1320 1321/1321 1322/1322
v -0.004000 0.546000 -0.372954
v -0.004000 0.546000 -0.406554
v -0.027759 0.546000 -0.396712
vt 0.000000 0.000000
vt 1.000000 0.000000
vt 1.000000 1.000000
f 1323/1323 1324/1324 1325/1325
v -0.004000 0.599760 -0.372954
v -0.027759 0.599760 -0.396712
v -0.004000 0.599760 -0.406554
vt 0.000000 0.000000
vt 1.000000 0.000000
vt 1.000000 1.000000
f 1326/1326 1327/1327 1328/1328
usemtl dark
v -0.424000 0.294000 -0.424000
v 0.122000 0.294000 -0.424000
v 0.122000 0.924000 -0.424000
v -0.424000 0.924000 -0.424000
vt 0.000000 0.000000
vt 1.000000 0.000000
vt 1.000000 1.000000
vt 0.000000 1.000000
f 1329/1329 1330/1330 1331/1331 1332/1332
v 0.122000 0.294000 0.122000
v -0.424000 0.294000 0.122000
v -0.424000 0.924000 0.122000
v 0.122000 0.924000 0.122000
vt 0.000000 0.000000
vt 1.000000 0.000000
vt 1.000000 1.000000
vt 0.000000 1.000000
f 1333/1333 1334/1334 1335/1335 1336/1336
v -0.424000 0.294000 0.122000
v -0.424000 0.294000 -0.424000
v -0.424000 0.924000 -0.424000
v -0.424000 0.924000 0.122000
vt 0.000000 0.000000
vt 1.000000 0.000000
vt 1.000000 1.000000
vt 0.000000 1.000000
f 1337/1337 1338/1338 1339/1339 1340/1340
v 0.122000 0.294000 -0.424000
v 0.122000 0.294000 0.122000
v 0.122000 0.924000 0.122000
v 0.122000 0.924000 -0.424000
vt 0.000000 0.000000
vt 1.000000 0.000000
vt 1.000000 1.000000
vt 0.000000 1.000000
f 1341/1341 1342/1342 1343/1343 1344/1344
v -0.424000 0.924000 -0.424000
v 0.122000 0.924000 -0.424000
v 0.122000 0.924000 0.122000
v -0.424000 0.924000 0.122000
vt 0.000000 0.000000
vt 1.000000 0.000000
vt 1.000000 1.000000
vt 0.000000 1.000000
f 1345/1345 1346/1346 1347/1347 1348/1348
v -0.424000 0.294000 0.122000
v 0.122000 0.294000 0.122000
v 0.122000 0.294000 -0.424000
v -0.424000 0.294000 -0.424000
vt 0.000000 0.000000
vt 1.000000 0.000000
vt 1.000000 1.000000
vt 0.000000 1.000000
f 1349/1349 1350/1350 1351/1351 1352/1352
usemtl accent
v 1.004000 0.294000 1.004000
v 1.634000 0.294000 1.004000
v 1.634000 0.798000 1.004000
v 1.004000 0.798000 1.004000
vt 0.000000 0.000000
vt 1.000000 0.000000
vt 1.000000 1.000000
vt 0.000000 1.000000
f 1353/1353 1354/1354 1355/1355 1356/1356
v 1.634000 0.294000 1.634000
v 1.004000 0.294000 1.634000
v 1.004000 0.798000 1.634000
v 1.634000 0.798000 1.634000
vt 0.000000 0.000000
vt 1.000000 0.000000
vt 1.000000 1.000000
vt 0.000000 1.000000
f 1357/1357 1358/1358 1359/1359 1360/1360
v 1.004000 0.294000 1.634000
v 1.004000 0.294000 1.004000
v 1.004000 0.798000 1.004000
v 1.004000 0.798000 1.634000
vt 0.000000 0.000000
vt 1.000000 0.000000
vt 1.000000 1.000000
vt 0.000000 1.000000
f 1361/1361 1362/1362 1363/1363 1364/1364
v 1.634000 0.294000 1.004000
v 1.634000 0.294000 1.634000
v 1.634000 0.798000 1.634000
v 1.634000 0.798000 1.004000
vt 0.000000 0.000000
vt 1.000000 0.000000
vt 1.000000 1.000000
vt 0.000000 1.000000
f 1365/1365 1366/1366 1367/1367 1368/1368
v 1.004000 0.798000 1.004000
v 1.634000 0.798000 1.004000
v 1.634000 0.798000 1.634000
v 1.004000 0.798000 1.634000
vt 0.000000 0.000000
vt 1.000000 0.000000
vt 1.000000 1.000000
vt 0.000000 1.000000
f 1369/1369 1370/1370 1371/1371 1372/1372
v 1.004000 0.294000 1.634000
v 1.634000 0.294000 1.634000
v 1.634000 0.294000 1.004000
v 1.004000 0.294000 1.004000
vt 0.000000 0.000000
vt 1.000000 0.000000
vt 1.000000 1.000000
vt 0.000000 1.000000
f 1373/1373 1374/1374 1375/1375 1376/1376
usemtl dark
v 1.088000 0.798000 1.088000
v 1.508000 0.798000 1.088000
v 1.508000 1.470000 1.088000
v 1.088000 1.470000 1.088000
vt 0.000000 0.000000
vt 1.000000 0.000000
vt 1.000000 1.000000
vt 0.000000 1.000000
f 1377/1377 1378/1378 1379/1379 1380/1380
v 1.508000 0.798000 1.508000
v 1.088000 0.798000 1.508000
v 1.088000 1.470000 1.508000
v 1.508000 1.470000 1.508000
vt 0.000000 0.000000
vt 1.000000 0.000000
vt 1.000000 1.000000
vt 0.000000 1.000000
f 1381/1381 1382/1382 1383/1383 1384/1384
v 1.088000 0.798000 1.508000
v 1.088000 0.798000 1.088000
v 1.088000 1.470000 1.088000
v 1.088000 1.470000 1.508000
vt 0.000000 0.000000
vt 1.000000 0.000000
vt 1.000000 1.000000
vt 0.000000 1.000000
f 1385/1385 1386/1386 1387/1387 1388/1388
v 1.508000 0.798000 1.088000
v 1.508000 0.798000 1.508000
v 1.508000 1.470000 1.508000
v 1.508000 1.470000 1.088000
vt 0.000000 0.000000
vt 1.000000 0.000000
vt 1.000000 1.000000
vt 0.000000 1.000000
f 1389/1389 1390/1390 1391/1391 1392/1392
v 1.088000 1.470000 1.088000
v 1.508000 1.470000 1.088000
v 1.508000 1.470000 1.508000
v 1.088000 1.470000 1.508000
vt 0.000000 0.000000
vt 1.000000 0.000000
vt 1.000000 1.000000
vt 0.000000 1.000000
f 1393/1393 1394/1394 1395/1395 1396/1396
v 1.088000 0.798000 1.508000
v 1.508000 0.798000 1.508000
v 1.508000 0.798000 1.088000
v 1.088000 0.798000 1.088000
vt 0.000000 0.000000
vt 1.000000 0.000000
vt 1.000000 1.000000
vt 0.000000 1.000000
f 1397/1397 1398/1398 1399/1399 1400/1400
usemtl white
v 0.500000 2.108000 0.500000
v 0.500000 2.108000 0.500000
v 0.616051 2.094085 0.542239
v 0.623499 2.094085 0.500000
vt 0.000000 0.000000
vt 1.000000 0.000000
vt 1.000000 1.000000
vt 0.000000 1.000000
f 1401/1401 1402/1402 1403/1403 1404/1404
v 0.500000 2.108000 0.500000
v 0.500000 2.108000 0.500000
v 0.594606 2.094085 0.579384
v 0.616051 2.094085 0.542239
vt 0.000000 0.000000
vt 1.000000 0.000000
vt 1.000000 1.000000
vt 0.000000 1.000000
f 1405/1405 1406/1406 1407/1407 1408/1408
v 0.500000 2.108000 0.500000
v 0.500000 2.108000 0.500000
v 0.561750 2.094085 0.606953
v 0.594606 2.094085 0.579384
vt 0.000000 0.000000
vt 1.000000 0.000000
vt 1.000000 1.000000
vt 0.000000 1.000000
f 1409/1409 1410/1410 1411/1411 1412/1412
v 0.500000 2.108000 0.500000
v 0.500000 2.108000 0.500000
v 0.521445 2.094085 0.621623
v 0.561750 2.094085 0.606953
vt 0.000000 0.000000
vt 1.000000 0.000000
vt 1.000000 1.000000
vt 0.000000 1.000000
f 1413/1413 1414/1414 1415/1415 1416/1416
v 0.500000 2.108000 0.500000
v 0.500000 2.108000 0.500000
v 0.478555 2.094085 0.621623
v 0.521445 2.094085 0.621623
vt 0.000000 0.000000
vt 1.000000 0.000000
vt 1.000000 1.000000
vt 0.000000 1.000000
f 1417/1417 1418/1418 1419/1419 1420/1420
v 0.500000 2.108000 0.500000
v 0.500000 2.108000 0.500000
v 0.438250 2.094085 0.606953
v 0.478555 2.094085 0.621623
vt 0.000000 0.000000
vt 1.000000 0.000000
vt 1.000000 1.000000
vt 0.000000 1.000000
f 1421/1421 1422/1422 1423/1423 1424/1424
v 0.500000 2.108000 0.500000
v 0.500000 2.108000 0.500000
v 0.405394 2.094085 0.579384
v 0.438250 2.094085 0.606953
vt 0.000000 0.000000
vt 1.000000 0.000000
vt 1.000000 1.000000
vt 0.000000 1.000000
f 1425/1425 1426/1426 1427/1427 1428/1428
v 0.500000 2.108000 0.500000
v 0.500000 2.108000 0.500000
v 0.383949 2.094085 0.542239
v 0.405394 2.094085 0.579384
vt 0.000000 0.000000
vt 1.000000 0.000000
vt 1.000000 1.000000
vt 0.000000 1.000000
f 1429/1429 1430/1430 1431/1431 1432/1432
v 0.500000 2.108000 0.500000
v 0.500000 2.108000 0.500000
v 0.376501 2.094085 0.500000
v 0.383949 2.094085 0.542239
vt 0.000000 0.000000
vt 1.000000 0.000000
vt 1.000000 1.000000
vt 0.000000 1.000000
f 1433/1433 1434/1434 1435/1435 1436/1436
v 0.500000 2.108000 0.500000
v 0.500000 2.108000 0.500000
v 0.383949 2.094085 0.457761
v 0.376501 2.094085 0.500000
vt 0.000000 0.000000
vt 1.000000 0.000000
vt 1.000000 1.000000
vt 0.000000 1.000000
f 1437/1437 1438/1438 1439/1439 1440/1440
v 0.500000 2.108000 0.500000
v 0.500000 2.108000 0.500000
v 0.405394 2.094085 0.420616
v 0.383949 2.094085 0.457761
vt 0.000000 0.000000
vt 1.000000 0.000000
vt 1.000000 1.000000
vt 0.000000 1.000000
f 1441/1441 1442/1442 1443/1443 1444/1444
v 0.500000 2.108000 0.500000
v 0.500000 2.108000 0.500000
v 0.438250 2.094085 0.393047
v 0.405394 2.094085 0.420616
vt 0.000000 0.000000
vt 1.000000 0.000000
vt 1.000000 1.000000
vt 0.000000 1.000000
f 1445/1445 1446/1446 1447/1447 1448/1448
v 0.500000 2.108000 0.500000
v 0.500000 2.108000 0.500000
v 0.478555 2.094085 0.378377
v 0.438250 2.094085 0.393047
vt 0.000000 0.000000
vt 1.000000 0.000000
vt 1.000000 1.000000
vt 0.000000 1.000000
f 1449/1449 1450/1450 1451/1451 1452/1452
v 0.500000 2.108000 0.500000
v 0.500000 2.108000 0.500000
v 0.521445 2.094085 0.378377
v 0.478555 2.094085 0.378377
vt 0.000000 0.000000
vt 1.000000 0.000000
vt 1.000000 1.000000
vt 0.000000 1.000000
f 1453/1453 1454/1454 1455/1455 1456/1456
v 0.500000 2.108000 0.500000
v 0.500000 2.108000 0.500000
v 0.561750 2.094085 0.393047
v 0.521445 2.094085 0.378377
vt 0.000000 0.000000
vt 1.000000 0.000000
vt 1.000000 1.000000
vt 0.000000 1.000000
f 1457/1457 1458/1458 1459/1459 1460/1460
v 0.500000 2.108000 0.500000
v 0.500000 2.108000 0.500000
v 0.594606 2.094085 0.420616
v 0.561750 2.094085 0.393047
vt 0.000000 0.000000
vt 1.000000 0.000000
vt 1.000000 1.000000
vt 0.000000 1.000000
f 1461/1461 1462/1462 1463/1463 1464/1464
v 0.500000 2.108000 0.500000
v 0.500000 2.108000 0.500000
v 0.616051 2.094085 0.457761
v 0.594606 2.094085 0.420616
vt 0.000000 0.000000
vt 1.000000 0.000000
vt 1.000000 1.000000
vt 0.000000 1.000000
f 1465/1465 1466/1466 1467/1467 1468/1468
v 0.500000 2.108000 0.500000
v 0.500000 2.108000 0.500000
v 0.623499 2.094085 0.500000
v 0.616051 2.094085 0.457761
vt 0.000000 0.000000
vt 1.000000 0.000000
vt 1.000000 1.000000
vt 0.000000 1.000000
f 1469/1469 1470/1470 1471/1471 1472/1472
v 0.623499 2.094085 0.500000
v 0.616051 2.094085 0.542239
v 0.726283 2.053038 0.582360
v 0.740805 2.053038 0.500000
vt 0.000000 0.000000
vt 1.000000 0.000000
vt 1.000000 1.000000
vt 0.000000 1.000000
f 1473/1473 1474/1474 1475/1475 1476/1476
v 0.616051 2.094085 0.542239
v 0.594606 2.094085 0.579384
v 0.684468 2.053038 0.654787
v 0.726283 2.053038 0.582360
vt 0.000000 0.000000
vt 1.000000 0.000000
vt 1.000000 1.000000
vt 0.000000 1.000000
f 1477/1477 1478/1478 1479/1479 1480/1480
v 0.594606 2.094085 0.579384
v 0.561750 2.094085 0.606953
v 0.620403 2.053038 0.708544
v 0.684468 2.053038 0.654787
vt 0.000000 0.000000
vt 1.000000 0.000000
vt 1.000000 1.000000
vt 0.000000 1.000000
f 1481/1481 1482/1482 1483/1483 1484/1484
v 0.561750 2.094085 0.606953
v 0.521445 2.094085 0.621623
v 0.541815 2.053038 0.737147
v 0.620403 2.053038 0.708544
vt 0.000000 0.000000
vt 1.000000 0.000000
vt 1.000000 1.000000
vt 0.000000 1.000000
f 1485/1485 1486/1486 1487/1487 1488/1488
v 0.521445 2.094085 0.621623
v 0.478555 2.094085 0.621623
v 0.458185 2.053038 0.737147
v 0.541815 2.053038 0.737147
vt 0.000000 0.000000
vt 1.000000 0.000000
vt 1.000000 1.000000
vt 0.000000 1.000000
f 1489/1489 1490/1490 1491/1491 1492/1492
v 0.478555 2.094085 0.621623
v 0.438250 2.094085 0.606953
v 0.379597 2.053038 0.708544
v 0.458185 2.053038 0.737147
vt 0.000000 0.000000
vt 1.000000 0.000000
vt 1.000000 1.000000
vt 0.000000 1.000000
f 1493/1493 1494/1494 1495/1495 1496/1496
v 0.438250 2.094085 0.606953
v 0.405394 2.094085 0.579384
v 0.315532 2.053038 0.654787
v 0.379597 2.053038 0.708544
vt 0.000000 0.000000
vt 1.000000 0.000000
vt 1.000000 1.000000
vt 0.000000 1.000000
f 1497/1497 1498/1498 1499/1499 1500/1500
v 0.405394 2.094085 0.579384
v 0.383949 2.094085 0.542239
v 0.273717 2.053038 0.582360
v 0.315532 2.053038 0.654787
vt 0.000000 0.000000
vt 1.000000 0.000000
vt 1.000000 1.000000
vt 0.000000 1.000000
f 1501/1501 1502/1502 1503/1503 1504/1504
v 0.383949 2.094085 0.542239
v 0.376501 2.094085 0.500000
v 0.259195 2.053038 0.500000
v 0.273717 2.053038 0.582360
vt 0.000000 0.000000
vt 1.000000 0.000000
vt 1.000000 1.000000
vt 0.000000 1.000000
f 1505/1505 1506/1506 1507/1507 1508/1508
v 0.376501 2.094085 0.500000
v 0.383949 2.094085 0.457761
v 0.273717 2.053038 0.417640
v 0.259195 2.053038 0.500000
vt 0.000000 0.000000
vt 1.000000 0.000000
vt 1.000000 1.000000
vt 0.000000 1.000000
f 1509/1509 1510/1510 1511/1511 1512/1512
v 0.383949 2.094085 0.457761
v 0.405394 2.094085 0.420616
v 0.315532 2.053038 0.345213
v 0.273717 2.053038 0.417640
vt 0.000000 0.000000
vt 1.000000 0.000000
vt 1.000000 1.000000
vt 0.000000 1.000000
f 1513/1513 1514/1514 1515/1515 1516/1516
v 0.405394 2.094085 0.420616
v 0.438250 2.094085 0.393047
v 0.379597 2.053038 0.291456
v 0.315532 2.053038 0.345213
vt 0.000000 0.000000
vt 1.000000 0.000000
vt 1.000000 1.000000
vt 0.000000 1.000000
f 1517/1517 1518/1518 1519/1519 1520/1520
v 0.438250 2.094085 0.393047
v 0.478555 2.094085 0.378377
v 0.458185 2.053038 0.262853
v 0.379597 2.053038 0.291456
vt 0.000000 0.000000
vt 1.000000 0.000000
vt 1.000000 1.000000
vt 0.000000 1.000000
f 1521/1521 1522/1522 1523/1523 1524/1524
v 0.478555 2.094085 0.378377
v 0.521445 2.094085 0.378377
v 0.541815 2.053038 0.262853
v 0.458185 2.053038 0.262853
vt 0.000000 0.000000
vt 1.000000 0.000000
vt 1.000000 1.000000
vt 0.000000 1.000000
f 1525/1525 1526/1526 1527/1527 1528/1528
v 0.521445 2.094085 0.378377
v 0.561750 2.094085 0.393047
v 0.620403 2.053038 0.291456
v 0.541815 2.053038 0.262853
vt 0.000000 0.000000
vt 1.000000 0.000000
vt 1.000000 1.000000
vt 0.000000 1.000000
f 1529/1529 1530/1530 1531/1531 1532/1532
v 0.561750 2.094085 0.393047
v 0.594606 2.094085 0.420616
v 0.684468 2.053038 0.345213
v 0.620403 2.053038 0.291456
vt 0.000000 0.000000
vt 1.000000 0.000000
vt 1.000000 1.000000
vt 0.000000 1.000000
f 1533/1533 1534/1534 1535/1535 1536/1536
v 0.594606 2.094085 0.420616
v 0.616051 2.094085 0.457761
v 0.726283 2.053038 0.417640
v 0.684468 2.053038 0.345213
vt 0.000000 0.000000
vt 1.000000 0.000000
vt 1.000000 1.000000
vt 0.000000 1.000000
f 1537/1537 1538/1538 1539/1539 1540/1540
v 0.616051 2.094085 0.457761
v 0.623499 2.094085 0.500000
v 0.740805 2.053038 0.500000
v 0.726283 2.053038 0.417640
vt 0.000000 0.000000
vt 1.000000 0.000000
vt 1.000000 1.000000
vt 0.000000 1.000000
f 1541/1541 1542/1542 1543/1543 1544/1544
v 0.740805 2.053038 0.500000
v 0.726283 2.053038 0.582360
v 0.825168 1.986916 0.618352
v 0.846037 1.986916 0.500000
vt 0.000000 0.000000
vt 1.000000 0.000000
vt 1.000000 1.000000
vt 0.000000 1.000000
f 1545/1545 1546/1546 1547/1547 1548/1548
v 0.726283 2.053038 0.582360
v 0.684468 2.053038 0.654787
v 0.765080 1.986916 0.722428
v 0.825168 1.986916 0.618352
vt 0.000000 0.000000
vt 1.000000 0.000000
vt 1.000000 1.000000
vt 0.000000 1.000000
f 1549/1549 1550/1550 1551/1551 1552/1552
v 0.684468 2.053038 0.654787
v 0.620403 2.053038 0.708544
v 0.673018 1.986916 0.799677
v 0.765080 1.986916 0.722428
vt 0.000000 0.000000
vt 1.000000 0.000000
vt 1.000000 1.000000
vt 0.000000 1.000000
f 1553/1553 1554/1554 1555/1555 1556/1556
v 0.620403 2.053038 0.708544
v 0.541815 2.053038 0.737147
v 0.560089 1.986916 0.840780
v 0.673018 1.986916 0.799677
vt 0.000000 0.000000
vt 1.000000 0.000000
vt 1.000000 1.000000
vt 0.000000 1.000000
f 1557/1557 1558/1558 1559/1559 1560/1560
v 0.541815 2.053038 0.737147
v 0.458185 2.053038 0.737147
v 0.439911 1.986916 0.840780
v 0.560089 1.986916 0.840780
vt 0.000000 0.000000
vt 1.000000 0.000000
vt 1.000000 1.000000
vt 0.000000 1.000000
f 1561/1561 1562/1562 1563/1563 1564/1564
v 0.458185 2.053038 0.737147
v 0.379597 2.053038 0.708544
v 0.326982 1.986916 0.799677
v 0.439911 1.986916 0.840780
vt 0.000000 0.000000
vt 1.000000 0.000000
vt 1.000000 1.000000
vt 0.000000 1.000000
f 1565/1565 1566/1566 1567/1567 1568/1568
v 0.379597 2.053038 0.708544
v 0.315532 2.053038 0.654787
v 0.234920 1.986916 0.722428
v 0.326982 1.986916 0.799677
vt 0.000000 0.000000
vt 1.000000 0.000000
vt 1.000000 1.000000
vt 0.000000 1.000000
f 1569/1569 1570/1570 1571/1571 1572/1572
v 0.315532 2.053038 0.654787
v 0.273717 2.053038 0.582360
v 0.174832 1.986916 0.618352
v 0.234920 1.986916 0.722428
vt 0.000000 0.000000
vt 1.000000 0.000000
vt 1.000000 1.000000
vt 0.000000 1.000000
f 1573/1573 1574/1574 1575/1575 1576/1576
v 0.273717 2.053038 0.582360
v 0.259195 2.053038 0.500000
v 0.153963 1.986916 0.500000
v 0.174832 1.986916 0.618352
vt 0.000000 0.000000
vt 1.000000 0.000000
vt 1.000000 1.000000
vt 0.000000 1.000000
f 1577/1577 1578/1578 1579/1579 1580/1580
v 0.259195 2.053038 0.500000
v 0.273717 2.053038 0.417640
v 0.174832 1.986916 0.381648
v 0.153963 1.986916 0.500000
vt 0.000000 0.000000
vt 1.000000 0.000000
vt 1.000000 1.000000
vt 0.000000 1.000000
f 1581/1581 1582/1582 1583/1583 1584/1584
v 0.273717 2.053038 0.417640
v 0.315532 2.053038 0.345213
v 0.234920 1.986916 0.277572
v 0.174832 1.986916 0.381648
vt 0.000000 0.000000
vt 1.000000 0.000000
vt 1.000000 1.000000
vt 0.000000 1.000000
f 1585/1585 1586/1586 1587/1587 1588/1588
v 0.315532 2.053038 0.345213
v 0.379597 2.053038 0.291456
v 0.326982 1.986916 0.200323
v 0.234920 1.986916 0.277572
vt 0.000000 0.000000
vt 1.000000 0.000000
vt 1.000000 1.000000
vt 0.000000 1.000000
f 1589/1589 1590/1590 1591/1591 1592/1592
v 0.379597 2.053038 0.291456
v 0.458185 2.053038 0.262853
v 0.439911 1.986916 0.159220
v 0.326982 1.986916 0.200323
vt 0.000000 0.000000
vt 1.000000 0.000000
vt 1.000000 1.000000
vt 0.000000 1.000000
f 1593/1593 1594/1594 1595/1595 1596/1596
v 0.458185 2.053038 0.262853
v 0.541815 2.053038 0.262853
v 0.560089 1.986916 0.159220
v 0.439911 1.986916 0.159220
vt 0.000000 0.000000
vt 1.000000 0.000000
vt 1.000000 1.000000
vt 0.000000 1.000000
f 1597/1597 1598/1598 1599/1599 1600/1600
v 0.541815 2.053038 0.262853
v 0.620403 2.053038 0.291456
v 0.673018 1.986916 0.200323
v 0.560089 1.986916 0.159220
vt 0.000000 0.000000
vt 1.000000 0.000000
vt 1.000000 1.000000
vt 0.000000 1.000000
f 1601/1601 1602/1602 1603/1603 1604/1604
v 0.620403 2.053038 0.291456
v 0.684468 2.053038 0.345213
v 0.765080 1.986916 0.277572
v 0.673018 1.986916 0.200323
vt 0.000000 0.000000
vt 1.000000 0.000000
vt 1.000000 1.000000
vt 0.000000 1.000000
f 1605/1605 1606/1606 1607/1607 1608/1608
v 0.684468 2.053038 0.345213
v 0.726283 2.053038 0.417640
v 0.825168 1.986916 0.381648
v 0.765080 1.986916 0.277572
vt 0.000000 0.000000
vt 1.000000 0.000000
vt 1.000000 1.000000
vt 0.000000 1.000000
f 1609/1609 1610/1610 1611/1611 1612/1612
v 0.726283 2.053038 0.417640
v 0.740805 2.053038 0.500000
v 0.846037 1.986916 0.500000
v 0.825168 1.986916 0.381648
vt 0.000000 0.000000
vt 1.000000 0.000000
vt 1.000000 1.000000
vt 0.000000 1.000000
f 1613/1613 1614/1614 1615/1615 1616/1616
v 0.846037 1.986916 0.500000
v 0.825168 1.986916 0.618352
v 0.907748 1.899037 0.648408
v 0.933916 1.899037 0.500000
vt 0.000000 0.000000
vt 1.000000 0.000000
vt 1.000000 1.000000
vt 0.000000 1.000000
f 1617/1617 1618/1618 1619/1619 1620/1620
v 0.825168 1.986916 0.618352
v 0.765080 1.986916 0.722428
v 0.832399 1.899037 0.778916
v 0.907748 1.899037 0.648408
vt 0.000000 0.000000
vt 1.000000 0.000000
vt 1.000000 1.000000
vt 0.000000 1.000000
f 1621/1621 1622/1622 1623/1623 1624/1624
v 0.765080 1.986916 0.722428
v 0.673018 1.986916 0.799677
v 0.716958 1.899037 0.875783
v 0.832399 1.899037 0.778916
vt 0.000000 0.000000
vt 1.000000 0.000000
vt 1.000000 1.000000
vt 0.000000 1.000000
f 1625/1625 1626/1626 1627/1627 1628/1628
v 0.673018 1.986916 0.799677
v 0.560089 1.986916 0.840780
v 0.575349 1.899037 0.927324
v 0.716958 1.899037 0.875783
vt 0.000000 0.000000
vt 1.000000 0.000000
vt 1.000000 1.000000
vt 0.000000 1.000000
f 1629/1629 1630/1630 1631/1631 1632/1632
v 0.560089 1.986916 0.840780
v 0.439911 1.986916 0.840780
v 0.424651 1.899037 0.927324
v 0.575349 1.899037 0.927324
vt 0.000000 0.000000
vt 1.000000 0.000000
vt 1.000000 1.000000
vt 0.000000 1.000000
f 1633/1633 1634/1634 1635/1635 1636/1636
v 0.439911 1.986916 0.840780
v 0.326982 1.986916 0.799677
v 0.283042 1.899037 0.875783
v 0.424651 1.899037 0.927324
vt 0.000000 0.000000
vt 1.000000 0.000000
vt 1.000000 1.000000
vt 0.000000 1.000000
f 1637/1637 1638/1638 1639/1639 1640/1640
v 0.326982 1.986916 0.799677
v 0.234920 1.986916 0.722428
v 0.167601 1.899037 0.778916
v 0.283042 1.899037 0.875783
vt 0.000000 0.000000
vt 1.000000 0.000000
vt 1.000000 1.000000
vt 0.000000 1.000000
f 1641/1641 1642/1642 1643/1643 1644/1644
v 0.234920 1.986916 0.722428
v 0.174832 1.986916 0.618352
v 0.092252 1.899037 0.648408
v 0.167601 1.899037 0.778916
vt 0.000000 0.000000
vt 1.000000 0.000000
vt 1.000000 1.000000
vt 0.000000 1.000000
f 1645/1645 1646/1646 1647/1647 1648/1648
v 0.174832 1.986916 0.618352
v 0.153963 1.986916 0.500000
v 0.066084 1.899037 0.500000
v 0.092252 1.899037 0.648408
vt 0.000000 0.000000
vt 1.000000 0.000000
vt 1.000000 1.000000
vt 0.000000 1.000000
f 1649/1649 1650/1650 1651/1651 1652/1652
v 0.153963 1.986916 0.500000
v 0.174832 1.986916 0.381648
v 0.092252 1.899037 0.351592
v 0.066084 1.899037 0.500000
vt 0.000000 0.000000
vt 1.000000 0.000000
vt 1.000000 1.000000
vt 0.000000 1.000000
f 1653/1653 1654/1654 1655/1655 1656/1656
v 0.174832 1.986916 0.381648
v 0.234920 1.986916 0.277572
v 0.167601 1.899037 0.221084
v 0.092252 1.899037 0.351592
vt 0.000000 0.000000
vt 1.000000 0.000000
vt 1.000000 1.000000
vt 0.000000 1.000000
f 1657/1657 1658/1658 1659/1659 1660/1660
v 0.234920 1.986916 0.277572
v 0.326982 1.986916 0.200323
v 0.283042 1.899037 0.124217
v 0.167601 1.899037 0.221084
vt 0.000000 0.000000
vt 1.000000 0.000000
vt 1.000000 1.000000
vt 0.000000 1.000000
f 1661/1661 1662/1662 1663/1663 1664/1664
v 0.326982 1.986916 0.200323
v 0.439911 1.986916 0.159220
v 0.424651 1.899037 0.072676
v 0.283042 1.899037 0.124217
vt 0.000000 0.000000
vt 1.000000 0.000000
vt 1.000000 1.000000
vt 0.000000 1.000000
f 1665/1665 1666/1666 1667/1667 1668/1668
v 0.439911 1.986916 0.159220
v 0.560089 1.986916 0.159220
v 0.575349 1.899037 0.072676
v 0.424651 1.899037 0.072676
vt 0.000000 0.000000
vt 1.000000 0.000000
vt 1.000000 1.000000
vt 0.000000 1.000000
f 1669/1669 1670/1670 1671/1671 1672/1672
v 0.560089 1.986916 0.159220
v 0.673018 1.986916 0.200323
v 0.716958 1.899037 0.124217
v 0.575349 1.899037 0.072676
vt 0.000000 0.000000
vt 1.000000 0.000000
vt 1.000000 1.000000
vt 0.000000 1.000000
f 1673/1673 1674/1674 1675/1675 1676/1676
v 0.673018 1.986916 0.200323
v 0.765080 1.986916 0.277572
v 0.832399 1.899037 0.221084
v 0.716958 1.899037 0.124217
vt 0.000000 0.000000
vt 1.000000 0.000000
vt 1.000000 1.000000
vt 0.000000 1.000000
f 1677/1677 1678/1678 1679/1679 1680/1680
v 0.765080 1.986916 0.277572
v 0.825168 1.986916 0.381648
v 0.907748 1.899037 0.351592
v 0.832399 1.899037 0.221084
vt 0.000000 0.000000
vt 1.000000 0.000000
vt 1.000000 1.000000
vt 0.000000 1.000000
f 1681/1681 1682/1682 1683/1683 1684/1684
v 0.825168 1.986916 0.381648
v 0.846037 1.986916 0.500000
v 0.933916 1.899037 0.500000
v 0.907748 1.899037 0.351592
vt 0.000000 0.000000
vt 1.000000 0.000000
vt 1.000000 1.000000
vt 0.000000 1.000000
f 1685/1685 1686/1686 1687/1687 1688/1688
v 0.933916 1.899037 0.500000
v 0.907748 1.899037 0.648408
v 0.969882 1.793805 0.671023
v 1.000038 1.793805 0.500000
vt 0.000000 0.000000
vt 1.000000 0.000000
vt 1.000000 1.000000
vt 0.000000 1.000000
f 1689/1689 1690/1690 1691/1691 1692/1692
v 0.907748 1.899037 0.648408
v 0.832399 1.899037 0.778916
v 0.883051 1.793805 0.821418
v 0.969882 1.793805 0.671023
vt 0.000000 0.000000
vt 1.000000 0.000000
vt 1.000000 1.000000
vt 0.000000 1.000000
f 1693/1693 1694/1694 1695/1695 1696/1696
v 0.832399 1.899037 0.778916
v 0.716958 1.899037 0.875783
v 0.750019 1.793805 0.933045
v 0.883051 1.793805 0.821418
vt 0.000000 0.000000
vt 1.000000 0.000000
vt 1.000000 1.000000
vt 0.000000 1.000000
f 1697/1697 1698/1698 1699/1699 1700/1700
v 0.716958 1.899037 0.875783
v 0.575349 1.899037 0.927324
v 0.586831 1.793805 0.992441
v 0.750019 1.793805 0.933045
vt 0.000000 0.000000
vt 1.000000 0.000000
vt 1.000000 1.000000
vt 0.000000 1.000000
f 1701/1701 1702/1702 1703/1703 1704/1704
v 0.575349 1.899037 0.927324
v 0.424651 1.899037 0.927324
v 0.413169 1.793805 0.992441
v 0.586831 1.793805 0.992441
vt 0.000000 0.000000
vt 1.000000 0.000000
vt 1.000000 1.000000
vt 0.000000 1.000000
f 1705/1705 1706/1706 1707/1707 1708/1708
v 0.424651 1.899037 0.927324
v 0.283042 1.899037 0.875783
v 0.249981 1.793805 0.933045
v 0.413169 1.793805 0.992441
vt 0.000000 0.000000
vt 1.000000 0.000000
vt 1.000000 1.000000
vt 0.000000 1.000000
f 1709/1709 1710/1710 1711/1711 1712/1712
v 0.283042 1.899037 0.875783
v 0.167601 1.899037 0.778916
v 0.116949 1.793805 0.821418
v 0.249981 1.793805 0.933045
vt 0.000000 0.000000
vt 1.000000 0.000000
vt 1.000000 1.000000
vt 0.000000 1.000000
f 1713/1713 1714/1714 1715/1715 1716/1716
v 0.167601 1.899037 0.778916
v 0.092252 1.899037 0.648408
v 0.030118 1.793805 0.671023
v 0.116949 1.793805 0.821418
vt 0.000000 0.000000
vt 1.000000 0.000000
vt 1.000000 1.000000
vt 0.000000 1.000000
f 1717/1717 1718/1718 1719/1719 1720/1720
v 0.092252 1.899037 0.648408
v 0.066084 1.899037 0.500000
v -0.000038 1.793805 0.500000
v 0.030118 1.793805 0.671023
vt 0.000000 0.000000
vt 1.000000 0.000000
vt 1.000000 1.000000
vt 0.000000 1.000000
f 1721/1721 1722/1722 1723/1723 1724/1724
v 0.066084 1.899037 0.500000
v 0.092252 1.899037 0.351592
v 0.030118 1.793805 0.328977
v -0.000038 1.793805 0.500000
vt 0.000000 0.000000
vt 1.000000 0.000000
vt 1.000000 1.000000
vt 0.000000 1.000000
f 1725/1725 1726/1726 1727/1727 1728/1728
v 0.092252 1.899037 0.351592
v 0.167601 1.899037 0.221084
v 0.116949 1.793805 0.178582
v 0.030118 1.793805 0.328977
vt 0.000000 0.000000
vt 1.000000 0.000000
vt 1.000000 1.000000
vt 0.000000 1.000000
f 1729/1729 1730/1730 1731/1731 1732/1732
v 0.167601 1.899037 0.221084
v 0.283042 1.899037 0.124217
v 0.249981 1.793805 0.066955
v 0.116949 1.793805 0.178582
vt 0.000000 0.000000
vt 1.000000 0.000000
vt 1.000000 1.000000
vt 0.000000 1.000000
f 1733/1733 1734/1734 1735/1735 1736/1736
v 0.283042 1.899037 0.124217
v 0.424651 1.899037 0.072676
v 0.413169 1.793805 0.007559
v 0.249981 1.793805 0.066955
vt 0.000000 0.000000
vt 1.000000 0.000000
vt 1.000000 1.000000
vt 0.000000 1.000000
f 1737/1737 1738/1738 1739/1739 1740/1740
v 0.424651 1.899037 0.072676
v 0.575349 1.899037 0.072676
v 0.586831 1.793805 0.007559
v 0.413169 1.793805 0.007559
vt 0.000000 0.000000
vt 1.000000 0.000000
vt 1.000000 1.000000
vt 0.000000 1.000000
f 1741/1741 1742/1742 1743/1743 1744/1744
v 0.575349 1.899037 0.072676
v 0.716958 1.899037 0.124217
v 0.750019 1.793805 0.066955
v 0.586831 1.793805 0.007559
vt 0.000000 0.000000
vt 1.000000 0.000000
vt 1.000000 1.000000
vt 0.000000 1.000000
f 1745/1745 1746/1746 1747/1747 1748/1748
v 0.716958 1.899037 0.124217
v 0.832399 1.899037 0.221084
v 0.883051 1.793805 0.178582
v 0.750019 1.793805 0.066955
vt 0.000000 0.000000
vt 1.000000 0.000000
vt 1.000000 1.000000
vt 0.000000 1.000000
f 1749/1749 1750/1750 1751/1751 1752/1752
v 0.832399 1.899037 0.221084
v 0.907748 1.899037 0.351592
v 0.969882 1.793805 0.328977
v 0.883051 1.793805 0.178582
vt 0.000000 0.000000
vt 1.000000 0.000000
vt 1.000000 1.000000
vt 0.000000 1.000000
f 1753/1753 1754/1754 1755/1755 1756/1756
v 0.907748 1.899037 0.351592
v 0.933916 1.899037 0.500000
v 1.000038 1.793805 0.500000
v 0.969882 1.793805 0.328977
vt 0.000000 0.000000
vt 1.000000 0.000000
vt 1.000000 1.000000
vt 0.000000 1.000000
f 1757/1757 1758/1758 1759/1759 1760/1760
v 1.000038 1.793805 0.500000
v 0.969882 1.793805 0.671023
v 1.008454 1.676499 0.685062
v 1.041085 1.676499 0.500000
vt 0.000000 0.000000
vt 1.000000 0.000000
vt 1.000000 1.000000
vt 0.000000 1.000000
f 1761/1761 1762/1762 1763/1763 1764/1764
v 0.969882 1.793805 0.671023
v 0.883051 1.793805 0.821418
v 0.914495 1.676499 0.847803
v 1.008454 1.676499 0.685062
vt 0.000000 0.000000
vt 1.000000 0.000000
vt 1.000000 1.000000
vt 0.000000 1.000000
f 1765/1765 1766/1766 1767/1767 1768/1768
v 0.883051 1.793805 0.821418
v 0.750019 1.793805 0.933045
v 0.770542 1.676499 0.968593
v 0.914495 1.676499 0.847803
vt 0.000000 0.000000
vt 1.000000 0.000000
vt 1.000000 1.000000
vt 0.000000 1.000000
f 1769/1769 1770/1770 1771/1771 1772/1772
v 0.750019 1.793805 0.933045
v 0.586831 1.793805 0.992441
v 0.593958 1.676499 1.032865
v 0.770542 1.676499 0.968593
vt 0.000000 0.000000
vt 1.000000 0.000000
vt 1.000000 1.000000
vt 0.000000 1.000000
f 1773/1773 1774/1774 1775/1775 1776/1776
v 0.586831 1.793805 0.992441
v 0.413169 1.793805 0.992441
v 0.406042 1.676499 1.032865
v 0.593958 1.676499 1.032865
vt 0.000000 0.000000
vt 1.000000 0.000000
vt 1.000000 1.000000
vt 0.000000 1.000000
f 1777/1777 1778/1778 1779/1779 1780/1780
v 0.413169 1.793805 0.992441
v 0.249981 1.793805 0.933045
v 0.229458 1.676499 0.968593
v 0.406042 1.676499 1.032865
vt 0.000000 0.000000
vt 1.000000 0.000000
vt 1.000000 1.000000
vt 0.000000 1.000000
f 1781/1781 1782/1782 1783/1783 1784/1784
v 0.249981 1.793805 0.933045
v 0.116949 1.793805 0.821418
v 0.085505 1.676499 0.847803
v 0.229458 1.676499 0.968593
vt 0.000000 0.000000
vt 1.000000 0.000000
vt 1.000000 1.000000
vt 0.000000 1.000000
f 1785/1785 1786/1786 1787/1787 1788/1788
v 0.116949 1.793805 0.821418
v 0.030118 1.793805 0.671023
v -0.008454 1.676499 0.685062
v 0.085505 1.676499 0.847803
vt 0.000000 0.000000
vt 1.000000 0.000000
vt 1.000000 1.000000
vt 0.000000 1.000000
f 1789/1789 1790/1790 1791/1791 1792/1792
v 0.030118 1.793805 0.671023
v -0.000038 1.793805 0.500000
v -0.041085 1.676499 0.500000
v -0.008454 1.676499 0.685062
vt 0.000000 0.000000
vt 1.000000 0.000000
vt 1.000000 1.000000
vt 0.000000 1.000000
f 1793/1793 1794/1794 1795/1795 1796/1796
v -0.000038 1.793805 0.500000
v 0.030118 1.793805 0.328977
v -0.008454 1.676499 0.314938
v -0.041085 1.676499 0.500000
vt 0.000000 0.000000
vt 1.000000 0.000000
vt 1.000000 1.000000
vt 0.000000 1.000000
f 1797/1797 1798/1798 1799/1799 1800/1800
v 0.030118 1.793805 0.328977
v 0.116949 1.793805 0.178582
v 0.085505 1.676499 0.152197
v -0.008454 1.676499 0.314938
vt 0.000000 0.000000
vt 1.000000 0.000000
vt 1.000000 1.000000
vt 0.000000 1.000000
f 1801/1801 1802/1802 1803/1803 1804/1804
v 0.116949 1.793805 0.178582
v 0.249981 1.793805 0.066955
v 0.229458 1.676499 0.031407
v 0.085505 1.676499 0.152197
vt 0.000000 0.000000
vt 1.000000 0.000000
vt 1.000000 1.000000
vt 0.000000 1.000000
f 1805/1805 1806/1806 1807/1807 1808/1808
v 0.249981 1.793805 0.066955
v 0.413169 1.793805 0.007559
v 0.406042 1.676499 -0.032865
v 0.229458 1.676499 0.031407
vt 0.000000 0.000000
vt 1.000000 0.000000
vt 1.000000 1.000000
vt 0.000000 1.000000
f 1809/1809 1810/1810 1811/1811 1812/1812
v 0.413169 1.793805 0.007559
v 0.586831 1.793805 0.007559
v 0.593958 1.676499 -0.032865
v 0.406042 1.676499 -0.032865
vt 0.000000 0.000000
vt 1.000000 0.000000
vt 1.000000 1.000000
vt 0.000000 1.000000
f 1813/1813 1814/1814 1815/1815 1816/1816
v 0.586831 1.793805 0.007559
v 0.750019 1.793805 0.066955
v 0.770542 1.676499 0.031407
v 0.593958 1.676499 -0.032865
vt 0.000000 0.000000
vt 1.000000 0.000000
vt 1.000000 1.000000
vt 0.000000 1.000000
f 1817/1817 1818/1818 1819/1819 1820/1820
v 0.750019 1.793805 0.066955
v 0.883051 1.793805 0.178582
v 0.914495 1.676499 0.152197
v 0.770542 1.676499 0.031407
vt 0.000000 0.000000
vt 1.000000 0.000000
vt 1.000000 1.000000
vt 0.000000 1.000000
f 1821/1821 1822/1822 1823/1823 1824/1824
v 0.883051 1.793805 0.178582
v 0.969882 1.793805 0.328977
v 1.008454 1.676499 0.314938
v 0.914495 1.676499 0.152197
vt 0.000000 0.000000
vt 1.000000 0.000000
vt 1.000000 1.000000
vt 0.000000 1.000000
f 1825/1825 1826/1826 1827/1827 1828/1828
v 0.969882 1.793805 0.328977
v 1.000038 1.793805 0.500000
v 1.041085 1.676499 0.500000
v 1.008454 1.676499 0.314938
vt 0.000000 0.000000
vt 1.000000 0.000000
vt 1.000000 1.000000
vt 0.000000 1.000000
f 1829/1829 1830/1830 1831/1831 1832/1832
v 1.041085 1.676499 0.500000
v 1.008454 1.676499 0.685062
v 1.021529 1.553000 0.689821
v 1.055000 1.553000 0.500000
vt 0.000000 0.000000
vt 1.000000 0.000000
vt 1.000000 1.000000
vt 0.000000 1.000000
f 1833/1833 1834/1834 1835/1835 1836/1836
v 1.008454 1.676499 0.685062
v 0.914495 1.676499 0.847803
v 0.925155 1.553000 0.856747
v 1.021529 1.553000 0.689821
vt 0.000000 0.000000
vt 1.000000 0.000000
vt 1.000000 1.000000
vt 0.000000 1.000000
f 1837/1837 1838/1838 1839/1839 1840/1840
v 0.914495 1.676499 0.847803
v 0.770542 1.676499 0.968593
v 0.777500 1.553000 0.980644
v 0.925155 1.553000 0.856747
vt 0.000000 0.000000
vt 1.000000 0.000000
vt 1.000000 1.000000
vt 0.000000 1.000000
f 1841/1841 1842/1842 1843/1843 1844/1844
v 0.770542 1.676499 0.968593
v 0.593958 1.676499 1.032865
v 0.596375 1.553000 1.046568
v 0.777500 1.553000 0.980644
vt 0.000000 0.000000
vt 1.000000 0.000000
vt 1.000000 1.000000
vt 0.000000 1.000000
f 1845/1845 1846/1846 1847/1847 1848/1848
v 0.593958 1.676499 1.032865
v 0.406042 1.676499 1.032865
v 0.403625 1.553000 1.046568
v 0.596375 1.553000 1.046568
vt 0.000000 0.000000
vt 1.000000 0.000000
vt 1.000000 1.000000
vt 0.000000 1.000000
f 1849/1849 1850/1850 1851/1851 1852/1852
v 0.406042 1.676499 1.032865
v 0.229458 1.676499 0.968593
v 0.222500 1.553000 0.980644
v 0.403625 1.553000 1.046568
vt 0.000000 0.000000
vt 1.000000 0.000000
vt 1.000000 1.000000
vt 0.000000 1.000000
f 1853/1853 1854/1854 1855/1855 1856/1856
v 0.229458 1.676499 0.968593
v 0.085505 1.676499 0.847803
v 0.074845 1.553000 0.856747
v 0.222500 1.553000 0.980644
vt 0.000000 0.000000
vt 1.000000 0.000000
vt 1.000000 1.000000
vt 0.000000 1.000000
f 1857/1857 1858/1858 1859/1859 1860/1860
v 0.085505 1.676499 0.847803
v -0.008454 1.676499 0.685062
v -0.021529 1.553000 0.689821
v 0.074845 1.553000 0.856747
vt 0.000000 0.000000
vt 1.000000 0.000000
vt 1.000000 1.000000
vt 0.000000 1.000000
f 1861/1861 1862/1862 1863/1863 1864/1864
v -0.008454 1.676499 0.685062
v -0.041085 1.676499 0.500000
v -0.055000 1.553000 0.500000
v -0.021529 1.553000 0.689821
vt 0.000000 0.000000
vt 1.000000 0.000000
vt 1.000000 1.000000
vt 0.000000 1.000000
f 1865/1865 1866/1866 1867/1867 1868/1868
v -0.041085 1.676499 0.500000
v -0.008454 1.676499 0.314938
v -0.021529 1.553000 0.310179
v -0.055000 1.553000 0.500000
vt 0.000000 0.000000
vt 1.000000 0.000000
vt 1.000000 1.000000
vt 0.000000 1.000000
f 1869/1869 1870/1870 1871/1871 1872/1872
v -0.008454 1.676499 0.314938
v 0.085505 1.676499 0.152197
v 0.074845 1.553000 0.143253
v -0.021529 1.553000 0.310179
vt 0.000000 0.000000
vt 1.000000 0.000000
vt 1.000000 1.000000
vt 0.000000 1.000000
f 1873/1873 1874/1874 1875/1875 1876/1876
v 0.085505 1.676499 0.152197
v 0.229458 1.676499 0.031407
v 0.222500 1.553000 0.019356
v 0.074845 1.553000 0.143253
vt 0.000000 0.000000
vt 1.000000 0.000000
vt 1.000000 1.000000
vt 0.000000 1.000000
f 1877/1877 1878/1878 1879/1879 1880/1880
v 0.229458 1.676499 0.031407
v 0.406042 1.676499 -0.032865
v 0.403625 1.553000 -0.046568
v 0.222500 1.553000 0.019356
vt 0.000000 0.000000
vt 1.000000 0.000000
vt 1.000000 1.000000
vt 0.000000 1.000000
f 1881/1881 1882/1882 1883/1883 1884/1884
v 0.406042 1.676499 -0.032865
v 0.593958 1.676499 -0.032865
v 0.596375 1.553000 -0.046568
v 0.403625 1.553000 -0.046568
vt 0.000000 0.000000
vt 1.000000 0.000000
vt 1.000000 1.000000
vt 0.000000 1.000000
f 1885/1885 1886/1886 1887/1887 1888/1888
v 0.593958 1.676499 -0.032865
v 0.770542 1.676499 0.031407
v 0.777500 1.553000 0.019356
v 0.596375 1.553000 -0.046568
vt 0.000000 0.000000
vt 1.000000 0.000000
vt 1.000000 1.000000
vt 0.000000 1.000000
f 1889/1889 1890/1890 1891/1891 1892/1892
v 0.770542 1.676499 0.031407
v 0.914495 1.676499 0.152197
v 0.925155 1.553000 0.143253
v 0.777500 1.553000 0.019356
vt 0.000000 0.000000
vt 1.000000 0.000000
vt 1.000000 1.000000
vt 0.000000 1.000000
f 1893/1893 1894/1894 1895/1895 1896/1896
v 0.914495 1.676499 0.152197
v 1.008454 1.676499 0.314938
v 1.021529 1.553000 0.310179
v 0.925155 1.553000 0.143253
vt 0.000000 0.000000
vt 1.000000 0.000000
vt 1.000000 1.000000
vt 0.000000 1.000000
f 1897/1897 1898/1898 1899/1899 1900/1900
v 1.008454 1.676499 0.314938
v 1.041085 1.676499 0.500000
v 1.055000 1.553000 0.500000
v 1.021529 1.553000 0.310179
vt 0.000000 0.000000
vt 1.000000 0.000000
vt 1.000000 1.000000
vt 0.000000 1.000000
f 1901/1901 1902/1902 1903/1903 1904/1904
v 1.055000 1.553000 0.500000
v 1.021529 1.553000 0.689821
v 1.008454 1.429501 0.685062
v 1.041085 1.429501 0.500000
vt 0.000000 0.000000
vt 1.000000 0.000000
vt 1.000000 1.000000
vt 0.000000 1.000000
f 1905/1905 1906/1906 1907/1907 1908/1908
v 1.021529 1.553000 0.689821
v 0.925155 1.553000 0.856747
v 0.914495 1.429501 0.847803
v 1.008454 1.429501 0.685062
vt 0.000000 0.000000
vt 1.000000 0.000000
vt 1.000000 1.000000
vt 0.000000 1.000000
f 1909/1909 1910/1910 1911/1911 1912/1912
v 0.925155 1.553000 0.856747
v 0.777500 1.553000 0.980644
v 0.770542 1.429501 0.968593
v 0.914495 1.429501 0.847803
vt 0.000000 0.000000
vt 1.000000 0.000000
vt 1.000000 1.000000
vt 0.000000 1.000000
f 1913/1913 1914/1914 1915/1915 1916/1916
v 0.777500 1.553000 0.980644
v 0.596375 1.553000 1.046568
v 0.593958 1.429501 1.032865
v 0.770542 1.429501 0.968593
vt 0.000000 0.000000
vt 1.000000 0.000000
vt 1.000000 1.000000
vt 0.000000 1.000000
f 1917/1917 1918/1918 1919/1919 1920/1920
v 0.596375 1.553000 1.046568
v 0.403625 1.553000 1.046568
v 0.406042 1.429501 1.032865
v 0.593958 1.429501 1.032865
vt 0.000000 0.000000
vt 1.000000 0.000000
vt 1.000000 1.000000
vt 0.000000 1.000000
f 1921/1921 1922/1922 1923/1923 1924/1924
v 0.403625 1.553000 1.046568
v 0.222500 1.553000 0.980644
v 0.229458 1.429501 0.968593
v 0.406042 1.429501 1.032865
vt 0.000000 0.000000
vt 1.000000 0.000000
vt 1.000000 1.000000
vt 0.000000 1.000000
f 1925/1925 1926/1926 1927/1927 1928/1928
v 0.222500 1.553000 0.980644
v 0.074845 1.553000 0.856747
v 0.085505 1.429501 0.847803
v 0.229458 1.429501 0.968593
vt 0.000000 0.000000
vt 1.000000 0.000000
vt 1.000000 1.000000
vt 0.000000 1.000000
f 1929/1929 1930/1930 1931/1931 1932/1932
v 0.074845 1.553000 0.856747
v -0.021529 1.553000 0.689821
v -0.008454 1.429501 0.685062
v 0.085505 1.429501 0.847803
vt 0.000000 0.000000
vt 1.000000 0.000000
vt 1.000000 1.000000
vt 0.000000 1.000000
f 1933/1933 1934/1934 1935/1935 1936/1936
v -0.021529 1.553000 0.689821
v -0.055000 1.553000 0.500000
v -0.041085 1.429501 0.500000
v -0.008454 1.429501 0.685062
vt 0.000000 0.000000
vt 1.000000 0.000000
vt 1.000000 1.000000
vt 0.000000 1.000000
f 1937/1937 1938/1938 1939/1939 1940/1940
v -0.055000 1.553000 0.500000
v -0.021529 1.553000 0.310179
v -0.008454 1.429501 0.314938
v -0.041085 1.429501 0.500000
vt 0.000000 0.000000
vt 1.000000 0.000000
vt 1.000000 1.000000
vt 0.000000 1.000000
f 1941/1941 1942/1942 1943/1943 1944/1944
v -0.021529 1.553000 0.310179
v 0.074845 1.553000 0.143253
v 0.085505 1.429501 0.152197
v -0.008454 1.429501 0.314938
vt 0.000000 0.000000
vt 1.000000 0.000000
vt 1.000000 1.000000
vt 0.000000 1.000000
f 1945/1945 1946/1946 1947/1947 1948/1948
v 0.074845 1.553000 0.143253
v 0.222500 1.553000 0.019356
v 0.229458 1.429501 0.031407
v 0.085505 1.429501 0.152197
vt 0.000000 0.000000
vt 1.000000 0.000000
vt 1.000000 1.000000
vt 0.000000 1.000000
f 1949/1949 1950/1950 1951/1951 1952/1952
v 0.222500 1.553000 0.019356
v 0.403625 1.553000 -0.046568
v 0.406042 1.429501 -0.032865
v 0.229458 1.429501 0.031407
vt 0.000000 0.000000
vt 1.000000 0.000000
vt 1.000000 1.000000
vt 0.000000 1.000000
f 1953/1953 1954/1954 1955/1955 1956/1956
v 0.403625 1.553000 -0.046568
v 0.596375 1.553000 -0.046568
v 0.593958 1.429501 -0.032865
v 0.406042 1.429501 -0.032865
vt 0.000000 0.000000
vt 1.000000 0.000000
vt 1.000000 1.000000
vt 0.000000 1.000000
f 1957/1957 1958/1958 1959/1959 1960/1960
v 0.596375 1.553000 -0.046568
v 0.777500 1.553000 0.019356
v 0.770542 1.429501 0.031407
v 0.593958 1.429501 -0.032865
vt 0.000000 0.000000
vt 1.000000 0.000000
vt 1.000000 1.000000
vt 0.000000 1.000000
f 1961/1961 1962/1962 1963/1963 1964/1964
v 0.777500 1.553000 0.019356
v 0.925155 1.553000 0.143253
v 0.914495 1.429501 0.152197
v 0.770542 1.429501 0.031407
vt 0.000000 0.000000
vt 1.000000 0.000000
vt 1.000000 1.000000
vt 0.000000 1.000000
f 1965/1965 1966/1966 1967/1967 1968/1968
v 0.925155 1.553000 0.143253
v 1.021529 1.553000 0.310179
v 1.008454 1.429501 0.314938
v 0.914495 1.429501 0.152197
vt 0.000000 0.000000
vt 1.000000 0.000000
vt 1.000000 1.000000
vt 0.000000 1.000000
f 1969/1969 1970/1970 1971/1971 1972/1972
v 1.021529 1.553000 0.310179
v 1.055000 1.553000 0.500000
v 1.041085 1.429501 0.500000
v 1.008454 1.429501 0.314938
vt 0.000000 0.000000
vt 1.000000 0.000000
vt 1.000000 1.000000
vt 0.000000 1.000000
f 1973/1973 1974/1974 1975/1975 1976/1976
v 1.041085 1.429501 0.500000
v 1.008454 1.429501 0.685062
v 0.969882 1.312195 0.671023
v 1.000038 1.312195 0.500000
vt 0.000000 0.000000
vt 1.000000 0.000000
vt 1.000000 1.000000
vt 0.000000 1.000000
f 1977/1977 1978/1978 1979/1979 1980/1980
v 1.008454 1.429501 0.685062
v 0.914495 1.429501 0.847803
v 0.883051 1.312195 0.821418
v 0.969882 1.312195 0.671023
vt 0.000000 0.000000
vt 1.000000 0.000000
vt 1.000000 1.000000
vt 0.000000 1.000000
f 1981/1981 1982/1982 1983/1983 1984/1984
v 0.914495 1.429501 0.847803
v 0.770542 1.429501 0.968593
v 0.750019 1.312195 0.933045
v 0.883051 1.312195 0.821418
vt 0.000000 0.000000
vt 1.000000 0.000000
vt 1.000000 1.000000
vt 0.000000 1.000000
f 1985/1985 1986/1986 1987/1987 1988/1988
v 0.770542 1.429501 0.968593
v 0.593958 1.429501 1.032865
v 0.586831 1.312195 0.992441
v 0.750019 1.312195 0.933045
vt 0.000000 0.000000
vt 1.000000 0.000000
vt 1.000000 1.000000
vt 0.000000 1.000000
f 1989/1989 1990/1990 1991/1991 1992/1992
v 0.593958 1.429501 1.032865
v 0.406042 1.429501 1.032865
v 0.413169 1.312195 0.992441
v 0.586831 1.312195 0.992441
vt 0.000000 0.000000
vt 1.000000 0.000000
vt 1.000000 1.000000
vt 0.000000 1.000000
f 1993/1993 1994/1994 1995/1995 1996/1996
v 0.406042 1.429501 1.032865
v 0.229458 1.429501 0.968593
v 0.249981 1.312195 0.933045
v 0.413169 1.312195 0.992441
vt 0.000000 0.000000
vt 1.000000 0.000000
vt 1.000000 1.000000
vt 0.000000 1.000000
f 1997/1997 1998/1998 1999/1999 2000/2000
v 0.229458 1.429501 0.968593
v 0.085505 1.429501 0.847803
v 0.116949 1.312195 0.821418
v 0.249981 1.312195 0.933045
vt 0.000000 0.000000
vt 1.000000 0.000000
vt 1.000000 1.000000
vt 0.000000 1.000000
f 2001/2001 2002/2002 2003/2003 2004/2004
v 0.085505 1.429501 0.847803
v -0.008454 1.429501 0.685062
v 0.030118 1.312195 0.671023
v 0.116949 1.312195 0.821418
vt 0.000000 0.000000
vt 1.000000 0.000000
vt 1.000000 1.000000
vt 0.000000 1.000000
f 2005/2005 2006/2006 2007/2007 2008/2008
v -0.008454 1.429501 0.685062
v -0.041085 1.429501 0.500000
v -0.000038 1.312195 0.500000
v 0.030118 1.312195 0.671023
vt 0.000000 0.000000
vt 1.000000 0.000000
vt 1.000000 1.000000
vt 0.000000 1.000000
f 2009/2009 2010/2010 2011/2011 2012/2012
v -0.041085 1.429501 0.500000
v -0.008454 1.429501 0.314938
v 0.030118 1.312195 0.328977
v -0.000038 1.312195 0.500000
vt 0.000000 0.000000
vt 1.000000 0.000000
vt 1.000000 1.000000
vt 0.000000 1.000000
f 2013/2013 2014/2014 2015/2015 2016/2016
v -0.008454 1.429501 0.314938
v 0.085505 1.429501 0.152197
v 0.116949 1.312195 0.178582
v 0.030118 1.312195 0.328977
vt 0.000000 0.000000
vt 1.000000 0.000000
vt 1.000000 1.000000
vt 0.000000 1.000000
f 2017/2017 2018/2018 2019/2019 2020/2020
v 0.085505 1.429501 0.152197
v 0.229458 1.429501 0.031407
v 0.249981 1.312195 0.066955
v 0.116949 1.312195 0.178582
vt 0.000000 0.000000
vt 1.000000 0.000000
vt 1.000000 1.000000
vt 0.000000 1.000000
f 2021/2021 2022/2022 2023/2023 2024/2024
v 0.229458 1.429501 0.031407
v 0.406042 1.429501 -0.032865
v 0.413169 1.312195 0.007559
v 0.249981 1.312195 0.066955
vt 0.000000 0.000000
vt 1.000000 0.000000
vt 1.000000 1.000000
vt 0.000000 1.000000
f 2025/2025 2026/2026 2027/2027 2028/2028
v 0.406042 1.429501 -0.032865
v 0.593958 1.429501 -0.032865
v 0.586831 1.312195 0.007559
v 0.413169 1.312195 0.007559
vt 0.000000 0.000000
vt 1.000000 0.000000
vt 1.000000 1.000000
vt 0.000000 1.000000
f 2029/2029 2030/2030 2031/2031 2032/2032
v 0.593958 1.429501 -0.032865
v 0.770542 1.429501 0.031407
v 0.750019 1.312195 0.066955
v 0.586831 1.312195 0.007559
vt 0.000000 0.000000
vt 1.000000 0.000000
vt 1.000000 1.000000
vt 0.000000 1.000000
f 2033/2033 2034/2034 2035/2035 2036/2036
v 0.770542 1.429501 0.031407
v 0.914495 1.429501 0.152197
v 0.883051 1.312195 0.178582
v 0.750019 1.312195 0.066955
vt 0.000000 0.000000
vt 1.000000 0.000000
vt 1.000000 1.000000
vt 0.000000 1.000000
f 2037/2037 2038/2038 2039/2039 2040/2040
v 0.914495 1.429501 0.152197
v 1.008454 1.429501 0.314938
v 0.969882 1.312195 0.328977
v 0.883051 1.312195 0.178582
vt 0.000000 0.000000
vt 1.000000 0.000000
vt 1.000000 1.000000
vt 0.000000 1.000000
f 2041/2041 2042/2042 2043/2043 2044/2044
v 1.008454 1.429501 0.314938
v 1.041085 1.429501 0.500000
v 1.000038 1.312195 0.500000
v 0.969882 1.312195 0.328977
vt 0.000000 0.000000
vt 1.000000 0.000000
vt 1.000000 1.000000
vt 0.000000 1.000000
f 2045/2045 2046/2046 2047/2047 2048/2048
v 1.000038 1.312195 0.500000
v 0.969882 1.312195 0.671023
v 0.907748 1.206963 0.648408
v 0.933916 1.206963 0.500000
vt 0.000000 0.000000
vt 1.000000 0.000000
vt 1.000000 1.000000
vt 0.000000 1.000000
f 2049/2049 2050/2050 2051/2051 2052/2052
v 0.969882 1.312195 0.671023
v 0.883051 1.312195 0.821418
v 0.832399 1.206963 0.778916
v 0.907748 1.206963 0.648408
vt 0.000000 0.000000
vt 1.000000 0.000000
vt 1.000000 1.000000
vt 0.000000 1.000000
f 2053/2053 2054/2054 2055/2055 2056/2056
v 0.883051 1.312195 0.821418
v 0.750019 1.312195 0.933045
v 0.716958 1.206963 0.875783
v 0.832399 1.206963 0.778916
vt 0.000000 0.000000
vt 1.000000 0.000000
vt 1.000000 1.000000
vt 0.000000 1.000000
f 2057/2057 2058/2058 2059/2059 2060/2060
v 0.750019 1.312195 0.933045
v 0.586831 1.312195 0.992441
v 0.575349 1.206963 0.927324
v 0.716958 1.206963 0.875783
vt 0.000000 0.000000
vt 1.000000 0.000000
vt 1.000000 1.000000
vt 0.000000 1.000000
f 2061/2061 2062/2062 2063/2063 2064/2064
v 0.586831 1.312195 0.992441
v 0.413169 1.312195 0.992441
v 0.424651 1.206963 0.927324
v 0.575349 1.206963 0.927324
vt 0.000000 0.000000
vt 1.000000 0.000000
vt 1.000000 1.000000
vt 0.000000 1.000000
f 2065/2065 2066/2066 2067/2067 2068/2068
v 0.413169 1.312195 0.992441
v 0.249981 1.312195 0.933045
v 0.283042 1.206963 0.875783
v 0.424651 1.206963 0.927324
vt 0.000000 0.000000
vt 1.000000 0.000000
vt 1.000000 1.000000
vt 0.000000 1.000000
f 2069/2069 2070/2070 2071/2071 2072/2072
v 0.249981 1.312195 0.933045
v 0.116949 1.312195 0.821418
v 0.167601 1.206963 0.778916
v 0.283042 1.206963 0.875783
vt 0.000000 0.000000
vt 1.000000 0.000000
vt 1.000000 1.000000
vt 0.000000 1.000000
f 2073/2073 2074/2074 2075/2075 2076/2076
v 0.116949 1.312195 0.821418
v 0.030118 1.312195 0.671023
v 0.092252 1.206963 0.648408
v 0.167601 1.206963 0.778916
vt 0.000000 0.000000
vt 1.000000 0.000000
vt 1.000000 1.000000
vt 0.000000 1.000000
f 2077/2077 2078/2078 2079/2079 2080/2080
v 0.030118 1.312195 0.671023
v -0.000038 1.312195 0.500000
v 0.066084 1.206963 0.500000
v 0.092252 1.206963 0.648408
vt 0.000000 0.000000
vt 1.000000 0.000000
vt 1.000000 1.000000
vt 0.000000 1.000000
f 2081/2081 2082/2082 2083/2083 2084/2084
v -0.000038 1.312195 0.500000
v 0.030118 1.312195 0.328977
v 0.092252 1.206963 0.351592
v 0.066084 1.206963 0.500000
vt 0.000000 0.000000
vt 1.000000 0.000000
vt 1.000000 1.000000
vt 0.000000 1.000000
f 2085/2085 2086/2086 2087/2087 2088/2088
v 0.030118 1.312195 0.328977
v 0.116949 1.312195 0.178582
v 0.167601 1.206963 0.221084
v 0.092252 1.206963 0.351592
vt 0.000000 0.000000
vt 1.000000 0.000000
vt 1.000000 1.000000
vt 0.000000 1.000000
f 2089/2089 2090/2090 2091/2091 2092/2092
v 0.116949 1.312195 0.178582
v 0.249981 1.312195 0.066955
v 0.283042 1.206963 0.124217
v 0.167601 1.206963 0.221084
vt 0.000000 0.000000
vt 1.000000 0.000000
vt 1.000000 1.000000
vt 0.000000 1.000000
f 2093/2093 2094/2094 2095/2095 2096/2096
v 0.249981 1.312195 0.066955
v 0.413169 1.312195 0.007559
v 0.424651 1.206963 0.072676
v 0.283042 1.206963 0.124217
vt 0.000000 0.000000
vt 1.000000 0.000000
vt 1.000000 1.000000
vt 0.000000 1.000000
f 2097/2097 2098/2098 2099/2099 2100/2100
v 0.413169 1.312195 0.007559
v 0.586831 1.312195 0.007559
v 0.575349 1.206963 0.072676
v 0.424651 1.206963 0.072676
vt 0.000000 0.000000
vt 1.000000 0.000000
vt 1.000000 1.000000
vt 0.000000 1.000000
f 2101/2101 2102/2102 2103/2103 2104/2104
v 0.586831 1.312195 0.007559
v 0.750019 1.312195 0.066955
v 0.716958 1.206963 0.124217
v 0.575349 1.206963 0.072676
vt 0.000000 0.000000
vt 1.000000 0.000000
vt 1.000000 1.000000
vt 0.000000 1.000000
f 2105/2105 2106/2106 2107/2107 2108/2108
v 0.750019 1.312195 0.066955
v 0.883051 1.312195 0.178582
v 0.832399 1.206963 0.221084
v 0.716958 1.206963 0.124217
vt 0.000000 0.000000
vt 1.000000 0.000000
vt 1.000000 1.000000
vt 0.000000 1.000000
f 2109/2109 2110/2110 2111/2111 2112/2112
v 0.883051 1.312195 0.178582
v 0.969882 1.312195 0.328977
v 0.907748 1.206963 0.351592
v 0.832399 1.206963 0.221084
vt 0.000000 0.000000
vt 1.000000 0.000000
vt 1.000000 1.000000
vt 0.000000 1.000000
f 2113/2113 2114/2114 2115/2115 2116/2116
v 0.969882 1.312195 0.328977
v 1.000038 1.312195 0.500000
v 0.933916 1.206963 0.500000
v 0.907748 1.206963 0.351592
vt 0.000000 0.000000
vt 1.000000 0.000000
vt 1.000000 1.000000
vt 0.000000 1.000000
f 2117/2117 2118/2118 2119/2119 2120/2120
v 0.933916 1.206963 0.500000
v 0.907748 1.206963 0.648408
v 0.825168 1.119084 0.618352
v 0.846037 1.119084 0.500000
vt 0.000000 0.000000
vt 1.000000 0.000000
vt 1.000000 1.000000
vt 0.000000 1.000000
f 2121/2121 2122/2122 2123/2123 2124/2124
v 0.907748 1.206963 0.648408
v 0.832399 1.206963 0.778916
v 0.765080 1.119084 0.722428
v 0.825168 1.119084 0.618352
vt 0.000000 0.000000
vt 1.000000 0.000000
vt 1.000000 1.000000
vt 0.000000 1.000000
f 2125/2125 2126/2126 2127/2127 2128/2128
v 0.832399 1.206963 0.778916
v 0.716958 1.206963 0.875783
v 0.673018 1.119084 0.799677
v 0.765080 1.119084 0.722428
vt 0.000000 0.000000
vt 1.000000 0.000000
vt 1.000000 1.000000
vt 0.000000 1.000000
f 2129/2129 2130/2130 2131/2131 2132/2132
v 0.716958 1.206963 0.875783
v 0.575349 1.206963 0.927324
v 0.560089 1.119084 0.840780
v 0.673018 1.119084 0.799677
vt 0.000000 0.000000
vt 1.000000 0.000000
vt 1.000000 1.000000
vt 0.000000 1.000000
f 2133/2133 2134/2134 2135/2135 2136/2136
v 0.575349 1.206963 0.927324
v 0.424651 1.206963 0.927324
v 0.439911 1.119084 0.840780
v 0.560089 1.119084 0.840780
vt 0.000000 0.000000
vt 1.000000 0.000000
vt 1.000000 1.000000
vt 0.000000 1.000000
f 2137/2137 2138/2138 2139/2139 2140/2140
v 0.424651 1.206963 0.927324
v 0.283042 1.206963 0.875783
v 0.326982 1.119084 0.799677
v 0.439911 1.119084 0.840780
vt 0.000000 0.000000
vt 1.000000 0.000000
vt 1.000000 1.000000
vt 0.000000 1.000000
f 2141/2141 2142/2142 2143/2143 2144/2144
v 0.283042 1.206963 0.875783
v 0.167601 1.206963 0.778916
v 0.234920 1.119084 0.722428
v 0.326982 1.119084 0.799677
vt 0.000000 0.000000
vt 1.000000 0.000000
vt 1.000000 1.000000
vt 0.000000 1.000000
f 2145/2145 2146/2146 2147/2147 2148/2148
v 0.167601 1.206963 0.778916
v 0.092252 1.206963 0.648408
v 0.174832 1.119084 0.618352
v 0.234920 1.119084 0.722428
vt 0.000000 0.000000
vt 1.000000 0.000000
vt 1.000000 1.000000
vt 0.000000 1.000000
f 2149/2149 2150/2150 2151/2151 2152/2152
v 0.092252 1.206963 0.648408
v 0.066084 1.206963 0.500000
v 0.153963 1.119084 0.500000
v 0.174832 1.119084 0.618352
vt 0.000000 0.000000
vt 1.000000 0.000000
vt 1.000000 1.000000
vt 0.000000 1.000000
f 2153/2153 2154/2154 2155/2155 2156/2156
v 0.066084 1.206963 0.500000
v 0.092252 1.206963 0.351592
v 0.174832 1.119084 0.381648
v 0.153963 1.119084 0.500000
vt 0.000000 0.000000
vt 1.000000 0.000000
vt 1.000000 1.000000
vt 0.000000 1.000000
f 2157/2157 2158/2158 2159/2159 2160/2160
v 0.092252 1.206963 0.351592
v 0.167601 1.206963 0.221084
v 0.234920 1.119084 0.277572
v 0.174832 1.119084 0.381648
vt 0.000000 0.000000
vt 1.000000 0.000000
vt 1.000000 1.000000
vt 0.000000 1.000000
f 2161/2161 2162/2162 2163/2163 2164/2164
v 0.167601 1.206963 0.221084
v 0.283042 1.206963 0.124217
v 0.326982 1.119084 0.200323
v 0.234920 1.119084 0.277572
vt 0.000000 0.000000
vt 1.000000 0.000000
vt 1.000000 1.000000
vt 0.000000 1.000000
f 2165/2165 2166/2166 2167/2167 2168/2168
v 0.283042 1.206963 0.124217
v 0.424651 1.206963 0.072676
v 0.439911 1.119084 0.159220
v 0.326982 1.119084 0.200323
vt 0.000000 0.000000
vt 1.000000 0.000000
vt 1.000000 1.000000
vt 0.000000 1.000000
f 2169/2169 2170/2170 2171/2171 2172/2172
v 0.424651 1.206963 0.072676
v 0.575349 1.206963 0.072676
v 0.560089 1.119084 0.159220
v 0.439911 1.119084 0.159220
vt 0.000000 0.000000
vt 1.000000 0.000000
vt 1.000000 1.000000
vt 0.000000 1.000000
f 2173/2173 2174/2174 2175/2175 2176/2176
v 0.575349 1.206963 0.072676
v 0.716958 1.206963 0.124217
v 0.673018 1.119084 0.200323
v 0.560089 1.119084 0.159220
vt 0.000000 0.000000
vt 1.000000 0.000000
vt 1.000000 1.000000
vt 0.000000 1.000000
f 2177/2177 2178/2178 2179/2179 2180/2180
v 0.716958 1.206963 0.124217
v 0.832399 1.206963 0.221084
v 0.765080 1.119084 0.277572
v 0.673018 1.119084 0.200323
vt 0.000000 0.000000
vt 1.000000 0.000000
vt 1.000000 1.000000
vt 0.000000 1.000000
f 2181/2181 2182/2182 2183/2183 2184/2184
v 0.832399 1.206963 0.221084
v 0.907748 1.206963 0.351592
v 0.825168 1.119084 0.381648
v 0.765080 1.119084 0.277572
vt 0.000000 0.000000
vt 1.000000 0.000000
vt 1.000000 1.000000
vt 0.000000 1.000000
f 2185/2185 2186/2186 2187/2187 2188/2188
v 0.907748 1.206963 0.351592
v 0.933916 1.206963 0.500000
v 0.846037 1.119084 0.500000
v 0.825168 1.119084 0.381648
vt 0.000000 0.000000
vt 1.000000 0.000000
vt 1.000000 1.000000
vt 0.000000 1.000000
f 2189/2189 2190/2190 2191/2191 2192/2192
v 0.846037 1.119084 0.500000
v 0.825168 1.119084 0.618352
v 0.726283 1.052962 0.582360
v 0.740805 1.052962 0.500000
vt 0.000000 0.000000
vt 1.000000 0.000000
vt 1.000000 1.000000
vt 0.000000 1.000000
f 2193/2193 2194/2194 2195/2195 2196/2196
v 0.825168 1.119084 0.618352
v 0.765080 1.119084 0.722428
v 0.684468 1.052962 0.654787
v 0.726283 1.052962 0.582360
vt 0.000000 0.000000
vt 1.000000 0.000000
vt 1.000000 1.000000
vt 0.000000 1.000000
f 2197/2197 2198/2198 2199/2199 2200/2200
v 0.765080 1.119084 0.722428
v 0.673018 1.119084 0.799677
v 0.620403 1.052962 0.708544
v 0.684468 1.052962 0.654787
vt 0.000000 0.000000
vt 1.000000 0.000000
vt 1.000000 1.000000
vt 0.000000 1.000000
f 2201/2201 2202/2202 2203/2203 2204/2204
v 0.673018 1.119084 0.799677
v 0.560089 1.119084 0.840780
v 0.541815 1.052962 0.737147
v 0.620403 1.052962 0.708544
vt 0.000000 0.000000
vt 1.000000 0.000000
vt 1.000000 1.000000
vt 0.000000 1.000000
f 2205/2205 2206/2206 2207/2207 2208/2208
v 0.560089 1.119084 0.840780
v 0.439911 1.119084 0.840780
v 0.458185 1.052962 0.737147
v 0.541815 1.052962 0.737147
vt 0.000000 0.000000
vt 1.000000 0.000000
vt 1.000000 1.000000
vt 0.000000 1.000000
f 2209/2209 2210/2210 2211/2211 2212/2212
v 0.439911 1.119084 0.840780
v 0.326982 1.119084 0.799677
v 0.379597 1.052962 0.708544
v 0.458185 1.052962 0.737147
vt 0.000000 0.000000
vt 1.000000 0.000000
vt 1.000000 1.000000
vt 0.000000 1.000000
f 2213/2213 2214/2214 2215/2215 2216/2216
v 0.326982 1.119084 0.799677
v 0.234920 1.119084 0.722428
v 0.315532 1.052962 0.654787
v 0.379597 1.052962 0.708544
vt 0.000000 0.000000
vt 1.000000 0.000000
vt 1.000000 1.000000
vt 0.000000 1.000000
f 2217/2217 2218/2218 2219/2219 2220/2220
v 0.234920 1.119084 0.722428
v 0.174832 1.119084 0.618352
v 0.273717 1.052962 0.582360
v 0.315532 1.052962 0.654787
vt 0.000000 0.000000
vt 1.000000 0.000000
vt 1.000000 1.000000
vt 0.000000 1.000000
f 2221/2221 2222/2222 2223/2223 2224/2224
v 0.174832 1.119084 0.618352
v 0.153963 1.119084 0.500000
v 0.259195 1.052962 0.500000
v 0.273717 1.052962 0.582360
vt 0.000000 0.000000
vt 1.000000 0.000000
vt 1.000000 1.000000
vt 0.000000 1.000000
f 2225/2225 2226/2226 2227/2227 2228/2228
v 0.153963 1.119084 0.500000
v 0.174832 1.119084 0.381648
v 0.273717 1.052962 0.417640
v 0.259195 1.052962 0.500000
vt 0.000000 0.000000
vt 1.000000 0.000000
vt 1.000000 1.000000
vt 0.000000 1.000000
f 2229/2229 2230/2230 2231/2231 2232/2232
v 0.174832 1.119084 0.381648
v 0.234920 1.119084 0.277572
v 0.315532 1.052962 0.345213
v 0.273717 1.052962 0.417640
vt 0.000000 0.000000
vt 1.000000 0.000000
vt 1.000000 1.000000
vt 0.000000 1.000000
f 2233/2233 2234/2234 2235/2235 2236/2236
v 0.234920 1.119084 0.277572
v 0.326982 1.119084 0.200323
v 0.379597 1.052962 0.291456
v 0.315532 1.052962 0.345213
vt 0.000000 0.000000
vt 1.000000 0.000000
vt 1.000000 1.000000
vt 0.000000 1.000000
f 2237/2237 2238/2238 2239/2239 2240/2240
v 0.326982 1.119084 0.200323
v 0.439911 1.119084 0.159220
v 0.458185 1.052962 0.262853
v 0.379597 1.052962 0.291456
vt 0.000000 0.000000
vt 1.000000 0.000000
vt 1.000000 1.000000
vt 0.000000 1.000000
f 2241/2241 2242/2242 2243/2243 2244/2244
v 0.439911 1.119084 0.159220
v 0.560089 1.119084 0.159220
v 0.541815 1.052962 0.262853
v 0.458185 1.052962 0.262853
vt 0.000000 0.000000
vt 1.000000 0.000000
vt 1.000000 1.000000
vt 0.000000 1.000000
f 2245/2245 2246/2246 2247/2247 2248/2248
v 0.560089 1.119084 0.159220
v 0.673018 1.119084 0.200323
v 0.620403 1.052962 0.291456
v 0.541815 1.052962 0.262853
vt 0.000000 0.000000
vt 1.000000 0.000000
vt 1.000000 1.000000
vt 0.000000 1.000000
f 2249/2249 2250/2250 2251/2251 2252/2252
v 0.673018 1.119084 0.200323
v 0.765080 1.119084 0.277572
v 0.684468 1.052962 0.345213
v 0.620403 1.052962 0.291456
vt 0.000000 0.000000
vt 1.000000 0.000000
vt 1.000000 1.000000
vt 0.000000 1.000000
f 2253/2253 2254/2254 2255/2255 2256/2256
v 0.765080 1.119084 0.277572
v 0.825168 1.119084 0.381648
v 0.726283 1.052962 0.417640
v 0.684468 1.052962 0.345213
vt 0.000000 0.000000
vt 1.000000 0.000000
vt 1.000000 1.000000
vt 0.000000 1.000000
f 2257/2257 2258/2258 2259/2259 2260/2260
v 0.825168 1.119084 0.381648
v 0.846037 1.119084 0.500000
v 0.740805 1.052962 0.500000
v 0.726283 1.052962 0.417640
vt 0.000000 0.000000
vt 1.000000 0.000000
vt 1.000000 1.000000
vt 0.000000 1.000000
f 2261/2261 2262/2262 2263/2263 2264/2264
v 0.740805 1.052962 0.500000
v 0.726283 1.052962 0.582360
v 0.616051 1.011915 0.542239
v 0.623499 1.011915 0.500000
vt 0.000000 0.000000
vt 1.000000 0.000000
vt 1.000000 1.000000
vt 0.000000 1.000000
f 2265/2265 2266/2266 2267/2267 2268/2268
v 0.726283 1.052962 0.582360
v 0.684468 1.052962 0.654787
v 0.594606 1.011915 0.579384
v 0.616051 1.011915 0.542239
vt 0.000000 0.000000
vt 1.000000 0.000000
vt 1.000000 1.000000
vt 0.000000 1.000000
f 2269/2269 2270/2270 2271/2271 2272/2272
v 0.684468 1.052962 0.654787
v 0.620403 1.052962 0.708544
v 0.561750 1.011915 0.606953
v 0.594606 1.011915 0.579384
vt 0.000000 0.000000
vt 1.000000 0.000000
vt 1.000000 1.000000
vt 0.000000 1.000000
f 2273/2273 2274/2274 2275/2275 2276/2276
v 0.620403 1.052962 0.708544
v 0.541815 1.052962 0.737147
v 0.521445 1.011915 0.621623
v 0.561750 1.011915 0.606953
vt 0.000000 0.000000
vt 1.000000 0.000000
vt 1.000000 1.000000
vt 0.000000 1.000000
f 2277/2277 2278/2278 2279/2279 2280/2280
v 0.541815 1.052962 0.737147
v 0.458185 1.052962 0.737147
v 0.478555 1.011915 0.621623
v 0.521445 1.011915 0.621623
vt 0.000000 0.000000
vt 1.000000 0.000000
vt 1.000000 1.000000
vt 0.000000 1.000000
f 2281/2281 2282/2282 2283/2283 2284/2284
v 0.458185 1.052962 0.737147
v 0.379597 1.052962 0.708544
v 0.438250 1.011915 0.606953
v 0.478555 1.011915 0.621623
vt 0.000000 0.000000
vt 1.000000 0.000000
vt 1.000000 1.000000
vt 0.000000 1.000000
f 2285/2285 2286/2286 2287/2287 2288/2288
v 0.379597 1.052962 0.708544
v 0.315532 1.052962 0.654787
v 0.405394 1.011915 0.579384
v 0.438250 1.011915 0.606953
vt 0.000000 0.000000
vt 1.000000 0.000000
vt 1.000000 1.000000
vt 0.000000 1.000000
f 2289/2289 2290/2290 2291/2291 2292/2292
v 0.315532 1.052962 0.654787
v 0.273717 1.052962 0.582360
v 0.383949 1.011915 0.542239
v 0.405394 1.011915 0.579384
vt 0.000000 0.000000
vt 1.000000 0.000000
vt 1.000000 1.000000
vt 0.000000 1.000000
f 2293/2293 2294/2294 2295/2295 2296/2296
v 0.273717 1.052962 0.582360
v 0.259195 1.052962 0.500000
v 0.376501 1.011915 0.500000
v 0.383949 1.011915 0.542239
vt 0.000000 0.000000
vt 1.000000 0.000000
vt 1.000000 1.000000
vt 0.000000 1.000000
f 2297/2297 2298/2298 2299/2299 2300/2300
v 0.259195 1.052962 0.500000
v 0.273717 1.052962 0.417640
v 0.383949 1.011915 0.457761
v 0.376501 1.011915 0.500000
vt 0.000000 0.000000
vt 1.000000 0.000000
vt 1.000000 1.000000
vt 0.000000 1.000000
f 2301/2301 2302/2302 2303/2303 2304/2304
v 0.273717 1.052962 0.417640
v 0.315532 1.052962 0.345213
v 0.405394 1.011915 0.420616
v 0.383949 1.011915 0.457761
vt 0.000000 0.000000
vt 1.000000 0.000000
vt 1.000000 1.000000
vt 0.000000 1.000000
f 2305/2305 2306/2306 2307/2307 2308/2308
v 0.315532 1.052962 0.345213
v 0.379597 1.052962 0.291456
v 0.438250 1.011915 0.393047
v 0.405394 1.011915 0.420616
vt 0.000000 0.000000
vt 1.000000 0.000000
vt 1.000000 1.000000
vt 0.000000 1.000000
f 2309/2309 2310/2310 2311/2311 2312/2312
v 0.379597 1.052962 0.291456
v 0.458185 1.052962 0.262853
v 0.478555 1.011915 0.378377
v 0.438250 1.011915 0.393047
vt 0.000000 0.000000
vt 1.000000 0.000000
vt 1.000000 1.000000
vt 0.000000 1.000000
f 2313/2313 2314/2314 2315/2315 2316/2316
v 0.458185 1.052962 0.262853
v 0.541815 1.052962 0.262853
v 0.521445 1.011915 0.378377
v 0.478555 1.011915 0.378377
vt 0.000000 0.000000
vt 1.000000 0.000000
vt 1.000000 1.000000
vt 0.000000 1.000000
f 2317/2317 2318/2318 2319/2319 2320/2320
v 0.541815 1.052962 0.262853
v 0.620403 1.052962 0.291456
v 0.561750 1.011915 0.393047
v 0.521445 1.011915 0.378377
vt 0.000000 0.000000
vt 1.000000 0.000000
vt 1.000000 1.000000
vt 0.000000 1.000000
f 2321/2321 2322/2322 2323/2323 2324/2324
v 0.620403 1.052962 0.291456
v 0.684468 1.052962 0.345213
v 0.594606 1.011915 0.420616
v 0.561750 1.011915 0.393047
vt 0.000000 0.000000
vt 1.000000 0.000000
vt 1.000000 1.000000
vt 0.000000 1.000000
f 2325/2325 2326/2326 2327/2327 2328/2328
v 0.684468 1.052962 0.345213
v 0.726283 1.052962 0.417640
v 0.616051 1.011915 0.457761
v 0.594606 1.011915 0.420616
vt 0.000000 0.000000
vt 1.000000 0.000000
vt 1.000000 1.000000
vt 0.000000 1.000000
f 2329/2329 2330/2330 2331/2331 2332/2332
v 0.726283 1.052962 0.417640
v 0.740805 1.052962 0.500000
v 0.623499 1.011915 0.500000
v 0.616051 1.011915 0.457761
vt 0.000000 0.000000
vt 1.000000 0.000000
vt 1.000000 1.000000
vt 0.000000 1.000000
f 2333/2333 2334/2334 2335/2335 2336/2336
v 0.623499 1.011915 0.500000
v 0.616051 1.011915 0.542239
v 0.500000 0.998000 0.500000
v 0.500000 0.998000 0.500000
vt 0.000000 0.000000
vt 1.000000 0.000000
vt 1.000000 1.000000
vt 0.000000 1.000000
f 2337/2337 2338/2338 2339/2339 2340/2340
v 0.616051 1.011915 0.542239
v 0.594606 1.011915 0.579384
v 0.500000 0.998000 0.500000
v 0.500000 0.998000 0.500000
vt 0.000000 0.000000
vt 1.000000 0.000000
vt 1.000000 1.000000
vt 0.000000 1.000000
f 2341/2341 2342/2342 2343/2343 2344/2344
v 0.594606 1.011915 0.579384
v 0.561750 1.011915 0.606953
v 0.500000 0.998000 0.500000
v 0.500000 0.998000 0.500000
vt 0.000000 0.000000
vt 1.000000 0.000000
vt 1.000000 1.000000
vt 0.000000 1.000000
f 2345/2345 2346/2346 2347/2347 2348/2348
v 0.561750 1.011915 0.606953
v 0.521445 1.011915 0.621623
v 0.500000 0.998000 0.500000
v 0.500000 0.998000 0.500000
vt 0.000000 0.000000
vt 1.000000 0.000000
vt 1.000000 1.000000
vt 0.000000 1.000000
f 2349/2349 2350/2350 2351/2351 2352/2352
v 0.521445 1.011915 0.621623
v 0.478555 1.011915 0.621623
v 0.500000 0.998000 0.500000
v 0.500000 0.998000 0.500000
vt 0.000000 0.000000
vt 1.000000 0.000000
vt 1.000000 1.000000
vt 0.000000 1.000000
f 2353/2353 2354/2354 2355/2355 2356/2356
v 0.478555 1.011915 0.621623
v 0.438250 1.011915 0.606953
v 0.500000 0.998000 0.500000
v 0.500000 0.998000 0.500000
vt 0.000000 0.000000
vt 1.000000 0.000000
vt 1.000000 1.000000
vt 0.000000 1.000000
f 2357/2357 2358/2358 2359/2359 2360/2360
v 0.438250 1.011915 0.606953
v 0.405394 1.011915 0.579384
v 0.500000 0.998000 0.500000
v 0.500000 0.998000 0.500000
vt 0.000000 0.000000
vt 1.000000 0.000000
vt 1.000000 1.000000
vt 0.000000 1.000000
f 2361/2361 2362/2362 2363/2363 2364/2364
v 0.405394 1.011915 0.579384
v 0.383949 1.011915 0.542239
v 0.500000 0.998000 0.500000
v 0.500000 0.998000 0.500000
vt 0.000000 0.000000
vt 1.000000 0.000000
vt 1.000000 1.000000
vt 0.000000 1.000000
f 2365/2365 2366/2366 2367/2367 2368/2368
v 0.383949 1.011915 0.542239
v 0.376501 1.011915 0.500000
v 0.500000 0.998000 0.500000
v 0.500000 0.998000 0.500000
vt 0.000000 0.000000
vt 1.000000 0.000000
vt 1.000000 1.000000
vt 0.000000 1.000000
f 2369/2369 2370/2370 2371/2371 2372/2372
v 0.376501 1.011915 0.500000
v 0.383949 1.011915 0.457761
v 0.500000 0.998000 0.500000
v 0.500000 0.998000 0.500000
vt 0.000000 0.000000
vt 1.000000 0.000000
vt 1.000000 1.000000
vt 0.000000 1.000000
f 2373/2373 2374/2374 2375/2375 2376/2376
v 0.383949 1.011915 0.457761
v 0.405394 1.011915 0.420616
v 0.500000 0.998000 0.500000
v 0.500000 0.998000 0.500000
vt 0.000000 0.000000
vt 1.000000 0.000000
vt 1.000000 1.000000
vt 0.000000 1.000000
f 2377/2377 2378/2378 2379/2379 2380/2380
v 0.405394 1.011915 0.420616
v 0.438250 1.011915 0.393047
v 0.500000 0.998000 0.500000
v 0.500000 0.998000 0.500000
vt 0.000000 0.000000
vt 1.000000 0.000000
vt 1.000000 1.000000
vt 0.000000 1.000000
f 2381/2381 2382/2382 2383/2383 2384/2384
v 0.438250 1.011915 0.393047
v 0.478555 1.011915 0.378377
v 0.500000 0.998000 0.500000
v 0.500000 0.998000 0.500000
vt 0.000000 0.000000
vt 1.000000 0.000000
vt 1.000000 1.000000
vt 0.000000 1.000000
f 2385/2385 2386/2386 2387/2387 2388/2388
v 0.478555 1.011915 0.378377
v 0.521445 1.011915 0.378377
v 0.500000 0.998000 0.500000
v 0.500000 0.998000 0.500000
vt 0.000000 0.000000
vt 1.000000 0.000000
vt 1.000000 1.000000
vt 0.000000 1.000000
f 2389/2389 2390/2390 2391/2391 2392/2392
v 0.521445 1.011915 0.378377
v 0.561750 1.011915 0.393047
v 0.500000 0.998000 0.500000
v 0.500000 0.998000 0.500000
vt 0.000000 0.000000
vt 1.000000 0.000000
vt 1.000000 1.000000
vt 0.000000 1.000000
f 2393/2393 2394/2394 2395/2395 2396/2396
v 0.561750 1.011915 0.393047
v 0.594606 1.011915 0.420616
v 0.500000 0.998000 0.500000
v 0.500000 0.998000 0.500000
vt 0.000000 0.000000
vt 1.000000 0.000000
vt 1.000000 1.000000
vt 0.000000 1.000000
f 2397/2397 2398/2398 2399/2399 2400/2400
v 0.594606 1.011915 0.420616
v 0.616051 1.011915 0.457761
v 0.500000 0.998000 0.500000
v 0.500000 0.998000 0.500000
vt 0.000000 0.000000
vt 1.000000 0.000000
vt 1.000000 1.000000
vt 0.000000 1.000000
f 2401/2401 2402/2402 2403/2403 2404/2404
v 0.616051 1.011915 0.457761
v 0.623499 1.011915 0.500000
v 0.500000 0.998000 0.500000
v 0.500000 0.998000 0.500000
vt 0.000000 0.000000
vt 1.000000 0.000000
vt 1.000000 1.000000
vt 0.000000 1.000000
f 2405/2405 2406/2406 2407/2407 2408/2408
v -0.018000 1.109000 -0.055000
v 1.018000 1.109000 -0.055000
v 1.018000 1.960000 -0.055000
v -0.018000 1.960000 -0.055000
vt 0.000000 0.000000
vt 1.000000 0.000000
vt 1.000000 1.000000
vt 0.000000 1.000000
f 2409/2409 2410/2410 2411/2411 2412/2412
v 1.018000 1.109000 1.129000
v -0.018000 1.109000 1.129000
v -0.018000 1.960000 1.129000
v 1.018000 1.960000 1.129000
vt 0.000000 0.000000
vt 1.000000 0.000000
vt 1.000000 1.000000
vt 0.000000 1.000000
f 2413/2413 2414/2414 2415/2415 2416/2416
v -0.018000 1.109000 1.129000
v -0.018000 1.109000 -0.055000
v -0.018000 1.960000 -0.055000
v -0.018000 1.960000 1.129000
vt 0.000000 0.000000
vt 1.000000 0.000000
vt 1.000000 1.000000
vt 0.000000 1.000000
f 2417/2417 2418/2418 2419/2419 2420/2420
v 1.018000 1.109000 -0.055000
v 1.018000 1.109000 1.129000
v 1.018000 1.960000 1.129000
v 1.018000 1.960000 -0.055000
vt 0.000000 0.000000
vt 1.000000 0.000000
vt 1.000000 1.000000
vt 0.000000 1.000000
f 2421/2421 2422/2422 2423/2423 2424/2424
v -0.018000 1.960000 -0.055000
v 1.018000 1.960000 -0.055000
v 1.018000 1.960000 1.129000
v -0.018000 1.960000 1.129000
vt 0.000000 0.000000
vt 1.000000 0.000000
vt 1.000000 1.000000
vt 0.000000 1.000000
f 2425/2425 2426/2426 2427/2427 2428/2428
v -0.018000 1.109000 1.129000
v 1.018000 1.109000 1.129000
v 1.018000 1.109000 -0.055000
v -0.018000 1.109000 -0.055000
vt 0.000000 0.000000
vt 1.000000 0.000000
vt 1.000000 1.000000
vt 0.000000 1.000000
f 2429/2429 2430/2430 2431/2431 2432/2432
usemtl dark
v -0.277000 1.257000 0.204000
v 0.019000 1.257000 0.204000
v 0.019000 1.775000 0.204000
v -0.277000 1.775000 0.204000
vt 0.000000 0.000000
vt 1.000000 0.000000
vt 1.000000 1.000000
vt 0.000000 1.000000
f 2433/2433 2434/2434 2435/2435 2436/2436
v 0.019000 1.257000 0.833000
v -0.277000 1.257000 0.833000
v -0.277000 1.775000 0.833000
v 0.019000 1.775000 0.833000
vt 0.000000 0.000000
vt 1.000000 0.000000
vt 1.000000 1.000000
vt 0.000000 1.000000
f 2437/2437 2438/2438 2439/2439 2440/2440
v -0.277000 1.257000 0.833000
v -0.277000 1.257000 0.204000
v -0.277000 1.775000 0.204000
v -0.277000 1.775000 0.833000
vt 0.000000 0.000000
vt 1.000000 0.000000
vt 1.000000 1.000000
vt 0.000000 1.000000
f 2441/2441 2442/2442 2443/2443 2444/2444
v 0.019000 1.257000 0.204000
v 0.019000 1.257000 0.833000
v 0.019000 1.775000 0.833000
v 0.019000 1.775000 0.204000
vt 0.000000 0.000000
vt 1.000000 0.000000
vt 1.000000 1.000000
vt 0.000000 1.000000
f 2445/2445 2446/2446 2447/2447 2448/2448
v -0.277000 1.775000 0.204000
v 0.019000 1.775000 0.204000
v 0.019000 1.775000 0.833000
v -0.277000 1.775000 0.833000
vt 0.000000 0.000000
vt 1.000000 0.000000
vt 1.000000 1.000000
vt 0.000000 1.000000
f 2449/2449 2450/2450 2451/2451 2452/2452
v -0.277000 1.257000 0.833000
v 0.019000 1.257000 0.833000
v 0.019000 1.257000 0.204000
v -0.277000 1.257000 0.204000
vt 0.000000 0.000000
vt 1.000000 0.000000
vt 1.000000 1.000000
vt 0.000000 1.000000
f 2453/2453 2454/2454 2455/2455 2456/2456
v 0.981000 1.257000 0.204000
v 1.277000 1.257000 0.204000
v 1.277000 1.775000 0.204000
v 0.981000 1.775000 0.204000
vt 0.000000 0.000000
vt 1.000000 0.000000
vt 1.000000 1.000000
vt 0.000000 1.000000
f 2457/2457 2458/2458 2459/2459 2460/2460
v 1.277000 1.257000 0.833000
v 0.981000 1.257000 0.833000
v 0.981000 1.775000 0.833000
v 1.277000 1.775000 0.833000
vt 0.000000 0.000000
vt 1.000000 0.000000
vt 1.000000 1.000000
vt 0.000000 1.000000
f 2461/2461 2462/2462 2463/2463 2464/2464
v 0.981000 1.257000 0.833000
v 0.981000 1.257000 0.204000
v 0.981000 1.775000 0.204000
v 0.981000 1.775000 0.833000
vt 0.000000 0.000000
vt 1.000000 0.000000
vt 1.000000 1.000000
vt 0.000000 1.000000
f 2465/2465 2466/2466 2467/2467 2468/2468
v 1.277000 1.257000 0.204000
v 1.277000 1.257000 0.833000
v 1.277000 1.775000 0.833000
v 1.277000 1.775000 0.204000
vt 0.000000 0.000000
vt 1.000000 0.000000
vt 1.000000 1.000000
vt 0.000000 1.000000
f 2469/2469 2470/2470 2471/2471 2472/2472
v 0.981000 1.775000 0.204000
v 1.277000 1.775000 0.204000
v 1.277000 1.775000 0.833000
v 0.981000 1.775000 0.833000
vt 0.000000 0.000000
vt 1.000000 0.000000
vt 1.000000 1.000000
vt 0.000000 1.000000
f 2473/2473 2474/2474 2475/2475 2476/2476
v 0.981000 1.257000 0.833000
v 1.277000 1.257000 0.833000
v 1.277000 1.257000 0.204000
v 0.981000 1.257000 0.204000
vt 0.000000 0.000000
vt 1.000000 0.000000
vt 1.000000 1.000000
vt 0.000000 1.000000
f 2477/2477 2478/2478 2479/2479 2480/2480
v 0.315000 1.442000 0.907000
v 0.329082 1.512796 0.907000
v 0.329082 1.512796 1.462000
v 0.315000 1.442000 1.462000
vt 0.000000 0.000000
vt 0.062500 0.000000
vt 0.062500 1.000000
vt 0.000000 1.000000
f 2481/2481 2482/2482 2483/2483 2484/2484
v 0.500000 1.442000 0.907000
v 0.329082 1.512796 0.907000
v 0.315000 1.442000 0.907000
vt 0.000000 0.000000
vt 1.000000 0.000000
vt 1.000000 1.000000
f 2485/2485 2486/2486 2487/2487
v 0.500000 1.442000 1.462000
v 0.315000 1.442000 1.462000
v 0.329082 1.512796 1.462000
vt 0.000000 0.000000
vt 1.000000 0.000000
vt 1.000000 1.000000
f 2488/2488 2489/2489 2490/2490
v 0.329082 1.512796 0.907000
v 0.369185 1.572815 0.907000
v 0.369185 1.572815 1.462000
v 0.329082 1.512796 1.462000
vt 0.062500 0.000000
vt 0.125000 0.000000
vt 0.125000 1.000000
vt 0.062500 1.000000
f 2491/2491 2492/2492 2493/2493 2494/2494
v 0.500000 1.442000 0.907000
v 0.369185 1.572815 0.907000
v 0.329082 1.512796 0.907000
vt 0.000000 0.000000
vt 1.000000 0.000000
vt 1.000000 1.000000
f 2495/2495 2496/2496 2497/2497
v 0.500000 1.442000 1.462000
v 0.329082 1.512796 1.462000
v 0.369185 1.572815 1.462000
vt 0.000000 0.000000
vt 1.000000 0.000000
vt 1.000000 1.000000
f 2498/2498 2499/2499 2500/2500
v 0.369185 1.572815 0.907000
v 0.429204 1.612918 0.907000
v 0.429204 1.612918 1.462000
v 0.369185 1.572815 1.462000
vt 0.125000 0.000000
vt 0.187500 0.000000
vt 0.187500 1.000000
vt 0.125000 1.000000
f 2501/2501 2502/2502 2503/2503 2504/2504
v 0.500000 1.442000 0.907000
v 0.429204 1.612918 0.907000
v 0.369185 1.572815 0.907000
vt 0.000000 0.000000
vt 1.000000 0.000000
vt 1.000000 1.000000
f 2505/2505 2506/2506 2507/2507
v 0.500000 1.442000 1.462000
v 0.369185 1.572815 1.462000
v 0.429204 1.612918 1.462000
vt 0.000000 0.000000
vt 1.000000 0.000000
vt 1.000000 1.000000
f 2508/2508 2509/2509 2510/2510
v 0.429204 1.612918 0.907000
v 0.500000 1.627000 0.907000
v 0.500000 1.627000 1.462000
v 0.429204 1.612918 1.462000
vt 0.187500 0.000000
vt 0.250000 0.000000
vt 0.250000 1.000000
vt 0.187500 1.000000
f 2511/2511 2512/2512 2513/2513 2514/2514
v 0.500000 1.442000 0.907000
v 0.500000 1.627000 0.907000
v 0.429204 1.612918 0.907000
vt 0.000000 0.000000
vt 1.000000 0.000000
vt 1.000000 1.000000
f 2515/2515 2516/2516 2517/2517
v 0.500000 1.442000 1.462000
v 0.429204 1.612918 1.462000
v 0.500000 1.627000 1.462000
vt 0.000000 0.000000
vt 1.000000 0.000000
vt 1.000000 1.000000
f 2518/2518 2519/2519 2520/2520
v 0.500000 1.627000 0.907000
v 0.570796 1.612918 0.907000
v 0.570796 1.612918 1.462000
v 0.500000 1.627000 1.462000
vt 0.250000 0.000000
vt 0.312500 0.000000
vt 0.312500 1.000000
vt 0.250000 1.000000
f 2521/2521 2522/2522 2523/2523 2524/2524
v 0.500000 1.442000 0.907000
v 0.570796 1.612918 0.907000
v 0.500000 1.627000 0.907000
vt 0.000000 0.000000
vt 1.000000 0.000000
vt 1.000000 1.000000
f 2525/2525 2526/2526 2527/2527
v 0.500000 1.442000 1.462000
v 0.500000 1.627000 1.462000
v 0.570796 1.612918 1.462000
vt 0.000000 0.000000
vt 1.000000 0.000000
vt 1.000000 1.000000
f 2528/2528 2529/2529 2530/2530
v 0.570796 1.612918 0.907000
v 0.630815 1.572815 0.907000
v 0.630815 1.572815 1.462000
v 0.570796 1.612918 1.462000
vt 0.312500 0.000000
vt 0.375000 0.000000
vt 0.375000 1.000000
vt 0.312500 1.000000
f 2531/2531 2532/2532 2533/2533 2534/2534
v 0.500000 1.442000 0.907000
v 0.630815 1.572815 0.907000
v 0.570796 1.612918 0.907000
vt 0.000000 0.000000
vt 1.000000 0.000000
vt 1.000000 1.000000
f 2535/2535 2536/2536 2537/2537
v 0.500000 1.442000 1.462000
v 0.570796 1.612918 1.462000
v 0.630815 1.572815 1.462000
vt 0.000000 0.000000
vt 1.000000 0.000000
vt 1.000000 1.000000
f 2538/2538 2539/2539 2540/2540
v 0.630815 1.572815 0.907000
v 0.670918 1.512796 0.907000
v 0.670918 1.512796 1.462000
v 0.630815 1.572815 1.462000
vt 0.375000 0.000000
vt 0.437500 0.000000
vt 0.437500 1.000000
vt 0.375000 1.000000
f 2541/2541 2542/2542 2543/2543 2544/2544
v 0.500000 1.442000 0.907000
v 0.670918 1.512796 0.907000
v 0.630815 1.572815 0.907000
vt 0.000000 0.000000
vt 1.000000 0.000000
vt 1.000000 1.000000
f 2545/2545 2546/2546 2547/2547
v 0.500000 1.442000 1.462000
v 0.630815 1.572815 1.462000
v 0.670918 1.512796 1.462000
vt 0.000000 0.000000
vt 1.000000 0.000000
vt 1.000000 1.000000
f 2548/2548 2549/2549 2550/2550
v 0.670918 1.512796 0.907000
v 0.685000 1.442000 0.907000
v 0.685000 1.442000 1.462000
v 0.670918 1.512796 1.462000
vt 0.437500 0.000000
vt 0.500000 0.000000
vt 0.500000 1.000000
vt 0.437500 1.000000
f 2551/2551 2552/2552 2553/2553 2554/2554
v 0.500000 1.442000 0.907000
v 0.685000 1.442000 0.907000
v 0.670918 1.512796 0.907000
vt 0.000000 0.000000
vt 1.000000 0.000000
vt 1.000000 1.000000
f 2555/2555 2556/2556 2557/2557
v 0.500000 1.442000 1.462000
v 0.670918 1.512796 1.462000
v 0.685000 1.442000 1.462000
vt 0.000000 0.000000
vt 1.000000 0.000000
vt 1.000000 1.000000
f 2558/2558 2559/2559 2560/2560
v 0.685000 1.442000 0.907000
v 0.670918 1.371204 0.907000
v 0.670918 1.371204 1.462000
v 0.685000 1.442000 1.462000
vt 0.500000 0.000000
vt 0.562500 0.000000
vt 0.562500 1.000000
vt 0.500000 1.000000
f 2561/2561 2562/2562 2563/2563 2564/2564
v 0.500000 1.442000 0.907000
v 0.670918 1.371204 0.907000
v 0.685000 1.442000 0.907000
vt 0.000000 0.000000
vt 1.000000 0.000000
vt 1.000000 1.000000
f 2565/2565 2566/2566 2567/2567
v 0.500000 1.442000 1.462000
v 0.685000 1.442000 1.462000
v 0.670918 1.371204 1.462000
vt 0.000000 0.000000
vt 1.000000 0.000000
vt 1.000000 1.000000
f 2568/2568 2569/2569 2570/2570
v 0.670918 1.371204 0.907000
v 0.630815 1.311185 0.907000
v 0.630815 1.311185 1.462000
v 0.670918 1.371204 1.462000
vt 0.562500 0.000000
vt 0.625000 0.000000
vt 0.625000 1.000000
vt 0.562500 1.000000
f 2571/2571 2572/2572 2573/2573 2574/2574
v 0.500000 1.442000 0.907000
v 0.630815 1.311185 0.907000
v 0.670918 1.371204 0.907000
vt 0.000000 0.000000
vt 1.000000 0.000000
vt 1.000000 1.000000
f 2575/2575 2576/2576 2577/2577
v 0.500000 1.442000 1.462000
v 0.670918 1.371204 1.462000
v 0.630815 1.311185 1.462000
vt 0.000000 0.000000
vt 1.000000 0.000000
vt 1.000000 1.000000
f 2578/2578 2579/2579 2580/2580
v 0.630815 1.311185 0.907000
v 0.570796 1.271082 0.907000
v 0.570796 1.271082 1.462000
v 0.630815 1.311185 1.462000
vt 0.625000 0.000000
vt 0.687500 0.000000
vt 0.687500 1.000000
vt 0.625000 1.000000
f 2581/2581 2582/2582 2583/2583 2584/2584
v 0.500000 1.442000 0.907000
v 0.570796 1.271082 0.907000
v 0.630815 1.311185 0.907000
vt 0.000000 0.000000
vt 1.000000 0.000000
vt 1.000000 1.000000
f 2585/2585 2586/2586 2587/2587
v 0.500000 1.442000 1.462000
v 0.630815 1.311185 1.462000
v 0.570796 1.271082 1.462000
vt 0.000000 0.000000
vt 1.000000 0.000000
vt 1.000000 1.000000
f 2588/2588 2589/2589 2590/2590
v 0.570796 1.271082 0.907000
v 0.500000 1.257000 0.907000
v 0.500000 1.257000 1.462000
v 0.570796 1.271082 1.462000
vt 0.687500 0.000000
vt 0.750000 0.000000
vt 0.750000 1.000000
vt 0.687500 1.000000
f 2591/2591 2592/2592 2593/2593 2594/2594
v 0.500000 1.442000 0.907000
v 0.500000 1.257000 0.907000
v 0.570796 1.271082 0.907000
vt 0.000000 0.000000
vt 1.000000 0.000000
vt 1.000000 1.000000
f 2595/2595 2596/2596 2597/2597
v 0.500000 1.442000 1.462000
v 0.570796 1.271082 1.462000
v 0.500000 1.257000 1.462000
vt 0.000000 0.000000
vt 1.000000 0.000000
vt 1.000000 1.000000
f 2598/2598 2599/2599 2600/2600
v 0.500000 1.257000 0.907000
v 0.429204 1.271082 0.907000
v 0.429204 1.271082 1.462000
v 0.500000 1.257000 1.462000
vt 0.750000 0.000000
vt 0.812500 0.000000
vt 0.812500 1.000000
vt 0.750000 1.000000
f 2601/2601 2602/2602 2603/2603 2604/2604
v 0.500000 1.442000 0.907000
v 0.429204 1.271082 0.907000
v 0.500000 1.257000 0.907000
vt 0.000000 0.000000
vt 1.000000 0.000000
vt 1.000000 1.000000
f 2605/2605 2606/2606 2607/2607
v 0.500000 1.442000 1.462000
v 0.500000 1.257000 1.462000
v 0.429204 1.271082 1.462000
vt 0.000000 0.000000
vt 1.000000 0.000000
vt 1.000000 1.000000
f 2608/2608 2609/2609 2610/2610
v 0.429204 1.271082 0.907000
v 0.369185 1.311185 0.907000
v 0.369185 1.311185 1.462000
v 0.429204 1.271082 1.462000
vt 0.812500 0.000000
vt 0.875000 0.000000
vt 0.875000 1.000000
vt 0.812500 1.000000
f 2611/2611 2612/2612 2613/2613 2614/2614
v 0.500000 1.442000 0.907000
v 0.369185 1.311185 0.907000
v 0.429204 1.271082 0.907000
vt 0.000000 0.000000
vt 1.000000 0.000000
vt 1.000000 1.000000
f 2615/2615 2616/2616 2617/2617
v 0.500000 1.442000 1.462000
v 0.429204 1.271082 1.462000
v 0.369185 1.311185 1.462000
vt 0.000000 0.000000
vt 1.000000 0.000000
vt 1.000000 1.000000
f 2618/2618 2619/2619 2620/2620
v 0.369185 1.311185 0.907000
v 0.329082 1.371204 0.907000
v 0.329082 1.371204 1.462000
v 0.369185 1.311185 1.462000
vt 0.875000 0.000000
vt 0.937500 0.000000
vt 0.937500 1.000000
vt 0.875000 1.000000
f 2621/2621 2622/2622 2623/2623 2624/2624
v 0.500000 1.442000 0.907000
v 0.329082 1.371204 0.907000
v 0.369185 1.311185 0.907000
vt 0.000000 0.000000
vt 1.000000 0.000000
vt 1.000000 1.000000
f 2625/2625 2626/2626 2627/2627
v 0.500000 1.442000 1.462000
v 0.369185 1.311185 1.462000
v 0.329082 1.371204 1.462000
vt 0.000000 0.000000
vt 1.000000 0.000000
vt 1.000000 1.000000
f 2628/2628 2629/2629 2630/2630
v 0.329082 1.371204 0.907000
v 0.315000 1.442000 0.907000
v 0.315000 1.442000 1.462000
v 0.329082 1.371204 1.462000
vt 0.937500 0.000000
vt 1.000000 0.000000
vt 1.000000 1.000000
vt 0.937500 1.000000
f 2631/2631 2632/2632 2633/2633 2634/2634
v 0.500000 1.442000 0.907000
v 0.315000 1.442000 0.907000
v 0.329082 1.371204 0.907000
vt 0.000000 0.000000
vt 1.000000 0.000000
vt 1.000000 1.000000
f 2635/2635 2636/2636 2637/2637
v 0.500000 1.442000 1.462000
v 0.329082 1.371204 1.462000
v 0.315000 1.442000 1.462000
vt 0.000000 0.000000
vt 1.000000 0.000000
vt 1.000000 1.000000
f 2638/2638 2639/2639 2640/2640
v 0.611000 1.442000 1.166000
v 0.620753 1.465547 1.166000
v 0.620753 1.465547 2.683000
v 0.611000 1.442000 2.683000
vt 0.000000 0.000000
vt 0.125000 0.000000
vt 0.125000 1.000000
vt 0.000000 1.000000
f 2641/2641 2642/2642 2643/2643 2644/2644
v 0.644300 1.442000 1.166000
v 0.620753 1.465547 1.166000
v 0.611000 1.442000 1.166000
vt 0.000000 0.000000
vt 1.000000 0.000000
vt 1.000000 1.000000
f 2645/2645 2646/2646 2647/2647
v 0.644300 1.442000 2.683000
v 0.611000 1.442000 2.683000
v 0.620753 1.465547 2.683000
vt 0.000000 0.000000
vt 1.000000 0.000000
vt 1.000000 1.000000
f 2648/2648 2649/2649 2650/2650
v 0.620753 1.465547 1.166000
v 0.644300 1.475300 1.166000
v 0.644300 1.475300 2.683000
v 0.620753 1.465547 2.683000
vt 0.125000 0.000000
vt 0.250000 0.000000
vt 0.250000 1.000000
vt 0.125000 1.000000
f 2651/2651 2652/2652 2653/2653 2654/2654
v 0.644300 1.442000 1.166000
v 0.644300 1.475300 1.166000
v 0.620753 1.465547 1.166000
vt 0.000000 0.000000
vt 1.000000 0.000000
vt 1.000000 1.000000
f 2655/2655 2656/2656 2657/2657
v 0.644300 1.442000 2.683000
v 0.620753 1.465547 2.683000
v 0.644300 1.475300 2.683000
vt 0.000000 0.000000
vt 1.000000 0.000000
vt 1.000000 1.000000
f 2658/2658 2659/2659 2660/2660
v 0.644300 1.475300 1.166000
v 0.667847 1.465547 1.166000
v 0.667847 1.465547 2.683000
v 0.644300 1.475300 2.683000
vt 0.250000 0.000000
vt 0.375000 0.000000
vt 0.375000 1.000000
vt 0.250000 1.000000
f 2661/2661 2662/2662 2663/2663 2664/2664
v 0.644300 1.442000 1.166000
v 0.667847 1.465547 1.166000
v 0.644300 1.475300 1.166000
vt 0.000000 0.000000
vt 1.000000 0.000000
vt 1.000000 1.000000
f 2665/2665 2666/2666 2667/2667
v 0.644300 1.442000 2.683000
v 0.644300 1.475300 2.683000
v 0.667847 1.465547 2.683000
vt 0.000000 0.000000
vt 1.000000 0.000000
vt 1.000000 1.000000
f 2668/2668 2669/2669 2670/2670
v 0.667847 1.465547 1.166000
v 0.677600 1.442000 1.166000
v 0.677600 1.442000 2.683000
v 0.667847 1.465547 2.683000
vt 0.375000 0.000000
vt 0.500000 0.000000
vt 0.500000 1.000000
vt 0.375000 1.000000
f 2671/2671 2672/2672 2673/2673 2674/2674
v 0.644300 1.442000 1.166000
v 0.677600 1.442000 1.166000
v 0.667847 1.465547 1.166000
vt 0.000000 0.000000
vt 1.000000 0.000000
vt 1.000000 1.000000
f 2675/2675 2676/2676 2677/2677
v 0.644300 1.442000 2.683000
v 0.667847 1.465547 2.683000
v 0.677600 1.442000 2.683000
vt 0.000000 0.000000
vt 1.000000 0.000000
vt 1.000000 1.000000
f 2678/2678 2679/2679 2680/2680
v 0.677600 1.442000 1.166000
v 0.667847 1.418453 1.166000
v 0.667847 1.418453 2.683000
v 0.677600 1.442000 2.683000
vt 0.500000 0.000000
vt 0.625000 0.000000
vt 0.625000 1.000000
vt 0.500000 1.000000
f 2681/2681 2682/2682 2683/2683 2684/2684
v 0.644300 1.442000 1.166000
v 0.667847 1.418453 1.166000
v 0.677600 1.442000 1.166000
vt 0.000000 0.000000
vt 1.000000 0.000000
vt 1.000000 1.000000
f 2685/2685 2686/2686 2687/2687
v 0.644300 1.442000 2.683000
v 0.677600 1.442000 2.683000
v 0.667847 1.418453 2.683000
vt 0.000000 0.000000
vt 1.000000 0.000000
vt 1.000000 1.000000
f 2688/2688 2689/2689 2690/2690
v 0.667847 1.418453 1.166000
v 0.644300 1.408700 1.166000
v 0.644300 1.408700 2.683000
v 0.667847 1.418453 2.683000
vt 0.625000 0.000000
vt 0.750000 0.000000
vt 0.750000 1.000000
vt 0.625000 1.000000
f 2691/2691 2692/2692 2693/2693 2694/2694
v 0.644300 1.442000 1.166000
v 0.644300 1.408700 1.166000
v 0.667847 1.418453 1.166000
vt 0.000000 0.000000
vt 1.000000 0.000000
vt 1.000000 1.000000
f 2695/2695 2696/2696 2697/2697
v 0.644300 1.442000 2.683000
v 0.667847 1.418453 2.683000
v 0.644300 1.408700 2.683000
vt 0.000000 0.000000
vt 1.000000 0.000000
vt 1.000000 1.000000
f 2698/2698 2699/2699 2700/2700
v 0.644300 1.408700 1.166000
v 0.620753 1.418453 1.166000
v 0.620753 1.418453 2.683000
v 0.644300 1.408700 2.683000
vt 0.750000 0.000000
vt 0.875000 0.000000
vt 0.875000 1.000000
vt 0.750000 1.000000
f 2701/2701 2702/2702 2703/2703 2704/2704
v 0.644300 1.442000 1.166000
v 0.620753 1.418453 1.166000
v 0.644300 1.408700 1.166000
vt 0.000000 0.000000
vt 1.000000 0.000000
vt 1.000000 1.000000
f 2705/2705 2706/2706 2707/2707
v 0.644300 1.442000 2.683000
v 0.644300 1.408700 2.683000
v 0.620753 1.418453 2.683000
vt 0.000000 0.000000
vt 1.000000 0.000000
vt 1.000000 1.000000
f 2708/2708 2709/2709 2710/2710
v 0.620753 1.418453 1.166000
v 0.611000 1.442000 1.166000
v 0.611000 1.442000 2.683000
v 0.620753 1.418453 2.683000
vt 0.875000 0.000000
vt 1.000000 0.000000
vt 1.000000 1.000000
vt 0.875000 1.000000
f 2711/2711 2712/2712 2713/2713 2714/2714
v 0.644300 1.442000 1.166000
v 0.611000 1.442000 1.166000
v 0.620753 1.418453 1.166000
vt 0.000000 0.000000
vt 1.000000 0.000000
vt 1.000000 1.000000
f 2715/2715 2716/2716 2717/2717
v 0.644300 1.442000 2.683000
v 0.620753 1.418453 2.683000
v 0.611000 1.442000 2.683000
vt 0.000000 0.000000
vt 1.000000 0.000000
vt 1.000000 1.000000
f 2718/2718 2719/2719 2720/2720
v 0.538850 1.566967 1.166000
v 0.548603 1.590514 1.166000
v 0.548603 1.590514 2.683000
v 0.538850 1.566967 2.683000
vt 0.000000 0.000000
vt 0.125000 0.000000
vt 0.125000 1.000000
vt 0.000000 1.000000
f 2721/2721 2722/2722 2723/2723 2724/2724
v 0.572150 1.566967 1.166000
v 0.548603 1.590514 1.166000
v 0.538850 1.566967 1.166000
vt 0.000000 0.000000
vt 1.000000 0.000000
vt 1.000000 1.000000
f 2725/2725 2726/2726 2727/2727
v 0.572150 1.566967 2.683000
v 0.538850 1.566967 2.683000
v 0.548603 1.590514 2.683000
vt 0.000000 0.000000
vt 1.000000 0.000000
vt 1.000000 1.000000
f 2728/2728 2729/2729 2730/2730
v 0.548603 1.590514 1.166000
v 0.572150 1.600267 1.166000
v 0.572150 1.600267 2.683000
v 0.548603 1.590514 2.683000
vt 0.125000 0.000000
vt 0.250000 0.000000
vt 0.250000 1.000000
vt 0.125000 1.000000
f 2731/2731 2732/2732 2733/2733 2734/2734
v 0.572150 1.566967 1.166000
v 0.572150 1.600267 1.166000
v 0.548603 1.590514 1.166000
vt 0.000000 0.000000
vt 1.000000 0.000000
vt 1.000000 1.000000
f 2735/2735 2736/2736 2737/2737
v 0.572150 1.566967 2.683000
v 0.548603 1.590514 2.683000
v 0.572150 1.600267 2.683000
vt 0.000000 0.000000
vt 1.000000 0.000000
vt 1.000000 1.000000
f 2738/2738 2739/2739 2740/2740
v 0.572150 1.600267 1.166000
v 0.595697 1.590514 1.166000
v 0.595697 1.590514 2.683000
v 0.572150 1.600267 2.683000
vt 0.250000 0.000000
vt 0.375000 0.000000
vt 0.375000 1.000000
vt 0.250000 1.000000
f 2741/2741 2742/2742 2743/2743 2744/2744
v 0.572150 1.566967 1.166000
v 0.595697 1.590514 1.166000
v 0.572150 1.600267 1.166000
vt 0.000000 0.000000
vt 1.000000 0.000000
vt 1.000000 1.000000
f 2745/2745 2746/2746 2747/2747
v 0.572150 1.566967 2.683000
v 0.572150 1.600267 2.683000
v 0.595697 1.590514 2.683000
vt 0.000000 0.000000
vt 1.000000 0.000000
vt 1.000000 1.000000
f 2748/2748 2749/2749 2750/2750
v 0.595697 1.590514 1.166000
v 0.605450 1.566967 1.166000
v 0.605450 1.566967 2.683000
v 0.595697 1.590514 2.683000
vt 0.375000 0.000000
vt 0.500000 0.000000
vt 0.500000 1.000000
vt 0.375000 1.000000
f 2751/2751 2752/2752 2753/2753 2754/2754
v 0.572150 1.566967 1.166000
v 0.605450 1.566967 1.166000
v 0.595697 1.590514 1.166000
vt 0.000000 0.000000
vt 1.000000 0.000000
vt 1.000000 1.000000
f 2755/2755 2756/2756 2757/2757
v 0.572150 1.566967 2.683000
v 0.595697 1.590514 2.683000
v 0.605450 1.566967 2.683000
vt 0.000000 0.000000
vt 1.000000 0.000000
vt 1.000000 1.000000
f 2758/2758 2759/2759 2760/2760
v 0.605450 1.566967 1.166000
v 0.595697 1.543421 1.166000
v 0.595697 1.543421 2.683000
v 0.605450 1.566967 2.683000
vt 0.500000 0.000000
vt 0.625000 0.000000
vt 0.625000 1.000000
vt 0.500000 1.000000
f 2761/2761 2762/2762 2763/2763 2764/2764
v 0.572150 1.566967 1.166000
v 0.595697 1.543421 1.166000
v 0.605450 1.566967 1.166000
vt 0.000000 0.000000
vt 1.000000 0.000000
vt 1.000000 1.000000
f 2765/2765 2766/2766 2767/2767
v 0.572150 1.566967 2.683000
v 0.605450 1.566967 2.683000
v 0.595697 1.543421 2.683000
vt 0.000000 0.000000
vt 1.000000 0.000000
vt 1.000000 1.000000
f 2768/2768 2769/2769 2770/2770
v 0.595697 1.543421 1.166000
v 0.572150 1.533667 1.166000
v 0.572150 1.533667 2.683000
v 0.595697 1.543421 2.683000
vt 0.625000 0.000000
vt 0.750000 0.000000
vt 0.750000 1.000000
vt 0.625000 1.000000
f 2771/2771 2772/2772 2773/2773 2774/2774
v 0.572150 1.566967 1.166000
v 0.572150 1.533667 1.166000
v 0.595697 1.543421 1.166000
vt 0.000000 0.000000
vt 1.000000 0.000000
vt 1.000000 1.000000
f 2775/2775 2776/2776 2777/2777
v 0.572150 1.566967 2.683000
v 0.595697 1.543421 2.683000
v 0.572150 1.533667 2.683000
vt 0.000000 0.000000
vt 1.000000 0.000000
vt 1.000000 1.000000
f 2778/2778 2779/2779 2780/2780
v 0.572150 1.533667 1.166000
v 0.548603 1.543421 1.166000
v 0.548603 1.543421 2.683000
v 0.572150 1.533667 2.683000
vt 0.750000 0.000000
vt 0.875000 0.000000
vt 0.875000 1.000000
vt 0.750000 1.000000
f 2781/2781 2782/2782 2783/2783 2784/2784
v 0.572150 1.566967 1.166000
v 0.548603 1.543421 1.166000
v 0.572150 1.533667 1.166000
vt 0.000000 0.000000
vt 1.000000 0.000000
vt 1.000000 1.000000
f 2785/2785 2786/2786 2787/2787
v 0.572150 1.566967 2.683000
v 0.572150 1.533667 2.683000
v 0.548603 1.543421 2.683000
vt 0.000000 0.000000
vt 1.000000 0.000000
vt 1.000000 1.000000
f 2788/2788 2789/2789 2790/2790
v 0.548603 1.543421 1.166000
v 0.538850 1.566967 1.166000
v 0.538850 1.566967 2.683000
v 0.548603 1.543421 2.683000
vt 0.875000 0.000000
vt 1.000000 0.000000
vt 1.000000 1.000000
vt 0.875000 1.000000
f 2791/2791 2792/2792 2793/2793 2794/2794
v 0.572150 1.566967 1.166000
v 0.538850 1.566967 1.166000
v 0.548603 1.543421 1.166000
vt 0.000000 0.000000
vt 1.000000 0.000000
vt 1.000000 1.000000
f 2795/2795 2796/2796 2797/2797
v 0.572150 1.566967 2.683000
v 0.548603 1.543421 2.683000
v 0.538850 1.566967 2.683000
vt 0.000000 0.000000
vt 1.000000 0.000000
vt 1.000000 1.000000
f 2798/2798 2799/2799 2800/2800
v 0.394550 1.566967 1.166000
v 0.404303 1.590514 1.166000
v 0.404303 1.590514 2.683000
v 0.394550 1.566967 2.683000
vt 0.000000 0.000000
vt 0.125000 0.000000
vt 0.125000 1.000000
vt 0.000000 1.000000
f 2801/2801 2802/2802 2803/2803 2804/2804
v 0.427850 1.566967 1.166000
v 0.404303 1.590514 1.166000
v 0.394550 1.566967 1.166000
vt 0.000000 0.000000
vt 1.000000 0.000000
vt 1.000000 1.000000
f 2805/2805 2806/2806 2807/2807
v 0.427850 1.566967 2.683000
v 0.394550 1.566967 2.683000
v 0.404303 1.590514 2.683000
vt 0.000000 0.000000
vt 1.000000 0.000000
vt 1.000000 1.000000
f 2808/2808 2809/2809 2810/2810
v 0.404303 1.590514 1.166000
v 0.427850 1.600267 1.166000
v 0.427850 1.600267 2.683000
v 0.404303 1.590514 2.683000
vt 0.125000 0.000000
vt 0.250000 0.000000
vt 0.250000 1.000000
vt 0.125000 1.000000
f 2811/2811 2812/2812 2813/2813 2814/2814
v 0.427850 1.566967 1.166000
v 0.427850 1.600267 1.166000
v 0.404303 1.590514 1.166000
vt 0.000000 0.000000
vt 1.000000 0.000000
vt 1.000000 1.000000
f 2815/2815 2816/2816 2817/2817
v 0.427850 1.566967 2.683000
v 0.404303 1.590514 2.683000
v 0.427850 1.600267 2.683000
vt 0.000000 0.000000
vt 1.000000 0.000000
vt 1.000000 1.000000
f 2818/2818 2819/2819 2820/2820
v 0.427850 1.600267 1.166000
v 0.451397 1.590514 1.166000
v 0.451397 1.590514 2.683000
v 0.427850 1.600267 2.683000
vt 0.250000 0.000000
vt 0.375000 0.000000
vt 0.375000 1.000000
vt 0.250000 1.000000
f 2821/2821 2822/2822 2823/2823 2824/2824
v 0.427850 1.566967 1.166000
v 0.451397 1.590514 1.166000
v 0.427850 1.600267 1.166000
vt 0.000000 0.000000
vt 1.000000 0.000000
vt 1.000000 1.000000
f 2825/2825 2826/2826 2827/2827
v 0.427850 1.566967 2.683000
v 0.427850 1.600267 2.683000
v 0.451397 1.590514 2.683000
vt 0.000000 0.000000
vt 1.000000 0.000000
vt 1.000000 1.000000
f 2828/2828 2829/2829 2830/2830
v 0.451397 1.590514 1.166000
v 0.461150 1.566967 1.166000
v 0.461150 1.566967 2.683000
v 0.451397 1.590514 2.683000
vt 0.375000 0.000000
vt 0.500000 0.000000
vt 0.500000 1.000000
vt 0.375000 1.000000
f 2831/2831 2832/2832 2833/2833 2834/2834
v 0.427850 1.566967 1.166000
v 0.461150 1.566967 1.166000
v 0.451397 1.590514 1.166000
vt 0.000000 0.000000
vt 1.000000 0.000000
vt 1.000000 1.000000
f 2835/2835 2836/2836 2837/2837
v 0.427850 1.566967 2.683000
v 0.451397 1.590514 2.683000
v 0.461150 1.566967 2.683000
vt 0.000000 0.000000
vt 1.000000 0.000000
vt 1.000000 1.000000
f 2838/2838 2839/2839 2840/2840
v 0.461150 1.566967 1.166000
v 0.451397 1.543421 1.166000
v 0.451397 1.543421 2.683000
v 0.461150 1.566967 2.683000
vt 0.500000 0.000000
vt 0.625000 0.000000
vt 0.625000 1.000000
vt 0.500000 1.000000
f 2841/2841 2842/2842 2843/2843 2844/2844
v 0.427850 1.566967 1.166000
v 0.451397 1.543421 1.166000
v 0.461150 1.566967 1.166000
vt 0.000000 0.000000
vt 1.000000 0.000000
vt 1.000000 1.000000
f 2845/2845 2846/2846 2847/2847
v 0.427850 1.566967 2.683000
v 0.461150 1.566967 2.683000
v 0.451397 1.543421 2.683000
vt 0.000000 0.000000
vt 1.000000 0.000000
vt 1.000000 1.000000
f 2848/2848 2849/2849 2850/2850
v 0.451397 1.543421 1.166000
v 0.427850 1.533667 1.166000
v 0.427850 1.533667 2.683000
v 0.451397 1.543421 2.683000
vt 0.625000 0.000000
vt 0.750000 0.000000
vt 0.750000 1.000000
vt 0.625000 1.000000
f 2851/2851 2852/2852 2853/2853 2854/2854
v 0.427850 1.566967 1.166000
v 0.427850 1.533667 1.166000
v 0.451397 1.543421 1.166000
vt 0.000000 0.000000
vt 1.000000 0.000000
vt 1.000000 1.000000
f 2855/2855 2856/2856 2857/2857
v 0.427850 1.566967 2.683000
v 0.451397 1.543421 2.683000
v 0.427850 1.533667 2.683000
vt 0.000000 0.000000
vt 1.000000 0.000000
vt 1.000000 1.000000
f 2858/2858 2859/2859 2860/2860
v 0.427850 1.533667 1.166000
v 0.404303 1.543421 1.166000
v 0.404303 1.543421 2.683000
v 0.427850 1.533667 2.683000
vt 0.750000 0.000000
vt 0.875000 0.000000
vt 0.875000 1.000000
vt 0.750000 1.000000
f 2861/2861 2862/2862 2863/2863 2864/2864
v 0.427850 1.566967 1.166000
v 0.404303 1.543421 1.166000
v 0.427850 1.533667 1.166000
vt 0.000000 0.000000
vt 1.000000 0.000000
vt 1.000000 1.000000
f 2865/2865 2866/2866 2867/2867
v 0.427850 1.566967 2.683000
v 0.427850 1.533667 2.683000
v 0.404303 1.543421 2.683000
vt 0.000000 0.000000
vt 1.000000 0.000000
vt 1.000000 1.000000
f 2868/2868 2869/2869 2870/2870
v 0.404303 1.543421 1.166000
v 0.394550 1.566967 1.166000
v 0.394550 1.566967 2.683000
v 0.404303 1.543421 2.683000
vt 0.875000 0.000000
vt 1.000000 0.000000
vt 1.000000 1.000000
vt 0.875000 1.000000
f 2871/2871 2872/2872 2873/2873 2874/2874
v 0.427850 1.566967 1.166000
v 0.394550 1.566967 1.166000
v 0.404303 1.543421 1.166000
vt 0.000000 0.000000
vt 1.000000 0.000000
vt 1.000000 1.000000
f 2875/2875 2876/2876 2877/2877
v 0.427850 1.566967 2.683000
v 0.404303 1.543421 2.683000
v 0.394550 1.566967 2.683000
vt 0.000000 0.000000
vt 1.000000 0.000000
vt 1.000000 1.000000
f 2878/2878 2879/2879 2880/2880
v 0.322400 1.442000 1.166000
v 0.332153 1.465547 1.166000
v 0.332153 1.465547 2.683000
v 0.322400 1.442000 2.683000
vt 0.000000 0.000000
vt 0.125000 0.000000
vt 0.125000 1.000000
vt 0.000000 1.000000
f 2881/2881 2882/2882 2883/2883 2884/2884
v 0.355700 1.442000 1.166000
v 0.332153 1.465547 1.166000
v 0.322400 1.442000 1.166000
vt 0.000000 0.000000
vt 1.000000 0.000000
vt 1.000000 1.000000
f 2885/2885 2886/2886 2887/2887
v 0.355700 1.442000 2.683000
v 0.322400 1.442000 2.683000
v 0.332153 1.465547 2.683000
vt 0.000000 0.000000
vt 1.000000 0.000000
vt 1.000000 1.000000
f 2888/2888 2889/2889 2890/2890
v 0.332153 1.465547 1.166000
v 0.355700 1.475300 1.166000
v 0.355700 1.475300 2.683000
v 0.332153 1.465547 2.683000
vt 0.125000 0.000000
vt 0.250000 0.000000
vt 0.250000 1.000000
vt 0.125000 1.000000
f 2891/2891 2892/2892 2893/2893 2894/2894
v 0.355700 1.442000 1.166000
v 0.355700 1.475300 1.166000
v 0.332153 1.465547 1.166000
vt 0.000000 0.000000
vt 1.000000 0.000000
vt 1.000000 1.000000
f 2895/2895 2896/2896 2897/2897
v 0.355700 1.442000 2.683000
v 0.332153 1.465547 2.683000
v 0.355700 1.475300 2.683000
vt 0.000000 0.000000
vt 1.000000 0.000000
vt 1.000000 1.000000
f 2898/2898 2899/2899 2900/2900
v 0.355700 1.475300 1.166000
v 0.379247 1.465547 1.166000
v 0.379247 1.465547 2.683000
v 0.355700 1.475300 2.683000
vt 0.250000 0.000000
vt 0.375000 0.000000
vt 0.375000 1.000000
vt 0.250000 1.000000
f 2901/2901 2902/2902 2903/2903 2904/2904
v 0.355700 1.442000 1.166000
v 0.379247 1.465547 1.166000
v 0.355700 1.475300 1.166000
vt 0.000000 0.000000
vt 1.000000 0.000000
vt 1.000000 1.000000
f 2905/2905 2906/2906 2907/2907
v 0.355700 1.442000 2.683000
v 0.355700 1.475300 2.683000
v 0.379247 1.465547 2.683000
vt 0.000000 0.000000
vt 1.000000 0.000000
vt 1.000000 1.000000
f 2908/2908 2909/2909 2910/2910
v 0.379247 1.465547 1.166000
v 0.389000 1.442000 1.166000
v 0.389000 1.442000 2.683000
v 0.379247 1.465547 2.683000
vt 0.375000 0.000000
vt 0.500000 0.000000
vt 0.500000 1.000000
vt 0.375000 1.000000
f 2911/2911 2912/2912 2913/2913 2914/2914
v 0.355700 1.442000 1.166000
v 0.389000 1.442000 1.166000
v 0.379247 1.465547 1.166000
vt 0.000000 0.000000
vt 1.000000 0.000000
vt 1.000000 1.000000
f 2915/2915 2916/2916 2917/2917
v 0.355700 1.442000 2.683000
v 0.379247 1.465547 2.683000
v 0.389000 1.442000 2.683000
vt 0.000000 0.000000
vt 1.000000 0.000000
vt 1.000000 1.000000
f 2918/2918 2919/2919 2920/2920
v 0.389000 1.442000 1.166000
v 0.379247 1.418453 1.166000
v 0.379247 1.418453 2.683000
v 0.389000 1.442000 2.683000
vt 0.500000 0.000000
vt 0.625000 0.000000
vt 0.625000 1.000000
vt 0.500000 1.000000
f 2921/2921 2922/2922 2923/2923 2924/2924
v 0.355700 1.442000 1.166000
v 0.379247 1.418453 1.166000
v 0.389000 1.442000 1.166000
vt 0.000000 0.000000
vt 1.000000 0.000000
vt 1.000000 1.000000
f 2925/2925 2926/2926 2927/2927
v 0.355700 1.442000 2.683000
v 0.389000 1.442000 2.683000
v 0.379247 1.418453 2.683000
vt 0.000000 0.000000
vt 1.000000 0.000000
vt 1.000000 1.000000
f 2928/2928 2929/2929 2930/2930
v 0.379247 1.418453 1.166000
v 0.355700 1.408700 1.166000
v 0.355700 1.408700 2.683000
v 0.379247 1.418453 2.683000
vt 0.625000 0.000000
vt 0.750000 0.000000
vt 0.750000 1.000000
vt 0.625000 1.000000
f 2931/2931 2932/2932 2933/2933 2934/2934
v 0.355700 1.442000 1.166000
v 0.355700 1.408700 1.166000
v 0.379247 1.418453 1.166000
vt 0.000000 0.000000
vt 1.000000 0.000000
vt 1.000000 1.000000
f 2935/2935 2936/2936 2937/2937
v 0.355700 1.442000 2.683000
v 0.379247 1.418453 2.683000
v 0.355700 1.408700 2.683000
vt 0.000000 0.000000
vt 1.000000 0.000000
vt 1.000000 1.000000
f 2938/2938 2939/2939 2940/2940
v 0.355700 1.408700 1.166000
v 0.332153 1.418453 1.166000
v 0.332153 1.418453 2.683000
v 0.355700 1.408700 2.683000
vt 0.750000 0.000000
vt 0.875000 0.000000
vt 0.875000 1.000000
vt 0.750000 1.000000
f 2941/2941 2942/2942 2943/2943 2944/2944
v 0.355700 1.442000 1.166000
v 0.332153 1.418453 1.166000
v 0.355700 1.408700 1.166000
vt 0.000000 0.000000
vt 1.000000 0.000000
vt 1.000000 1.000000
f 2945/2945 2946/2946 2947/2947
v 0.355700 1.442000 2.683000
v 0.355700 1.408700 2.683000
v 0.332153 1.418453 2.683000
vt 0.000000 0.000000
vt 1.000000 0.000000
vt 1.000000 1.000000
f 2948/2948 2949/2949 2950/2950
v 0.332153 1.418453 1.166000
v 0.322400 1.442000 1.166000
v 0.322400 1.442000 2.683000
v 0.332153 1.418453 2.683000
vt 0.875000 0.000000
vt 1.000000 0.000000
vt 1.000000 1.000000
vt 0.875000 1.000000
f 2951/2951 2952/2952 2953/2953 2954/2954
v 0.355700 1.442000 1.166000
v 0.322400 1.442000 1.166000
v 0.332153 1.418453 1.166000
vt 0.000000 0.000000
vt 1.000000 0.000000
vt 1.000000 1.000000
f 2955/2955 2956/2956 2957/2957
v 0.355700 1.442000 2.683000
v 0.332153 1.418453 2.683000
v 0.322400 1.442000 2.683000
vt 0.000000 0.000000
vt 1.000000 0.000000
vt 1.000000 1.000000
f 2958/2958 2959/2959 2960/2960
v 0.394550 1.317033 1.166000
v 0.404303 1.340579 1.166000
v 0.404303 1.340579 2.683000
v 0.394550 1.317033 2.683000
vt 0.000000 0.000000
vt 0.125000 0.000000
vt 0.125000 1.000000
vt 0.000000 1.000000
f 2961/2961 2962/2962 2963/2963 2964/2964
v 0.427850 1.317033 1.166000
v 0.404303 1.340579 1.166000
v 0.394550 1.317033 1.166000
vt 0.000000 0.000000
vt 1.000000 0.000000
vt 1.000000 1.000000
f 2965/2965 2966/2966 2967/2967
v 0.427850 1.317033 2.683000
v 0.394550 1.317033 2.683000
v 0.404303 1.340579 2.683000
vt 0.000000 0.000000
vt 1.000000 0.000000
vt 1.000000 1.000000
f 2968/2968 2969/2969 2970/2970
v 0.404303 1.340579 1.166000
v 0.427850 1.350333 1.166000
v 0.427850 1.350333 2.683000
v 0.404303 1.340579 2.683000
vt 0.125000 0.000000
vt 0.250000 0.000000
vt 0.250000 1.000000
vt 0.125000 1.000000
f 2971/2971 2972/2972 2973/2973 2974/2974
v 0.427850 1.317033 1.166000
v 0.427850 1.350333 1.166000
v 0.404303 1.340579 1.166000
vt 0.000000 0.000000
vt 1.000000 0.000000
vt 1.000000 1.000000
f 2975/2975 2976/2976 2977/2977
v 0.427850 1.317033 2.683000
v 0.404303 1.340579 2.683000
v 0.427850 1.350333 2.683000
vt 0.000000 0.000000
vt 1.000000 0.000000
vt 1.000000 1.000000
f 2978/2978 2979/2979 2980/2980
v 0.427850 1.350333 1.166000
v 0.451397 1.340579 1.166000
v 0.451397 1.340579 2.683000
v 0.427850 1.350333 2.683000
vt 0.250000 0.000000
vt 0.375000 0.000000
vt 0.375000 1.000000
vt 0.250000 1.000000
f 2981/2981 2982/2982 2983/2983 2984/2984
v 0.427850 1.317033 1.166000
v 0.451397 1.340579 1.166000
v 0.427850 1.350333 1.166000
vt 0.000000 0.000000
vt 1.000000 0.000000
vt 1.000000 1.000000
f 2985/2985 2986/2986 2987/2987
v 0.427850 1.317033 2.683000
v 0.427850 1.350333 2.683000
v 0.451397 1.340579 2.683000
vt 0.000000 0.000000
vt 1.000000 0.000000
vt 1.000000 1.000000
f 2988/2988 2989/2989 2990/2990
v 0.451397 1.340579 1.166000
v 0.461150 1.317033 1.166000
v 0.461150 1.317033 2.683000
v 0.451397 1.340579 2.683000
vt 0.375000 0.000000
vt 0.500000 0.000000
vt 0.500000 1.000000
vt 0.375000 1.000000
f 2991/2991 2992/2992 2993/2993 2994/2994
v 0.427850 1.317033 1.166000
v 0.461150 1.317033 1.166000
v 0.451397 1.340579 1.166000
vt 0.000000 0.000000
vt 1.000000 0.000000
vt 1.000000 1.000000
f 2995/2995 2996/2996 2997/2997
v 0.427850 1.317033 2.683000
v 0.451397 1.340579 2.683000
v 0.461150 1.317033 2.683000
vt 0.000000 0.000000
vt 1.000000 0.000000
vt 1.000000 1.000000
f 2998/2998 2999/2999 3000/3000
v 0.461150 1.317033 1.166000
v 0.451397 1.293486 1.166000
v 0.451397 1.293486 2.683000
v 0.461150 1.317033 2.683000
vt 0.500000 0.000000
vt 0.625000 0.000000
vt 0.625000 1.000000
vt 0.500000 1.000000
f 3001/3001 3002/3002 3003/3003 3004/3004
v 0.427850 1.317033 1.166000
v 0.451397 1.293486 1.166000
v 0.461150 1.317033 1.166000
vt 0.000000 0.000000
vt 1.000000 0.000000
vt 1.000000 1.000000
f 3005/3005 3006/3006 3007/3007
v 0.427850 1.317033 2.683000
v 0.461150 1.317033 2.683000
v 0.451397 1.293486 2.683000
vt 0.000000 0.000000
vt 1.000000 0.000000
vt 1.000000 1.000000
f 3008/3008 3009/3009 3010/3010
v 0.451397 1.293486 1.166000
v 0.427850 1.283733 1.166000
v 0.427850 1.283733 2.683000
v 0.451397 1.293486 2.683000
vt 0.625000 0.000000
vt 0.750000 0.000000
vt 0.750000 1.000000
vt 0.625000 1.000000
f 3011/3011 3012/3012 3013/3013 3014/3014
v 0.427850 1.317033 1.166000
v 0.427850 1.283733 1.166000
v 0.451397 1.293486 1.166000
vt 0.000000 0.000000
vt 1.000000 0.000000
vt 1.000000 1.000000
f 3015/3015 3016/3016 3017/3017
v 0.427850 1.317033 2.683000
v 0.451397 1.293486 2.683000
v 0.427850 1.283733 2.683000
vt 0.000000 0.000000
vt 1.000000 0.000000
vt 1.000000 1.000000
f 3018/3018 3019/3019 3020/3020
v 0.427850 1.283733 1.166000
v 0.404303 1.293486 1.166000
v 0.404303 1.293486 2.683000
v 0.427850 1.283733 2.683000
vt 0.750000 0.000000
vt 0.875000 0.000000
vt 0.875000 1.000000
vt 0.750000 1.000000
f 3021/3021 3022/3022 3023/3023 3024/3024
v 0.427850 1.317033 1.166000
v 0.404303 1.293486 1.166000
v 0.427850 1.283733 1.166000
vt 0.000000 0.000000
vt 1.000000 0.000000
vt 1.000000 1.000000
f 3025/3025 3026/3026 3027/3027
v 0.427850 1.317033 2.683000
v 0.427850 1.283733 2.683000
v 0.404303 1.293486 2.683000
vt 0.000000 0.000000
vt 1.000000 0.000000
vt 1.000000 1.000000
f 3028/3028 3029/3029 3030/3030
v 0.404303 1.293486 1.166000
v 0.394550 1.317033 1.166000
v 0.394550 1.317033 2.683000
v 0.404303 1.293486 2.683000
vt 0.875000 0.000000
vt 1.000000 0.000000
vt 1.000000 1.000000
vt 0.875000 1.000000
f 3031/3031 3032/3032 3033/3033 3034/3034
v 0.427850 1.317033 1.166000
v 0.394550 1.317033 1.166000
v 0.404303 1.293486 1.166000
vt 0.000000 0.000000
vt 1.000000 0.000000
vt 1.000000 1.000000
f 3035/3035 3036/3036 3037/3037
v 0.427850 1.317033 2.683000
v 0.404303 1.293486 2.683000
v 0.394550 1.317033 2.683000
vt 0.000000 0.000000
vt 1.000000 0.000000
vt 1.000000 1.000000
f 3038/3038 3039/3039 3040/3040
v 0.538850 1.317033 1.166000
v 0.548603 1.340579 1.166000
v 0.548603 1.340579 2.683000
v 0.538850 1.317033 2.683000
vt 0.000000 0.000000
vt 0.125000 0.000000
vt 0.125000 1.000000
vt 0.000000 1.000000
f 3041/3041 3042/3042 3043/3043 3044/3044
v 0.572150 1.317033 1.166000
v 0.548603 1.340579 1.166000
v 0.538850 1.317033 1.166000
vt 0.000000 0.000000
vt 1.000000 0.000000
vt 1.000000 1.000000
f 3045/3045 3046/3046 3047/3047
v 0.572150 1.317033 2.683000
v 0.538850 1.317033 2.683000
v 0.548603 1.340579 2.683000
vt 0.000000 0.000000
vt 1.000000 0.000000
vt 1.000000 1.000000
f 3048/3048 3049/3049 3050/3050
v 0.548603 1.340579 1.166000
v 0.572150 1.350333 1.166000
v 0.572150 1.350333 2.683000
v 0.548603 1.340579 2.683000
vt 0.125000 0.000000
vt 0.250000 0.000000
vt 0.250000 1.000000
vt 0.125000 1.000000
f 3051/3051 3052/3052 3053/3053 3054/3054
v 0.572150 1.317033 1.166000
v 0.572150 1.350333 1.166000
v 0.548603 1.340579 1.166000
vt 0.000000 0.000000
vt 1.000000 0.000000
vt 1.000000 1.000000
f 3055/3055 3056/3056 3057/3057
v 0.572150 1.317033 2.683000
v 0.548603 1.340579 2.683000
v 0.572150 1.350333 2.683000
vt 0.000000 0.000000
vt 1.000000 0.000000
vt 1.000000 1.000000
f 3058/3058 3059/3059 3060/3060
v 0.572150 1.350333 1.166000
v 0.595697 1.340579 1.166000
v 0.595697 1.340579 2.683000
v 0.572150 1.350333 2.683000
vt 0.250000 0.000000
vt 0.375000 0.000000
vt 0.375000 1.000000
vt 0.250000 1.000000
f 3061/3061 3062/3062 3063/3063 3064/3064
v 0.572150 1.317033 1.166000
v 0.595697 1.340579 1.166000
v 0.572150 1.350333 1.166000
vt 0.000000 0.000000
vt 1.000000 0.000000
vt 1.000000 1.000000
f 3065/3065 3066/3066 3067/3067
v 0.572150 1.317033 2.683000
v 0.572150 1.350333 2.683000
v 0.595697 1.340579 2.683000
vt 0.000000 0.000000
vt 1.000000 0.000000
vt 1.000000 1.000000
f 3068/3068 3069/3069 3070/3070
v 0.595697 1.340579 1.166000
v 0.605450 1.317033 1.166000
v 0.605450 1.317033 2.683000
v 0.595697 1.340579 2.683000
vt 0.375000 0.000000
vt 0.500000 0.000000
vt 0.500000 1.000000
vt 0.375000 1.000000
f 3071/3071 3072/3072 3073/3073 3074/3074
v 0.572150 1.317033 1.166000
v 0.605450 1.317033 1.166000
v 0.595697 1.340579 1.166000
vt 0.000000 0.000000
vt 1.000000 0.000000
vt 1.000000 1.000000
f 3075/3075 3076/3076 3077/3077
v 0.572150 1.317033 2.683000
v 0.595697 1.340579 2.683000
v 0.605450 1.317033 2.683000
vt 0.000000 0.000000
vt 1.000000 0.000000
vt 1.000000 1.000000
f 3078/3078 3079/3079 3080/3080
v 0.605450 1.317033 1.166000
v 0.595697 1.293486 1.166000
v 0.595697 1.293486 2.683000
v 0.605450 1.317033 2.683000
vt 0.500000 0.000000
vt 0.625000 0.000000
vt 0.625000 1.000000
vt 0.500000 1.000000
f 3081/3081 3082/3082 3083/3083 3084/3084
v 0.572150 1.317033 1.166000
v 0.595697 1.293486 1.166000
v 0.605450 1.317033 1.166000
vt 0.000000 0.000000
vt 1.000000 0.000000
vt 1.000000 1.000000
f 3085/3085 3086/3086 3087/3087
v 0.572150 1.317033 2.683000
v 0.605450 1.317033 2.683000
v 0.595697 1.293486 2.683000
vt 0.000000 0.000000
vt 1.000000 0.000000
vt 1.000000 1.000000
f 3088/3088 3089/3089 3090/3090
v 0.595697 1.293486 1.166000
v 0.572150 1.283733 1.166000
v 0.572150 1.283733 2.683000
v 0.595697 1.293486 2.683000
vt 0.625000 0.000000
vt 0.750000 0.000000
vt 0.750000 1.000000
vt 0.625000 1.000000
f 3091/3091 3092/3092 3093/3093 3094/3094
v 0.572150 1.317033 1.166000
v 0.572150 1.283733 1.166000
v 0.595697 1.293486 1.166000
vt 0.000000 0.000000
vt 1.000000 0.000000
vt 1.000000 1.000000
f 3095/3095 3096/3096 3097/3097
v 0.572150 1.317033 2.683000
v 0.595697 1.293486 2.683000
v 0.572150 1.283733 2.683000
vt 0.000000 0.000000
vt 1.000000 0.000000
vt 1.000000 1.000000
f 3098/3098 3099/3099 3100/3100
v 0.572150 1.283733 1.166000
v 0.548603 1.293486 1.166000
v 0.548603 1.293486 2.683000
v 0.572150 1.283733 2.683000
vt 0.750000 0.000000
vt 0.875000 0.000000
vt 0.875000 1.000000
vt 0.750000 1.000000
f 3101/3101 3102/3102 3103/3103 3104/3104
v 0.572150 1.317033 1.166000
v 0.548603 1.293486 1.166000
v 0.572150 1.283733 1.166000
vt 0.000000 0.000000
vt 1.000000 0.000000
vt 1.000000 1.000000
f 3105/3105 3106/3106 3107/3107
v 0.572150 1.317033 2.683000
v 0.572150 1.283733 2.683000
v 0.548603 1.293486 2.683000
vt 0.000000 0.000000
vt 1.000000 0.000000
vt 1.000000 1.000000
f 3108/3108 3109/3109 3110/3110
v 0.548603 1.293486 1.166000
v 0.538850 1.317033 1.166000
v 0.538850 1.317033 2.683000
v 0.548603 1.293486 2.683000
vt 0.875000 0.000000
vt 1.000000 0.000000
vt 1.000000 1.000000
vt 0.875000 1.000000
f 3111/3111 3112/3112 3113/3113 3114/3114
v 0.572150 1.317033 1.166000
v 0.538850 1.317033 1.166000
v 0.548603 1.293486 1.166000
vt 0.000000 0.000000
vt 1.000000 0.000000
vt 1.000000 1.000000
f 3115/3115 3116/3116 3117/3117
v 0.572150 1.317033 2.683000
v 0.548603 1.293486 2.683000
v 0.538850 1.317033 2.683000
vt 0.000000 0.000000
vt 1.000000 0.000000
vt 1.000000 1.000000
f 3118/3118 3119/3119 3120/3120
usemtl accent
v 0.352000 1.849000 0.315000
v 0.648000 1.849000 0.315000
v 0.648000 2.219000 0.315000
v 0.352000 2.219000 0.315000
vt 0.000000 0.000000
vt 1.000000 0.000000
vt 1.000000 1.000000
vt 0.000000 1.000000
f 3121/3121 3122/3122 3123/3123 3124/3124
v 0.648000 1.849000 0.796000
v 0.352000 1.849000 0.796000
v 0.352000 2.219000 0.796000
v 0.648000 2.219000 0.796000
vt 0.000000 0.000000
vt 1.000000 0.000000
vt 1.000000 1.000000
vt 0.000000 1.000000
f 3125/3125 3126/3126 3127/3127 3128/3128
v 0.352000 1.849000 0.796000
v 0.352000 1.849000 0.315000
v 0.352000 2.219000 0.315000
v 0.352000 2.219000 0.796000
vt 0.000000 0.000000
vt 1.000000 0.000000
vt 1.000000 1.000000
vt 0.000000 1.000000
f 3129/3129 3130/3130 3131/3131 3132/3132
v 0.648000 1.849000 0.315000
v 0.648000 1.849000 0.796000
v 0.648000 2.219000 0.796000
v 0.648000 2.219000 0.315000
vt 0.000000 0.000000
vt 1.000000 0.000000
vt 1.000000 1.000000
vt 0.000000 1.000000
f 3133/3133 3134/3134 3135/3135 3136/3136
v 0.352000 2.219000 0.315000
v 0.648000 2.219000 0.315000
v 0.648000 2.219000 0.796000
v 0.352000 2.219000 0.796000
vt 0.000000 0.000000
vt 1.000000 0.000000
vt 1.000000 1.000000
vt 0.000000 1.000000
f 3137/3137 3138/3138 3139/3139 3140/3140
v 0.352000 1.849000 0.796000
v 0.648000 1.849000 0.796000
v 0.648000 1.849000 0.315000
v 0.352000 1.849000 0.315000
vt 0.000000 0.000000
vt 1.000000 0.000000
vt 1.000000 1.000000
vt 0.000000 1.000000
f 3141/3141 3142/3142 3143/3143 3144/3144
usemtl yellow
v 0.167000 1.886000 0.426000
v 0.833000 1.886000 0.426000
v 0.833000 1.997000 0.426000
v 0.167000 1.997000 0.426000
vt 0.000000 0.000000
vt 1.000000 0.000000
vt 1.000000 1.000000
vt 0.000000 1.000000
f 3145/3145 3146/3146 3147/3147 3148/3148
v 0.833000 1.886000 0.907000
v 0.167000 1.886000 0.907000
v 0.167000 1.997000 0.907000
v 0.833000 1.997000 0.907000
vt 0.000000 0.000000
vt 1.000000 0.000000
vt 1.000000 1.000000
vt 0.000000 1.000000
f 3149/3149 3150/3150 3151/3151 3152/3152
v 0.167000 1.886000 0.907000
v 0.167000 1.886000 0.426000
v 0.167000 1.997000 0.426000
v 0.167000 1.997000 0.907000
vt 0.000000 0.000000
vt 1.000000 0.000000
vt 1.000000 1.000000
vt 0.000000 1.000000
f 3153/3153 3154/3154 3155/3155 3156/3156
v 0.833000 1.886000 0.426000
v 0.833000 1.886000 0.907000
v 0.833000 1.997000 0.907000
v 0.833000 1.997000 0.426000
vt 0.000000 0.000000
vt 1.000000 0.000000
vt 1.000000 1.000000
vt 0.000000 1.000000
f 3157/3157 3158/3158 3159/3159 3160/3160
v 0.167000 1.997000 0.426000
v 0.833000 1.997000 0.426000
v 0.833000 1.997000 0.907000
v 0.167000 1.997000 0.907000
vt 0.000000 0.000000
vt 1.000000 0.000000
vt 1.000000 1.000000
vt 0.000000 1.000000
f 3161/3161 3162/3162 3163/3163 3164/3164
v 0.167000 1.886000 0.907000
v 0.833000 1.886000 0.907000
v 0.833000 1.886000 0.426000
v 0.167000 1.886000 0.426000
vt 0.000000 0.000000
vt 1.000000 0.000000
vt 1.000000 1.000000
vt 0.000000 1.000000
f 3165/3165 3166/3166 3167/3167 3168/3168
