mtllib guidance_radar.mtl
o guidance_radar
s 1
usemtl dark
v -0.120000 0.000000 -0.100000
v 0.120000 0.000000 -0.100000
v 0.120000 0.080000 -0.100000
v -0.120000 0.080000 -0.100000
vt 0.000000 0.000000
vt 1.000000 0.000000
vt 1.000000 1.000000
vt 0.000000 1.000000
f 1/1 2/2 3/3 4/4
v 0.120000 0.000000 0.100000
v -0.120000 0.000000 0.100000
v -0.120000 0.080000 0.100000
v 0.120000 0.080000 0.100000
vt 0.000000 0.000000
vt 1.000000 0.000000
vt 1.000000 1.000000
vt 0.000000 1.000000
f 5/5 6/6 7/7 8/8
v -0.120000 0.000000 0.100000
v -0.120000 0.000000 -0.100000
v -0.120000 0.080000 -0.100000
v -0.120000 0.080000 0.100000
vt 0.000000 0.000000
vt 1.000000 0.000000
vt 1.000000 1.000000
vt 0.000000 1.000000
f 9/9 10/10 11/11 12/12
v 0.120000 0.000000 -0.100000
v 0.120000 0.000000 0.100000
v 0.120000 0.080000 0.100000
v 0.120000 0.080000 -0.100000
vt 0.000000 0.000000
vt 1.000000 0.000000
vt 1.000000 1.000000
vt 0.000000 1.000000
f 13/13 14/14 15/15 16/16
v -0.120000 0.080000 -0.100000
v 0.120000 0.080000 -0.100000
v 0.120000 0.080000 0.100000
v -0.120000 0.080000 0.100000
vt 0.000000 0.000000
vt 1.000000 0.000000
vt 1.000000 1.000000
vt 0.000000 1.000000
f 17/17 18/18 19/19 20/20
v -0.120000 0.000000 0.100000
v 0.120000 0.000000 0.100000
v 0.120000 0.000000 -0.100000
v -0.120000 0.000000 -0.100000
vt 0.000000 0.000000
vt 1.000000 0.000000
vt 1.000000 1.000000
vt 0.000000 1.000000
f 21/21 22/22 23/23 24/24
usemtl body
v -0.100000 0.080000 -0.080000
v 0.100000 0.080000 -0.080000
v 0.100000 0.120000 -0.080000
v -0.100000 0.120000 -0.080000
vt 0.000000 0.000000
vt 1.000000 0.000000
vt 1.000000 1.000000
vt 0.000000 1.000000
f 25/25 26/26 27/27 28/28
v 0.100000 0.080000 0.080000
v -0.100000 0.080000 0.080000
v -0.100000 0.120000 0.080000
v 0.100000 0.120000 0.080000
vt 0.000000 0.000000
vt 1.000000 0.000000
vt 1.000000 1.000000
vt 0.000000 1.000000
f 29/29 30/30 31/31 32/32
v -0.100000 0.080000 0.080000
v -0.100000 0.080000 -0.080000
v -0.100000 0.120000 -0.080000
v -0.100000 0.120000 0.080000
vt 0.000000 0.000000
vt 1.000000 0.000000
vt 1.000000 1.000000
vt 0.000000 1.000000
f 33/33 34/34 35/35 36/36
v 0.100000 0.080000 -0.080000
v 0.100000 0.080000 0.080000
v 0.100000 0.120000 0.080000
v 0.100000 0.120000 -0.080000
vt 0.000000 0.000000
vt 1.000000 0.000000
vt 1.000000 1.000000
vt 0.000000 1.000000
f 37/37 38/38 39/39 40/40
v -0.100000 0.120000 -0.080000
v 0.100000 0.120000 -0.080000
v 0.100000 0.120000 0.080000
v -0.100000 0.120000 0.080000
vt 0.000000 0.000000
vt 1.000000 0.000000
vt 1.000000 1.000000
vt 0.000000 1.000000
f 41/41 42/42 43/43 44/44
v -0.100000 0.080000 0.080000
v 0.100000 0.080000 0.080000
v 0.100000 0.080000 -0.080000
v -0.100000 0.080000 -0.080000
vt 0.000000 0.000000
vt 1.000000 0.000000
vt 1.000000 1.000000
vt 0.000000 1.000000
f 45/45 46/46 47/47 48/48
usemtl white
v 0.000000 0.180000 0.000000
v 0.000000 0.180000 0.000000
v 0.014310 0.182091 -0.000587
v 0.014457 0.180393 0.000574
vt 0.000000 0.000000
vt 1.000000 0.000000
vt 1.000000 1.000000
vt 0.000000 1.000000
f 49/49 50/50 51/51 52/52
usemtl dark
v 0.014457 0.180393 0.000574
v 0.014310 0.182091 -0.000587
v 0.000000 0.180000 0.000000
v 0.000000 0.180000 0.000000
vt 0.000000 0.000000
vt 1.000000 0.000000
vt 1.000000 1.000000
vt 0.000000 1.000000
f 53/53 54/54 55/55 56/56
usemtl white
v 0.000000 0.180000 0.000000
v 0.000000 0.180000 0.000000
v 0.013872 0.183755 -0.001725
v 0.014310 0.182091 -0.000587
vt 0.000000 0.000000
vt 1.000000 0.000000
vt 1.000000 1.000000
vt 0.000000 1.000000
f 57/57 58/58 59/59 60/60
usemtl dark
v 0.014310 0.182091 -0.000587
v 0.013872 0.183755 -0.001725
v 0.000000 0.180000 0.000000
v 0.000000 0.180000 0.000000
vt 0.000000 0.000000
vt 1.000000 0.000000
vt 1.000000 1.000000
vt 0.000000 1.000000
f 61/61 62/62 63/63 64/64
usemtl white
v 0.000000 0.180000 0.000000
v 0.000000 0.180000 0.000000
v 0.013151 0.185350 -0.002817
v 0.013872 0.183755 -0.001725
vt 0.000000 0.000000
vt 1.000000 0.000000
vt 1.000000 1.000000
vt 0.000000 1.000000
f 65/65 66/66 67/67 68/68
usemtl dark
v 0.013872 0.183755 -0.001725
v 0.013151 0.185350 -0.002817
v 0.000000 0.180000 0.000000
v 0.000000 0.180000 0.000000
vt 0.000000 0.000000
vt 1.000000 0.000000
vt 1.000000 1.000000
vt 0.000000 1.000000
f 69/69 70/70 71/71 72/72
usemtl white
v 0.000000 0.180000 0.000000
v 0.000000 0.180000 0.000000
v 0.012162 0.186844 -0.003839
v 0.013151 0.185350 -0.002817
vt 0.000000 0.000000
vt 1.000000 0.000000
vt 1.000000 1.000000
vt 0.000000 1.000000
f 73/73 74/74 75/75 76/76
usemtl dark
v 0.013151 0.185350 -0.002817
v 0.012162 0.186844 -0.003839
v 0.000000 0.180000 0.000000
v 0.000000 0.180000 0.000000
vt 0.000000 0.000000
vt 1.000000 0.000000
vt 1.000000 1.000000
vt 0.000000 1.000000
f 77/77 78/78 79/79 80/80
usemtl white
v 0.000000 0.180000 0.000000
v 0.000000 0.180000 0.000000
v 0.010926 0.188207 -0.004771
v 0.012162 0.186844 -0.003839
vt 0.000000 0.000000
vt 1.000000 0.000000
vt 1.000000 1.000000
vt 0.000000 1.000000
f 81/81 82/82 83/83 84/84
usemtl dark
v 0.012162 0.186844 -0.003839
v 0.010926 0.188207 -0.004771
v 0.000000 0.180000 0.000000
v 0.000000 0.180000 0.000000
vt 0.000000 0.000000
vt 1.000000 0.000000
vt 1.000000 1.000000
vt 0.000000 1.000000
f 85/85 86/86 87/87 88/88
usemtl white
v 0.000000 0.180000 0.000000
v 0.000000 0.180000 0.000000
v 0.009467 0.189411 -0.005595
v 0.010926 0.188207 -0.004771
vt 0.000000 0.000000
vt 1.000000 0.000000
vt 1.000000 1.000000
vt 0.000000 1.000000
f 89/89 90/90 91/91 92/92
usemtl dark
v 0.010926 0.188207 -0.004771
v 0.009467 0.189411 -0.005595
v 0.000000 0.180000 0.000000
v 0.000000 0.180000 0.000000
vt 0.000000 0.000000
vt 1.000000 0.000000
vt 1.000000 1.000000
vt 0.000000 1.000000
f 93/93 94/94 95/95 96/96
usemtl white
v 0.000000 0.180000 0.000000
v 0.000000 0.180000 0.000000
v 0.007816 0.190431 -0.006293
v 0.009467 0.189411 -0.005595
vt 0.000000 0.000000
vt 1.000000 0.000000
vt 1.000000 1.000000
vt 0.000000 1.000000
f 97/97 98/98 99/99 100/100
usemtl dark
v 0.009467 0.189411 -0.005595
v 0.007816 0.190431 -0.006293
v 0.000000 0.180000 0.000000
v 0.000000 0.180000 0.000000
vt 0.000000 0.000000
vt 1.000000 0.000000
vt 1.000000 1.000000
vt 0.000000 1.000000
f 101/101 102/102 103/103 104/104
usemtl white
v 0.000000 0.180000 0.000000
v 0.000000 0.180000 0.000000
v 0.006006 0.191247 -0.006851
v 0.007816 0.190431 -0.006293
vt 0.000000 0.000000
vt 1.000000 0.000000
vt 1.000000 1.000000
vt 0.000000 1.000000
f 105/105 106/106 107/107 108/108
usemtl dark
v 0.007816 0.190431 -0.006293
v 0.006006 0.191247 -0.006851
v 0.000000 0.180000 0.000000
v 0.000000 0.180000 0.000000
vt 0.000000 0.000000
vt 1.000000 0.000000
vt 1.000000 1.000000
vt 0.000000 1.000000
f 109/109 110/110 111/111 112/112
usemtl white
v 0.000000 0.180000 0.000000
v 0.000000 0.180000 0.000000
v 0.004073 0.191842 -0.007258
v 0.006006 0.191247 -0.006851
vt 0.000000 0.000000
vt 1.000000 0.000000
vt 1.000000 1.000000
vt 0.000000 1.000000
f 113/113 114/114 115/115 116/116
usemtl dark
v 0.006006 0.191247 -0.006851
v 0.004073 0.191842 -0.007258
v 0.000000 0.180000 0.000000
v 0.000000 0.180000 0.000000
vt 0.000000 0.000000
vt 1.000000 0.000000
vt 1.000000 1.000000
vt 0.000000 1.000000
f 117/117 118/118 119/119 120/120
usemtl white
v 0.000000 0.180000 0.000000
v 0.000000 0.180000 0.000000
v 0.002057 0.192203 -0.007506
v 0.004073 0.191842 -0.007258
vt 0.000000 0.000000
vt 1.000000 0.000000
vt 1.000000 1.000000
vt 0.000000 1.000000
f 121/121 122/122 123/123 124/124
usemtl dark
v 0.004073 0.191842 -0.007258
v 0.002057 0.192203 -0.007506
v 0.000000 0.180000 0.000000
v 0.000000 0.180000 0.000000
vt 0.000000 0.000000
vt 1.000000 0.000000
vt 1.000000 1.000000
vt 0.000000 1.000000
f 125/125 126/126 127/127 128/128
usemtl white
v 0.000000 0.180000 0.000000
v 0.000000 0.180000 0.000000
v 0.000000 0.192325 -0.007589
v 0.002057 0.192203 -0.007506
vt 0.000000 0.000000
vt 1.000000 0.000000
vt 1.000000 1.000000
vt 0.000000 1.000000
f 129/129 130/130 131/131 132/132
usemtl dark
v 0.002057 0.192203 -0.007506
v 0.000000 0.192325 -0.007589
v 0.000000 0.180000 0.000000
v 0.000000 0.180000 0.000000
vt 0.000000 0.000000
vt 1.000000 0.000000
vt 1.000000 1.000000
vt 0.000000 1.000000
f 133/133 134/134 135/135 136/136
usemtl white
v 0.000000 0.180000 0.000000
v 0.000000 0.180000 0.000000
v -0.002057 0.192203 -0.007506
v 0.000000 0.192325 -0.007589
vt 0.000000 0.000000
vt 1.000000 0.000000
vt 1.000000 1.000000
vt 0.000000 1.000000
f 137/137 138/138 139/139 140/140
usemtl dark
v 0.000000 0.192325 -0.007589
v -0.002057 0.192203 -0.007506
v 0.000000 0.180000 0.000000
v 0.000000 0.180000 0.000000
vt 0.000000 0.000000
vt 1.000000 0.000000
vt 1.000000 1.000000
vt 0.000000 1.000000
f 141/141 142/142 143/143 144/144
usemtl white
v 0.000000 0.180000 0.000000
v 0.000000 0.180000 0.000000
v -0.004073 0.191842 -0.007258
v -0.002057 0.192203 -0.007506
vt 0.000000 0.000000
vt 1.000000 0.000000
vt 1.000000 1.000000
vt 0.000000 1.000000
f 145/145 146/146 147/147 148/148
usemtl dark
v -0.002057 0.192203 -0.007506
v -0.004073 0.191842 -0.007258
v 0.000000 0.180000 0.000000
v 0.000000 0.180000 0.000000
vt 0.000000 0.000000
vt 1.000000 0.000000
vt 1.000000 1.000000
vt 0.000000 1.000000
f 149/149 150/150 151/151 152/152
usemtl white
v 0.000000 0.180000 0.000000
v 0.000000 0.180000 0.000000
v -0.006006 0.191247 -0.006851
v -0.004073 0.191842 -0.007258
vt 0.000000 0.000000
vt 1.000000 0.000000
vt 1.000000 1.000000
vt 0.000000 1.000000
f 153/153 154/154 155/155 156/156
usemtl dark
v -0.004073 0.191842 -0.007258
v -0.006006 0.191247 -0.006851
v 0.000000 0.180000 0.000000
v 0.000000 0.180000 0.000000
vt 0.000000 0.000000
vt 1.000000 0.000000
vt 1.000000 1.000000
vt 0.000000 1.000000
f 157/157 158/158 159/159 160/160
usemtl white
v 0.000000 0.180000 0.000000
v 0.000000 0.180000 0.000000
v -0.007816 0.190431 -0.006293
v -0.006006 0.191247 -0.006851
vt 0.000000 0.000000
vt 1.000000 0.000000
vt 1.000000 1.000000
vt 0.000000 1.000000
f 161/161 162/162 163/163 164/164
usemtl dark
v -0.006006 0.191247 -0.006851
v -0.007816 0.190431 -0.006293
v 0.000000 0.180000 0.000000
v 0.000000 0.180000 0.000000
vt 0.000000 0.000000
vt 1.000000 0.000000
vt 1.000000 1.000000
vt 0.000000 1.000000
f 165/165 166/166 167/167 168/168
usemtl white
v 0.000000 0.180000 0.000000
v 0.000000 0.180000 0.000000
v -0.009467 0.189411 -0.005595
v -0.007816 0.190431 -0.006293
vt 0.000000 0.000000
vt 1.000000 0.000000
vt 1.000000 1.000000
vt 0.000000 1.000000
f 169/169 170/170 171/171 172/172
usemtl dark
v -0.007816 0.190431 -0.006293
v -0.009467 0.189411 -0.005595
v 0.000000 0.180000 0.000000
v 0.000000 0.180000 0.000000
vt 0.000000 0.000000
vt 1.000000 0.000000
vt 1.000000 1.000000
vt 0.000000 1.000000
f 173/173 174/174 175/175 176/176
usemtl white
v 0.000000 0.180000 0.000000
v 0.000000 0.180000 0.000000
v -0.010926 0.188207 -0.004771
v -0.009467 0.189411 -0.005595
vt 0.000000 0.000000
vt 1.000000 0.000000
vt 1.000000 1.000000
vt 0.000000 1.000000
f 177/177 178/178 179/179 180/180
usemtl dark
v -0.009467 0.189411 -0.005595
v -0.010926 0.188207 -0.004771
v 0.000000 0.180000 0.000000
v 0.000000 0.180000 0.000000
vt 0.000000 0.000000
vt 1.000000 0.000000
vt 1.000000 1.000000
vt 0.000000 1.000000
f 181/181 182/182 183/183 184/184
usemtl white
v 0.000000 0.180000 0.000000
v 0.000000 0.180000 0.000000
v -0.012162 0.186844 -0.003839
v -0.010926 0.188207 -0.004771
vt 0.000000 0.000000
vt 1.000000 0.000000
vt 1.000000 1.000000
vt 0.000000 1.000000
f 185/185 186/186 187/187 188/188
usemtl dark
v -0.010926 0.188207 -0.004771
v -0.012162 0.186844 -0.003839
v 0.000000 0.180000 0.000000
v 0.000000 0.180000 0.000000
vt 0.000000 0.000000
vt 1.000000 0.000000
vt 1.000000 1.000000
vt 0.000000 1.000000
f 189/189 190/190 191/191 192/192
usemtl white
v 0.000000 0.180000 0.000000
v 0.000000 0.180000 0.000000
v -0.013151 0.185350 -0.002817
v -0.012162 0.186844 -0.003839
vt 0.000000 0.000000
vt 1.000000 0.000000
vt 1.000000 1.000000
vt 0.000000 1.000000
f 193/193 194/194 195/195 196/196
usemtl dark
v -0.012162 0.186844 -0.003839
v -0.013151 0.185350 -0.002817
v 0.000000 0.180000 0.000000
v 0.000000 0.180000 0.000000
vt 0.000000 0.000000
vt 1.000000 0.000000
vt 1.000000 1.000000
vt 0.000000 1.000000
f 197/197 198/198 199/199 200/200
usemtl white
v 0.000000 0.180000 0.000000
v 0.000000 0.180000 0.000000
v -0.013872 0.183755 -0.001725
v -0.013151 0.185350 -0.002817
vt 0.000000 0.000000
vt 1.000000 0.000000
vt 1.000000 1.000000
vt 0.000000 1.000000
f 201/201 202/202 203/203 204/204
usemtl dark
v -0.013151 0.185350 -0.002817
v -0.013872 0.183755 -0.001725
v 0.000000 0.180000 0.000000
v 0.000000 0.180000 0.000000
vt 0.000000 0.000000
vt 1.000000 0.000000
vt 1.000000 1.000000
vt 0.000000 1.000000
f 205/205 206/206 207/207 208/208
usemtl white
v 0.000000 0.180000 0.000000
v 0.000000 0.180000 0.000000
v -0.014310 0.182091 -0.000587
v -0.013872 0.183755 -0.001725
vt 0.000000 0.000000
vt 1.000000 0.000000
vt 1.000000 1.000000
vt 0.000000 1.000000
f 209/209 210/210 211/211 212/212
usemtl dark
v -0.013872 0.183755 -0.001725
v -0.014310 0.182091 -0.000587
v 0.000000 0.180000 0.000000
v 0.000000 0.180000 0.000000
vt 0.000000 0.000000
vt 1.000000 0.000000
vt 1.000000 1.000000
vt 0.000000 1.000000
f 213/213 214/214 215/215 216/216
usemtl white
v 0.000000 0.180000 0.000000
v 0.000000 0.180000 0.000000
v -0.014457 0.180393 0.000574
v -0.014310 0.182091 -0.000587
vt 0.000000 0.000000
vt 1.000000 0.000000
vt 1.000000 1.000000
vt 0.000000 1.000000
f 217/217 218/218 219/219 220/220
usemtl dark
v -0.014310 0.182091 -0.000587
v -0.014457 0.180393 0.000574
v 0.000000 0.180000 0.000000
v 0.000000 0.180000 0.000000
vt 0.000000 0.000000
vt 1.000000 0.000000
vt 1.000000 1.000000
vt 0.000000 1.000000
f 221/221 222/222 223/223 224/224
usemtl white
v 0.000000 0.180000 0.000000
v 0.000000 0.180000 0.000000
v -0.014310 0.178695 0.001736
v -0.014457 0.180393 0.000574
vt 0.000000 0.000000
vt 1.000000 0.000000
vt 1.000000 1.000000
vt 0.000000 1.000000
f 225/225 226/226 227/227 228/228
usemtl dark
v -0.014457 0.180393 0.000574
v -0.014310 0.178695 0.001736
v 0.000000 0.180000 0.000000
v 0.000000 0.180000 0.000000
vt 0.000000 0.000000
vt 1.000000 0.000000
vt 1.000000 1.000000
vt 0.000000 1.000000
f 229/229 230/230 231/231 232/232
usemtl white
v 0.000000 0.180000 0.000000
v 0.000000 0.180000 0.000000
v -0.013872 0.177031 0.002874
v -0.014310 0.178695 0.001736
vt 0.000000 0.000000
vt 1.000000 0.000000
vt 1.000000 1.000000
vt 0.000000 1.000000
f 233/233 234/234 235/235 236/236
usemtl dark
v -0.014310 0.178695 0.001736
v -0.013872 0.177031 0.002874
v 0.000000 0.180000 0.000000
v 0.000000 0.180000 0.000000
vt 0.000000 0.000000
vt 1.000000 0.000000
vt 1.000000 1.000000
vt 0.000000 1.000000
f 237/237 238/238 239/239 240/240
usemtl white
v 0.000000 0.180000 0.000000
v 0.000000 0.180000 0.000000
v -0.013151 0.175436 0.003965
v -0.013872 0.177031 0.002874
vt 0.000000 0.000000
vt 1.000000 0.000000
vt 1.000000 1.000000
vt 0.000000 1.000000
f 241/241 242/242 243/243 244/244
usemtl dark
v -0.013872 0.177031 0.002874
v -0.013151 0.175436 0.003965
v 0.000000 0.180000 0.000000
v 0.000000 0.180000 0.000000
vt 0.000000 0.000000
vt 1.000000 0.000000
vt 1.000000 1.000000
vt 0.000000 1.000000
f 245/245 246/246 247/247 248/248
usemtl white
v 0.000000 0.180000 0.000000
v 0.000000 0.180000 0.000000
v -0.012162 0.173942 0.004988
v -0.013151 0.175436 0.003965
vt 0.000000 0.000000
vt 1.000000 0.000000
vt 1.000000 1.000000
vt 0.000000 1.000000
f 249/249 250/250 251/251 252/252
usemtl dark
v -0.013151 0.175436 0.003965
v -0.012162 0.173942 0.004988
v 0.000000 0.180000 0.000000
v 0.000000 0.180000 0.000000
vt 0.000000 0.000000
vt 1.000000 0.000000
vt 1.000000 1.000000
vt 0.000000 1.000000
f 253/253 254/254 255/255 256/256
usemtl white
v 0.000000 0.180000 0.000000
v 0.000000 0.180000 0.000000
v -0.010926 0.172579 0.005920
v -0.012162 0.173942 0.004988
vt 0.000000 0.000000
vt 1.000000 0.000000
vt 1.000000 1.000000
vt 0.000000 1.000000
f 257/257 258/258 259/259 260/260
usemtl dark
v -0.012162 0.173942 0.004988
v -0.010926 0.172579 0.005920
v 0.000000 0.180000 0.000000
v 0.000000 0.180000 0.000000
vt 0.000000 0.000000
vt 1.000000 0.000000
vt 1.000000 1.000000
vt 0.000000 1.000000
f 261/261 262/262 263/263 264/264
usemtl white
v 0.000000 0.180000 0.000000
v 0.000000 0.180000 0.000000
v -0.009467 0.171375 0.006744
v -0.010926 0.172579 0.005920
vt 0.000000 0.000000
vt 1.000000 0.000000
vt 1.000000 1.000000
vt 0.000000 1.000000
f 265/265 266/266 267/267 268/268
usemtl dark
v -0.010926 0.172579 0.005920
v -0.009467 0.171375 0.006744
v 0.000000 0.180000 0.000000
v 0.000000 0.180000 0.000000
vt 0.000000 0.000000
vt 1.000000 0.000000
vt 1.000000 1.000000
vt 0.000000 1.000000
f 269/269 270/270 271/271 272/272
usemtl white
v 0.000000 0.180000 0.000000
v 0.000000 0.180000 0.000000
v -0.007816 0.170355 0.007442
v -0.009467 0.171375 0.006744
vt 0.000000 0.000000
vt 1.000000 0.000000
vt 1.000000 1.000000
vt 0.000000 1.000000
f 273/273 274/274 275/275 276/276
usemtl dark
v -0.009467 0.171375 0.006744
v -0.007816 0.170355 0.007442
v 0.000000 0.180000 0.000000
v 0.000000 0.180000 0.000000
vt 0.000000 0.000000
vt 1.000000 0.000000
vt 1.000000 1.000000
vt 0.000000 1.000000
f 277/277 278/278 279/279 280/280
usemtl white
v 0.000000 0.180000 0.000000
v 0.000000 0.180000 0.000000
v -0.006006 0.169539 0.008000
v -0.007816 0.170355 0.007442
vt 0.000000 0.000000
vt 1.000000 0.000000
vt 1.000000 1.000000
vt 0.000000 1.000000
f 281/281 282/282 283/283 284/284
usemtl dark
v -0.007816 0.170355 0.007442
v -0.006006 0.169539 0.008000
v 0.000000 0.180000 0.000000
v 0.000000 0.180000 0.000000
vt 0.000000 0.000000
vt 1.000000 0.000000
vt 1.000000 1.000000
vt 0.000000 1.000000
f 285/285 286/286 287/287 288/288
usemtl white
v 0.000000 0.180000 0.000000
v 0.000000 0.180000 0.000000
v -0.004073 0.168944 0.008407
v -0.006006 0.169539 0.008000
vt 0.000000 0.000000
vt 1.000000 0.000000
vt 1.000000 1.000000
vt 0.000000 1.000000
f 289/289 290/290 291/291 292/292
usemtl dark
v -0.006006 0.169539 0.008000
v -0.004073 0.168944 0.008407
v 0.000000 0.180000 0.000000
v 0.000000 0.180000 0.000000
vt 0.000000 0.000000
vt 1.000000 0.000000
vt 1.000000 1.000000
vt 0.000000 1.000000
f 293/293 294/294 295/295 296/296
usemtl white
v 0.000000 0.180000 0.000000
v 0.000000 0.180000 0.000000
v -0.002057 0.168582 0.008654
v -0.004073 0.168944 0.008407
vt 0.000000 0.000000
vt 1.000000 0.000000
vt 1.000000 1.000000
vt 0.000000 1.000000
f 297/297 298/298 299/299 300/300
usemtl dark
v -0.004073 0.168944 0.008407
v -0.002057 0.168582 0.008654
v 0.000000 0.180000 0.000000
v 0.000000 0.180000 0.000000
vt 0.000000 0.000000
vt 1.000000 0.000000
vt 1.000000 1.000000
vt 0.000000 1.000000
f 301/301 302/302 303/303 304/304
usemtl white
v 0.000000 0.180000 0.000000
v 0.000000 0.180000 0.000000
v -0.000000 0.168461 0.008737
v -0.002057 0.168582 0.008654
vt 0.000000 0.000000
vt 1.000000 0.000000
vt 1.000000 1.000000
vt 0.000000 1.000000
f 305/305 306/306 307/307 308/308
usemtl dark
v -0.002057 0.168582 0.008654
v -0.000000 0.168461 0.008737
v 0.000000 0.180000 0.000000
v 0.000000 0.180000 0.000000
vt 0.000000 0.000000
vt 1.000000 0.000000
vt 1.000000 1.000000
vt 0.000000 1.000000
f 309/309 310/310 311/311 312/312
usemtl white
v 0.000000 0.180000 0.000000
v 0.000000 0.180000 0.000000
v 0.002057 0.168582 0.008654
v -0.000000 0.168461 0.008737
vt 0.000000 0.000000
vt 1.000000 0.000000
vt 1.000000 1.000000
vt 0.000000 1.000000
f 313/313 314/314 315/315 316/316
usemtl dark
v -0.000000 0.168461 0.008737
v 0.002057 0.168582 0.008654
v 0.000000 0.180000 0.000000
v 0.000000 0.180000 0.000000
vt 0.000000 0.000000
vt 1.000000 0.000000
vt 1.000000 1.000000
vt 0.000000 1.000000
f 317/317 318/318 319/319 320/320
usemtl white
v 0.000000 0.180000 0.000000
v 0.000000 0.180000 0.000000
v 0.004073 0.168944 0.008407
v 0.002057 0.168582 0.008654
vt 0.000000 0.000000
vt 1.000000 0.000000
vt 1.000000 1.000000
vt 0.000000 1.000000
f 321/321 322/322 323/323 324/324
usemtl dark
v 0.002057 0.168582 0.008654
v 0.004073 0.168944 0.008407
v 0.000000 0.180000 0.000000
v 0.000000 0.180000 0.000000
vt 0.000000 0.000000
vt 1.000000 0.000000
vt 1.000000 1.000000
vt 0.000000 1.000000
f 325/325 326/326 327/327 328/328
usemtl white
v 0.000000 0.180000 0.000000
v 0.000000 0.180000 0.000000
v 0.006006 0.169539 0.008000
v 0.004073 0.168944 0.008407
vt 0.000000 0.000000
vt 1.000000 0.000000
vt 1.000000 1.000000
vt 0.000000 1.000000
f 329/329 330/330 331/331 332/332
usemtl dark
v 0.004073 0.168944 0.008407
v 0.006006 0.169539 0.008000
v 0.000000 0.180000 0.000000
v 0.000000 0.180000 0.000000
vt 0.000000 0.000000
vt 1.000000 0.000000
vt 1.000000 1.000000
vt 0.000000 1.000000
f 333/333 334/334 335/335 336/336
usemtl white
v 0.000000 0.180000 0.000000
v 0.000000 0.180000 0.000000
v 0.007816 0.170355 0.007442
v 0.006006 0.169539 0.008000
vt 0.000000 0.000000
vt 1.000000 0.000000
vt 1.000000 1.000000
vt 0.000000 1.000000
f 337/337 338/338 339/339 340/340
usemtl dark
v 0.006006 0.169539 0.008000
v 0.007816 0.170355 0.007442
v 0.000000 0.180000 0.000000
v 0.000000 0.180000 0.000000
vt 0.000000 0.000000
vt 1.000000 0.000000
vt 1.000000 1.000000
vt 0.000000 1.000000
f 341/341 342/342 343/343 344/344
usemtl white
v 0.000000 0.180000 0.000000
v 0.000000 0.180000 0.000000
v 0.009467 0.171375 0.006744
v 0.007816 0.170355 0.007442
vt 0.000000 0.000000
vt 1.000000 0.000000
vt 1.000000 1.000000
vt 0.000000 1.000000
f 345/345 346/346 347/347 348/348
usemtl dark
v 0.007816 0.170355 0.007442
v 0.009467 0.171375 0.006744
v 0.000000 0.180000 0.000000
v 0.000000 0.180000 0.000000
vt 0.000000 0.000000
vt 1.000000 0.000000
vt 1.000000 1.000000
vt 0.000000 1.000000
f 349/349 350/350 351/351 352/352
usemtl white
v 0.000000 0.180000 0.000000
v 0.000000 0.180000 0.000000
v 0.010926 0.172579 0.005920
v 0.009467 0.171375 0.006744
vt 0.000000 0.000000
vt 1.000000 0.000000
vt 1.000000 1.000000
vt 0.000000 1.000000
f 353/353 354/354 355/355 356/356
usemtl dark
v 0.009467 0.171375 0.006744
v 0.010926 0.172579 0.005920
v 0.000000 0.180000 0.000000
v 0.000000 0.180000 0.000000
vt 0.000000 0.000000
vt 1.000000 0.000000
vt 1.000000 1.000000
vt 0.000000 1.000000
f 357/357 358/358 359/359 360/360
usemtl white
v 0.000000 0.180000 0.000000
v 0.000000 0.180000 0.000000
v 0.012162 0.173942 0.004988
v 0.010926 0.172579 0.005920
vt 0.000000 0.000000
vt 1.000000 0.000000
vt 1.000000 1.000000
vt 0.000000 1.000000
f 361/361 362/362 363/363 364/364
usemtl dark
v 0.010926 0.172579 0.005920
v 0.012162 0.173942 0.004988
v 0.000000 0.180000 0.000000
v 0.000000 0.180000 0.000000
vt 0.000000 0.000000
vt 1.000000 0.000000
vt 1.000000 1.000000
vt 0.000000 1.000000
f 365/365 366/366 367/367 368/368
usemtl white
v 0.000000 0.180000 0.000000
v 0.000000 0.180000 0.000000
v 0.013151 0.175436 0.003965
v 0.012162 0.173942 0.004988
vt 0.000000 0.000000
vt 1.000000 0.000000
vt 1.000000 1.000000
vt 0.000000 1.000000
f 369/369 370/370 371/371 372/372
usemtl dark
v 0.012162 0.173942 0.004988
v 0.013151 0.175436 0.003965
v 0.000000 0.180000 0.000000
v 0.000000 0.180000 0.000000
vt 0.000000 0.000000
vt 1.000000 0.000000
vt 1.000000 1.000000
vt 0.000000 1.000000
f 373/373 374/374 375/375 376/376
usemtl white
v 0.000000 0.180000 0.000000
v 0.000000 0.180000 0.000000
v 0.013872 0.177031 0.002874
v 0.013151 0.175436 0.003965
vt 0.000000 0.000000
vt 1.000000 0.000000
vt 1.000000 1.000000
vt 0.000000 1.000000
f 377/377 378/378 379/379 380/380
usemtl dark
v 0.013151 0.175436 0.003965
v 0.013872 0.177031 0.002874
v 0.000000 0.180000 0.000000
v 0.000000 0.180000 0.000000
vt 0.000000 0.000000
vt 1.000000 0.000000
vt 1.000000 1.000000
vt 0.000000 1.000000
f 381/381 382/382 383/383 384/384
usemtl white
v 0.000000 0.180000 0.000000
v 0.000000 0.180000 0.000000
v 0.014310 0.178695 0.001736
v 0.013872 0.177031 0.002874
vt 0.000000 0.000000
vt 1.000000 0.000000
vt 1.000000 1.000000
vt 0.000000 1.000000
f 385/385 386/386 387/387 388/388
usemtl dark
v 0.013872 0.177031 0.002874
v 0.014310 0.178695 0.001736
v 0.000000 0.180000 0.000000
v 0.000000 0.180000 0.000000
vt 0.000000 0.000000
vt 1.000000 0.000000
vt 1.000000 1.000000
vt 0.000000 1.000000
f 389/389 390/390 391/391 392/392
usemtl white
v 0.000000 0.180000 0.000000
v 0.000000 0.180000 0.000000
v 0.014457 0.180393 0.000574
v 0.014310 0.178695 0.001736
vt 0.000000 0.000000
vt 1.000000 0.000000
vt 1.000000 1.000000
vt 0.000000 1.000000
f 393/393 394/394 395/395 396/396
usemtl dark
v 0.014310 0.178695 0.001736
v 0.014457 0.180393 0.000574
v 0.000000 0.180000 0.000000
v 0.000000 0.180000 0.000000
vt 0.000000 0.000000
vt 1.000000 0.000000
vt 1.000000 1.000000
vt 0.000000 1.000000
f 397/397 398/398 399/399 400/400
usemtl white
v 0.014457 0.180393 0.000574
v 0.014310 0.182091 -0.000587
v 0.028620 0.184968 -0.000026
v 0.028914 0.181572 0.002297
vt 0.000000 0.000000
vt 1.000000 0.000000
vt 1.000000 1.000000
vt 0.000000 1.000000
f 401/401 402/402 403/403 404/404
usemtl dark
v 0.028914 0.181572 0.002297
v 0.028620 0.184968 -0.000026
v 0.014310 0.182091 -0.000587
v 0.014457 0.180393 0.000574
vt 0.000000 0.000000
vt 1.000000 0.000000
vt 1.000000 1.000000
vt 0.000000 1.000000
f 405/405 406/406 407/407 408/408
usemtl white
v 0.014310 0.182091 -0.000587
v 0.013872 0.183755 -0.001725
v 0.027743 0.188295 -0.002302
v 0.028620 0.184968 -0.000026
vt 0.000000 0.000000
vt 1.000000 0.000000
vt 1.000000 1.000000
vt 0.000000 1.000000
f 409/409 410/410 411/411 412/412
usemtl dark
v 0.028620 0.184968 -0.000026
v 0.027743 0.188295 -0.002302
v 0.013872 0.183755 -0.001725
v 0.014310 0.182091 -0.000587
vt 0.000000 0.000000
vt 1.000000 0.000000
vt 1.000000 1.000000
vt 0.000000 1.000000
f 413/413 414/414 415/415 416/416
usemtl white
v 0.013872 0.183755 -0.001725
v 0.013151 0.185350 -0.002817
v 0.026301 0.191485 -0.004485
v 0.027743 0.188295 -0.002302
vt 0.000000 0.000000
vt 1.000000 0.000000
vt 1.000000 1.000000
vt 0.000000 1.000000
f 417/417 418/418 419/419 420/420
usemtl dark
v 0.027743 0.188295 -0.002302
v 0.026301 0.191485 -0.004485
v 0.013151 0.185350 -0.002817
v 0.013872 0.183755 -0.001725
vt 0.000000 0.000000
vt 1.000000 0.000000
vt 1.000000 1.000000
vt 0.000000 1.000000
f 421/421 422/422 423/423 424/424
usemtl white
v 0.013151 0.185350 -0.002817
v 0.012162 0.186844 -0.003839
v 0.024324 0.194474 -0.006529
v 0.026301 0.191485 -0.004485
vt 0.000000 0.000000
vt 1.000000 0.000000
vt 1.000000 1.000000
vt 0.000000 1.000000
f 425/425 426/426 427/427 428/428
usemtl dark
v 0.026301 0.191485 -0.004485
v 0.024324 0.194474 -0.006529
v 0.012162 0.186844 -0.003839
v 0.013151 0.185350 -0.002817
vt 0.000000 0.000000
vt 1.000000 0.000000
vt 1.000000 1.000000
vt 0.000000 1.000000
f 429/429 430/430 431/431 432/432
usemtl white
v 0.012162 0.186844 -0.003839
v 0.010926 0.188207 -0.004771
v 0.021852 0.197199 -0.008394
v 0.024324 0.194474 -0.006529
vt 0.000000 0.000000
vt 1.000000 0.000000
vt 1.000000 1.000000
vt 0.000000 1.000000
f 433/433 434/434 435/435 436/436
usemtl dark
v 0.024324 0.194474 -0.006529
v 0.021852 0.197199 -0.008394
v 0.010926 0.188207 -0.004771
v 0.012162 0.186844 -0.003839
vt 0.000000 0.000000
vt 1.000000 0.000000
vt 1.000000 1.000000
vt 0.000000 1.000000
f 437/437 438/438 439/439 440/440
usemtl white
v 0.010926 0.188207 -0.004771
v 0.009467 0.189411 -0.005595
v 0.018935 0.199607 -0.010041
v 0.021852 0.197199 -0.008394
vt 0.000000 0.000000
vt 1.000000 0.000000
vt 1.000000 1.000000
vt 0.000000 1.000000
f 441/441 442/442 443/443 444/444
usemtl dark
v 0.021852 0.197199 -0.008394
v 0.018935 0.199607 -0.010041
v 0.009467 0.189411 -0.005595
v 0.010926 0.188207 -0.004771
vt 0.000000 0.000000
vt 1.000000 0.000000
vt 1.000000 1.000000
vt 0.000000 1.000000
f 445/445 446/446 447/447 448/448
usemtl white
v 0.009467 0.189411 -0.005595
v 0.007816 0.190431 -0.006293
v 0.015632 0.201647 -0.011437
v 0.018935 0.199607 -0.010041
vt 0.000000 0.000000
vt 1.000000 0.000000
vt 1.000000 1.000000
vt 0.000000 1.000000
f 449/449 450/450 451/451 452/452
usemtl dark
v 0.018935 0.199607 -0.010041
v 0.015632 0.201647 -0.011437
v 0.007816 0.190431 -0.006293
v 0.009467 0.189411 -0.005595
vt 0.000000 0.000000
vt 1.000000 0.000000
vt 1.000000 1.000000
vt 0.000000 1.000000
f 453/453 454/454 455/455 456/456
usemtl white
v 0.007816 0.190431 -0.006293
v 0.006006 0.191247 -0.006851
v 0.012011 0.203279 -0.012553
v 0.015632 0.201647 -0.011437
vt 0.000000 0.000000
vt 1.000000 0.000000
vt 1.000000 1.000000
vt 0.000000 1.000000
f 457/457 458/458 459/459 460/460
usemtl dark
v 0.015632 0.201647 -0.011437
v 0.012011 0.203279 -0.012553
v 0.006006 0.191247 -0.006851
v 0.007816 0.190431 -0.006293
vt 0.000000 0.000000
vt 1.000000 0.000000
vt 1.000000 1.000000
vt 0.000000 1.000000
f 461/461 462/462 463/463 464/464
usemtl white
v 0.006006 0.191247 -0.006851
v 0.004073 0.191842 -0.007258
v 0.008146 0.204469 -0.013367
v 0.012011 0.203279 -0.012553
vt 0.000000 0.000000
vt 1.000000 0.000000
vt 1.000000 1.000000
vt 0.000000 1.000000
f 465/465 466/466 467/467 468/468
usemtl dark
v 0.012011 0.203279 -0.012553
v 0.008146 0.204469 -0.013367
v 0.004073 0.191842 -0.007258
v 0.006006 0.191247 -0.006851
vt 0.000000 0.000000
vt 1.000000 0.000000
vt 1.000000 1.000000
vt 0.000000 1.000000
f 469/469 470/470 471/471 472/472
usemtl white
v 0.004073 0.191842 -0.007258
v 0.002057 0.192203 -0.007506
v 0.004115 0.205193 -0.013863
v 0.008146 0.204469 -0.013367
vt 0.000000 0.000000
vt 1.000000 0.000000
vt 1.000000 1.000000
vt 0.000000 1.000000
f 473/473 474/474 475/475 476/476
usemtl dark
v 0.008146 0.204469 -0.013367
v 0.004115 0.205193 -0.013863
v 0.002057 0.192203 -0.007506
v 0.004073 0.191842 -0.007258
vt 0.000000 0.000000
vt 1.000000 0.000000
vt 1.000000 1.000000
vt 0.000000 1.000000
f 477/477 478/478 479/479 480/480
usemtl white
v 0.002057 0.192203 -0.007506
v 0.000000 0.192325 -0.007589
v 0.000000 0.205436 -0.014029
v 0.004115 0.205193 -0.013863
vt 0.000000 0.000000
vt 1.000000 0.000000
vt 1.000000 1.000000
vt 0.000000 1.000000
f 481/481 482/482 483/483 484/484
usemtl dark
v 0.004115 0.205193 -0.013863
v 0.000000 0.205436 -0.014029
v 0.000000 0.192325 -0.007589
v 0.002057 0.192203 -0.007506
vt 0.000000 0.000000
vt 1.000000 0.000000
vt 1.000000 1.000000
vt 0.000000 1.000000
f 485/485 486/486 487/487 488/488
usemtl white
v 0.000000 0.192325 -0.007589
v -0.002057 0.192203 -0.007506
v -0.004115 0.205193 -0.013863
v 0.000000 0.205436 -0.014029
vt 0.000000 0.000000
vt 1.000000 0.000000
vt 1.000000 1.000000
vt 0.000000 1.000000
f 489/489 490/490 491/491 492/492
usemtl dark
v 0.000000 0.205436 -0.014029
v -0.004115 0.205193 -0.013863
v -0.002057 0.192203 -0.007506
v 0.000000 0.192325 -0.007589
vt 0.000000 0.000000
vt 1.000000 0.000000
vt 1.000000 1.000000
vt 0.000000 1.000000
f 493/493 494/494 495/495 496/496
usemtl white
v -0.002057 0.192203 -0.007506
v -0.004073 0.191842 -0.007258
v -0.008146 0.204469 -0.013367
v -0.004115 0.205193 -0.013863
vt 0.000000 0.000000
vt 1.000000 0.000000
vt 1.000000 1.000000
vt 0.000000 1.000000
f 497/497 498/498 499/499 500/500
usemtl dark
v -0.004115 0.205193 -0.013863
v -0.008146 0.204469 -0.013367
v -0.004073 0.191842 -0.007258
v -0.002057 0.192203 -0.007506
vt 0.000000 0.000000
vt 1.000000 0.000000
vt 1.000000 1.000000
vt 0.000000 1.000000
f 501/501 502/502 503/503 504/504
usemtl white
v -0.004073 0.191842 -0.007258
v -0.006006 0.191247 -0.006851
v -0.012011 0.203279 -0.012553
v -0.008146 0.204469 -0.013367
vt 0.000000 0.000000
vt 1.000000 0.000000
vt 1.000000 1.000000
vt 0.000000 1.000000
f 505/505 506/506 507/507 508/508
usemtl dark
v -0.008146 0.204469 -0.013367
v -0.012011 0.203279 -0.012553
v -0.006006 0.191247 -0.006851
v -0.004073 0.191842 -0.007258
vt 0.000000 0.000000
vt 1.000000 0.000000
vt 1.000000 1.000000
vt 0.000000 1.000000
f 509/509 510/510 511/511 512/512
usemtl white
v -0.006006 0.191247 -0.006851
v -0.007816 0.190431 -0.006293
v -0.015632 0.201647 -0.011437
v -0.012011 0.203279 -0.012553
vt 0.000000 0.000000
vt 1.000000 0.000000
vt 1.000000 1.000000
vt 0.000000 1.000000
f 513/513 514/514 515/515 516/516
usemtl dark
v -0.012011 0.203279 -0.012553
v -0.015632 0.201647 -0.011437
v -0.007816 0.190431 -0.006293
v -0.006006 0.191247 -0.006851
vt 0.000000 0.000000
vt 1.000000 0.000000
vt 1.000000 1.000000
vt 0.000000 1.000000
f 517/517 518/518 519/519 520/520
usemtl white
v -0.007816 0.190431 -0.006293
v -0.009467 0.189411 -0.005595
v -0.018935 0.199607 -0.010041
v -0.015632 0.201647 -0.011437
vt 0.000000 0.000000
vt 1.000000 0.000000
vt 1.000000 1.000000
vt 0.000000 1.000000
f 521/521 522/522 523/523 524/524
usemtl dark
v -0.015632 0.201647 -0.011437
v -0.018935 0.199607 -0.010041
v -0.009467 0.189411 -0.005595
v -0.007816 0.190431 -0.006293
vt 0.000000 0.000000
vt 1.000000 0.000000
vt 1.000000 1.000000
vt 0.000000 1.000000
f 525/525 526/526 527/527 528/528
usemtl white
v -0.009467 0.189411 -0.005595
v -0.010926 0.188207 -0.004771
v -0.021852 0.197199 -0.008394
v -0.018935 0.199607 -0.010041
vt 0.000000 0.000000
vt 1.000000 0.000000
vt 1.000000 1.000000
vt 0.000000 1.000000
f 529/529 530/530 531/531 532/532
usemtl dark
v -0.018935 0.199607 -0.010041
v -0.021852 0.197199 -0.008394
v -0.010926 0.188207 -0.004771
v -0.009467 0.189411 -0.005595
vt 0.000000 0.000000
vt 1.000000 0.000000
vt 1.000000 1.000000
vt 0.000000 1.000000
f 533/533 534/534 535/535 536/536
usemtl white
v -0.010926 0.188207 -0.004771
v -0.012162 0.186844 -0.003839
v -0.024324 0.194474 -0.006529
v -0.021852 0.197199 -0.008394
vt 0.000000 0.000000
vt 1.000000 0.000000
vt 1.000000 1.000000
vt 0.000000 1.000000
f 537/537 538/538 539/539 540/540
usemtl dark
v -0.021852 0.197199 -0.008394
v -0.024324 0.194474 -0.006529
v -0.012162 0.186844 -0.003839
v -0.010926 0.188207 -0.004771
vt 0.000000 0.000000
vt 1.000000 0.000000
vt 1.000000 1.000000
vt 0.000000 1.000000
f 541/541 542/542 543/543 544/544
usemtl white
v -0.012162 0.186844 -0.003839
v -0.013151 0.185350 -0.002817
v -0.026301 0.191485 -0.004485
v -0.024324 0.194474 -0.006529
vt 0.000000 0.000000
vt 1.000000 0.000000
vt 1.000000 1.000000
vt 0.000000 1.000000
f 545/545 546/546 547/547 548/548
usemtl dark
v -0.024324 0.194474 -0.006529
v -0.026301 0.191485 -0.004485
v -0.013151 0.185350 -0.002817
v -0.012162 0.186844 -0.003839
vt 0.000000 0.000000
vt 1.000000 0.000000
vt 1.000000 1.000000
vt 0.000000 1.000000
f 549/549 550/550 551/551 552/552
usemtl white
v -0.013151 0.185350 -0.002817
v -0.013872 0.183755 -0.001725
v -0.027743 0.188295 -0.002302
v -0.026301 0.191485 -0.004485
vt 0.000000 0.000000
vt 1.000000 0.000000
vt 1.000000 1.000000
vt 0.000000 1.000000
f 553/553 554/554 555/555 556/556
usemtl dark
v -0.026301 0.191485 -0.004485
v -0.027743 0.188295 -0.002302
v -0.013872 0.183755 -0.001725
v -0.013151 0.185350 -0.002817
vt 0.000000 0.000000
vt 1.000000 0.000000
vt 1.000000 1.000000
vt 0.000000 1.000000
f 557/557 558/558 559/559 560/560
usemtl white
v -0.013872 0.183755 -0.001725
v -0.014310 0.182091 -0.000587
v -0.028620 0.184968 -0.000026
v -0.027743 0.188295 -0.002302
vt 0.000000 0.000000
vt 1.000000 0.000000
vt 1.000000 1.000000
vt 0.000000 1.000000
f 561/561 562/562 563/563 564/564
usemtl dark
v -0.027743 0.188295 -0.002302
v -0.028620 0.184968 -0.000026
v -0.014310 0.182091 -0.000587
v -0.013872 0.183755 -0.001725
vt 0.000000 0.000000
vt 1.000000 0.000000
vt 1.000000 1.000000
vt 0.000000 1.000000
f 565/565 566/566 567/567 568/568
usemtl white
v -0.014310 0.182091 -0.000587
v -0.014457 0.180393 0.000574
v -0.028914 0.181572 0.002297
v -0.028620 0.184968 -0.000026
vt 0.000000 0.000000
vt 1.000000 0.000000
vt 1.000000 1.000000
vt 0.000000 1.000000
f 569/569 570/570 571/571 572/572
usemtl dark
v -0.028620 0.184968 -0.000026
v -0.028914 0.181572 0.002297
v -0.014457 0.180393 0.000574
v -0.014310 0.182091 -0.000587
vt 0.000000 0.000000
vt 1.000000 0.000000
vt 1.000000 1.000000
vt 0.000000 1.000000
f 573/573 574/574 575/575 576/576
usemtl white
v -0.014457 0.180393 0.000574
v -0.014310 0.178695 0.001736
v -0.028620 0.178176 0.004621
v -0.028914 0.181572 0.002297
vt 0.000000 0.000000
vt 1.000000 0.000000
vt 1.000000 1.000000
vt 0.000000 1.000000
f 577/577 578/578 579/579 580/580
usemtl dark
v -0.028914 0.181572 0.002297
v -0.028620 0.178176 0.004621
v -0.014310 0.178695 0.001736
v -0.014457 0.180393 0.000574
vt 0.000000 0.000000
vt 1.000000 0.000000
vt 1.000000 1.000000
vt 0.000000 1.000000
f 581/581 582/582 583/583 584/584
usemtl white
v -0.014310 0.178695 0.001736
v -0.013872 0.177031 0.002874
v -0.027743 0.174849 0.006897
v -0.028620 0.178176 0.004621
vt 0.000000 0.000000
vt 1.000000 0.000000
vt 1.000000 1.000000
vt 0.000000 1.000000
f 585/585 586/586 587/587 588/588
usemtl dark
v -0.028620 0.178176 0.004621
v -0.027743 0.174849 0.006897
v -0.013872 0.177031 0.002874
v -0.014310 0.178695 0.001736
vt 0.000000 0.000000
vt 1.000000 0.000000
vt 1.000000 1.000000
vt 0.000000 1.000000
f 589/589 590/590 591/591 592/592
usemtl white
v -0.013872 0.177031 0.002874
v -0.013151 0.175436 0.003965
v -0.026301 0.171658 0.009080
v -0.027743 0.174849 0.006897
vt 0.000000 0.000000
vt 1.000000 0.000000
vt 1.000000 1.000000
vt 0.000000 1.000000
f 593/593 594/594 595/595 596/596
usemtl dark
v -0.027743 0.174849 0.006897
v -0.026301 0.171658 0.009080
v -0.013151 0.175436 0.003965
v -0.013872 0.177031 0.002874
vt 0.000000 0.000000
vt 1.000000 0.000000
vt 1.000000 1.000000
vt 0.000000 1.000000
f 597/597 598/598 599/599 600/600
usemtl white
v -0.013151 0.175436 0.003965
v -0.012162 0.173942 0.004988
v -0.024324 0.168670 0.011124
v -0.026301 0.171658 0.009080
vt 0.000000 0.000000
vt 1.000000 0.000000
vt 1.000000 1.000000
vt 0.000000 1.000000
f 601/601 602/602 603/603 604/604
usemtl dark
v -0.026301 0.171658 0.009080
v -0.024324 0.168670 0.011124
v -0.012162 0.173942 0.004988
v -0.013151 0.175436 0.003965
vt 0.000000 0.000000
vt 1.000000 0.000000
vt 1.000000 1.000000
vt 0.000000 1.000000
f 605/605 606/606 607/607 608/608
usemtl white
v -0.012162 0.173942 0.004988
v -0.010926 0.172579 0.005920
v -0.021852 0.165944 0.012989
v -0.024324 0.168670 0.011124
vt 0.000000 0.000000
vt 1.000000 0.000000
vt 1.000000 1.000000
vt 0.000000 1.000000
f 609/609 610/610 611/611 612/612
usemtl dark
v -0.024324 0.168670 0.011124
v -0.021852 0.165944 0.012989
v -0.010926 0.172579 0.005920
v -0.012162 0.173942 0.004988
vt 0.000000 0.000000
vt 1.000000 0.000000
vt 1.000000 1.000000
vt 0.000000 1.000000
f 613/613 614/614 615/615 616/616
usemtl white
v -0.010926 0.172579 0.005920
v -0.009467 0.171375 0.006744
v -0.018935 0.163537 0.014636
v -0.021852 0.165944 0.012989
vt 0.000000 0.000000
vt 1.000000 0.000000
vt 1.000000 1.000000
vt 0.000000 1.000000
f 617/617 618/618 619/619 620/620
usemtl dark
v -0.021852 0.165944 0.012989
v -0.018935 0.163537 0.014636
v -0.009467 0.171375 0.006744
v -0.010926 0.172579 0.005920
vt 0.000000 0.000000
vt 1.000000 0.000000
vt 1.000000 1.000000
vt 0.000000 1.000000
f 621/621 622/622 623/623 624/624
usemtl white
v -0.009467 0.171375 0.006744
v -0.007816 0.170355 0.007442
v -0.015632 0.161496 0.016032
v -0.018935 0.163537 0.014636
vt 0.000000 0.000000
vt 1.000000 0.000000
vt 1.000000 1.000000
vt 0.000000 1.000000
f 625/625 626/626 627/627 628/628
usemtl dark
v -0.018935 0.163537 0.014636
v -0.015632 0.161496 0.016032
v -0.007816 0.170355 0.007442
v -0.009467 0.171375 0.006744
vt 0.000000 0.000000
vt 1.000000 0.000000
vt 1.000000 1.000000
vt 0.000000 1.000000
f 629/629 630/630 631/631 632/632
usemtl white
v -0.007816 0.170355 0.007442
v -0.006006 0.169539 0.008000
v -0.012011 0.159864 0.017148
v -0.015632 0.161496 0.016032
vt 0.000000 0.000000
vt 1.000000 0.000000
vt 1.000000 1.000000
vt 0.000000 1.000000
f 633/633 634/634 635/635 636/636
usemtl dark
v -0.015632 0.161496 0.016032
v -0.012011 0.159864 0.017148
v -0.006006 0.169539 0.008000
v -0.007816 0.170355 0.007442
vt 0.000000 0.000000
vt 1.000000 0.000000
vt 1.000000 1.000000
vt 0.000000 1.000000
f 637/637 638/638 639/639 640/640
usemtl white
v -0.006006 0.169539 0.008000
v -0.004073 0.168944 0.008407
v -0.008146 0.158674 0.017962
v -0.012011 0.159864 0.017148
vt 0.000000 0.000000
vt 1.000000 0.000000
vt 1.000000 1.000000
vt 0.000000 1.000000
f 641/641 642/642 643/643 644/644
usemtl dark
v -0.012011 0.159864 0.017148
v -0.008146 0.158674 0.017962
v -0.004073 0.168944 0.008407
v -0.006006 0.169539 0.008000
vt 0.000000 0.000000
vt 1.000000 0.000000
vt 1.000000 1.000000
vt 0.000000 1.000000
f 645/645 646/646 647/647 648/648
usemtl white
v -0.004073 0.168944 0.008407
v -0.002057 0.168582 0.008654
v -0.004115 0.157951 0.018458
v -0.008146 0.158674 0.017962
vt 0.000000 0.000000
vt 1.000000 0.000000
vt 1.000000 1.000000
vt 0.000000 1.000000
f 649/649 650/650 651/651 652/652
usemtl dark
v -0.008146 0.158674 0.017962
v -0.004115 0.157951 0.018458
v -0.002057 0.168582 0.008654
v -0.004073 0.168944 0.008407
vt 0.000000 0.000000
vt 1.000000 0.000000
vt 1.000000 1.000000
vt 0.000000 1.000000
f 653/653 654/654 655/655 656/656
usemtl white
v -0.002057 0.168582 0.008654
v -0.000000 0.168461 0.008737
v -0.000000 0.157708 0.018624
v -0.004115 0.157951 0.018458
vt 0.000000 0.000000
vt 1.000000 0.000000
vt 1.000000 1.000000
vt 0.000000 1.000000
f 657/657 658/658 659/659 660/660
usemtl dark
v -0.004115 0.157951 0.018458
v -0.000000 0.157708 0.018624
v -0.000000 0.168461 0.008737
v -0.002057 0.168582 0.008654
vt 0.000000 0.000000
vt 1.000000 0.000000
vt 1.000000 1.000000
vt 0.000000 1.000000
f 661/661 662/662 663/663 664/664
usemtl white
v -0.000000 0.168461 0.008737
v 0.002057 0.168582 0.008654
v 0.004115 0.157951 0.018458
v -0.000000 0.157708 0.018624
vt 0.000000 0.000000
vt 1.000000 0.000000
vt 1.000000 1.000000
vt 0.000000 1.000000
f 665/665 666/666 667/667 668/668
usemtl dark
v -0.000000 0.157708 0.018624
v 0.004115 0.157951 0.018458
v 0.002057 0.168582 0.008654
v -0.000000 0.168461 0.008737
vt 0.000000 0.000000
vt 1.000000 0.000000
vt 1.000000 1.000000
vt 0.000000 1.000000
f 669/669 670/670 671/671 672/672
usemtl white
v 0.002057 0.168582 0.008654
v 0.004073 0.168944 0.008407
v 0.008146 0.158674 0.017962
v 0.004115 0.157951 0.018458
vt 0.000000 0.000000
vt 1.000000 0.000000
vt 1.000000 1.000000
vt 0.000000 1.000000
f 673/673 674/674 675/675 676/676
usemtl dark
v 0.004115 0.157951 0.018458
v 0.008146 0.158674 0.017962
v 0.004073 0.168944 0.008407
v 0.002057 0.168582 0.008654
vt 0.000000 0.000000
vt 1.000000 0.000000
vt 1.000000 1.000000
vt 0.000000 1.000000
f 677/677 678/678 679/679 680/680
usemtl white
v 0.004073 0.168944 0.008407
v 0.006006 0.169539 0.008000
v 0.012011 0.159864 0.017148
v 0.008146 0.158674 0.017962
vt 0.000000 0.000000
vt 1.000000 0.000000
vt 1.000000 1.000000
vt 0.000000 1.000000
f 681/681 682/682 683/683 684/684
usemtl dark
v 0.008146 0.158674 0.017962
v 0.012011 0.159864 0.017148
v 0.006006 0.169539 0.008000
v 0.004073 0.168944 0.008407
vt 0.000000 0.000000
vt 1.000000 0.000000
vt 1.000000 1.000000
vt 0.000000 1.000000
f 685/685 686/686 687/687 688/688
usemtl white
v 0.006006 0.169539 0.008000
v 0.007816 0.170355 0.007442
v 0.015632 0.161496 0.016032
v 0.012011 0.159864 0.017148
vt 0.000000 0.000000
vt 1.000000 0.000000
vt 1.000000 1.000000
vt 0.000000 1.000000
f 689/689 690/690 691/691 692/692
usemtl dark
v 0.012011 0.159864 0.017148
v 0.015632 0.161496 0.016032
v 0.007816 0.170355 0.007442
v 0.006006 0.169539 0.008000
vt 0.000000 0.000000
vt 1.000000 0.000000
vt 1.000000 1.000000
vt 0.000000 1.000000
f 693/693 694/694 695/695 696/696
usemtl white
v 0.007816 0.170355 0.007442
v 0.009467 0.171375 0.006744
v 0.018935 0.163537 0.014636
v 0.015632 0.161496 0.016032
vt 0.000000 0.000000
vt 1.000000 0.000000
vt 1.000000 1.000000
vt 0.000000 1.000000
f 697/697 698/698 699/699 700/700
usemtl dark
v 0.015632 0.161496 0.016032
v 0.018935 0.163537 0.014636
v 0.009467 0.171375 0.006744
v 0.007816 0.170355 0.007442
vt 0.000000 0.000000
vt 1.000000 0.000000
vt 1.000000 1.000000
vt 0.000000 1.000000
f 701/701 702/702 703/703 704/704
usemtl white
v 0.009467 0.171375 0.006744
v 0.010926 0.172579 0.005920
v 0.021852 0.165944 0.012989
v 0.018935 0.163537 0.014636
vt 0.000000 0.000000
vt 1.000000 0.000000
vt 1.000000 1.000000
vt 0.000000 1.000000
f 705/705 706/706 707/707 708/708
usemtl dark
v 0.018935 0.163537 0.014636
v 0.021852 0.165944 0.012989
v 0.010926 0.172579 0.005920
v 0.009467 0.171375 0.006744
vt 0.000000 0.000000
vt 1.000000 0.000000
vt 1.000000 1.000000
vt 0.000000 1.000000
f 709/709 710/710 711/711 712/712
usemtl white
v 0.010926 0.172579 0.005920
v 0.012162 0.173942 0.004988
v 0.024324 0.168670 0.011124
v 0.021852 0.165944 0.012989
vt 0.000000 0.000000
vt 1.000000 0.000000
vt 1.000000 1.000000
vt 0.000000 1.000000
f 713/713 714/714 715/715 716/716
usemtl dark
v 0.021852 0.165944 0.012989
v 0.024324 0.168670 0.011124
v 0.012162 0.173942 0.004988
v 0.010926 0.172579 0.005920
vt 0.000000 0.000000
vt 1.000000 0.000000
vt 1.000000 1.000000
vt 0.000000 1.000000
f 717/717 718/718 719/719 720/720
usemtl white
v 0.012162 0.173942 0.004988
v 0.013151 0.175436 0.003965
v 0.026301 0.171658 0.009080
v 0.024324 0.168670 0.011124
vt 0.000000 0.000000
vt 1.000000 0.000000
vt 1.000000 1.000000
vt 0.000000 1.000000
f 721/721 722/722 723/723 724/724
usemtl dark
v 0.024324 0.168670 0.011124
v 0.026301 0.171658 0.009080
v 0.013151 0.175436 0.003965
v 0.012162 0.173942 0.004988
vt 0.000000 0.000000
vt 1.000000 0.000000
vt 1.000000 1.000000
vt 0.000000 1.000000
f 725/725 726/726 727/727 728/728
usemtl white
v 0.013151 0.175436 0.003965
v 0.013872 0.177031 0.002874
v 0.027743 0.174849 0.006897
v 0.026301 0.171658 0.009080
vt 0.000000 0.000000
vt 1.000000 0.000000
vt 1.000000 1.000000
vt 0.000000 1.000000
f 729/729 730/730 731/731 732/732
usemtl dark
v 0.026301 0.171658 0.009080
v 0.027743 0.174849 0.006897
v 0.013872 0.177031 0.002874
v 0.013151 0.175436 0.003965
vt 0.000000 0.000000
vt 1.000000 0.000000
vt 1.000000 1.000000
vt 0.000000 1.000000
f 733/733 734/734 735/735 736/736
usemtl white
v 0.013872 0.177031 0.002874
v 0.014310 0.178695 0.001736
v 0.028620 0.178176 0.004621
v 0.027743 0.174849 0.006897
vt 0.000000 0.000000
vt 1.000000 0.000000
vt 1.000000 1.000000
vt 0.000000 1.000000
f 737/737 738/738 739/739 740/740
usemtl dark
v 0.027743 0.174849 0.006897
v 0.028620 0.178176 0.004621
v 0.014310 0.178695 0.001736
v 0.013872 0.177031 0.002874
vt 0.000000 0.000000
vt 1.000000 0.000000
vt 1.000000 1.000000
vt 0.000000 1.000000
f 741/741 742/742 743/743 744/744
usemtl white
v 0.014310 0.178695 0.001736
v 0.014457 0.180393 0.000574
v 0.028914 0.181572 0.002297
v 0.028620 0.178176 0.004621
vt 0.000000 0.000000
vt 1.000000 0.000000
vt 1.000000 1.000000
vt 0.000000 1.000000
f 745/745 746/746 747/747 748/748
usemtl dark
v 0.028620 0.178176 0.004621
v 0.028914 0.181572 0.002297
v 0.014457 0.180393 0.000574
v 0.014310 0.178695 0.001736
vt 0.000000 0.000000
vt 1.000000 0.000000
vt 1.000000 1.000000
vt 0.000000 1.000000
f 749/749 750/750 751/751 752/752
usemtl white
v 0.028914 0.181572 0.002297
v 0.028620 0.184968 -0.000026
v 0.042930 0.188631 0.001684
v 0.043371 0.183537 0.005169
vt 0.000000 0.000000
vt 1.000000 0.000000
vt 1.000000 1.000000
vt 0.000000 1.000000
f 753/753 754/754 755/755 756/756
usemtl dark
v 0.043371 0.183537 0.005169
v 0.042930 0.188631 0.001684
v 0.028620 0.184968 -0.000026
v 0.028914 0.181572 0.002297
vt 0.000000 0.000000
vt 1.000000 0.000000
vt 1.000000 1.000000
vt 0.000000 1.000000
f 757/757 758/758 759/759 760/760
usemtl white
v 0.028620 0.184968 -0.000026
v 0.027743 0.188295 -0.002302
v 0.041615 0.193621 -0.001730
v 0.042930 0.188631 0.001684
vt 0.000000 0.000000
vt 1.000000 0.000000
vt 1.000000 1.000000
vt 0.000000 1.000000
f 761/761 762/762 763/763 764/764
usemtl dark
v 0.042930 0.188631 0.001684
v 0.041615 0.193621 -0.001730
v 0.027743 0.188295 -0.002302
v 0.028620 0.184968 -0.000026
vt 0.000000 0.000000
vt 1.000000 0.000000
vt 1.000000 1.000000
vt 0.000000 1.000000
f 765/765 766/766 767/767 768/768
usemtl white
v 0.027743 0.188295 -0.002302
v 0.026301 0.191485 -0.004485
v 0.039452 0.198407 -0.005004
v 0.041615 0.193621 -0.001730
vt 0.000000 0.000000
vt 1.000000 0.000000
vt 1.000000 1.000000
vt 0.000000 1.000000
f 769/769 770/770 771/771 772/772
usemtl dark
v 0.041615 0.193621 -0.001730
v 0.039452 0.198407 -0.005004
v 0.026301 0.191485 -0.004485
v 0.027743 0.188295 -0.002302
vt 0.000000 0.000000
vt 1.000000 0.000000
vt 1.000000 1.000000
vt 0.000000 1.000000
f 773/773 774/774 775/775 776/776
usemtl white
v 0.026301 0.191485 -0.004485
v 0.024324 0.194474 -0.006529
v 0.036486 0.202889 -0.008071
v 0.039452 0.198407 -0.005004
vt 0.000000 0.000000
vt 1.000000 0.000000
vt 1.000000 1.000000
vt 0.000000 1.000000
f 777/777 778/778 779/779 780/780
usemtl dark
v 0.039452 0.198407 -0.005004
v 0.036486 0.202889 -0.008071
v 0.024324 0.194474 -0.006529
v 0.026301 0.191485 -0.004485
vt 0.000000 0.000000
vt 1.000000 0.000000
vt 1.000000 1.000000
vt 0.000000 1.000000
f 781/781 782/782 783/783 784/784
usemtl white
v 0.024324 0.194474 -0.006529
v 0.021852 0.197199 -0.008394
v 0.032778 0.206978 -0.010868
v 0.036486 0.202889 -0.008071
vt 0.000000 0.000000
vt 1.000000 0.000000
vt 1.000000 1.000000
vt 0.000000 1.000000
f 785/785 786/786 787/787 788/788
usemtl dark
v 0.036486 0.202889 -0.008071
v 0.032778 0.206978 -0.010868
v 0.021852 0.197199 -0.008394
v 0.024324 0.194474 -0.006529
vt 0.000000 0.000000
vt 1.000000 0.000000
vt 1.000000 1.000000
vt 0.000000 1.000000
f 789/789 790/790 791/791 792/792
usemtl white
v 0.021852 0.197199 -0.008394
v 0.018935 0.199607 -0.010041
v 0.028402 0.210589 -0.013339
v 0.032778 0.206978 -0.010868
vt 0.000000 0.000000
vt 1.000000 0.000000
vt 1.000000 1.000000
vt 0.000000 1.000000
f 793/793 794/794 795/795 796/796
usemtl dark
v 0.032778 0.206978 -0.010868
v 0.028402 0.210589 -0.013339
v 0.018935 0.199607 -0.010041
v 0.021852 0.197199 -0.008394
vt 0.000000 0.000000
vt 1.000000 0.000000
vt 1.000000 1.000000
vt 0.000000 1.000000
f 797/797 798/798 799/799 800/800
usemtl white
v 0.018935 0.199607 -0.010041
v 0.015632 0.201647 -0.011437
v 0.023448 0.213650 -0.015432
v 0.028402 0.210589 -0.013339
vt 0.000000 0.000000
vt 1.000000 0.000000
vt 1.000000 1.000000
vt 0.000000 1.000000
f 801/801 802/802 803/803 804/804
usemtl dark
v 0.028402 0.210589 -0.013339
v 0.023448 0.213650 -0.015432
v 0.015632 0.201647 -0.011437
v 0.018935 0.199607 -0.010041
vt 0.000000 0.000000
vt 1.000000 0.000000
vt 1.000000 1.000000
vt 0.000000 1.000000
f 805/805 806/806 807/807 808/808
usemtl white
v 0.015632 0.201647 -0.011437
v 0.012011 0.203279 -0.012553
v 0.018017 0.216098 -0.017107
v 0.023448 0.213650 -0.015432
vt 0.000000 0.000000
vt 1.000000 0.000000
vt 1.000000 1.000000
vt 0.000000 1.000000
f 809/809 810/810 811/811 812/812
usemtl dark
v 0.023448 0.213650 -0.015432
v 0.018017 0.216098 -0.017107
v 0.012011 0.203279 -0.012553
v 0.015632 0.201647 -0.011437
vt 0.000000 0.000000
vt 1.000000 0.000000
vt 1.000000 1.000000
vt 0.000000 1.000000
f 813/813 814/814 815/815 816/816
usemtl white
v 0.012011 0.203279 -0.012553
v 0.008146 0.204469 -0.013367
v 0.012219 0.217883 -0.018328
v 0.018017 0.216098 -0.017107
vt 0.000000 0.000000
vt 1.000000 0.000000
vt 1.000000 1.000000
vt 0.000000 1.000000
f 817/817 818/818 819/819 820/820
usemtl dark
v 0.018017 0.216098 -0.017107
v 0.012219 0.217883 -0.018328
v 0.008146 0.204469 -0.013367
v 0.012011 0.203279 -0.012553
vt 0.000000 0.000000
vt 1.000000 0.000000
vt 1.000000 1.000000
vt 0.000000 1.000000
f 821/821 822/822 823/823 824/824
usemtl white
v 0.008146 0.204469 -0.013367
v 0.004115 0.205193 -0.013863
v 0.006172 0.218968 -0.019071
v 0.012219 0.217883 -0.018328
vt 0.000000 0.000000
vt 1.000000 0.000000
vt 1.000000 1.000000
vt 0.000000 1.000000
f 825/825 826/826 827/827 828/828
usemtl dark
v 0.012219 0.217883 -0.018328
v 0.006172 0.218968 -0.019071
v 0.004115 0.205193 -0.013863
v 0.008146 0.204469 -0.013367
vt 0.000000 0.000000
vt 1.000000 0.000000
vt 1.000000 1.000000
vt 0.000000 1.000000
f 829/829 830/830 831/831 832/832
usemtl white
v 0.004115 0.205193 -0.013863
v 0.000000 0.205436 -0.014029
v 0.000000 0.219332 -0.019320
v 0.006172 0.218968 -0.019071
vt 0.000000 0.000000
vt 1.000000 0.000000
vt 1.000000 1.000000
vt 0.000000 1.000000
f 833/833 834/834 835/835 836/836
usemtl dark
v 0.006172 0.218968 -0.019071
v 0.000000 0.219332 -0.019320
v 0.000000 0.205436 -0.014029
v 0.004115 0.205193 -0.013863
vt 0.000000 0.000000
vt 1.000000 0.000000
vt 1.000000 1.000000
vt 0.000000 1.000000
f 837/837 838/838 839/839 840/840
usemtl white
v 0.000000 0.205436 -0.014029
v -0.004115 0.205193 -0.013863
v -0.006172 0.218968 -0.019071
v 0.000000 0.219332 -0.019320
vt 0.000000 0.000000
vt 1.000000 0.000000
vt 1.000000 1.000000
vt 0.000000 1.000000
f 841/841 842/842 843/843 844/844
usemtl dark
v 0.000000 0.219332 -0.019320
v -0.006172 0.218968 -0.019071
v -0.004115 0.205193 -0.013863
v 0.000000 0.205436 -0.014029
vt 0.000000 0.000000
vt 1.000000 0.000000
vt 1.000000 1.000000
vt 0.000000 1.000000
f 845/845 846/846 847/847 848/848
usemtl white
v -0.004115 0.205193 -0.013863
v -0.008146 0.204469 -0.013367
v -0.012219 0.217883 -0.018328
v -0.006172 0.218968 -0.019071
vt 0.000000 0.000000
vt 1.000000 0.000000
vt 1.000000 1.000000
vt 0.000000 1.000000
f 849/849 850/850 851/851 852/852
usemtl dark
v -0.006172 0.218968 -0.019071
v -0.012219 0.217883 -0.018328
v -0.008146 0.204469 -0.013367
v -0.004115 0.205193 -0.013863
vt 0.000000 0.000000
vt 1.000000 0.000000
vt 1.000000 1.000000
vt 0.000000 1.000000
f 853/853 854/854 855/855 856/856
usemtl white
v -0.008146 0.204469 -0.013367
v -0.012011 0.203279 -0.012553
v -0.018017 0.216098 -0.017107
v -0.012219 0.217883 -0.018328
vt 0.000000 0.000000
vt 1.000000 0.000000
vt 1.000000 1.000000
vt 0.000000 1.000000
f 857/857 858/858 859/859 860/860
usemtl dark
v -0.012219 0.217883 -0.018328
v -0.018017 0.216098 -0.017107
v -0.012011 0.203279 -0.012553
v -0.008146 0.204469 -0.013367
vt 0.000000 0.000000
vt 1.000000 0.000000
vt 1.000000 1.000000
vt 0.000000 1.000000
f 861/861 862/862 863/863 864/864
usemtl white
v -0.012011 0.203279 -0.012553
v -0.015632 0.201647 -0.011437
v -0.023448 0.213650 -0.015432
v -0.018017 0.216098 -0.017107
vt 0.000000 0.000000
vt 1.000000 0.000000
vt 1.000000 1.000000
vt 0.000000 1.000000
f 865/865 866/866 867/867 868/868
usemtl dark
v -0.018017 0.216098 -0.017107
v -0.023448 0.213650 -0.015432
v -0.015632 0.201647 -0.011437
v -0.012011 0.203279 -0.012553
vt 0.000000 0.000000
vt 1.000000 0.000000
vt 1.000000 1.000000
vt 0.000000 1.000000
f 869/869 870/870 871/871 872/872
usemtl white
v -0.015632 0.201647 -0.011437
v -0.018935 0.199607 -0.010041
v -0.028402 0.210589 -0.013339
v -0.023448 0.213650 -0.015432
vt 0.000000 0.000000
vt 1.000000 0.000000
vt 1.000000 1.000000
vt 0.000000 1.000000
f 873/873 874/874 875/875 876/876
usemtl dark
v -0.023448 0.213650 -0.015432
v -0.028402 0.210589 -0.013339
v -0.018935 0.199607 -0.010041
v -0.015632 0.201647 -0.011437
vt 0.000000 0.000000
vt 1.000000 0.000000
vt 1.000000 1.000000
vt 0.000000 1.000000
f 877/877 878/878 879/879 880/880
usemtl white
v -0.018935 0.199607 -0.010041
v -0.021852 0.197199 -0.008394
v -0.032778 0.206978 -0.010868
v -0.028402 0.210589 -0.013339
vt 0.000000 0.000000
vt 1.000000 0.000000
vt 1.000000 1.000000
vt 0.000000 1.000000
f 881/881 882/882 883/883 884/884
usemtl dark
v -0.028402 0.210589 -0.013339
v -0.032778 0.206978 -0.010868
v -0.021852 0.197199 -0.008394
v -0.018935 0.199607 -0.010041
vt 0.000000 0.000000
vt 1.000000 0.000000
vt 1.000000 1.000000
vt 0.000000 1.000000
f 885/885 886/886 887/887 888/888
usemtl white
v -0.021852 0.197199 -0.008394
v -0.024324 0.194474 -0.006529
v -0.036486 0.202889 -0.008071
v -0.032778 0.206978 -0.010868
vt 0.000000 0.000000
vt 1.000000 0.000000
vt 1.000000 1.000000
vt 0.000000 1.000000
f 889/889 890/890 891/891 892/892
usemtl dark
v -0.032778 0.206978 -0.010868
v -0.036486 0.202889 -0.008071
v -0.024324 0.194474 -0.006529
v -0.021852 0.197199 -0.008394
vt 0.000000 0.000000
vt 1.000000 0.000000
vt 1.000000 1.000000
vt 0.000000 1.000000
f 893/893 894/894 895/895 896/896
usemtl white
v -0.024324 0.194474 -0.006529
v -0.026301 0.191485 -0.004485
v -0.039452 0.198407 -0.005004
v -0.036486 0.202889 -0.008071
vt 0.000000 0.000000
vt 1.000000 0.000000
vt 1.000000 1.000000
vt 0.000000 1.000000
f 897/897 898/898 899/899 900/900
usemtl dark
v -0.036486 0.202889 -0.008071
v -0.039452 0.198407 -0.005004
v -0.026301 0.191485 -0.004485
v -0.024324 0.194474 -0.006529
vt 0.000000 0.000000
vt 1.000000 0.000000
vt 1.000000 1.000000
vt 0.000000 1.000000
f 901/901 902/902 903/903 904/904
usemtl white
v -0.026301 0.191485 -0.004485
v -0.027743 0.188295 -0.002302
v -0.041615 0.193621 -0.001730
v -0.039452 0.198407 -0.005004
vt 0.000000 0.000000
vt 1.000000 0.000000
vt 1.000000 1.000000
vt 0.000000 1.000000
f 905/905 906/906 907/907 908/908
usemtl dark
v -0.039452 0.198407 -0.005004
v -0.041615 0.193621 -0.001730
v -0.027743 0.188295 -0.002302
v -0.026301 0.191485 -0.004485
vt 0.000000 0.000000
vt 1.000000 0.000000
vt 1.000000 1.000000
vt 0.000000 1.000000
f 909/909 910/910 911/911 912/912
usemtl white
v -0.027743 0.188295 -0.002302
v -0.028620 0.184968 -0.000026
v -0.042930 0.188631 0.001684
v -0.041615 0.193621 -0.001730
vt 0.000000 0.000000
vt 1.000000 0.000000
vt 1.000000 1.000000
vt 0.000000 1.000000
f 913/913 914/914 915/915 916/916
usemtl dark
v -0.041615 0.193621 -0.001730
v -0.042930 0.188631 0.001684
v -0.028620 0.184968 -0.000026
v -0.027743 0.188295 -0.002302
vt 0.000000 0.000000
vt 1.000000 0.000000
vt 1.000000 1.000000
vt 0.000000 1.000000
f 917/917 918/918 919/919 920/920
usemtl white
v -0.028620 0.184968 -0.000026
v -0.028914 0.181572 0.002297
v -0.043371 0.183537 0.005169
v -0.042930 0.188631 0.001684
vt 0.000000 0.000000
vt 1.000000 0.000000
vt 1.000000 1.000000
vt 0.000000 1.000000
f 921/921 922/922 923/923 924/924
usemtl dark
v -0.042930 0.188631 0.001684
v -0.043371 0.183537 0.005169
v -0.028914 0.181572 0.002297
v -0.028620 0.184968 -0.000026
vt 0.000000 0.000000
vt 1.000000 0.000000
vt 1.000000 1.000000
vt 0.000000 1.000000
f 925/925 926/926 927/927 928/928
usemtl white
v -0.028914 0.181572 0.002297
v -0.028620 0.178176 0.004621
v -0.042930 0.178442 0.008654
v -0.043371 0.183537 0.005169
vt 0.000000 0.000000
vt 1.000000 0.000000
vt 1.000000 1.000000
vt 0.000000 1.000000
f 929/929 930/930 931/931 932/932
usemtl dark
v -0.043371 0.183537 0.005169
v -0.042930 0.178442 0.008654
v -0.028620 0.178176 0.004621
v -0.028914 0.181572 0.002297
vt 0.000000 0.000000
vt 1.000000 0.000000
vt 1.000000 1.000000
vt 0.000000 1.000000
f 933/933 934/934 935/935 936/936
usemtl white
v -0.028620 0.178176 0.004621
v -0.027743 0.174849 0.006897
v -0.041615 0.173452 0.012069
v -0.042930 0.178442 0.008654
vt 0.000000 0.000000
vt 1.000000 0.000000
vt 1.000000 1.000000
vt 0.000000 1.000000
f 937/937 938/938 939/939 940/940
usemtl dark
v -0.042930 0.178442 0.008654
v -0.041615 0.173452 0.012069
v -0.027743 0.174849 0.006897
v -0.028620 0.178176 0.004621
vt 0.000000 0.000000
vt 1.000000 0.000000
vt 1.000000 1.000000
vt 0.000000 1.000000
f 941/941 942/942 943/943 944/944
usemtl white
v -0.027743 0.174849 0.006897
v -0.026301 0.171658 0.009080
v -0.039452 0.168666 0.015343
v -0.041615 0.173452 0.012069
vt 0.000000 0.000000
vt 1.000000 0.000000
vt 1.000000 1.000000
vt 0.000000 1.000000
f 945/945 946/946 947/947 948/948
usemtl dark
v -0.041615 0.173452 0.012069
v -0.039452 0.168666 0.015343
v -0.026301 0.171658 0.009080
v -0.027743 0.174849 0.006897
vt 0.000000 0.000000
vt 1.000000 0.000000
vt 1.000000 1.000000
vt 0.000000 1.000000
f 949/949 950/950 951/951 952/952
usemtl white
v -0.026301 0.171658 0.009080
v -0.024324 0.168670 0.011124
v -0.036486 0.164184 0.018409
v -0.039452 0.168666 0.015343
vt 0.000000 0.000000
vt 1.000000 0.000000
vt 1.000000 1.000000
vt 0.000000 1.000000
f 953/953 954/954 955/955 956/956
usemtl dark
v -0.039452 0.168666 0.015343
v -0.036486 0.164184 0.018409
v -0.024324 0.168670 0.011124
v -0.026301 0.171658 0.009080
vt 0.000000 0.000000
vt 1.000000 0.000000
vt 1.000000 1.000000
vt 0.000000 1.000000
f 957/957 958/958 959/959 960/960
usemtl white
v -0.024324 0.168670 0.011124
v -0.021852 0.165944 0.012989
v -0.032778 0.160095 0.021206
v -0.036486 0.164184 0.018409
vt 0.000000 0.000000
vt 1.000000 0.000000
vt 1.000000 1.000000
vt 0.000000 1.000000
f 961/961 962/962 963/963 964/964
usemtl dark
v -0.036486 0.164184 0.018409
v -0.032778 0.160095 0.021206
v -0.021852 0.165944 0.012989
v -0.024324 0.168670 0.011124
vt 0.000000 0.000000
vt 1.000000 0.000000
vt 1.000000 1.000000
vt 0.000000 1.000000
f 965/965 966/966 967/967 968/968
usemtl white
v -0.021852 0.165944 0.012989
v -0.018935 0.163537 0.014636
v -0.028402 0.156484 0.023677
v -0.032778 0.160095 0.021206
vt 0.000000 0.000000
vt 1.000000 0.000000
vt 1.000000 1.000000
vt 0.000000 1.000000
f 969/969 970/970 971/971 972/972
usemtl dark
v -0.032778 0.160095 0.021206
v -0.028402 0.156484 0.023677
v -0.018935 0.163537 0.014636
v -0.021852 0.165944 0.012989
vt 0.000000 0.000000
vt 1.000000 0.000000
vt 1.000000 1.000000
vt 0.000000 1.000000
f 973/973 974/974 975/975 976/976
usemtl white
v -0.018935 0.163537 0.014636
v -0.015632 0.161496 0.016032
v -0.023448 0.153423 0.025771
v -0.028402 0.156484 0.023677
vt 0.000000 0.000000
vt 1.000000 0.000000
vt 1.000000 1.000000
vt 0.000000 1.000000
f 977/977 978/978 979/979 980/980
usemtl dark
v -0.028402 0.156484 0.023677
v -0.023448 0.153423 0.025771
v -0.015632 0.161496 0.016032
v -0.018935 0.163537 0.014636
vt 0.000000 0.000000
vt 1.000000 0.000000
vt 1.000000 1.000000
vt 0.000000 1.000000
f 981/981 982/982 983/983 984/984
usemtl white
v -0.015632 0.161496 0.016032
v -0.012011 0.159864 0.017148
v -0.018017 0.150975 0.027446
v -0.023448 0.153423 0.025771
vt 0.000000 0.000000
vt 1.000000 0.000000
vt 1.000000 1.000000
vt 0.000000 1.000000
f 985/985 986/986 987/987 988/988
usemtl dark
v -0.023448 0.153423 0.025771
v -0.018017 0.150975 0.027446
v -0.012011 0.159864 0.017148
v -0.015632 0.161496 0.016032
vt 0.000000 0.000000
vt 1.000000 0.000000
vt 1.000000 1.000000
vt 0.000000 1.000000
f 989/989 990/990 991/991 992/992
usemtl white
v -0.012011 0.159864 0.017148
v -0.008146 0.158674 0.017962
v -0.012219 0.149191 0.028667
v -0.018017 0.150975 0.027446
vt 0.000000 0.000000
vt 1.000000 0.000000
vt 1.000000 1.000000
vt 0.000000 1.000000
f 993/993 994/994 995/995 996/996
usemtl dark
v -0.018017 0.150975 0.027446
v -0.012219 0.149191 0.028667
v -0.008146 0.158674 0.017962
v -0.012011 0.159864 0.017148
vt 0.000000 0.000000
vt 1.000000 0.000000
vt 1.000000 1.000000
vt 0.000000 1.000000
f 997/997 998/998 999/999 1000/1000
usemtl white
v -0.008146 0.158674 0.017962
v -0.004115 0.157951 0.018458
v -0.006172 0.148105 0.029409
v -0.012219 0.149191 0.028667
vt 0.000000 0.000000
vt 1.000000 0.000000
vt 1.000000 1.000000
vt 0.000000 1.000000
f 1001/1001 1002/1002 1003/1003 1004/1004
usemtl dark
v -0.012219 0.149191 0.028667
v -0.006172 0.148105 0.029409
v -0.004115 0.157951 0.018458
v -0.008146 0.158674 0.017962
vt 0.000000 0.000000
vt 1.000000 0.000000
vt 1.000000 1.000000
vt 0.000000 1.000000
f 1005/1005 1006/1006 1007/1007 1008/1008
usemtl white
v -0.004115 0.157951 0.018458
v -0.000000 0.157708 0.018624
v -0.000000 0.147741 0.029659
v -0.006172 0.148105 0.029409
vt 0.000000 0.000000
vt 1.000000 0.000000
vt 1.000000 1.000000
vt 0.000000 1.000000
f 1009/1009 1010/1010 1011/1011 1012/1012
usemtl dark
v -0.006172 0.148105 0.029409
v -0.000000 0.147741 0.029659
v -0.000000 0.157708 0.018624
v -0.004115 0.157951 0.018458
vt 0.000000 0.000000
vt 1.000000 0.000000
vt 1.000000 1.000000
vt 0.000000 1.000000
f 1013/1013 1014/1014 1015/1015 1016/1016
usemtl white
v -0.000000 0.157708 0.018624
v 0.004115 0.157951 0.018458
v 0.006172 0.148105 0.029409
v -0.000000 0.147741 0.029659
vt 0.000000 0.000000
vt 1.000000 0.000000
vt 1.000000 1.000000
vt 0.000000 1.000000
f 1017/1017 1018/1018 1019/1019 1020/1020
usemtl dark
v -0.000000 0.147741 0.029659
v 0.006172 0.148105 0.029409
v 0.004115 0.157951 0.018458
v -0.000000 0.157708 0.018624
vt 0.000000 0.000000
vt 1.000000 0.000000
vt 1.000000 1.000000
vt 0.000000 1.000000
f 1021/1021 1022/1022 1023/1023 1024/1024
usemtl white
v 0.004115 0.157951 0.018458
v 0.008146 0.158674 0.017962
v 0.012219 0.149191 0.028667
v 0.006172 0.148105 0.029409
vt 0.000000 0.000000
vt 1.000000 0.000000
vt 1.000000 1.000000
vt 0.000000 1.000000
f 1025/1025 1026/1026 1027/1027 1028/1028
usemtl dark
v 0.006172 0.148105 0.029409
v 0.012219 0.149191 0.028667
v 0.008146 0.158674 0.017962
v 0.004115 0.157951 0.018458
vt 0.000000 0.000000
vt 1.000000 0.000000
vt 1.000000 1.000000
vt 0.000000 1.000000
f 1029/1029 1030/1030 1031/1031 1032/1032
usemtl white
v 0.008146 0.158674 0.017962
v 0.012011 0.159864 0.017148
v 0.018017 0.150975 0.027446
v 0.012219 0.149191 0.028667
vt 0.000000 0.000000
vt 1.000000 0.000000
vt 1.000000 1.000000
vt 0.000000 1.000000
f 1033/1033 1034/1034 1035/1035 1036/1036
usemtl dark
v 0.012219 0.149191 0.028667
v 0.018017 0.150975 0.027446
v 0.012011 0.159864 0.017148
v 0.008146 0.158674 0.017962
vt 0.000000 0.000000
vt 1.000000 0.000000
vt 1.000000 1.000000
vt 0.000000 1.000000
f 1037/1037 1038/1038 1039/1039 1040/1040
usemtl white
v 0.012011 0.159864 0.017148
v 0.015632 0.161496 0.016032
v 0.023448 0.153423 0.025771
v 0.018017 0.150975 0.027446
vt 0.000000 0.000000
vt 1.000000 0.000000
vt 1.000000 1.000000
vt 0.000000 1.000000
f 1041/1041 1042/1042 1043/1043 1044/1044
usemtl dark
v 0.018017 0.150975 0.027446
v 0.023448 0.153423 0.025771
v 0.015632 0.161496 0.016032
v 0.012011 0.159864 0.017148
vt 0.000000 0.000000
vt 1.000000 0.000000
vt 1.000000 1.000000
vt 0.000000 1.000000
f 1045/1045 1046/1046 1047/1047 1048/1048
usemtl white
v 0.015632 0.161496 0.016032
v 0.018935 0.163537 0.014636
v 0.028402 0.156484 0.023677
v 0.023448 0.153423 0.025771
vt 0.000000 0.000000
vt 1.000000 0.000000
vt 1.000000 1.000000
vt 0.000000 1.000000
f 1049/1049 1050/1050 1051/1051 1052/1052
usemtl dark
v 0.023448 0.153423 0.025771
v 0.028402 0.156484 0.023677
v 0.018935 0.163537 0.014636
v 0.015632 0.161496 0.016032
vt 0.000000 0.000000
vt 1.000000 0.000000
vt 1.000000 1.000000
vt 0.000000 1.000000
f 1053/1053 1054/1054 1055/1055 1056/1056
usemtl white
v 0.018935 0.163537 0.014636
v 0.021852 0.165944 0.012989
v 0.032778 0.160095 0.021206
v 0.028402 0.156484 0.023677
vt 0.000000 0.000000
vt 1.000000 0.000000
vt 1.000000 1.000000
vt 0.000000 1.000000
f 1057/1057 1058/1058 1059/1059 1060/1060
usemtl dark
v 0.028402 0.156484 0.023677
v 0.032778 0.160095 0.021206
v 0.021852 0.165944 0.012989
v 0.018935 0.163537 0.014636
vt 0.000000 0.000000
vt 1.000000 0.000000
vt 1.000000 1.000000
vt 0.000000 1.000000
f 1061/1061 1062/1062 1063/1063 1064/1064
usemtl white
v 0.021852 0.165944 0.012989
v 0.024324 0.168670 0.011124
v 0.036486 0.164184 0.018409
v 0.032778 0.160095 0.021206
vt 0.000000 0.000000
vt 1.000000 0.000000
vt 1.000000 1.000000
vt 0.000000 1.000000
f 1065/1065 1066/1066 1067/1067 1068/1068
usemtl dark
v 0.032778 0.160095 0.021206
v 0.036486 0.164184 0.018409
v 0.024324 0.168670 0.011124
v 0.021852 0.165944 0.012989
vt 0.000000 0.000000
vt 1.000000 0.000000
vt 1.000000 1.000000
vt 0.000000 1.000000
f 1069/1069 1070/1070 1071/1071 1072/1072
usemtl white
v 0.024324 0.168670 0.011124
v 0.026301 0.171658 0.009080
v 0.039452 0.168666 0.015343
v 0.036486 0.164184 0.018409
vt 0.000000 0.000000
vt 1.000000 0.000000
vt 1.000000 1.000000
vt 0.000000 1.000000
f 1073/1073 1074/1074 1075/1075 1076/1076
usemtl dark
v 0.036486 0.164184 0.018409
v 0.039452 0.168666 0.015343
v 0.026301 0.171658 0.009080
v 0.024324 0.168670 0.011124
vt 0.000000 0.000000
vt 1.000000 0.000000
vt 1.000000 1.000000
vt 0.000000 1.000000
f 1077/1077 1078/1078 1079/1079 1080/1080
usemtl white
v 0.026301 0.171658 0.009080
v 0.027743 0.174849 0.006897
v 0.041615 0.173452 0.012069
v 0.039452 0.168666 0.015343
vt 0.000000 0.000000
vt 1.000000 0.000000
vt 1.000000 1.000000
vt 0.000000 1.000000
f 1081/1081 1082/1082 1083/1083 1084/1084
usemtl dark
v 0.039452 0.168666 0.015343
v 0.041615 0.173452 0.012069
v 0.027743 0.174849 0.006897
v 0.026301 0.171658 0.009080
vt 0.000000 0.000000
vt 1.000000 0.000000
vt 1.000000 1.000000
vt 0.000000 1.000000
f 1085/1085 1086/1086 1087/1087 1088/1088
usemtl white
v 0.027743 0.174849 0.006897
v 0.028620 0.178176 0.004621
v 0.042930 0.178442 0.008654
v 0.041615 0.173452 0.012069
vt 0.000000 0.000000
vt 1.000000 0.000000
vt 1.000000 1.000000
vt 0.000000 1.000000
f 1089/1089 1090/1090 1091/1091 1092/1092
usemtl dark
v 0.041615 0.173452 0.012069
v 0.042930 0.178442 0.008654
v 0.028620 0.178176 0.004621
v 0.027743 0.174849 0.006897
vt 0.000000 0.000000
vt 1.000000 0.000000
vt 1.000000 1.000000
vt 0.000000 1.000000
f 1093/1093 1094/1094 1095/1095 1096/1096
usemtl white
v 0.028620 0.178176 0.004621
v 0.028914 0.181572 0.002297
v 0.043371 0.183537 0.005169
v 0.042930 0.178442 0.008654
vt 0.000000 0.000000
vt 1.000000 0.000000
vt 1.000000 1.000000
vt 0.000000 1.000000
f 1097/1097 1098/1098 1099/1099 1100/1100
usemtl dark
v 0.042930 0.178442 0.008654
v 0.043371 0.183537 0.005169
v 0.028914 0.181572 0.002297
v 0.028620 0.178176 0.004621
vt 0.000000 0.000000
vt 1.000000 0.000000
vt 1.000000 1.000000
vt 0.000000 1.000000
f 1101/1101 1102/1102 1103/1103 1104/1104
usemtl white
v 0.043371 0.183537 0.005169
v 0.042930 0.188631 0.001684
v 0.057240 0.193080 0.004543
v 0.057829 0.186287 0.009190
vt 0.000000 0.000000
vt 1.000000 0.000000
vt 1.000000 1.000000
vt 0.000000 1.000000
f 1105/1105 1106/1106 1107/1107 1108/1108
usemtl dark
v 0.057829 0.186287 0.009190
v 0.057240 0.193080 0.004543
v 0.042930 0.188631 0.001684
v 0.043371 0.183537 0.005169
vt 0.000000 0.000000
vt 1.000000 0.000000
vt 1.000000 1.000000
vt 0.000000 1.000000
f 1109/1109 1110/1110 1111/1111 1112/1112
usemtl white
v 0.042930 0.188631 0.001684
v 0.041615 0.193621 -0.001730
v 0.055486 0.199734 -0.000009
v 0.057240 0.193080 0.004543
vt 0.000000 0.000000
vt 1.000000 0.000000
vt 1.000000 1.000000
vt 0.000000 1.000000
f 1113/1113 1114/1114 1115/1115 1116/1116
usemtl dark
v 0.057240 0.193080 0.004543
v 0.055486 0.199734 -0.000009
v 0.041615 0.193621 -0.001730
v 0.042930 0.188631 0.001684
vt 0.000000 0.000000
vt 1.000000 0.000000
vt 1.000000 1.000000
vt 0.000000 1.000000
f 1117/1117 1118/1118 1119/1119 1120/1120
usemtl white
v 0.041615 0.193621 -0.001730
v 0.039452 0.198407 -0.005004
v 0.052603 0.206114 -0.004374
v 0.055486 0.199734 -0.000009
vt 0.000000 0.000000
vt 1.000000 0.000000
vt 1.000000 1.000000
vt 0.000000 1.000000
f 1121/1121 1122/1122 1123/1123 1124/1124
usemtl dark
v 0.055486 0.199734 -0.000009
v 0.052603 0.206114 -0.004374
v 0.039452 0.198407 -0.005004
v 0.041615 0.193621 -0.001730
vt 0.000000 0.000000
vt 1.000000 0.000000
vt 1.000000 1.000000
vt 0.000000 1.000000
f 1125/1125 1126/1126 1127/1127 1128/1128
usemtl white
v 0.039452 0.198407 -0.005004
v 0.036486 0.202889 -0.008071
v 0.048648 0.212091 -0.008463
v 0.052603 0.206114 -0.004374
vt 0.000000 0.000000
vt 1.000000 0.000000
vt 1.000000 1.000000
vt 0.000000 1.000000
f 1129/1129 1130/1130 1131/1131 1132/1132
usemtl dark
v 0.052603 0.206114 -0.004374
v 0.048648 0.212091 -0.008463
v 0.036486 0.202889 -0.008071
v 0.039452 0.198407 -0.005004
vt 0.000000 0.000000
vt 1.000000 0.000000
vt 1.000000 1.000000
vt 0.000000 1.000000
f 1133/1133 1134/1134 1135/1135 1136/1136
usemtl white
v 0.036486 0.202889 -0.008071
v 0.032778 0.206978 -0.010868
v 0.043704 0.217542 -0.012193
v 0.048648 0.212091 -0.008463
vt 0.000000 0.000000
vt 1.000000 0.000000
vt 1.000000 1.000000
vt 0.000000 1.000000
f 1137/1137 1138/1138 1139/1139 1140/1140
usemtl dark
v 0.048648 0.212091 -0.008463
v 0.043704 0.217542 -0.012193
v 0.032778 0.206978 -0.010868
v 0.036486 0.202889 -0.008071
vt 0.000000 0.000000
vt 1.000000 0.000000
vt 1.000000 1.000000
vt 0.000000 1.000000
f 1141/1141 1142/1142 1143/1143 1144/1144
usemtl white
v 0.032778 0.206978 -0.010868
v 0.028402 0.210589 -0.013339
v 0.037870 0.222358 -0.015487
v 0.043704 0.217542 -0.012193
vt 0.000000 0.000000
vt 1.000000 0.000000
vt 1.000000 1.000000
vt 0.000000 1.000000
f 1145/1145 1146/1146 1147/1147 1148/1148
usemtl dark
v 0.043704 0.217542 -0.012193
v 0.037870 0.222358 -0.015487
v 0.028402 0.210589 -0.013339
v 0.032778 0.206978 -0.010868
vt 0.000000 0.000000
vt 1.000000 0.000000
vt 1.000000 1.000000
vt 0.000000 1.000000
f 1149/1149 1150/1150 1151/1151 1152/1152
usemtl white
v 0.028402 0.210589 -0.013339
v 0.023448 0.213650 -0.015432
v 0.031264 0.226438 -0.018279
v 0.037870 0.222358 -0.015487
vt 0.000000 0.000000
vt 1.000000 0.000000
vt 1.000000 1.000000
vt 0.000000 1.000000
f 1153/1153 1154/1154 1155/1155 1156/1156
usemtl dark
v 0.037870 0.222358 -0.015487
v 0.031264 0.226438 -0.018279
v 0.023448 0.213650 -0.015432
v 0.028402 0.210589 -0.013339
vt 0.000000 0.000000
vt 1.000000 0.000000
vt 1.000000 1.000000
vt 0.000000 1.000000
f 1157/1157 1158/1158 1159/1159 1160/1160
usemtl white
v 0.023448 0.213650 -0.015432
v 0.018017 0.216098 -0.017107
v 0.024023 0.229702 -0.020512
v 0.031264 0.226438 -0.018279
vt 0.000000 0.000000
vt 1.000000 0.000000
vt 1.000000 1.000000
vt 0.000000 1.000000
f 1161/1161 1162/1162 1163/1163 1164/1164
usemtl dark
v 0.031264 0.226438 -0.018279
v 0.024023 0.229702 -0.020512
v 0.018017 0.216098 -0.017107
v 0.023448 0.213650 -0.015432
vt 0.000000 0.000000
vt 1.000000 0.000000
vt 1.000000 1.000000
vt 0.000000 1.000000
f 1165/1165 1166/1166 1167/1167 1168/1168
usemtl white
v 0.018017 0.216098 -0.017107
v 0.012219 0.217883 -0.018328
v 0.016292 0.232082 -0.022140
v 0.024023 0.229702 -0.020512
vt 0.000000 0.000000
vt 1.000000 0.000000
vt 1.000000 1.000000
vt 0.000000 1.000000
f 1169/1169 1170/1170 1171/1171 1172/1172
usemtl dark
v 0.024023 0.229702 -0.020512
v 0.016292 0.232082 -0.022140
v 0.012219 0.217883 -0.018328
v 0.018017 0.216098 -0.017107
vt 0.000000 0.000000
vt 1.000000 0.000000
vt 1.000000 1.000000
vt 0.000000 1.000000
f 1173/1173 1174/1174 1175/1175 1176/1176
usemtl white
v 0.012219 0.217883 -0.018328
v 0.006172 0.218968 -0.019071
v 0.008230 0.233529 -0.023130
v 0.016292 0.232082 -0.022140
vt 0.000000 0.000000
vt 1.000000 0.000000
vt 1.000000 1.000000
vt 0.000000 1.000000
f 1177/1177 1178/1178 1179/1179 1180/1180
usemtl dark
v 0.016292 0.232082 -0.022140
v 0.008230 0.233529 -0.023130
v 0.006172 0.218968 -0.019071
v 0.012219 0.217883 -0.018328
vt 0.000000 0.000000
vt 1.000000 0.000000
vt 1.000000 1.000000
vt 0.000000 1.000000
f 1181/1181 1182/1182 1183/1183 1184/1184
usemtl white
v 0.006172 0.218968 -0.019071
v 0.000000 0.219332 -0.019320
v 0.000000 0.234015 -0.023463
v 0.008230 0.233529 -0.023130
vt 0.000000 0.000000
vt 1.000000 0.000000
vt 1.000000 1.000000
vt 0.000000 1.000000
f 1185/1185 1186/1186 1187/1187 1188/1188
usemtl dark
v 0.008230 0.233529 -0.023130
v 0.000000 0.234015 -0.023463
v 0.000000 0.219332 -0.019320
v 0.006172 0.218968 -0.019071
vt 0.000000 0.000000
vt 1.000000 0.000000
vt 1.000000 1.000000
vt 0.000000 1.000000
f 1189/1189 1190/1190 1191/1191 1192/1192
usemtl white
v 0.000000 0.219332 -0.019320
v -0.006172 0.218968 -0.019071
v -0.008230 0.233529 -0.023130
v 0.000000 0.234015 -0.023463
vt 0.000000 0.000000
vt 1.000000 0.000000
vt 1.000000 1.000000
vt 0.000000 1.000000
f 1193/1193 1194/1194 1195/1195 1196/1196
usemtl dark
v 0.000000 0.234015 -0.023463
v -0.008230 0.233529 -0.023130
v -0.006172 0.218968 -0.019071
v 0.000000 0.219332 -0.019320
vt 0.000000 0.000000
vt 1.000000 0.000000
vt 1.000000 1.000000
vt 0.000000 1.000000
f 1197/1197 1198/1198 1199/1199 1200/1200
usemtl white
v -0.006172 0.218968 -0.019071
v -0.012219 0.217883 -0.018328
v -0.016292 0.232082 -0.022140
v -0.008230 0.233529 -0.023130
vt 0.000000 0.000000
vt 1.000000 0.000000
vt 1.000000 1.000000
vt 0.000000 1.000000
f 1201/1201 1202/1202 1203/1203 1204/1204
usemtl dark
v -0.008230 0.233529 -0.023130
v -0.016292 0.232082 -0.022140
v -0.012219 0.217883 -0.018328
v -0.006172 0.218968 -0.019071
vt 0.000000 0.000000
vt 1.000000 0.000000
vt 1.000000 1.000000
vt 0.000000 1.000000
f 1205/1205 1206/1206 1207/1207 1208/1208
usemtl white
v -0.012219 0.217883 -0.018328
v -0.018017 0.216098 -0.017107
v -0.024023 0.229702 -0.020512
v -0.016292 0.232082 -0.022140
vt 0.000000 0.000000
vt 1.000000 0.000000
vt 1.000000 1.000000
vt 0.000000 1.000000
f 1209/1209 1210/1210 1211/1211 1212/1212
usemtl dark
v -0.016292 0.232082 -0.022140
v -0.024023 0.229702 -0.020512
v -0.018017 0.216098 -0.017107
v -0.012219 0.217883 -0.018328
vt 0.000000 0.000000
vt 1.000000 0.000000
vt 1.000000 1.000000
vt 0.000000 1.000000
f 1213/1213 1214/1214 1215/1215 1216/1216
usemtl white
v -0.018017 0.216098 -0.017107
v -0.023448 0.213650 -0.015432
v -0.031264 0.226438 -0.018279
v -0.024023 0.229702 -0.020512
vt 0.000000 0.000000
vt 1.000000 0.000000
vt 1.000000 1.000000
vt 0.000000 1.000000
f 1217/1217 1218/1218 1219/1219 1220/1220
usemtl dark
v -0.024023 0.229702 -0.020512
v -0.031264 0.226438 -0.018279
v -0.023448 0.213650 -0.015432
v -0.018017 0.216098 -0.017107
vt 0.000000 0.000000
vt 1.000000 0.000000
vt 1.000000 1.000000
vt 0.000000 1.000000
f 1221/1221 1222/1222 1223/1223 1224/1224
usemtl white
v -0.023448 0.213650 -0.015432
v -0.028402 0.210589 -0.013339
v -0.037870 0.222358 -0.015487
v -0.031264 0.226438 -0.018279
vt 0.000000 0.000000
vt 1.000000 0.000000
vt 1.000000 1.000000
vt 0.000000 1.000000
f 1225/1225 1226/1226 1227/1227 1228/1228
usemtl dark
v -0.031264 0.226438 -0.018279
v -0.037870 0.222358 -0.015487
v -0.028402 0.210589 -0.013339
v -0.023448 0.213650 -0.015432
vt 0.000000 0.000000
vt 1.000000 0.000000
vt 1.000000 1.000000
vt 0.000000 1.000000
f 1229/1229 1230/1230 1231/1231 1232/1232
usemtl white
v -0.028402 0.210589 -0.013339
v -0.032778 0.206978 -0.010868
v -0.043704 0.217542 -0.012193
v -0.037870 0.222358 -0.015487
vt 0.000000 0.000000
vt 1.000000 0.000000
vt 1.000000 1.000000
vt 0.000000 1.000000
f 1233/1233 1234/1234 1235/1235 1236/1236
usemtl dark
v -0.037870 0.222358 -0.015487
v -0.043704 0.217542 -0.012193
v -0.032778 0.206978 -0.010868
v -0.028402 0.210589 -0.013339
vt 0.000000 0.000000
vt 1.000000 0.000000
vt 1.000000 1.000000
vt 0.000000 1.000000
f 1237/1237 1238/1238 1239/1239 1240/1240
usemtl white
v -0.032778 0.206978 -0.010868
v -0.036486 0.202889 -0.008071
v -0.048648 0.212091 -0.008463
v -0.043704 0.217542 -0.012193
vt 0.000000 0.000000
vt 1.000000 0.000000
vt 1.000000 1.000000
vt 0.000000 1.000000
f 1241/1241 1242/1242 1243/1243 1244/1244
usemtl dark
v -0.043704 0.217542 -0.012193
v -0.048648 0.212091 -0.008463
v -0.036486 0.202889 -0.008071
v -0.032778 0.206978 -0.010868
vt 0.000000 0.000000
vt 1.000000 0.000000
vt 1.000000 1.000000
vt 0.000000 1.000000
f 1245/1245 1246/1246 1247/1247 1248/1248
usemtl white
v -0.036486 0.202889 -0.008071
v -0.039452 0.198407 -0.005004
v -0.052603 0.206114 -0.004374
v -0.048648 0.212091 -0.008463
vt 0.000000 0.000000
vt 1.000000 0.000000
vt 1.000000 1.000000
vt 0.000000 1.000000
f 1249/1249 1250/1250 1251/1251 1252/1252
usemtl dark
v -0.048648 0.212091 -0.008463
v -0.052603 0.206114 -0.004374
v -0.039452 0.198407 -0.005004
v -0.036486 0.202889 -0.008071
vt 0.000000 0.000000
vt 1.000000 0.000000
vt 1.000000 1.000000
vt 0.000000 1.000000
f 1253/1253 1254/1254 1255/1255 1256/1256
usemtl white
v -0.039452 0.198407 -0.005004
v -0.041615 0.193621 -0.001730
v -0.055486 0.199734 -0.000009
v -0.052603 0.206114 -0.004374
vt 0.000000 0.000000
vt 1.000000 0.000000
vt 1.000000 1.000000
vt 0.000000 1.000000
f 1257/1257 1258/1258 1259/1259 1260/1260
usemtl dark
v -0.052603 0.206114 -0.004374
v -0.055486 0.199734 -0.000009
v -0.041615 0.193621 -0.001730
v -0.039452 0.198407 -0.005004
vt 0.000000 0.000000
vt 1.000000 0.000000
vt 1.000000 1.000000
vt 0.000000 1.000000
f 1261/1261 1262/1262 1263/1263 1264/1264
usemtl white
v -0.041615 0.193621 -0.001730
v -0.042930 0.188631 0.001684
v -0.057240 0.193080 0.004543
v -0.055486 0.199734 -0.000009
vt 0.000000 0.000000
vt 1.000000 0.000000
vt 1.000000 1.000000
vt 0.000000 1.000000
f 1265/1265 1266/1266 1267/1267 1268/1268
usemtl dark
v -0.055486 0.199734 -0.000009
v -0.057240 0.193080 0.004543
v -0.042930 0.188631 0.001684
v -0.041615 0.193621 -0.001730
vt 0.000000 0.000000
vt 1.000000 0.000000
vt 1.000000 1.000000
vt 0.000000 1.000000
f 1269/1269 1270/1270 1271/1271 1272/1272
usemtl white
v -0.042930 0.188631 0.001684
v -0.043371 0.183537 0.005169
v -0.057829 0.186287 0.009190
v -0.057240 0.193080 0.004543
vt 0.000000 0.000000
vt 1.000000 0.000000
vt 1.000000 1.000000
vt 0.000000 1.000000
f 1273/1273 1274/1274 1275/1275 1276/1276
usemtl dark
v -0.057240 0.193080 0.004543
v -0.057829 0.186287 0.009190
v -0.043371 0.183537 0.005169
v -0.042930 0.188631 0.001684
vt 0.000000 0.000000
vt 1.000000 0.000000
vt 1.000000 1.000000
vt 0.000000 1.000000
f 1277/1277 1278/1278 1279/1279 1280/1280
usemtl white
v -0.043371 0.183537 0.005169
v -0.042930 0.178442 0.008654
v -0.057240 0.179495 0.013837
v -0.057829 0.186287 0.009190
vt 0.000000 0.000000
vt 1.000000 0.000000
vt 1.000000 1.000000
vt 0.000000 1.000000
f 1281/1281 1282/1282 1283/1283 1284/1284
usemtl dark
v -0.057829 0.186287 0.009190
v -0.057240 0.179495 0.013837
v -0.042930 0.178442 0.008654
v -0.043371 0.183537 0.005169
vt 0.000000 0.000000
vt 1.000000 0.000000
vt 1.000000 1.000000
vt 0.000000 1.000000
f 1285/1285 1286/1286 1287/1287 1288/1288
usemtl white
v -0.042930 0.178442 0.008654
v -0.041615 0.173452 0.012069
v -0.055486 0.172841 0.018389
v -0.057240 0.179495 0.013837
vt 0.000000 0.000000
vt 1.000000 0.000000
vt 1.000000 1.000000
vt 0.000000 1.000000
f 1289/1289 1290/1290 1291/1291 1292/1292
usemtl dark
v -0.057240 0.179495 0.013837
v -0.055486 0.172841 0.018389
v -0.041615 0.173452 0.012069
v -0.042930 0.178442 0.008654
vt 0.000000 0.000000
vt 1.000000 0.000000
vt 1.000000 1.000000
vt 0.000000 1.000000
f 1293/1293 1294/1294 1295/1295 1296/1296
usemtl white
v -0.041615 0.173452 0.012069
v -0.039452 0.168666 0.015343
v -0.052603 0.166460 0.022754
v -0.055486 0.172841 0.018389
vt 0.000000 0.000000
vt 1.000000 0.000000
vt 1.000000 1.000000
vt 0.000000 1.000000
f 1297/1297 1298/1298 1299/1299 1300/1300
usemtl dark
v -0.055486 0.172841 0.018389
v -0.052603 0.166460 0.022754
v -0.039452 0.168666 0.015343
v -0.041615 0.173452 0.012069
vt 0.000000 0.000000
vt 1.000000 0.000000
vt 1.000000 1.000000
vt 0.000000 1.000000
f 1301/1301 1302/1302 1303/1303 1304/1304
usemtl white
v -0.039452 0.168666 0.015343
v -0.036486 0.164184 0.018409
v -0.048648 0.160483 0.026843
v -0.052603 0.166460 0.022754
vt 0.000000 0.000000
vt 1.000000 0.000000
vt 1.000000 1.000000
vt 0.000000 1.000000
f 1305/1305 1306/1306 1307/1307 1308/1308
usemtl dark
v -0.052603 0.166460 0.022754
v -0.048648 0.160483 0.026843
v -0.036486 0.164184 0.018409
v -0.039452 0.168666 0.015343
vt 0.000000 0.000000
vt 1.000000 0.000000
vt 1.000000 1.000000
vt 0.000000 1.000000
f 1309/1309 1310/1310 1311/1311 1312/1312
usemtl white
v -0.036486 0.164184 0.018409
v -0.032778 0.160095 0.021206
v -0.043704 0.155032 0.030573
v -0.048648 0.160483 0.026843
vt 0.000000 0.000000
vt 1.000000 0.000000
vt 1.000000 1.000000
vt 0.000000 1.000000
f 1313/1313 1314/1314 1315/1315 1316/1316
usemtl dark
v -0.048648 0.160483 0.026843
v -0.043704 0.155032 0.030573
v -0.032778 0.160095 0.021206
v -0.036486 0.164184 0.018409
vt 0.000000 0.000000
vt 1.000000 0.000000
vt 1.000000 1.000000
vt 0.000000 1.000000
f 1317/1317 1318/1318 1319/1319 1320/1320
usemtl white
v -0.032778 0.160095 0.021206
v -0.028402 0.156484 0.023677
v -0.037870 0.150217 0.033867
v -0.043704 0.155032 0.030573
vt 0.000000 0.000000
vt 1.000000 0.000000
vt 1.000000 1.000000
vt 0.000000 1.000000
f 1321/1321 1322/1322 1323/1323 1324/1324
usemtl dark
v -0.043704 0.155032 0.030573
v -0.037870 0.150217 0.033867
v -0.028402 0.156484 0.023677
v -0.032778 0.160095 0.021206
vt 0.000000 0.000000
vt 1.000000 0.000000
vt 1.000000 1.000000
vt 0.000000 1.000000
f 1325/1325 1326/1326 1327/1327 1328/1328
usemtl white
v -0.028402 0.156484 0.023677
v -0.023448 0.153423 0.025771
v -0.031264 0.146136 0.036659
v -0.037870 0.150217 0.033867
vt 0.000000 0.000000
vt 1.000000 0.000000
vt 1.000000 1.000000
vt 0.000000 1.000000
f 1329/1329 1330/1330 1331/1331 1332/1332
usemtl dark
v -0.037870 0.150217 0.033867
v -0.031264 0.146136 0.036659
v -0.023448 0.153423 0.025771
v -0.028402 0.156484 0.023677
vt 0.000000 0.000000
vt 1.000000 0.000000
vt 1.000000 1.000000
vt 0.000000 1.000000
f 1333/1333 1334/1334 1335/1335 1336/1336
usemtl white
v -0.023448 0.153423 0.025771
v -0.018017 0.150975 0.027446
v -0.024023 0.142872 0.038892
v -0.031264 0.146136 0.036659
vt 0.000000 0.000000
vt 1.000000 0.000000
vt 1.000000 1.000000
vt 0.000000 1.000000
f 1337/1337 1338/1338 1339/1339 1340/1340
usemtl dark
v -0.031264 0.146136 0.036659
v -0.024023 0.142872 0.038892
v -0.018017 0.150975 0.027446
v -0.023448 0.153423 0.025771
vt 0.000000 0.000000
vt 1.000000 0.000000
vt 1.000000 1.000000
vt 0.000000 1.000000
f 1341/1341 1342/1342 1343/1343 1344/1344
usemtl white
v -0.018017 0.150975 0.027446
v -0.012219 0.149191 0.028667
v -0.016292 0.140492 0.040520
v -0.024023 0.142872 0.038892
vt 0.000000 0.000000
vt 1.000000 0.000000
vt 1.000000 1.000000
vt 0.000000 1.000000
f 1345/1345 1346/1346 1347/1347 1348/1348
usemtl dark
v -0.024023 0.142872 0.038892
v -0.016292 0.140492 0.040520
v -0.012219 0.149191 0.028667
v -0.018017 0.150975 0.027446
vt 0.000000 0.000000
vt 1.000000 0.000000
vt 1.000000 1.000000
vt 0.000000 1.000000
f 1349/1349 1350/1350 1351/1351 1352/1352
usemtl white
v -0.012219 0.149191 0.028667
v -0.006172 0.148105 0.029409
v -0.008230 0.139045 0.041510
v -0.016292 0.140492 0.040520
vt 0.000000 0.000000
vt 1.000000 0.000000
vt 1.000000 1.000000
vt 0.000000 1.000000
f 1353/1353 1354/1354 1355/1355 1356/1356
usemtl dark
v -0.016292 0.140492 0.040520
v -0.008230 0.139045 0.041510
v -0.006172 0.148105 0.029409
v -0.012219 0.149191 0.028667
vt 0.000000 0.000000
vt 1.000000 0.000000
vt 1.000000 1.000000
vt 0.000000 1.000000
f 1357/1357 1358/1358 1359/1359 1360/1360
usemtl white
v -0.006172 0.148105 0.029409
v -0.000000 0.147741 0.029659
v -0.000000 0.138559 0.041842
v -0.008230 0.139045 0.041510
vt 0.000000 0.000000
vt 1.000000 0.000000
vt 1.000000 1.000000
vt 0.000000 1.000000
f 1361/1361 1362/1362 1363/1363 1364/1364
usemtl dark
v -0.008230 0.139045 0.041510
v -0.000000 0.138559 0.041842
v -0.000000 0.147741 0.029659
v -0.006172 0.148105 0.029409
vt 0.000000 0.000000
vt 1.000000 0.000000
vt 1.000000 1.000000
vt 0.000000 1.000000
f 1365/1365 1366/1366 1367/1367 1368/1368
usemtl white
v -0.000000 0.147741 0.029659
v 0.006172 0.148105 0.029409
v 0.008230 0.139045 0.041510
v -0.000000 0.138559 0.041842
vt 0.000000 0.000000
vt 1.000000 0.000000
vt 1.000000 1.000000
vt 0.000000 1.000000
f 1369/1369 1370/1370 1371/1371 1372/1372
usemtl dark
v -0.000000 0.138559 0.041842
v 0.008230 0.139045 0.041510
v 0.006172 0.148105 0.029409
v -0.000000 0.147741 0.029659
vt 0.000000 0.000000
vt 1.000000 0.000000
vt 1.000000 1.000000
vt 0.000000 1.000000
f 1373/1373 1374/1374 1375/1375 1376/1376
usemtl white
v 0.006172 0.148105 0.029409
v 0.012219 0.149191 0.028667
v 0.016292 0.140492 0.040520
v 0.008230 0.139045 0.041510
vt 0.000000 0.000000
vt 1.000000 0.000000
vt 1.000000 1.000000
vt 0.000000 1.000000
f 1377/1377 1378/1378 1379/1379 1380/1380
usemtl dark
v 0.008230 0.139045 0.041510
v 0.016292 0.140492 0.040520
v 0.012219 0.149191 0.028667
v 0.006172 0.148105 0.029409
vt 0.000000 0.000000
vt 1.000000 0.000000
vt 1.000000 1.000000
vt 0.000000 1.000000
f 1381/1381 1382/1382 1383/1383 1384/1384
usemtl white
v 0.012219 0.149191 0.028667
v 0.018017 0.150975 0.027446
v 0.024023 0.142872 0.038892
v 0.016292 0.140492 0.040520
vt 0.000000 0.000000
vt 1.000000 0.000000
vt 1.000000 1.000000
vt 0.000000 1.000000
f 1385/1385 1386/1386 1387/1387 1388/1388
usemtl dark
v 0.016292 0.140492 0.040520
v 0.024023 0.142872 0.038892
v 0.018017 0.150975 0.027446
v 0.012219 0.149191 0.028667
vt 0.000000 0.000000
vt 1.000000 0.000000
vt 1.000000 1.000000
vt 0.000000 1.000000
f 1389/1389 1390/1390 1391/1391 1392/1392
usemtl white
v 0.018017 0.150975 0.027446
v 0.023448 0.153423 0.025771
v 0.031264 0.146136 0.036659
v 0.024023 0.142872 0.038892
vt 0.000000 0.000000
vt 1.000000 0.000000
vt 1.000000 1.000000
vt 0.000000 1.000000
f 1393/1393 1394/1394 1395/1395 1396/1396
usemtl dark
v 0.024023 0.142872 0.038892
v 0.031264 0.146136 0.036659
v 0.023448 0.153423 0.025771
v 0.018017 0.150975 0.027446
vt 0.000000 0.000000
vt 1.000000 0.000000
vt 1.000000 1.000000
vt 0.000000 1.000000
f 1397/1397 1398/1398 1399/1399 1400/1400
usemtl white
v 0.023448 0.153423 0.025771
v 0.028402 0.156484 0.023677
v 0.037870 0.150217 0.033867
v 0.031264 0.146136 0.036659
vt 0.000000 0.000000
vt 1.000000 0.000000
vt 1.000000 1.000000
vt 0.000000 1.000000
f 1401/1401 1402/1402 1403/1403 1404/1404
usemtl dark
v 0.031264 0.146136 0.036659
v 0.037870 0.150217 0.033867
v 0.028402 0.156484 0.023677
v 0.023448 0.153423 0.025771
vt 0.000000 0.000000
vt 1.000000 0.000000
vt 1.000000 1.000000
vt 0.000000 1.000000
f 1405/1405 1406/1406 1407/1407 1408/1408
usemtl white
v 0.028402 0.156484 0.023677
v 0.032778 0.160095 0.021206
v 0.043704 0.155032 0.030573
v 0.037870 0.150217 0.033867
vt 0.000000 0.000000
vt 1.000000 0.000000
vt 1.000000 1.000000
vt 0.000000 1.000000
f 1409/1409 1410/1410 1411/1411 1412/1412
usemtl dark
v 0.037870 0.150217 0.033867
v 0.043704 0.155032 0.030573
v 0.032778 0.160095 0.021206
v 0.028402 0.156484 0.023677
vt 0.000000 0.000000
vt 1.000000 0.000000
vt 1.000000 1.000000
vt 0.000000 1.000000
f 1413/1413 1414/1414 1415/1415 1416/1416
usemtl white
v 0.032778 0.160095 0.021206
v 0.036486 0.164184 0.018409
v 0.048648 0.160483 0.026843
v 0.043704 0.155032 0.030573
vt 0.000000 0.000000
vt 1.000000 0.000000
vt 1.000000 1.000000
vt 0.000000 1.000000
f 1417/1417 1418/1418 1419/1419 1420/1420
usemtl dark
v 0.043704 0.155032 0.030573
v 0.048648 0.160483 0.026843
v 0.036486 0.164184 0.018409
v 0.032778 0.160095 0.021206
vt 0.000000 0.000000
vt 1.000000 0.000000
vt 1.000000 1.000000
vt 0.000000 1.000000
f 1421/1421 1422/1422 1423/1423 1424/1424
usemtl white
v 0.036486 0.164184 0.018409
v 0.039452 0.168666 0.015343
v 0.052603 0.166460 0.022754
v 0.048648 0.160483 0.026843
vt 0.000000 0.000000
vt 1.000000 0.000000
vt 1.000000 1.000000
vt 0.000000 1.000000
f 1425/1425 1426/1426 1427/1427 1428/1428
usemtl dark
v 0.048648 0.160483 0.026843
v 0.052603 0.166460 0.022754
v 0.039452 0.168666 0.015343
v 0.036486 0.164184 0.018409
vt 0.000000 0.000000
vt 1.000000 0.000000
vt 1.000000 1.000000
vt 0.000000 1.000000
f 1429/1429 1430/1430 1431/1431 1432/1432
usemtl white
v 0.039452 0.168666 0.015343
v 0.041615 0.173452 0.012069
v 0.055486 0.172841 0.018389
v 0.052603 0.166460 0.022754
vt 0.000000 0.000000
vt 1.000000 0.000000
vt 1.000000 1.000000
vt 0.000000 1.000000
f 1433/1433 1434/1434 1435/1435 1436/1436
usemtl dark
v 0.052603 0.166460 0.022754
v 0.055486 0.172841 0.018389
v 0.041615 0.173452 0.012069
v 0.039452 0.168666 0.015343
vt 0.000000 0.000000
vt 1.000000 0.000000
vt 1.000000 1.000000
vt 0.000000 1.000000
f 1437/1437 1438/1438 1439/1439 1440/1440
usemtl white
v 0.041615 0.173452 0.012069
v 0.042930 0.178442 0.008654
v 0.057240 0.179495 0.013837
v 0.055486 0.172841 0.018389
vt 0.000000 0.000000
vt 1.000000 0.000000
vt 1.000000 1.000000
vt 0.000000 1.000000
f 1441/1441 1442/1442 1443/1443 1444/1444
usemtl dark
v 0.055486 0.172841 0.018389
v 0.057240 0.179495 0.013837
v 0.042930 0.178442 0.008654
v 0.041615 0.173452 0.012069
vt 0.000000 0.000000
vt 1.000000 0.000000
vt 1.000000 1.000000
vt 0.000000 1.000000
f 1445/1445 1446/1446 1447/1447 1448/1448
usemtl white
v 0.042930 0.178442 0.008654
v 0.043371 0.183537 0.005169
v 0.057829 0.186287 0.009190
v 0.057240 0.179495 0.013837
vt 0.000000 0.000000
vt 1.000000 0.000000
vt 1.000000 1.000000
vt 0.000000 1.000000
f 1449/1449 1450/1450 1451/1451 1452/1452
usemtl dark
v 0.057240 0.179495 0.013837
v 0.057829 0.186287 0.009190
v 0.043371 0.183537 0.005169
v 0.042930 0.178442 0.008654
vt 0.000000 0.000000
vt 1.000000 0.000000
vt 1.000000 1.000000
vt 0.000000 1.000000
f 1453/1453 1454/1454 1455/1455 1456/1456
usemtl white
v 0.057829 0.186287 0.009190
v 0.057240 0.193080 0.004543
v 0.071550 0.198314 0.008550
v 0.072286 0.189824 0.014359
vt 0.000000 0.000000
vt 1.000000 0.000000
vt 1.000000 1.000000
vt 0.000000 1.000000
f 1457/1457 1458/1458 1459/1459 1460/1460
usemtl dark
v 0.072286 0.189824 0.014359
v 0.071550 0.198314 0.008550
v 0.057240 0.193080 0.004543
v 0.057829 0.186287 0.009190
vt 0.000000 0.000000
vt 1.000000 0.000000
vt 1.000000 1.000000
vt 0.000000 1.000000
f 1461/1461 1462/1462 1463/1463 1464/1464
usemtl white
v 0.057240 0.193080 0.004543
v 0.055486 0.199734 -0.000009
v 0.069358 0.206632 0.002860
v 0.071550 0.198314 0.008550
vt 0.000000 0.000000
vt 1.000000 0.000000
vt 1.000000 1.000000
vt 0.000000 1.000000
f 1465/1465 1466/1466 1467/1467 1468/1468
usemtl dark
v 0.071550 0.198314 0.008550
v 0.069358 0.206632 0.002860
v 0.055486 0.199734 -0.000009
v 0.057240 0.193080 0.004543
vt 0.000000 0.000000
vt 1.000000 0.000000
vt 1.000000 1.000000
vt 0.000000 1.000000
f 1469/1469 1470/1470 1471/1471 1472/1472
usemtl white
v 0.055486 0.199734 -0.000009
v 0.052603 0.206114 -0.004374
v 0.065753 0.214607 -0.002596
v 0.069358 0.206632 0.002860
vt 0.000000 0.000000
vt 1.000000 0.000000
vt 1.000000 1.000000
vt 0.000000 1.000000
f 1473/1473 1474/1474 1475/1475 1476/1476
usemtl dark
v 0.069358 0.206632 0.002860
v 0.065753 0.214607 -0.002596
v 0.052603 0.206114 -0.004374
v 0.055486 0.199734 -0.000009
vt 0.000000 0.000000
vt 1.000000 0.000000
vt 1.000000 1.000000
vt 0.000000 1.000000
f 1477/1477 1478/1478 1479/1479 1480/1480
usemtl white
v 0.052603 0.206114 -0.004374
v 0.048648 0.212091 -0.008463
v 0.060811 0.222078 -0.007707
v 0.065753 0.214607 -0.002596
vt 0.000000 0.000000
vt 1.000000 0.000000
vt 1.000000 1.000000
vt 0.000000 1.000000
f 1481/1481 1482/1482 1483/1483 1484/1484
usemtl dark
v 0.065753 0.214607 -0.002596
v 0.060811 0.222078 -0.007707
v 0.048648 0.212091 -0.008463
v 0.052603 0.206114 -0.004374
vt 0.000000 0.000000
vt 1.000000 0.000000
vt 1.000000 1.000000
vt 0.000000 1.000000
f 1485/1485 1486/1486 1487/1487 1488/1488
usemtl white
v 0.048648 0.212091 -0.008463
v 0.043704 0.217542 -0.012193
v 0.054630 0.228893 -0.012369
v 0.060811 0.222078 -0.007707
vt 0.000000 0.000000
vt 1.000000 0.000000
vt 1.000000 1.000000
vt 0.000000 1.000000
f 1489/1489 1490/1490 1491/1491 1492/1492
usemtl dark
v 0.060811 0.222078 -0.007707
v 0.054630 0.228893 -0.012369
v 0.043704 0.217542 -0.012193
v 0.048648 0.212091 -0.008463
vt 0.000000 0.000000
vt 1.000000 0.000000
vt 1.000000 1.000000
vt 0.000000 1.000000
f 1493/1493 1494/1494 1495/1495 1496/1496
usemtl white
v 0.043704 0.217542 -0.012193
v 0.037870 0.222358 -0.015487
v 0.047337 0.234912 -0.016487
v 0.054630 0.228893 -0.012369
vt 0.000000 0.000000
vt 1.000000 0.000000
vt 1.000000 1.000000
vt 0.000000 1.000000
f 1497/1497 1498/1498 1499/1499 1500/1500
usemtl dark
v 0.054630 0.228893 -0.012369
v 0.047337 0.234912 -0.016487
v 0.037870 0.222358 -0.015487
v 0.043704 0.217542 -0.012193
vt 0.000000 0.000000
vt 1.000000 0.000000
vt 1.000000 1.000000
vt 0.000000 1.000000
f 1501/1501 1502/1502 1503/1503 1504/1504
usemtl white
v 0.037870 0.222358 -0.015487
v 0.031264 0.226438 -0.018279
v 0.039081 0.240013 -0.019977
v 0.047337 0.234912 -0.016487
vt 0.000000 0.000000
vt 1.000000 0.000000
vt 1.000000 1.000000
vt 0.000000 1.000000
f 1505/1505 1506/1506 1507/1507 1508/1508
usemtl dark
v 0.047337 0.234912 -0.016487
v 0.039081 0.240013 -0.019977
v 0.031264 0.226438 -0.018279
v 0.037870 0.222358 -0.015487
vt 0.000000 0.000000
vt 1.000000 0.000000
vt 1.000000 1.000000
vt 0.000000 1.000000
f 1509/1509 1510/1510 1511/1511 1512/1512
usemtl white
v 0.031264 0.226438 -0.018279
v 0.024023 0.229702 -0.020512
v 0.030029 0.244092 -0.022768
v 0.039081 0.240013 -0.019977
vt 0.000000 0.000000
vt 1.000000 0.000000
vt 1.000000 1.000000
vt 0.000000 1.000000
f 1513/1513 1514/1514 1515/1515 1516/1516
usemtl dark
v 0.039081 0.240013 -0.019977
v 0.030029 0.244092 -0.022768
v 0.024023 0.229702 -0.020512
v 0.031264 0.226438 -0.018279
vt 0.000000 0.000000
vt 1.000000 0.000000
vt 1.000000 1.000000
vt 0.000000 1.000000
f 1517/1517 1518/1518 1519/1519 1520/1520
usemtl white
v 0.024023 0.229702 -0.020512
v 0.016292 0.232082 -0.022140
v 0.020365 0.247067 -0.024803
v 0.030029 0.244092 -0.022768
vt 0.000000 0.000000
vt 1.000000 0.000000
vt 1.000000 1.000000
vt 0.000000 1.000000
f 1521/1521 1522/1522 1523/1523 1524/1524
usemtl dark
v 0.030029 0.244092 -0.022768
v 0.020365 0.247067 -0.024803
v 0.016292 0.232082 -0.022140
v 0.024023 0.229702 -0.020512
vt 0.000000 0.000000
vt 1.000000 0.000000
vt 1.000000 1.000000
vt 0.000000 1.000000
f 1525/1525 1526/1526 1527/1527 1528/1528
usemtl white
v 0.016292 0.232082 -0.022140
v 0.008230 0.233529 -0.023130
v 0.010287 0.248876 -0.026041
v 0.020365 0.247067 -0.024803
vt 0.000000 0.000000
vt 1.000000 0.000000
vt 1.000000 1.000000
vt 0.000000 1.000000
f 1529/1529 1530/1530 1531/1531 1532/1532
usemtl dark
v 0.020365 0.247067 -0.024803
v 0.010287 0.248876 -0.026041
v 0.008230 0.233529 -0.023130
v 0.016292 0.232082 -0.022140
vt 0.000000 0.000000
vt 1.000000 0.000000
vt 1.000000 1.000000
vt 0.000000 1.000000
f 1533/1533 1534/1534 1535/1535 1536/1536
usemtl white
v 0.008230 0.233529 -0.023130
v 0.000000 0.234015 -0.023463
v 0.000000 0.249484 -0.026456
v 0.010287 0.248876 -0.026041
vt 0.000000 0.000000
vt 1.000000 0.000000
vt 1.000000 1.000000
vt 0.000000 1.000000
f 1537/1537 1538/1538 1539/1539 1540/1540
usemtl dark
v 0.010287 0.248876 -0.026041
v 0.000000 0.249484 -0.026456
v 0.000000 0.234015 -0.023463
v 0.008230 0.233529 -0.023130
vt 0.000000 0.000000
vt 1.000000 0.000000
vt 1.000000 1.000000
vt 0.000000 1.000000
f 1541/1541 1542/1542 1543/1543 1544/1544
usemtl white
v 0.000000 0.234015 -0.023463
v -0.008230 0.233529 -0.023130
v -0.010287 0.248876 -0.026041
v 0.000000 0.249484 -0.026456
vt 0.000000 0.000000
vt 1.000000 0.000000
vt 1.000000 1.000000
vt 0.000000 1.000000
f 1545/1545 1546/1546 1547/1547 1548/1548
usemtl dark
v 0.000000 0.249484 -0.026456
v -0.010287 0.248876 -0.026041
v -0.008230 0.233529 -0.023130
v 0.000000 0.234015 -0.023463
vt 0.000000 0.000000
vt 1.000000 0.000000
vt 1.000000 1.000000
vt 0.000000 1.000000
f 1549/1549 1550/1550 1551/1551 1552/1552
usemtl white
v -0.008230 0.233529 -0.023130
v -0.016292 0.232082 -0.022140
v -0.020365 0.247067 -0.024803
v -0.010287 0.248876 -0.026041
vt 0.000000 0.000000
vt 1.000000 0.000000
vt 1.000000 1.000000
vt 0.000000 1.000000
f 1553/1553 1554/1554 1555/1555 1556/1556
usemtl dark
v -0.010287 0.248876 -0.026041
v -0.020365 0.247067 -0.024803
v -0.016292 0.232082 -0.022140
v -0.008230 0.233529 -0.023130
vt 0.000000 0.000000
vt 1.000000 0.000000
vt 1.000000 1.000000
vt 0.000000 1.000000
f 1557/1557 1558/1558 1559/1559 1560/1560
usemtl white
v -0.016292 0.232082 -0.022140
v -0.024023 0.229702 -0.020512
v -0.030029 0.244092 -0.022768
v -0.020365 0.247067 -0.024803
vt 0.000000 0.000000
vt 1.000000 0.000000
vt 1.000000 1.000000
vt 0.000000 1.000000
f 1561/1561 1562/1562 1563/1563 1564/1564
usemtl dark
v -0.020365 0.247067 -0.024803
v -0.030029 0.244092 -0.022768
v -0.024023 0.229702 -0.020512
v -0.016292 0.232082 -0.022140
vt 0.000000 0.000000
vt 1.000000 0.000000
vt 1.000000 1.000000
vt 0.000000 1.000000
f 1565/1565 1566/1566 1567/1567 1568/1568
usemtl white
v -0.024023 0.229702 -0.020512
v -0.031264 0.226438 -0.018279
v -0.039081 0.240013 -0.019977
v -0.030029 0.244092 -0.022768
vt 0.000000 0.000000
vt 1.000000 0.000000
vt 1.000000 1.000000
vt 0.000000 1.000000
f 1569/1569 1570/1570 1571/1571 1572/1572
usemtl dark
v -0.030029 0.244092 -0.022768
v -0.039081 0.240013 -0.019977
v -0.031264 0.226438 -0.018279
v -0.024023 0.229702 -0.020512
vt 0.000000 0.000000
vt 1.000000 0.000000
vt 1.000000 1.000000
vt 0.000000 1.000000
f 1573/1573 1574/1574 1575/1575 1576/1576
usemtl white
v -0.031264 0.226438 -0.018279
v -0.037870 0.222358 -0.015487
v -0.047337 0.234912 -0.016487
v -0.039081 0.240013 -0.019977
vt 0.000000 0.000000
vt 1.000000 0.000000
vt 1.000000 1.000000
vt 0.000000 1.000000
f 1577/1577 1578/1578 1579/1579 1580/1580
usemtl dark
v -0.039081 0.240013 -0.019977
v -0.047337 0.234912 -0.016487
v -0.037870 0.222358 -0.015487
v -0.031264 0.226438 -0.018279
vt 0.000000 0.000000
vt 1.000000 0.000000
vt 1.000000 1.000000
vt 0.000000 1.000000
f 1581/1581 1582/1582 1583/1583 1584/1584
usemtl white
v -0.037870 0.222358 -0.015487
v -0.043704 0.217542 -0.012193
v -0.054630 0.228893 -0.012369
v -0.047337 0.234912 -0.016487
vt 0.000000 0.000000
vt 1.000000 0.000000
vt 1.000000 1.000000
vt 0.000000 1.000000
f 1585/1585 1586/1586 1587/1587 1588/1588
usemtl dark
v -0.047337 0.234912 -0.016487
v -0.054630 0.228893 -0.012369
v -0.043704 0.217542 -0.012193
v -0.037870 0.222358 -0.015487
vt 0.000000 0.000000
vt 1.000000 0.000000
vt 1.000000 1.000000
vt 0.000000 1.000000
f 1589/1589 1590/1590 1591/1591 1592/1592
usemtl white
v -0.043704 0.217542 -0.012193
v -0.048648 0.212091 -0.008463
v -0.060811 0.222078 -0.007707
v -0.054630 0.228893 -0.012369
vt 0.000000 0.000000
vt 1.000000 0.000000
vt 1.000000 1.000000
vt 0.000000 1.000000
f 1593/1593 1594/1594 1595/1595 1596/1596
usemtl dark
v -0.054630 0.228893 -0.012369
v -0.060811 0.222078 -0.007707
v -0.048648 0.212091 -0.008463
v -0.043704 0.217542 -0.012193
vt 0.000000 0.000000
vt 1.000000 0.000000
vt 1.000000 1.000000
vt 0.000000 1.000000
f 1597/1597 1598/1598 1599/1599 1600/1600
usemtl white
v -0.048648 0.212091 -0.008463
v -0.052603 0.206114 -0.004374
v -0.065753 0.214607 -0.002596
v -0.060811 0.222078 -0.007707
vt 0.000000 0.000000
vt 1.000000 0.000000
vt 1.000000 1.000000
vt 0.000000 1.000000
f 1601/1601 1602/1602 1603/1603 1604/1604
usemtl dark
v -0.060811 0.222078 -0.007707
v -0.065753 0.214607 -0.002596
v -0.052603 0.206114 -0.004374
v -0.048648 0.212091 -0.008463
vt 0.000000 0.000000
vt 1.000000 0.000000
vt 1.000000 1.000000
vt 0.000000 1.000000
f 1605/1605 1606/1606 1607/1607 1608/1608
usemtl white
v -0.052603 0.206114 -0.004374
v -0.055486 0.199734 -0.000009
v -0.069358 0.206632 0.002860
v -0.065753 0.214607 -0.002596
vt 0.000000 0.000000
vt 1.000000 0.000000
vt 1.000000 1.000000
vt 0.000000 1.000000
f 1609/1609 1610/1610 1611/1611 1612/1612
usemtl dark
v -0.065753 0.214607 -0.002596
v -0.069358 0.206632 0.002860
v -0.055486 0.199734 -0.000009
v -0.052603 0.206114 -0.004374
vt 0.000000 0.000000
vt 1.000000 0.000000
vt 1.000000 1.000000
vt 0.000000 1.000000
f 1613/1613 1614/1614 1615/1615 1616/1616
usemtl white
v -0.055486 0.199734 -0.000009
v -0.057240 0.193080 0.004543
v -0.071550 0.198314 0.008550
v -0.069358 0.206632 0.002860
vt 0.000000 0.000000
vt 1.000000 0.000000
vt 1.000000 1.000000
vt 0.000000 1.000000
f 1617/1617 1618/1618 1619/1619 1620/1620
usemtl dark
v -0.069358 0.206632 0.002860
v -0.071550 0.198314 0.008550
v -0.057240 0.193080 0.004543
v -0.055486 0.199734 -0.000009
vt 0.000000 0.000000
vt 1.000000 0.000000
vt 1.000000 1.000000
vt 0.000000 1.000000
f 1621/1621 1622/1622 1623/1623 1624/1624
usemtl white
v -0.057240 0.193080 0.004543
v -0.057829 0.186287 0.009190
v -0.072286 0.189824 0.014359
v -0.071550 0.198314 0.008550
vt 0.000000 0.000000
vt 1.000000 0.000000
vt 1.000000 1.000000
vt 0.000000 1.000000
f 1625/1625 1626/1626 1627/1627 1628/1628
usemtl dark
v -0.071550 0.198314 0.008550
v -0.072286 0.189824 0.014359
v -0.057829 0.186287 0.009190
v -0.057240 0.193080 0.004543
vt 0.000000 0.000000
vt 1.000000 0.000000
vt 1.000000 1.000000
vt 0.000000 1.000000
f 1629/1629 1630/1630 1631/1631 1632/1632
usemtl white
v -0.057829 0.186287 0.009190
v -0.057240 0.179495 0.013837
v -0.071550 0.181333 0.020168
v -0.072286 0.189824 0.014359
vt 0.000000 0.000000
vt 1.000000 0.000000
vt 1.000000 1.000000
vt 0.000000 1.000000
f 1633/1633 1634/1634 1635/1635 1636/1636
usemtl dark
v -0.072286 0.189824 0.014359
v -0.071550 0.181333 0.020168
v -0.057240 0.179495 0.013837
v -0.057829 0.186287 0.009190
vt 0.000000 0.000000
vt 1.000000 0.000000
vt 1.000000 1.000000
vt 0.000000 1.000000
f 1637/1637 1638/1638 1639/1639 1640/1640
usemtl white
v -0.057240 0.179495 0.013837
v -0.055486 0.172841 0.018389
v -0.069358 0.173015 0.025858
v -0.071550 0.181333 0.020168
vt 0.000000 0.000000
vt 1.000000 0.000000
vt 1.000000 1.000000
vt 0.000000 1.000000
f 1641/1641 1642/1642 1643/1643 1644/1644
usemtl dark
v -0.071550 0.181333 0.020168
v -0.069358 0.173015 0.025858
v -0.055486 0.172841 0.018389
v -0.057240 0.179495 0.013837
vt 0.000000 0.000000
vt 1.000000 0.000000
vt 1.000000 1.000000
vt 0.000000 1.000000
f 1645/1645 1646/1646 1647/1647 1648/1648
usemtl white
v -0.055486 0.172841 0.018389
v -0.052603 0.166460 0.022754
v -0.065753 0.165040 0.031315
v -0.069358 0.173015 0.025858
vt 0.000000 0.000000
vt 1.000000 0.000000
vt 1.000000 1.000000
vt 0.000000 1.000000
f 1649/1649 1650/1650 1651/1651 1652/1652
usemtl dark
v -0.069358 0.173015 0.025858
v -0.065753 0.165040 0.031315
v -0.052603 0.166460 0.022754
v -0.055486 0.172841 0.018389
vt 0.000000 0.000000
vt 1.000000 0.000000
vt 1.000000 1.000000
vt 0.000000 1.000000
f 1653/1653 1654/1654 1655/1655 1656/1656
usemtl white
v -0.052603 0.166460 0.022754
v -0.048648 0.160483 0.026843
v -0.060811 0.157569 0.036426
v -0.065753 0.165040 0.031315
vt 0.000000 0.000000
vt 1.000000 0.000000
vt 1.000000 1.000000
vt 0.000000 1.000000
f 1657/1657 1658/1658 1659/1659 1660/1660
usemtl dark
v -0.065753 0.165040 0.031315
v -0.060811 0.157569 0.036426
v -0.048648 0.160483 0.026843
v -0.052603 0.166460 0.022754
vt 0.000000 0.000000
vt 1.000000 0.000000
vt 1.000000 1.000000
vt 0.000000 1.000000
f 1661/1661 1662/1662 1663/1663 1664/1664
usemtl white
v -0.048648 0.160483 0.026843
v -0.043704 0.155032 0.030573
v -0.054630 0.150755 0.041088
v -0.060811 0.157569 0.036426
vt 0.000000 0.000000
vt 1.000000 0.000000
vt 1.000000 1.000000
vt 0.000000 1.000000
f 1665/1665 1666/1666 1667/1667 1668/1668
usemtl dark
v -0.060811 0.157569 0.036426
v -0.054630 0.150755 0.041088
v -0.043704 0.155032 0.030573
v -0.048648 0.160483 0.026843
vt 0.000000 0.000000
vt 1.000000 0.000000
vt 1.000000 1.000000
vt 0.000000 1.000000
f 1669/1669 1670/1670 1671/1671 1672/1672
usemtl white
v -0.043704 0.155032 0.030573
v -0.037870 0.150217 0.033867
v -0.047337 0.144736 0.045206
v -0.054630 0.150755 0.041088
vt 0.000000 0.000000
vt 1.000000 0.000000
vt 1.000000 1.000000
vt 0.000000 1.000000
f 1673/1673 1674/1674 1675/1675 1676/1676
usemtl dark
v -0.054630 0.150755 0.041088
v -0.047337 0.144736 0.045206
v -0.037870 0.150217 0.033867
v -0.043704 0.155032 0.030573
vt 0.000000 0.000000
vt 1.000000 0.000000
vt 1.000000 1.000000
vt 0.000000 1.000000
f 1677/1677 1678/1678 1679/1679 1680/1680
usemtl white
v -0.037870 0.150217 0.033867
v -0.031264 0.146136 0.036659
v -0.039081 0.139634 0.048695
v -0.047337 0.144736 0.045206
vt 0.000000 0.000000
vt 1.000000 0.000000
vt 1.000000 1.000000
vt 0.000000 1.000000
f 1681/1681 1682/1682 1683/1683 1684/1684
usemtl dark
v -0.047337 0.144736 0.045206
v -0.039081 0.139634 0.048695
v -0.031264 0.146136 0.036659
v -0.037870 0.150217 0.033867
vt 0.000000 0.000000
vt 1.000000 0.000000
vt 1.000000 1.000000
vt 0.000000 1.000000
f 1685/1685 1686/1686 1687/1687 1688/1688
usemtl white
v -0.031264 0.146136 0.036659
v -0.024023 0.142872 0.038892
v -0.030029 0.135555 0.051486
v -0.039081 0.139634 0.048695
vt 0.000000 0.000000
vt 1.000000 0.000000
vt 1.000000 1.000000
vt 0.000000 1.000000
f 1689/1689 1690/1690 1691/1691 1692/1692
usemtl dark
v -0.039081 0.139634 0.048695
v -0.030029 0.135555 0.051486
v -0.024023 0.142872 0.038892
v -0.031264 0.146136 0.036659
vt 0.000000 0.000000
vt 1.000000 0.000000
vt 1.000000 1.000000
vt 0.000000 1.000000
f 1693/1693 1694/1694 1695/1695 1696/1696
usemtl white
v -0.024023 0.142872 0.038892
v -0.016292 0.140492 0.040520
v -0.020365 0.132580 0.053521
v -0.030029 0.135555 0.051486
vt 0.000000 0.000000
vt 1.000000 0.000000
vt 1.000000 1.000000
vt 0.000000 1.000000
f 1697/1697 1698/1698 1699/1699 1700/1700
usemtl dark
v -0.030029 0.135555 0.051486
v -0.020365 0.132580 0.053521
v -0.016292 0.140492 0.040520
v -0.024023 0.142872 0.038892
vt 0.000000 0.000000
vt 1.000000 0.000000
vt 1.000000 1.000000
vt 0.000000 1.000000
f 1701/1701 1702/1702 1703/1703 1704/1704
usemtl white
v -0.016292 0.140492 0.040520
v -0.008230 0.139045 0.041510
v -0.010287 0.130771 0.054759
v -0.020365 0.132580 0.053521
vt 0.000000 0.000000
vt 1.000000 0.000000
vt 1.000000 1.000000
vt 0.000000 1.000000
f 1705/1705 1706/1706 1707/1707 1708/1708
usemtl dark
v -0.020365 0.132580 0.053521
v -0.010287 0.130771 0.054759
v -0.008230 0.139045 0.041510
v -0.016292 0.140492 0.040520
vt 0.000000 0.000000
vt 1.000000 0.000000
vt 1.000000 1.000000
vt 0.000000 1.000000
f 1709/1709 1710/1710 1711/1711 1712/1712
usemtl white
v -0.008230 0.139045 0.041510
v -0.000000 0.138559 0.041842
v -0.000000 0.130164 0.055175
v -0.010287 0.130771 0.054759
vt 0.000000 0.000000
vt 1.000000 0.000000
vt 1.000000 1.000000
vt 0.000000 1.000000
f 1713/1713 1714/1714 1715/1715 1716/1716
usemtl dark
v -0.010287 0.130771 0.054759
v -0.000000 0.130164 0.055175
v -0.000000 0.138559 0.041842
v -0.008230 0.139045 0.041510
vt 0.000000 0.000000
vt 1.000000 0.000000
vt 1.000000 1.000000
vt 0.000000 1.000000
f 1717/1717 1718/1718 1719/1719 1720/1720
usemtl white
v -0.000000 0.138559 0.041842
v 0.008230 0.139045 0.041510
v 0.010287 0.130771 0.054759
v -0.000000 0.130164 0.055175
vt 0.000000 0.000000
vt 1.000000 0.000000
vt 1.000000 1.000000
vt 0.000000 1.000000
f 1721/1721 1722/1722 1723/1723 1724/1724
usemtl dark
v -0.000000 0.130164 0.055175
v 0.010287 0.130771 0.054759
v 0.008230 0.139045 0.041510
v -0.000000 0.138559 0.041842
vt 0.000000 0.000000
vt 1.000000 0.000000
vt 1.000000 1.000000
vt 0.000000 1.000000
f 1725/1725 1726/1726 1727/1727 1728/1728
usemtl white
v 0.008230 0.139045 0.041510
v 0.016292 0.140492 0.040520
v 0.020365 0.132580 0.053521
v 0.010287 0.130771 0.054759
vt 0.000000 0.000000
vt 1.000000 0.000000
vt 1.000000 1.000000
vt 0.000000 1.000000
f 1729/1729 1730/1730 1731/1731 1732/1732
usemtl dark
v 0.010287 0.130771 0.054759
v 0.020365 0.132580 0.053521
v 0.016292 0.140492 0.040520
v 0.008230 0.139045 0.041510
vt 0.000000 0.000000
vt 1.000000 0.000000
vt 1.000000 1.000000
vt 0.000000 1.000000
f 1733/1733 1734/1734 1735/1735 1736/1736
usemtl white
v 0.016292 0.140492 0.040520
v 0.024023 0.142872 0.038892
v 0.030029 0.135555 0.051486
v 0.020365 0.132580 0.053521
vt 0.000000 0.000000
vt 1.000000 0.000000
vt 1.000000 1.000000
vt 0.000000 1.000000
f 1737/1737 1738/1738 1739/1739 1740/1740
usemtl dark
v 0.020365 0.132580 0.053521
v 0.030029 0.135555 0.051486
v 0.024023 0.142872 0.038892
v 0.016292 0.140492 0.040520
vt 0.000000 0.000000
vt 1.000000 0.000000
vt 1.000000 1.000000
vt 0.000000 1.000000
f 1741/1741 1742/1742 1743/1743 1744/1744
usemtl white
v 0.024023 0.142872 0.038892
v 0.031264 0.146136 0.036659
v 0.039081 0.139634 0.048695
v 0.030029 0.135555 0.051486
vt 0.000000 0.000000
vt 1.000000 0.000000
vt 1.000000 1.000000
vt 0.000000 1.000000
f 1745/1745 1746/1746 1747/1747 1748/1748
usemtl dark
v 0.030029 0.135555 0.051486
v 0.039081 0.139634 0.048695
v 0.031264 0.146136 0.036659
v 0.024023 0.142872 0.038892
vt 0.000000 0.000000
vt 1.000000 0.000000
vt 1.000000 1.000000
vt 0.000000 1.000000
f 1749/1749 1750/1750 1751/1751 1752/1752
usemtl white
v 0.031264 0.146136 0.036659
v 0.037870 0.150217 0.033867
v 0.047337 0.144736 0.045206
v 0.039081 0.139634 0.048695
vt 0.000000 0.000000
vt 1.000000 0.000000
vt 1.000000 1.000000
vt 0.000000 1.000000
f 1753/1753 1754/1754 1755/1755 1756/1756
usemtl dark
v 0.039081 0.139634 0.048695
v 0.047337 0.144736 0.045206
v 0.037870 0.150217 0.033867
v 0.031264 0.146136 0.036659
vt 0.000000 0.000000
vt 1.000000 0.000000
vt 1.000000 1.000000
vt 0.000000 1.000000
f 1757/1757 1758/1758 1759/1759 1760/1760
usemtl white
v 0.037870 0.150217 0.033867
v 0.043704 0.155032 0.030573
v 0.054630 0.150755 0.041088
v 0.047337 0.144736 0.045206
vt 0.000000 0.000000
vt 1.000000 0.000000
vt 1.000000 1.000000
vt 0.000000 1.000000
f 1761/1761 1762/1762 1763/1763 1764/1764
usemtl dark
v 0.047337 0.144736 0.045206
v 0.054630 0.150755 0.041088
v 0.043704 0.155032 0.030573
v 0.037870 0.150217 0.033867
vt 0.000000 0.000000
vt 1.000000 0.000000
vt 1.000000 1.000000
vt 0.000000 1.000000
f 1765/1765 1766/1766 1767/1767 1768/1768
usemtl white
v 0.043704 0.155032 0.030573
v 0.048648 0.160483 0.026843
v 0.060811 0.157569 0.036426
v 0.054630 0.150755 0.041088
vt 0.000000 0.000000
vt 1.000000 0.000000
vt 1.000000 1.000000
vt 0.000000 1.000000
f 1769/1769 1770/1770 1771/1771 1772/1772
usemtl dark
v 0.054630 0.150755 0.041088
v 0.060811 0.157569 0.036426
v 0.048648 0.160483 0.026843
v 0.043704 0.155032 0.030573
vt 0.000000 0.000000
vt 1.000000 0.000000
vt 1.000000 1.000000
vt 0.000000 1.000000
f 1773/1773 1774/1774 1775/1775 1776/1776
usemtl white
v 0.048648 0.160483 0.026843
v 0.052603 0.166460 0.022754
v 0.065753 0.165040 0.031315
v 0.060811 0.157569 0.036426
vt 0.000000 0.000000
vt 1.000000 0.000000
vt 1.000000 1.000000
vt 0.000000 1.000000
f 1777/1777 1778/1778 1779/1779 1780/1780
usemtl dark
v 0.060811 0.157569 0.036426
v 0.065753 0.165040 0.031315
v 0.052603 0.166460 0.022754
v 0.048648 0.160483 0.026843
vt 0.000000 0.000000
vt 1.000000 0.000000
vt 1.000000 1.000000
vt 0.000000 1.000000
f 1781/1781 1782/1782 1783/1783 1784/1784
usemtl white
v 0.052603 0.166460 0.022754
v 0.055486 0.172841 0.018389
v 0.069358 0.173015 0.025858
v 0.065753 0.165040 0.031315
vt 0.000000 0.000000
vt 1.000000 0.000000
vt 1.000000 1.000000
vt 0.000000 1.000000
f 1785/1785 1786/1786 1787/1787 1788/1788
usemtl dark
v 0.065753 0.165040 0.031315
v 0.069358 0.173015 0.025858
v 0.055486 0.172841 0.018389
v 0.052603 0.166460 0.022754
vt 0.000000 0.000000
vt 1.000000 0.000000
vt 1.000000 1.000000
vt 0.000000 1.000000
f 1789/1789 1790/1790 1791/1791 1792/1792
usemtl white
v 0.055486 0.172841 0.018389
v 0.057240 0.179495 0.013837
v 0.071550 0.181333 0.020168
v 0.069358 0.173015 0.025858
vt 0.000000 0.000000
vt 1.000000 0.000000
vt 1.000000 1.000000
vt 0.000000 1.000000
f 1793/1793 1794/1794 1795/1795 1796/1796
usemtl dark
v 0.069358 0.173015 0.025858
v 0.071550 0.181333 0.020168
v 0.057240 0.179495 0.013837
v 0.055486 0.172841 0.018389
vt 0.000000 0.000000
vt 1.000000 0.000000
vt 1.000000 1.000000
vt 0.000000 1.000000
f 1797/1797 1798/1798 1799/1799 1800/1800
usemtl white
v 0.057240 0.179495 0.013837
v 0.057829 0.186287 0.009190
v 0.072286 0.189824 0.014359
v 0.071550 0.181333 0.020168
vt 0.000000 0.000000
vt 1.000000 0.000000
vt 1.000000 1.000000
vt 0.000000 1.000000
f 1801/1801 1802/1802 1803/1803 1804/1804
usemtl dark
v 0.071550 0.181333 0.020168
v 0.072286 0.189824 0.014359
v 0.057829 0.186287 0.009190
v 0.057240 0.179495 0.013837
vt 0.000000 0.000000
vt 1.000000 0.000000
vt 1.000000 1.000000
vt 0.000000 1.000000
f 1805/1805 1806/1806 1807/1807 1808/1808
usemtl white
v 0.072286 0.189824 0.014359
v 0.071550 0.198314 0.008550
v 0.085860 0.204335 0.013707
v 0.086743 0.194146 0.020677
vt 0.000000 0.000000
vt 1.000000 0.000000
vt 1.000000 1.000000
vt 0.000000 1.000000
f 1809/1809 1810/1810 1811/1811 1812/1812
usemtl dark
v 0.086743 0.194146 0.020677
v 0.085860 0.204335 0.013707
v 0.071550 0.198314 0.008550
v 0.072286 0.189824 0.014359
vt 0.000000 0.000000
vt 1.000000 0.000000
vt 1.000000 1.000000
vt 0.000000 1.000000
f 1813/1813 1814/1814 1815/1815 1816/1816
usemtl white
v 0.071550 0.198314 0.008550
v 0.069358 0.206632 0.002860
v 0.083229 0.214316 0.006878
v 0.085860 0.204335 0.013707
vt 0.000000 0.000000
vt 1.000000 0.000000
vt 1.000000 1.000000
vt 0.000000 1.000000
f 1817/1817 1818/1818 1819/1819 1820/1820
usemtl dark
v 0.085860 0.204335 0.013707
v 0.083229 0.214316 0.006878
v 0.069358 0.206632 0.002860
v 0.071550 0.198314 0.008550
vt 0.000000 0.000000
vt 1.000000 0.000000
vt 1.000000 1.000000
vt 0.000000 1.000000
f 1821/1821 1822/1822 1823/1823 1824/1824
usemtl white
v 0.069358 0.206632 0.002860
v 0.065753 0.214607 -0.002596
v 0.078904 0.223886 0.000331
v 0.083229 0.214316 0.006878
vt 0.000000 0.000000
vt 1.000000 0.000000
vt 1.000000 1.000000
vt 0.000000 1.000000
f 1825/1825 1826/1826 1827/1827 1828/1828
usemtl dark
v 0.083229 0.214316 0.006878
v 0.078904 0.223886 0.000331
v 0.065753 0.214607 -0.002596
v 0.069358 0.206632 0.002860
vt 0.000000 0.000000
vt 1.000000 0.000000
vt 1.000000 1.000000
vt 0.000000 1.000000
f 1829/1829 1830/1830 1831/1831 1832/1832
usemtl white
v 0.065753 0.214607 -0.002596
v 0.060811 0.222078 -0.007707
v 0.072973 0.232852 -0.005803
v 0.078904 0.223886 0.000331
vt 0.000000 0.000000
vt 1.000000 0.000000
vt 1.000000 1.000000
vt 0.000000 1.000000
f 1833/1833 1834/1834 1835/1835 1836/1836
usemtl dark
v 0.078904 0.223886 0.000331
v 0.072973 0.232852 -0.005803
v 0.060811 0.222078 -0.007707
v 0.065753 0.214607 -0.002596
vt 0.000000 0.000000
vt 1.000000 0.000000
vt 1.000000 1.000000
vt 0.000000 1.000000
f 1837/1837 1838/1838 1839/1839 1840/1840
usemtl white
v 0.060811 0.222078 -0.007707
v 0.054630 0.228893 -0.012369
v 0.065556 0.241029 -0.011397
v 0.072973 0.232852 -0.005803
vt 0.000000 0.000000
vt 1.000000 0.000000
vt 1.000000 1.000000
vt 0.000000 1.000000
f 1841/1841 1842/1842 1843/1843 1844/1844
usemtl dark
v 0.072973 0.232852 -0.005803
v 0.065556 0.241029 -0.011397
v 0.054630 0.228893 -0.012369
v 0.060811 0.222078 -0.007707
vt 0.000000 0.000000
vt 1.000000 0.000000
vt 1.000000 1.000000
vt 0.000000 1.000000
f 1845/1845 1846/1846 1847/1847 1848/1848
usemtl white
v 0.054630 0.228893 -0.012369
v 0.047337 0.234912 -0.016487
v 0.056804 0.248252 -0.016338
v 0.065556 0.241029 -0.011397
vt 0.000000 0.000000
vt 1.000000 0.000000
vt 1.000000 1.000000
vt 0.000000 1.000000
f 1849/1849 1850/1850 1851/1851 1852/1852
usemtl dark
v 0.065556 0.241029 -0.011397
v 0.056804 0.248252 -0.016338
v 0.047337 0.234912 -0.016487
v 0.054630 0.228893 -0.012369
vt 0.000000 0.000000
vt 1.000000 0.000000
vt 1.000000 1.000000
vt 0.000000 1.000000
f 1853/1853 1854/1854 1855/1855 1856/1856
usemtl white
v 0.047337 0.234912 -0.016487
v 0.039081 0.240013 -0.019977
v 0.046897 0.254373 -0.020526
v 0.056804 0.248252 -0.016338
vt 0.000000 0.000000
vt 1.000000 0.000000
vt 1.000000 1.000000
vt 0.000000 1.000000
f 1857/1857 1858/1858 1859/1859 1860/1860
usemtl dark
v 0.056804 0.248252 -0.016338
v 0.046897 0.254373 -0.020526
v 0.039081 0.240013 -0.019977
v 0.047337 0.234912 -0.016487
vt 0.000000 0.000000
vt 1.000000 0.000000
vt 1.000000 1.000000
vt 0.000000 1.000000
f 1861/1861 1862/1862 1863/1863 1864/1864
usemtl white
v 0.039081 0.240013 -0.019977
v 0.030029 0.244092 -0.022768
v 0.036034 0.259268 -0.023875
v 0.046897 0.254373 -0.020526
vt 0.000000 0.000000
vt 1.000000 0.000000
vt 1.000000 1.000000
vt 0.000000 1.000000
f 1865/1865 1866/1866 1867/1867 1868/1868
usemtl dark
v 0.046897 0.254373 -0.020526
v 0.036034 0.259268 -0.023875
v 0.030029 0.244092 -0.022768
v 0.039081 0.240013 -0.019977
vt 0.000000 0.000000
vt 1.000000 0.000000
vt 1.000000 1.000000
vt 0.000000 1.000000
f 1869/1869 1870/1870 1871/1871 1872/1872
usemtl white
v 0.030029 0.244092 -0.022768
v 0.020365 0.247067 -0.024803
v 0.024438 0.262838 -0.026318
v 0.036034 0.259268 -0.023875
vt 0.000000 0.000000
vt 1.000000 0.000000
vt 1.000000 1.000000
vt 0.000000 1.000000
f 1873/1873 1874/1874 1875/1875 1876/1876
usemtl dark
v 0.036034 0.259268 -0.023875
v 0.024438 0.262838 -0.026318
v 0.020365 0.247067 -0.024803
v 0.030029 0.244092 -0.022768
vt 0.000000 0.000000
vt 1.000000 0.000000
vt 1.000000 1.000000
vt 0.000000 1.000000
f 1877/1877 1878/1878 1879/1879 1880/1880
usemtl white
v 0.020365 0.247067 -0.024803
v 0.010287 0.248876 -0.026041
v 0.012345 0.265009 -0.027803
v 0.024438 0.262838 -0.026318
vt 0.000000 0.000000
vt 1.000000 0.000000
vt 1.000000 1.000000
vt 0.000000 1.000000
f 1881/1881 1882/1882 1883/1883 1884/1884
usemtl dark
v 0.024438 0.262838 -0.026318
v 0.012345 0.265009 -0.027803
v 0.010287 0.248876 -0.026041
v 0.020365 0.247067 -0.024803
vt 0.000000 0.000000
vt 1.000000 0.000000
vt 1.000000 1.000000
vt 0.000000 1.000000
f 1885/1885 1886/1886 1887/1887 1888/1888
usemtl white
v 0.010287 0.248876 -0.026041
v 0.000000 0.249484 -0.026456
v 0.000000 0.265738 -0.028302
v 0.012345 0.265009 -0.027803
vt 0.000000 0.000000
vt 1.000000 0.000000
vt 1.000000 1.000000
vt 0.000000 1.000000
f 1889/1889 1890/1890 1891/1891 1892/1892
usemtl dark
v 0.012345 0.265009 -0.027803
v 0.000000 0.265738 -0.028302
v 0.000000 0.249484 -0.026456
v 0.010287 0.248876 -0.026041
vt 0.000000 0.000000
vt 1.000000 0.000000
vt 1.000000 1.000000
vt 0.000000 1.000000
f 1893/1893 1894/1894 1895/1895 1896/1896
usemtl white
v 0.000000 0.249484 -0.026456
v -0.010287 0.248876 -0.026041
v -0.012345 0.265009 -0.027803
v 0.000000 0.265738 -0.028302
vt 0.000000 0.000000
vt 1.000000 0.000000
vt 1.000000 1.000000
vt 0.000000 1.000000
f 1897/1897 1898/1898 1899/1899 1900/1900
usemtl dark
v 0.000000 0.265738 -0.028302
v -0.012345 0.265009 -0.027803
v -0.010287 0.248876 -0.026041
v 0.000000 0.249484 -0.026456
vt 0.000000 0.000000
vt 1.000000 0.000000
vt 1.000000 1.000000
vt 0.000000 1.000000
f 1901/1901 1902/1902 1903/1903 1904/1904
usemtl white
v -0.010287 0.248876 -0.026041
v -0.020365 0.247067 -0.024803
v -0.024438 0.262838 -0.026318
v -0.012345 0.265009 -0.027803
vt 0.000000 0.000000
vt 1.000000 0.000000
vt 1.000000 1.000000
vt 0.000000 1.000000
f 1905/1905 1906/1906 1907/1907 1908/1908
usemtl dark
v -0.012345 0.265009 -0.027803
v -0.024438 0.262838 -0.026318
v -0.020365 0.247067 -0.024803
v -0.010287 0.248876 -0.026041
vt 0.000000 0.000000
vt 1.000000 0.000000
vt 1.000000 1.000000
vt 0.000000 1.000000
f 1909/1909 1910/1910 1911/1911 1912/1912
usemtl white
v -0.020365 0.247067 -0.024803
v -0.030029 0.244092 -0.022768
v -0.036034 0.259268 -0.023875
v -0.024438 0.262838 -0.026318
vt 0.000000 0.000000
vt 1.000000 0.000000
vt 1.000000 1.000000
vt 0.000000 1.000000
f 1913/1913 1914/1914 1915/1915 1916/1916
usemtl dark
v -0.024438 0.262838 -0.026318
v -0.036034 0.259268 -0.023875
v -0.030029 0.244092 -0.022768
v -0.020365 0.247067 -0.024803
vt 0.000000 0.000000
vt 1.000000 0.000000
vt 1.000000 1.000000
vt 0.000000 1.000000
f 1917/1917 1918/1918 1919/1919 1920/1920
usemtl white
v -0.030029 0.244092 -0.022768
v -0.039081 0.240013 -0.019977
v -0.046897 0.254373 -0.020526
v -0.036034 0.259268 -0.023875
vt 0.000000 0.000000
vt 1.000000 0.000000
vt 1.000000 1.000000
vt 0.000000 1.000000
f 1921/1921 1922/1922 1923/1923 1924/1924
usemtl dark
v -0.036034 0.259268 -0.023875
v -0.046897 0.254373 -0.020526
v -0.039081 0.240013 -0.019977
v -0.030029 0.244092 -0.022768
vt 0.000000 0.000000
vt 1.000000 0.000000
vt 1.000000 1.000000
vt 0.000000 1.000000
f 1925/1925 1926/1926 1927/1927 1928/1928
usemtl white
v -0.039081 0.240013 -0.019977
v -0.047337 0.234912 -0.016487
v -0.056804 0.248252 -0.016338
v -0.046897 0.254373 -0.020526
vt 0.000000 0.000000
vt 1.000000 0.000000
vt 1.000000 1.000000
vt 0.000000 1.000000
f 1929/1929 1930/1930 1931/1931 1932/1932
usemtl dark
v -0.046897 0.254373 -0.020526
v -0.056804 0.248252 -0.016338
v -0.047337 0.234912 -0.016487
v -0.039081 0.240013 -0.019977
vt 0.000000 0.000000
vt 1.000000 0.000000
vt 1.000000 1.000000
vt 0.000000 1.000000
f 1933/1933 1934/1934 1935/1935 1936/1936
usemtl white
v -0.047337 0.234912 -0.016487
v -0.054630 0.228893 -0.012369
v -0.065556 0.241029 -0.011397
v -0.056804 0.248252 -0.016338
vt 0.000000 0.000000
vt 1.000000 0.000000
vt 1.000000 1.000000
vt 0.000000 1.000000
f 1937/1937 1938/1938 1939/1939 1940/1940
usemtl dark
v -0.056804 0.248252 -0.016338
v -0.065556 0.241029 -0.011397
v -0.054630 0.228893 -0.012369
v -0.047337 0.234912 -0.016487
vt 0.000000 0.000000
vt 1.000000 0.000000
vt 1.000000 1.000000
vt 0.000000 1.000000
f 1941/1941 1942/1942 1943/1943 1944/1944
usemtl white
v -0.054630 0.228893 -0.012369
v -0.060811 0.222078 -0.007707
v -0.072973 0.232852 -0.005803
v -0.065556 0.241029 -0.011397
vt 0.000000 0.000000
vt 1.000000 0.000000
vt 1.000000 1.000000
vt 0.000000 1.000000
f 1945/1945 1946/1946 1947/1947 1948/1948
usemtl dark
v -0.065556 0.241029 -0.011397
v -0.072973 0.232852 -0.005803
v -0.060811 0.222078 -0.007707
v -0.054630 0.228893 -0.012369
vt 0.000000 0.000000
vt 1.000000 0.000000
vt 1.000000 1.000000
vt 0.000000 1.000000
f 1949/1949 1950/1950 1951/1951 1952/1952
usemtl white
v -0.060811 0.222078 -0.007707
v -0.065753 0.214607 -0.002596
v -0.078904 0.223886 0.000331
v -0.072973 0.232852 -0.005803
vt 0.000000 0.000000
vt 1.000000 0.000000
vt 1.000000 1.000000
vt 0.000000 1.000000
f 1953/1953 1954/1954 1955/1955 1956/1956
usemtl dark
v -0.072973 0.232852 -0.005803
v -0.078904 0.223886 0.000331
v -0.065753 0.214607 -0.002596
v -0.060811 0.222078 -0.007707
vt 0.000000 0.000000
vt 1.000000 0.000000
vt 1.000000 1.000000
vt 0.000000 1.000000
f 1957/1957 1958/1958 1959/1959 1960/1960
usemtl white
v -0.065753 0.214607 -0.002596
v -0.069358 0.206632 0.002860
v -0.083229 0.214316 0.006878
v -0.078904 0.223886 0.000331
vt 0.000000 0.000000
vt 1.000000 0.000000
vt 1.000000 1.000000
vt 0.000000 1.000000
f 1961/1961 1962/1962 1963/1963 1964/1964
usemtl dark
v -0.078904 0.223886 0.000331
v -0.083229 0.214316 0.006878
v -0.069358 0.206632 0.002860
v -0.065753 0.214607 -0.002596
vt 0.000000 0.000000
vt 1.000000 0.000000
vt 1.000000 1.000000
vt 0.000000 1.000000
f 1965/1965 1966/1966 1967/1967 1968/1968
usemtl white
v -0.069358 0.206632 0.002860
v -0.071550 0.198314 0.008550
v -0.085860 0.204335 0.013707
v -0.083229 0.214316 0.006878
vt 0.000000 0.000000
vt 1.000000 0.000000
vt 1.000000 1.000000
vt 0.000000 1.000000
f 1969/1969 1970/1970 1971/1971 1972/1972
usemtl dark
v -0.083229 0.214316 0.006878
v -0.085860 0.204335 0.013707
v -0.071550 0.198314 0.008550
v -0.069358 0.206632 0.002860
vt 0.000000 0.000000
vt 1.000000 0.000000
vt 1.000000 1.000000
vt 0.000000 1.000000
f 1973/1973 1974/1974 1975/1975 1976/1976
usemtl white
v -0.071550 0.198314 0.008550
v -0.072286 0.189824 0.014359
v -0.086743 0.194146 0.020677
v -0.085860 0.204335 0.013707
vt 0.000000 0.000000
vt 1.000000 0.000000
vt 1.000000 1.000000
vt 0.000000 1.000000
f 1977/1977 1978/1978 1979/1979 1980/1980
usemtl dark
v -0.085860 0.204335 0.013707
v -0.086743 0.194146 0.020677
v -0.072286 0.189824 0.014359
v -0.071550 0.198314 0.008550
vt 0.000000 0.000000
vt 1.000000 0.000000
vt 1.000000 1.000000
vt 0.000000 1.000000
f 1981/1981 1982/1982 1983/1983 1984/1984
usemtl white
v -0.072286 0.189824 0.014359
v -0.071550 0.181333 0.020168
v -0.085860 0.183957 0.027648
v -0.086743 0.194146 0.020677
vt 0.000000 0.000000
vt 1.000000 0.000000
vt 1.000000 1.000000
vt 0.000000 1.000000
f 1985/1985 1986/1986 1987/1987 1988/1988
usemtl dark
v -0.086743 0.194146 0.020677
v -0.085860 0.183957 0.027648
v -0.071550 0.181333 0.020168
v -0.072286 0.189824 0.014359
vt 0.000000 0.000000
vt 1.000000 0.000000
vt 1.000000 1.000000
vt 0.000000 1.000000
f 1989/1989 1990/1990 1991/1991 1992/1992
usemtl white
v -0.071550 0.181333 0.020168
v -0.069358 0.173015 0.025858
v -0.083229 0.173976 0.034476
v -0.085860 0.183957 0.027648
vt 0.000000 0.000000
vt 1.000000 0.000000
vt 1.000000 1.000000
vt 0.000000 1.000000
f 1993/1993 1994/1994 1995/1995 1996/1996
usemtl dark
v -0.085860 0.183957 0.027648
v -0.083229 0.173976 0.034476
v -0.069358 0.173015 0.025858
v -0.071550 0.181333 0.020168
vt 0.000000 0.000000
vt 1.000000 0.000000
vt 1.000000 1.000000
vt 0.000000 1.000000
f 1997/1997 1998/1998 1999/1999 2000/2000
usemtl white
v -0.069358 0.173015 0.025858
v -0.065753 0.165040 0.031315
v -0.078904 0.164406 0.041024
v -0.083229 0.173976 0.034476
vt 0.000000 0.000000
vt 1.000000 0.000000
vt 1.000000 1.000000
vt 0.000000 1.000000
f 2001/2001 2002/2002 2003/2003 2004/2004
usemtl dark
v -0.083229 0.173976 0.034476
v -0.078904 0.164406 0.041024
v -0.065753 0.165040 0.031315
v -0.069358 0.173015 0.025858
vt 0.000000 0.000000
vt 1.000000 0.000000
vt 1.000000 1.000000
vt 0.000000 1.000000
f 2005/2005 2006/2006 2007/2007 2008/2008
usemtl white
v -0.065753 0.165040 0.031315
v -0.060811 0.157569 0.036426
v -0.072973 0.155440 0.047157
v -0.078904 0.164406 0.041024
vt 0.000000 0.000000
vt 1.000000 0.000000
vt 1.000000 1.000000
vt 0.000000 1.000000
f 2009/2009 2010/2010 2011/2011 2012/2012
usemtl dark
v -0.078904 0.164406 0.041024
v -0.072973 0.155440 0.047157
v -0.060811 0.157569 0.036426
v -0.065753 0.165040 0.031315
vt 0.000000 0.000000
vt 1.000000 0.000000
vt 1.000000 1.000000
vt 0.000000 1.000000
f 2013/2013 2014/2014 2015/2015 2016/2016
usemtl white
v -0.060811 0.157569 0.036426
v -0.054630 0.150755 0.041088
v -0.065556 0.147263 0.052751
v -0.072973 0.155440 0.047157
vt 0.000000 0.000000
vt 1.000000 0.000000
vt 1.000000 1.000000
vt 0.000000 1.000000
f 2017/2017 2018/2018 2019/2019 2020/2020
usemtl dark
v -0.072973 0.155440 0.047157
v -0.065556 0.147263 0.052751
v -0.054630 0.150755 0.041088
v -0.060811 0.157569 0.036426
vt 0.000000 0.000000
vt 1.000000 0.000000
vt 1.000000 1.000000
vt 0.000000 1.000000
f 2021/2021 2022/2022 2023/2023 2024/2024
usemtl white
v -0.054630 0.150755 0.041088
v -0.047337 0.144736 0.045206
v -0.056804 0.140040 0.057693
v -0.065556 0.147263 0.052751
vt 0.000000 0.000000
vt 1.000000 0.000000
vt 1.000000 1.000000
vt 0.000000 1.000000
f 2025/2025 2026/2026 2027/2027 2028/2028
usemtl dark
v -0.065556 0.147263 0.052751
v -0.056804 0.140040 0.057693
v -0.047337 0.144736 0.045206
v -0.054630 0.150755 0.041088
vt 0.000000 0.000000
vt 1.000000 0.000000
vt 1.000000 1.000000
vt 0.000000 1.000000
f 2029/2029 2030/2030 2031/2031 2032/2032
usemtl white
v -0.047337 0.144736 0.045206
v -0.039081 0.139634 0.048695
v -0.046897 0.133919 0.061881
v -0.056804 0.140040 0.057693
vt 0.000000 0.000000
vt 1.000000 0.000000
vt 1.000000 1.000000
vt 0.000000 1.000000
f 2033/2033 2034/2034 2035/2035 2036/2036
usemtl dark
v -0.056804 0.140040 0.057693
v -0.046897 0.133919 0.061881
v -0.039081 0.139634 0.048695
v -0.047337 0.144736 0.045206
vt 0.000000 0.000000
vt 1.000000 0.000000
vt 1.000000 1.000000
vt 0.000000 1.000000
f 2037/2037 2038/2038 2039/2039 2040/2040
usemtl white
v -0.039081 0.139634 0.048695
v -0.030029 0.135555 0.051486
v -0.036034 0.129024 0.065230
v -0.046897 0.133919 0.061881
vt 0.000000 0.000000
vt 1.000000 0.000000
vt 1.000000 1.000000
vt 0.000000 1.000000
f 2041/2041 2042/2042 2043/2043 2044/2044
usemtl dark
v -0.046897 0.133919 0.061881
v -0.036034 0.129024 0.065230
v -0.030029 0.135555 0.051486
v -0.039081 0.139634 0.048695
vt 0.000000 0.000000
vt 1.000000 0.000000
vt 1.000000 1.000000
vt 0.000000 1.000000
f 2045/2045 2046/2046 2047/2047 2048/2048
usemtl white
v -0.030029 0.135555 0.051486
v -0.020365 0.132580 0.053521
v -0.024438 0.125454 0.067672
v -0.036034 0.129024 0.065230
vt 0.000000 0.000000
vt 1.000000 0.000000
vt 1.000000 1.000000
vt 0.000000 1.000000
f 2049/2049 2050/2050 2051/2051 2052/2052
usemtl dark
v -0.036034 0.129024 0.065230
v -0.024438 0.125454 0.067672
v -0.020365 0.132580 0.053521
v -0.030029 0.135555 0.051486
vt 0.000000 0.000000
vt 1.000000 0.000000
vt 1.000000 1.000000
vt 0.000000 1.000000
f 2053/2053 2054/2054 2055/2055 2056/2056
usemtl white
v -0.020365 0.132580 0.053521
v -0.010287 0.130771 0.054759
v -0.012345 0.123283 0.069157
v -0.024438 0.125454 0.067672
vt 0.000000 0.000000
vt 1.000000 0.000000
vt 1.000000 1.000000
vt 0.000000 1.000000
f 2057/2057 2058/2058 2059/2059 2060/2060
usemtl dark
v -0.024438 0.125454 0.067672
v -0.012345 0.123283 0.069157
v -0.010287 0.130771 0.054759
v -0.020365 0.132580 0.053521
vt 0.000000 0.000000
vt 1.000000 0.000000
vt 1.000000 1.000000
vt 0.000000 1.000000
f 2061/2061 2062/2062 2063/2063 2064/2064
usemtl white
v -0.010287 0.130771 0.054759
v -0.000000 0.130164 0.055175
v -0.000000 0.122554 0.069656
v -0.012345 0.123283 0.069157
vt 0.000000 0.000000
vt 1.000000 0.000000
vt 1.000000 1.000000
vt 0.000000 1.000000
f 2065/2065 2066/2066 2067/2067 2068/2068
usemtl dark
v -0.012345 0.123283 0.069157
v -0.000000 0.122554 0.069656
v -0.000000 0.130164 0.055175
v -0.010287 0.130771 0.054759
vt 0.000000 0.000000
vt 1.000000 0.000000
vt 1.000000 1.000000
vt 0.000000 1.000000
f 2069/2069 2070/2070 2071/2071 2072/2072
usemtl white
v -0.000000 0.130164 0.055175
v 0.010287 0.130771 0.054759
v 0.012345 0.123283 0.069157
v -0.000000 0.122554 0.069656
vt 0.000000 0.000000
vt 1.000000 0.000000
vt 1.000000 1.000000
vt 0.000000 1.000000
f 2073/2073 2074/2074 2075/2075 2076/2076
usemtl dark
v -0.000000 0.122554 0.069656
v 0.012345 0.123283 0.069157
v 0.010287 0.130771 0.054759
v -0.000000 0.130164 0.055175
vt 0.000000 0.000000
vt 1.000000 0.000000
vt 1.000000 1.000000
vt 0.000000 1.000000
f 2077/2077 2078/2078 2079/2079 2080/2080
usemtl white
v 0.010287 0.130771 0.054759
v 0.020365 0.132580 0.053521
v 0.024438 0.125454 0.067672
v 0.012345 0.123283 0.069157
vt 0.000000 0.000000
vt 1.000000 0.000000
vt 1.000000 1.000000
vt 0.000000 1.000000
f 2081/2081 2082/2082 2083/2083 2084/2084
usemtl dark
v 0.012345 0.123283 0.069157
v 0.024438 0.125454 0.067672
v 0.020365 0.132580 0.053521
v 0.010287 0.130771 0.054759
vt 0.000000 0.000000
vt 1.000000 0.000000
vt 1.000000 1.000000
vt 0.000000 1.000000
f 2085/2085 2086/2086 2087/2087 2088/2088
usemtl white
v 0.020365 0.132580 0.053521
v 0.030029 0.135555 0.051486
v 0.036034 0.129024 0.065230
v 0.024438 0.125454 0.067672
vt 0.000000 0.000000
vt 1.000000 0.000000
vt 1.000000 1.000000
vt 0.000000 1.000000
f 2089/2089 2090/2090 2091/2091 2092/2092
usemtl dark
v 0.024438 0.125454 0.067672
v 0.036034 0.129024 0.065230
v 0.030029 0.135555 0.051486
v 0.020365 0.132580 0.053521
vt 0.000000 0.000000
vt 1.000000 0.000000
vt 1.000000 1.000000
vt 0.000000 1.000000
f 2093/2093 2094/2094 2095/2095 2096/2096
usemtl white
v 0.030029 0.135555 0.051486
v 0.039081 0.139634 0.048695
v 0.046897 0.133919 0.061881
v 0.036034 0.129024 0.065230
vt 0.000000 0.000000
vt 1.000000 0.000000
vt 1.000000 1.000000
vt 0.000000 1.000000
f 2097/2097 2098/2098 2099/2099 2100/2100
usemtl dark
v 0.036034 0.129024 0.065230
v 0.046897 0.133919 0.061881
v 0.039081 0.139634 0.048695
v 0.030029 0.135555 0.051486
vt 0.000000 0.000000
vt 1.000000 0.000000
vt 1.000000 1.000000
vt 0.000000 1.000000
f 2101/2101 2102/2102 2103/2103 2104/2104
usemtl white
v 0.039081 0.139634 0.048695
v 0.047337 0.144736 0.045206
v 0.056804 0.140040 0.057693
v 0.046897 0.133919 0.061881
vt 0.000000 0.000000
vt 1.000000 0.000000
vt 1.000000 1.000000
vt 0.000000 1.000000
f 2105/2105 2106/2106 2107/2107 2108/2108
usemtl dark
v 0.046897 0.133919 0.061881
v 0.056804 0.140040 0.057693
v 0.047337 0.144736 0.045206
v 0.039081 0.139634 0.048695
vt 0.000000 0.000000
vt 1.000000 0.000000
vt 1.000000 1.000000
vt 0.000000 1.000000
f 2109/2109 2110/2110 2111/2111 2112/2112
usemtl white
v 0.047337 0.144736 0.045206
v 0.054630 0.150755 0.041088
v 0.065556 0.147263 0.052751
v 0.056804 0.140040 0.057693
vt 0.000000 0.000000
vt 1.000000 0.000000
vt 1.000000 1.000000
vt 0.000000 1.000000
f 2113/2113 2114/2114 2115/2115 2116/2116
usemtl dark
v 0.056804 0.140040 0.057693
v 0.065556 0.147263 0.052751
v 0.054630 0.150755 0.041088
v 0.047337 0.144736 0.045206
vt 0.000000 0.000000
vt 1.000000 0.000000
vt 1.000000 1.000000
vt 0.000000 1.000000
f 2117/2117 2118/2118 2119/2119 2120/2120
usemtl white
v 0.054630 0.150755 0.041088
v 0.060811 0.157569 0.036426
v 0.072973 0.155440 0.047157
v 0.065556 0.147263 0.052751
vt 0.000000 0.000000
vt 1.000000 0.000000
vt 1.000000 1.000000
vt 0.000000 1.000000
f 2121/2121 2122/2122 2123/2123 2124/2124
usemtl dark
v 0.065556 0.147263 0.052751
v 0.072973 0.155440 0.047157
v 0.060811 0.157569 0.036426
v 0.054630 0.150755 0.041088
vt 0.000000 0.000000
vt 1.000000 0.000000
vt 1.000000 1.000000
vt 0.000000 1.000000
f 2125/2125 2126/2126 2127/2127 2128/2128
usemtl white
v 0.060811 0.157569 0.036426
v 0.065753 0.165040 0.031315
v 0.078904 0.164406 0.041024
v 0.072973 0.155440 0.047157
vt 0.000000 0.000000
vt 1.000000 0.000000
vt 1.000000 1.000000
vt 0.000000 1.000000
f 2129/2129 2130/2130 2131/2131 2132/2132
usemtl dark
v 0.072973 0.155440 0.047157
v 0.078904 0.164406 0.041024
v 0.065753 0.165040 0.031315
v 0.060811 0.157569 0.036426
vt 0.000000 0.000000
vt 1.000000 0.000000
vt 1.000000 1.000000
vt 0.000000 1.000000
f 2133/2133 2134/2134 2135/2135 2136/2136
usemtl white
v 0.065753 0.165040 0.031315
v 0.069358 0.173015 0.025858
v 0.083229 0.173976 0.034476
v 0.078904 0.164406 0.041024
vt 0.000000 0.000000
vt 1.000000 0.000000
vt 1.000000 1.000000
vt 0.000000 1.000000
f 2137/2137 2138/2138 2139/2139 2140/2140
usemtl dark
v 0.078904 0.164406 0.041024
v 0.083229 0.173976 0.034476
v 0.069358 0.173015 0.025858
v 0.065753 0.165040 0.031315
vt 0.000000 0.000000
vt 1.000000 0.000000
vt 1.000000 1.000000
vt 0.000000 1.000000
f 2141/2141 2142/2142 2143/2143 2144/2144
usemtl white
v 0.069358 0.173015 0.025858
v 0.071550 0.181333 0.020168
v 0.085860 0.183957 0.027648
v 0.083229 0.173976 0.034476
vt 0.000000 0.000000
vt 1.000000 0.000000
vt 1.000000 1.000000
vt 0.000000 1.000000
f 2145/2145 2146/2146 2147/2147 2148/2148
usemtl dark
v 0.083229 0.173976 0.034476
v 0.085860 0.183957 0.027648
v 0.071550 0.181333 0.020168
v 0.069358 0.173015 0.025858
vt 0.000000 0.000000
vt 1.000000 0.000000
vt 1.000000 1.000000
vt 0.000000 1.000000
f 2149/2149 2150/2150 2151/2151 2152/2152
usemtl white
v 0.071550 0.181333 0.020168
v 0.072286 0.189824 0.014359
v 0.086743 0.194146 0.020677
v 0.085860 0.183957 0.027648
vt 0.000000 0.000000
vt 1.000000 0.000000
vt 1.000000 1.000000
vt 0.000000 1.000000
f 2153/2153 2154/2154 2155/2155 2156/2156
usemtl dark
v 0.085860 0.183957 0.027648
v 0.086743 0.194146 0.020677
v 0.072286 0.189824 0.014359
v 0.071550 0.181333 0.020168
vt 0.000000 0.000000
vt 1.000000 0.000000
vt 1.000000 1.000000
vt 0.000000 1.000000
f 2157/2157 2158/2158 2159/2159 2160/2160
usemtl white
v 0.086743 0.194146 0.020677
v 0.085860 0.204335 0.013707
v 0.100170 0.211141 0.020012
v 0.101200 0.199254 0.028144
vt 0.000000 0.000000
vt 1.000000 0.000000
vt 1.000000 1.000000
vt 0.000000 1.000000
f 2161/2161 2162/2162 2163/2163 2164/2164
usemtl dark
v 0.101200 0.199254 0.028144
v 0.100170 0.211141 0.020012
v 0.085860 0.204335 0.013707
v 0.086743 0.194146 0.020677
vt 0.000000 0.000000
vt 1.000000 0.000000
vt 1.000000 1.000000
vt 0.000000 1.000000
f 2165/2165 2166/2166 2167/2167 2168/2168
usemtl white
v 0.085860 0.204335 0.013707
v 0.083229 0.214316 0.006878
v 0.097101 0.222786 0.012045
v 0.100170 0.211141 0.020012
vt 0.000000 0.000000
vt 1.000000 0.000000
vt 1.000000 1.000000
vt 0.000000 1.000000
f 2169/2169 2170/2170 2171/2171 2172/2172
usemtl dark
v 0.100170 0.211141 0.020012
v 0.097101 0.222786 0.012045
v 0.083229 0.214316 0.006878
v 0.085860 0.204335 0.013707
vt 0.000000 0.000000
vt 1.000000 0.000000
vt 1.000000 1.000000
vt 0.000000 1.000000
f 2173/2173 2174/2174 2175/2175 2176/2176
usemtl white
v 0.083229 0.214316 0.006878
v 0.078904 0.223886 0.000331
v 0.092055 0.233951 0.004406
v 0.097101 0.222786 0.012045
vt 0.000000 0.000000
vt 1.000000 0.000000
vt 1.000000 1.000000
vt 0.000000 1.000000
f 2177/2177 2178/2178 2179/2179 2180/2180
usemtl dark
v 0.097101 0.222786 0.012045
v 0.092055 0.233951 0.004406
v 0.078904 0.223886 0.000331
v 0.083229 0.214316 0.006878
vt 0.000000 0.000000
vt 1.000000 0.000000
vt 1.000000 1.000000
vt 0.000000 1.000000
f 2181/2181 2182/2182 2183/2183 2184/2184
usemtl white
v 0.078904 0.223886 0.000331
v 0.072973 0.232852 -0.005803
v 0.085135 0.244411 -0.002749
v 0.092055 0.233951 0.004406
vt 0.000000 0.000000
vt 1.000000 0.000000
vt 1.000000 1.000000
vt 0.000000 1.000000
f 2185/2185 2186/2186 2187/2187 2188/2188
usemtl dark
v 0.092055 0.233951 0.004406
v 0.085135 0.244411 -0.002749
v 0.072973 0.232852 -0.005803
v 0.078904 0.223886 0.000331
vt 0.000000 0.000000
vt 1.000000 0.000000
vt 1.000000 1.000000
vt 0.000000 1.000000
f 2189/2189 2190/2190 2191/2191 2192/2192
usemtl white
v 0.072973 0.232852 -0.005803
v 0.065556 0.241029 -0.011397
v 0.076482 0.253951 -0.009276
v 0.085135 0.244411 -0.002749
vt 0.000000 0.000000
vt 1.000000 0.000000
vt 1.000000 1.000000
vt 0.000000 1.000000
f 2193/2193 2194/2194 2195/2195 2196/2196
usemtl dark
v 0.085135 0.244411 -0.002749
v 0.076482 0.253951 -0.009276
v 0.065556 0.241029 -0.011397
v 0.072973 0.232852 -0.005803
vt 0.000000 0.000000
vt 1.000000 0.000000
vt 1.000000 1.000000
vt 0.000000 1.000000
f 2197/2197 2198/2198 2199/2199 2200/2200
usemtl white
v 0.065556 0.241029 -0.011397
v 0.056804 0.248252 -0.016338
v 0.066272 0.262378 -0.015041
v 0.076482 0.253951 -0.009276
vt 0.000000 0.000000
vt 1.000000 0.000000
vt 1.000000 1.000000
vt 0.000000 1.000000
f 2201/2201 2202/2202 2203/2203 2204/2204
usemtl dark
v 0.076482 0.253951 -0.009276
v 0.066272 0.262378 -0.015041
v 0.056804 0.248252 -0.016338
v 0.065556 0.241029 -0.011397
vt 0.000000 0.000000
vt 1.000000 0.000000
vt 1.000000 1.000000
vt 0.000000 1.000000
f 2205/2205 2206/2206 2207/2207 2208/2208
usemtl white
v 0.056804 0.248252 -0.016338
v 0.046897 0.254373 -0.020526
v 0.054713 0.269519 -0.019927
v 0.066272 0.262378 -0.015041
vt 0.000000 0.000000
vt 1.000000 0.000000
vt 1.000000 1.000000
vt 0.000000 1.000000
f 2209/2209 2210/2210 2211/2211 2212/2212
usemtl dark
v 0.066272 0.262378 -0.015041
v 0.054713 0.269519 -0.019927
v 0.046897 0.254373 -0.020526
v 0.056804 0.248252 -0.016338
vt 0.000000 0.000000
vt 1.000000 0.000000
vt 1.000000 1.000000
vt 0.000000 1.000000
f 2213/2213 2214/2214 2215/2215 2216/2216
usemtl white
v 0.046897 0.254373 -0.020526
v 0.036034 0.259268 -0.023875
v 0.042040 0.275230 -0.023834
v 0.054713 0.269519 -0.019927
vt 0.000000 0.000000
vt 1.000000 0.000000
vt 1.000000 1.000000
vt 0.000000 1.000000
f 2217/2217 2218/2218 2219/2219 2220/2220
usemtl dark
v 0.054713 0.269519 -0.019927
v 0.042040 0.275230 -0.023834
v 0.036034 0.259268 -0.023875
v 0.046897 0.254373 -0.020526
vt 0.000000 0.000000
vt 1.000000 0.000000
vt 1.000000 1.000000
vt 0.000000 1.000000
f 2221/2221 2222/2222 2223/2223 2224/2224
usemtl white
v 0.036034 0.259268 -0.023875
v 0.024438 0.262838 -0.026318
v 0.028511 0.279395 -0.026683
v 0.042040 0.275230 -0.023834
vt 0.000000 0.000000
vt 1.000000 0.000000
vt 1.000000 1.000000
vt 0.000000 1.000000
f 2225/2225 2226/2226 2227/2227 2228/2228
usemtl dark
v 0.042040 0.275230 -0.023834
v 0.028511 0.279395 -0.026683
v 0.024438 0.262838 -0.026318
v 0.036034 0.259268 -0.023875
vt 0.000000 0.000000
vt 1.000000 0.000000
vt 1.000000 1.000000
vt 0.000000 1.000000
f 2229/2229 2230/2230 2231/2231 2232/2232
usemtl white
v 0.024438 0.262838 -0.026318
v 0.012345 0.265009 -0.027803
v 0.014402 0.281928 -0.028416
v 0.028511 0.279395 -0.026683
vt 0.000000 0.000000
vt 1.000000 0.000000
vt 1.000000 1.000000
vt 0.000000 1.000000
f 2233/2233 2234/2234 2235/2235 2236/2236
usemtl dark
v 0.028511 0.279395 -0.026683
v 0.014402 0.281928 -0.028416
v 0.012345 0.265009 -0.027803
v 0.024438 0.262838 -0.026318
vt 0.000000 0.000000
vt 1.000000 0.000000
vt 1.000000 1.000000
vt 0.000000 1.000000
f 2237/2237 2238/2238 2239/2239 2240/2240
usemtl white
v 0.012345 0.265009 -0.027803
v 0.000000 0.265738 -0.028302
v 0.000000 0.282778 -0.028998
v 0.014402 0.281928 -0.028416
vt 0.000000 0.000000
vt 1.000000 0.000000
vt 1.000000 1.000000
vt 0.000000 1.000000
f 2241/2241 2242/2242 2243/2243 2244/2244
usemtl dark
v 0.014402 0.281928 -0.028416
v 0.000000 0.282778 -0.028998
v 0.000000 0.265738 -0.028302
v 0.012345 0.265009 -0.027803
vt 0.000000 0.000000
vt 1.000000 0.000000
vt 1.000000 1.000000
vt 0.000000 1.000000
f 2245/2245 2246/2246 2247/2247 2248/2248
usemtl white
v 0.000000 0.265738 -0.028302
v -0.012345 0.265009 -0.027803
v -0.014402 0.281928 -0.028416
v 0.000000 0.282778 -0.028998
vt 0.000000 0.000000
vt 1.000000 0.000000
vt 1.000000 1.000000
vt 0.000000 1.000000
f 2249/2249 2250/2250 2251/2251 2252/2252
usemtl dark
v 0.000000 0.282778 -0.028998
v -0.014402 0.281928 -0.028416
v -0.012345 0.265009 -0.027803
v 0.000000 0.265738 -0.028302
vt 0.000000 0.000000
vt 1.000000 0.000000
vt 1.000000 1.000000
vt 0.000000 1.000000
f 2253/2253 2254/2254 2255/2255 2256/2256
usemtl white
v -0.012345 0.265009 -0.027803
v -0.024438 0.262838 -0.026318
v -0.028511 0.279395 -0.026683
v -0.014402 0.281928 -0.028416
vt 0.000000 0.000000
vt 1.000000 0.000000
vt 1.000000 1.000000
vt 0.000000 1.000000
f 2257/2257 2258/2258 2259/2259 2260/2260
usemtl dark
v -0.014402 0.281928 -0.028416
v -0.028511 0.279395 -0.026683
v -0.024438 0.262838 -0.026318
v -0.012345 0.265009 -0.027803
vt 0.000000 0.000000
vt 1.000000 0.000000
vt 1.000000 1.000000
vt 0.000000 1.000000
f 2261/2261 2262/2262 2263/2263 2264/2264
usemtl white
v -0.024438 0.262838 -0.026318
v -0.036034 0.259268 -0.023875
v -0.042040 0.275230 -0.023834
v -0.028511 0.279395 -0.026683
vt 0.000000 0.000000
vt 1.000000 0.000000
vt 1.000000 1.000000
vt 0.000000 1.000000
f 2265/2265 2266/2266 2267/2267 2268/2268
usemtl dark
v -0.028511 0.279395 -0.026683
v -0.042040 0.275230 -0.023834
v -0.036034 0.259268 -0.023875
v -0.024438 0.262838 -0.026318
vt 0.000000 0.000000
vt 1.000000 0.000000
vt 1.000000 1.000000
vt 0.000000 1.000000
f 2269/2269 2270/2270 2271/2271 2272/2272
usemtl white
v -0.036034 0.259268 -0.023875
v -0.046897 0.254373 -0.020526
v -0.054713 0.269519 -0.019927
v -0.042040 0.275230 -0.023834
vt 0.000000 0.000000
vt 1.000000 0.000000
vt 1.000000 1.000000
vt 0.000000 1.000000
f 2273/2273 2274/2274 2275/2275 2276/2276
usemtl dark
v -0.042040 0.275230 -0.023834
v -0.054713 0.269519 -0.019927
v -0.046897 0.254373 -0.020526
v -0.036034 0.259268 -0.023875
vt 0.000000 0.000000
vt 1.000000 0.000000
vt 1.000000 1.000000
vt 0.000000 1.000000
f 2277/2277 2278/2278 2279/2279 2280/2280
usemtl white
v -0.046897 0.254373 -0.020526
v -0.056804 0.248252 -0.016338
v -0.066272 0.262378 -0.015041
v -0.054713 0.269519 -0.019927
vt 0.000000 0.000000
vt 1.000000 0.000000
vt 1.000000 1.000000
vt 0.000000 1.000000
f 2281/2281 2282/2282 2283/2283 2284/2284
usemtl dark
v -0.054713 0.269519 -0.019927
v -0.066272 0.262378 -0.015041
v -0.056804 0.248252 -0.016338
v -0.046897 0.254373 -0.020526
vt 0.000000 0.000000
vt 1.000000 0.000000
vt 1.000000 1.000000
vt 0.000000 1.000000
f 2285/2285 2286/2286 2287/2287 2288/2288
usemtl white
v -0.056804 0.248252 -0.016338
v -0.065556 0.241029 -0.011397
v -0.076482 0.253951 -0.009276
v -0.066272 0.262378 -0.015041
vt 0.000000 0.000000
vt 1.000000 0.000000
vt 1.000000 1.000000
vt 0.000000 1.000000
f 2289/2289 2290/2290 2291/2291 2292/2292
usemtl dark
v -0.066272 0.262378 -0.015041
v -0.076482 0.253951 -0.009276
v -0.065556 0.241029 -0.011397
v -0.056804 0.248252 -0.016338
vt 0.000000 0.000000
vt 1.000000 0.000000
vt 1.000000 1.000000
vt 0.000000 1.000000
f 2293/2293 2294/2294 2295/2295 2296/2296
usemtl white
v -0.065556 0.241029 -0.011397
v -0.072973 0.232852 -0.005803
v -0.085135 0.244411 -0.002749
v -0.076482 0.253951 -0.009276
vt 0.000000 0.000000
vt 1.000000 0.000000
vt 1.000000 1.000000
vt 0.000000 1.000000
f 2297/2297 2298/2298 2299/2299 2300/2300
usemtl dark
v -0.076482 0.253951 -0.009276
v -0.085135 0.244411 -0.002749
v -0.072973 0.232852 -0.005803
v -0.065556 0.241029 -0.011397
vt 0.000000 0.000000
vt 1.000000 0.000000
vt 1.000000 1.000000
vt 0.000000 1.000000
f 2301/2301 2302/2302 2303/2303 2304/2304
usemtl white
v -0.072973 0.232852 -0.005803
v -0.078904 0.223886 0.000331
v -0.092055 0.233951 0.004406
v -0.085135 0.244411 -0.002749
vt 0.000000 0.000000
vt 1.000000 0.000000
vt 1.000000 1.000000
vt 0.000000 1.000000
f 2305/2305 2306/2306 2307/2307 2308/2308
usemtl dark
v -0.085135 0.244411 -0.002749
v -0.092055 0.233951 0.004406
v -0.078904 0.223886 0.000331
v -0.072973 0.232852 -0.005803
vt 0.000000 0.000000
vt 1.000000 0.000000
vt 1.000000 1.000000
vt 0.000000 1.000000
f 2309/2309 2310/2310 2311/2311 2312/2312
usemtl white
v -0.078904 0.223886 0.000331
v -0.083229 0.214316 0.006878
v -0.097101 0.222786 0.012045
v -0.092055 0.233951 0.004406
vt 0.000000 0.000000
vt 1.000000 0.000000
vt 1.000000 1.000000
vt 0.000000 1.000000
f 2313/2313 2314/2314 2315/2315 2316/2316
usemtl dark
v -0.092055 0.233951 0.004406
v -0.097101 0.222786 0.012045
v -0.083229 0.214316 0.006878
v -0.078904 0.223886 0.000331
vt 0.000000 0.000000
vt 1.000000 0.000000
vt 1.000000 1.000000
vt 0.000000 1.000000
f 2317/2317 2318/2318 2319/2319 2320/2320
usemtl white
v -0.083229 0.214316 0.006878
v -0.085860 0.204335 0.013707
v -0.100170 0.211141 0.020012
v -0.097101 0.222786 0.012045
vt 0.000000 0.000000
vt 1.000000 0.000000
vt 1.000000 1.000000
vt 0.000000 1.000000
f 2321/2321 2322/2322 2323/2323 2324/2324
usemtl dark
v -0.097101 0.222786 0.012045
v -0.100170 0.211141 0.020012
v -0.085860 0.204335 0.013707
v -0.083229 0.214316 0.006878
vt 0.000000 0.000000
vt 1.000000 0.000000
vt 1.000000 1.000000
vt 0.000000 1.000000
f 2325/2325 2326/2326 2327/2327 2328/2328
usemtl white
v -0.085860 0.204335 0.013707
v -0.086743 0.194146 0.020677
v -0.101200 0.199254 0.028144
v -0.100170 0.211141 0.020012
vt 0.000000 0.000000
vt 1.000000 0.000000
vt 1.000000 1.000000
vt 0.000000 1.000000
f 2329/2329 2330/2330 2331/2331 2332/2332
usemtl dark
v -0.100170 0.211141 0.020012
v -0.101200 0.199254 0.028144
v -0.086743 0.194146 0.020677
v -0.085860 0.204335 0.013707
vt 0.000000 0.000000
vt 1.000000 0.000000
vt 1.000000 1.000000
vt 0.000000 1.000000
f 2333/2333 2334/2334 2335/2335 2336/2336
usemtl white
v -0.086743 0.194146 0.020677
v -0.085860 0.183957 0.027648
v -0.100170 0.187368 0.036276
v -0.101200 0.199254 0.028144
vt 0.000000 0.000000
vt 1.000000 0.000000
vt 1.000000 1.000000
vt 0.000000 1.000000
f 2337/2337 2338/2338 2339/2339 2340/2340
usemtl dark
v -0.101200 0.199254 0.028144
v -0.100170 0.187368 0.036276
v -0.085860 0.183957 0.027648
v -0.086743 0.194146 0.020677
vt 0.000000 0.000000
vt 1.000000 0.000000
vt 1.000000 1.000000
vt 0.000000 1.000000
f 2341/2341 2342/2342 2343/2343 2344/2344
usemtl white
v -0.085860 0.183957 0.027648
v -0.083229 0.173976 0.034476
v -0.097101 0.175723 0.044243
v -0.100170 0.187368 0.036276
vt 0.000000 0.000000
vt 1.000000 0.000000
vt 1.000000 1.000000
vt 0.000000 1.000000
f 2345/2345 2346/2346 2347/2347 2348/2348
usemtl dark
v -0.100170 0.187368 0.036276
v -0.097101 0.175723 0.044243
v -0.083229 0.173976 0.034476
v -0.085860 0.183957 0.027648
vt 0.000000 0.000000
vt 1.000000 0.000000
vt 1.000000 1.000000
vt 0.000000 1.000000
f 2349/2349 2350/2350 2351/2351 2352/2352
usemtl white
v -0.083229 0.173976 0.034476
v -0.078904 0.164406 0.041024
v -0.092055 0.164557 0.051882
v -0.097101 0.175723 0.044243
vt 0.000000 0.000000
vt 1.000000 0.000000
vt 1.000000 1.000000
vt 0.000000 1.000000
f 2353/2353 2354/2354 2355/2355 2356/2356
usemtl dark
v -0.097101 0.175723 0.044243
v -0.092055 0.164557 0.051882
v -0.078904 0.164406 0.041024
v -0.083229 0.173976 0.034476
vt 0.000000 0.000000
vt 1.000000 0.000000
vt 1.000000 1.000000
vt 0.000000 1.000000
f 2357/2357 2358/2358 2359/2359 2360/2360
usemtl white
v -0.078904 0.164406 0.041024
v -0.072973 0.155440 0.047157
v -0.085135 0.154098 0.059037
v -0.092055 0.164557 0.051882
vt 0.000000 0.000000
vt 1.000000 0.000000
vt 1.000000 1.000000
vt 0.000000 1.000000
f 2361/2361 2362/2362 2363/2363 2364/2364
usemtl dark
v -0.092055 0.164557 0.051882
v -0.085135 0.154098 0.059037
v -0.072973 0.155440 0.047157
v -0.078904 0.164406 0.041024
vt 0.000000 0.000000
vt 1.000000 0.000000
vt 1.000000 1.000000
vt 0.000000 1.000000
f 2365/2365 2366/2366 2367/2367 2368/2368
usemtl white
v -0.072973 0.155440 0.047157
v -0.065556 0.147263 0.052751
v -0.076482 0.144558 0.065564
v -0.085135 0.154098 0.059037
vt 0.000000 0.000000
vt 1.000000 0.000000
vt 1.000000 1.000000
vt 0.000000 1.000000
f 2369/2369 2370/2370 2371/2371 2372/2372
usemtl dark
v -0.085135 0.154098 0.059037
v -0.076482 0.144558 0.065564
v -0.065556 0.147263 0.052751
v -0.072973 0.155440 0.047157
vt 0.000000 0.000000
vt 1.000000 0.000000
vt 1.000000 1.000000
vt 0.000000 1.000000
f 2373/2373 2374/2374 2375/2375 2376/2376
usemtl white
v -0.065556 0.147263 0.052751
v -0.056804 0.140040 0.057693
v -0.066272 0.136131 0.071329
v -0.076482 0.144558 0.065564
vt 0.000000 0.000000
vt 1.000000 0.000000
vt 1.000000 1.000000
vt 0.000000 1.000000
f 2377/2377 2378/2378 2379/2379 2380/2380
usemtl dark
v -0.076482 0.144558 0.065564
v -0.066272 0.136131 0.071329
v -0.056804 0.140040 0.057693
v -0.065556 0.147263 0.052751
vt 0.000000 0.000000
vt 1.000000 0.000000
vt 1.000000 1.000000
vt 0.000000 1.000000
f 2381/2381 2382/2382 2383/2383 2384/2384
usemtl white
v -0.056804 0.140040 0.057693
v -0.046897 0.133919 0.061881
v -0.054713 0.128989 0.076215
v -0.066272 0.136131 0.071329
vt 0.000000 0.000000
vt 1.000000 0.000000
vt 1.000000 1.000000
vt 0.000000 1.000000
f 2385/2385 2386/2386 2387/2387 2388/2388
usemtl dark
v -0.066272 0.136131 0.071329
v -0.054713 0.128989 0.076215
v -0.046897 0.133919 0.061881
v -0.056804 0.140040 0.057693
vt 0.000000 0.000000
vt 1.000000 0.000000
vt 1.000000 1.000000
vt 0.000000 1.000000
f 2389/2389 2390/2390 2391/2391 2392/2392
usemtl white
v -0.046897 0.133919 0.061881
v -0.036034 0.129024 0.065230
v -0.042040 0.123278 0.080122
v -0.054713 0.128989 0.076215
vt 0.000000 0.000000
vt 1.000000 0.000000
vt 1.000000 1.000000
vt 0.000000 1.000000
f 2393/2393 2394/2394 2395/2395 2396/2396
usemtl dark
v -0.054713 0.128989 0.076215
v -0.042040 0.123278 0.080122
v -0.036034 0.129024 0.065230
v -0.046897 0.133919 0.061881
vt 0.000000 0.000000
vt 1.000000 0.000000
vt 1.000000 1.000000
vt 0.000000 1.000000
f 2397/2397 2398/2398 2399/2399 2400/2400
usemtl white
v -0.036034 0.129024 0.065230
v -0.024438 0.125454 0.067672
v -0.028511 0.119114 0.082971
v -0.042040 0.123278 0.080122
vt 0.000000 0.000000
vt 1.000000 0.000000
vt 1.000000 1.000000
vt 0.000000 1.000000
f 2401/2401 2402/2402 2403/2403 2404/2404
usemtl dark
v -0.042040 0.123278 0.080122
v -0.028511 0.119114 0.082971
v -0.024438 0.125454 0.067672
v -0.036034 0.129024 0.065230
vt 0.000000 0.000000
vt 1.000000 0.000000
vt 1.000000 1.000000
vt 0.000000 1.000000
f 2405/2405 2406/2406 2407/2407 2408/2408
usemtl white
v -0.024438 0.125454 0.067672
v -0.012345 0.123283 0.069157
v -0.014402 0.116580 0.084704
v -0.028511 0.119114 0.082971
vt 0.000000 0.000000
vt 1.000000 0.000000
vt 1.000000 1.000000
vt 0.000000 1.000000
f 2409/2409 2410/2410 2411/2411 2412/2412
usemtl dark
v -0.028511 0.119114 0.082971
v -0.014402 0.116580 0.084704
v -0.012345 0.123283 0.069157
v -0.024438 0.125454 0.067672
vt 0.000000 0.000000
vt 1.000000 0.000000
vt 1.000000 1.000000
vt 0.000000 1.000000
f 2413/2413 2414/2414 2415/2415 2416/2416
usemtl white
v -0.012345 0.123283 0.069157
v -0.000000 0.122554 0.069656
v -0.000000 0.115730 0.085286
v -0.014402 0.116580 0.084704
vt 0.000000 0.000000
vt 1.000000 0.000000
vt 1.000000 1.000000
vt 0.000000 1.000000
f 2417/2417 2418/2418 2419/2419 2420/2420
usemtl dark
v -0.014402 0.116580 0.084704
v -0.000000 0.115730 0.085286
v -0.000000 0.122554 0.069656
v -0.012345 0.123283 0.069157
vt 0.000000 0.000000
vt 1.000000 0.000000
vt 1.000000 1.000000
vt 0.000000 1.000000
f 2421/2421 2422/2422 2423/2423 2424/2424
usemtl white
v -0.000000 0.122554 0.069656
v 0.012345 0.123283 0.069157
v 0.014402 0.116580 0.084704
v -0.000000 0.115730 0.085286
vt 0.000000 0.000000
vt 1.000000 0.000000
vt 1.000000 1.000000
vt 0.000000 1.000000
f 2425/2425 2426/2426 2427/2427 2428/2428
usemtl dark
v -0.000000 0.115730 0.085286
v 0.014402 0.116580 0.084704
v 0.012345 0.123283 0.069157
v -0.000000 0.122554 0.069656
vt 0.000000 0.000000
vt 1.000000 0.000000
vt 1.000000 1.000000
vt 0.000000 1.000000
f 2429/2429 2430/2430 2431/2431 2432/2432
usemtl white
v 0.012345 0.123283 0.069157
v 0.024438 0.125454 0.067672
v 0.028511 0.119114 0.082971
v 0.014402 0.116580 0.084704
vt 0.000000 0.000000
vt 1.000000 0.000000
vt 1.000000 1.000000
vt 0.000000 1.000000
f 2433/2433 2434/2434 2435/2435 2436/2436
usemtl dark
v 0.014402 0.116580 0.084704
v 0.028511 0.119114 0.082971
v 0.024438 0.125454 0.067672
v 0.012345 0.123283 0.069157
vt 0.000000 0.000000
vt 1.000000 0.000000
vt 1.000000 1.000000
vt 0.000000 1.000000
f 2437/2437 2438/2438 2439/2439 2440/2440
usemtl white
v 0.024438 0.125454 0.067672
v 0.036034 0.129024 0.065230
v 0.042040 0.123278 0.080122
v 0.028511 0.119114 0.082971
vt 0.000000 0.000000
vt 1.000000 0.000000
vt 1.000000 1.000000
vt 0.000000 1.000000
f 2441/2441 2442/2442 2443/2443 2444/2444
usemtl dark
v 0.028511 0.119114 0.082971
v 0.042040 0.123278 0.080122
v 0.036034 0.129024 0.065230
v 0.024438 0.125454 0.067672
vt 0.000000 0.000000
vt 1.000000 0.000000
vt 1.000000 1.000000
vt 0.000000 1.000000
f 2445/2445 2446/2446 2447/2447 2448/2448
usemtl white
v 0.036034 0.129024 0.065230
v 0.046897 0.133919 0.061881
v 0.054713 0.128989 0.076215
v 0.042040 0.123278 0.080122
vt 0.000000 0.000000
vt 1.000000 0.000000
vt 1.000000 1.000000
vt 0.000000 1.000000
f 2449/2449 2450/2450 2451/2451 2452/2452
usemtl dark
v 0.042040 0.123278 0.080122
v 0.054713 0.128989 0.076215
v 0.046897 0.133919 0.061881
v 0.036034 0.129024 0.065230
vt 0.000000 0.000000
vt 1.000000 0.000000
vt 1.000000 1.000000
vt 0.000000 1.000000
f 2453/2453 2454/2454 2455/2455 2456/2456
usemtl white
v 0.046897 0.133919 0.061881
v 0.056804 0.140040 0.057693
v 0.066272 0.136131 0.071329
v 0.054713 0.128989 0.076215
vt 0.000000 0.000000
vt 1.000000 0.000000
vt 1.000000 1.000000
vt 0.000000 1.000000
f 2457/2457 2458/2458 2459/2459 2460/2460
usemtl dark
v 0.054713 0.128989 0.076215
v 0.066272 0.136131 0.071329
v 0.056804 0.140040 0.057693
v 0.046897 0.133919 0.061881
vt 0.000000 0.000000
vt 1.000000 0.000000
vt 1.000000 1.000000
vt 0.000000 1.000000
f 2461/2461 2462/2462 2463/2463 2464/2464
usemtl white
v 0.056804 0.140040 0.057693
v 0.065556 0.147263 0.052751
v 0.076482 0.144558 0.065564
v 0.066272 0.136131 0.071329
vt 0.000000 0.000000
vt 1.000000 0.000000
vt 1.000000 1.000000
vt 0.000000 1.000000
f 2465/2465 2466/2466 2467/2467 2468/2468
usemtl dark
v 0.066272 0.136131 0.071329
v 0.076482 0.144558 0.065564
v 0.065556 0.147263 0.052751
v 0.056804 0.140040 0.057693
vt 0.000000 0.000000
vt 1.000000 0.000000
vt 1.000000 1.000000
vt 0.000000 1.000000
f 2469/2469 2470/2470 2471/2471 2472/2472
usemtl white
v 0.065556 0.147263 0.052751
v 0.072973 0.155440 0.047157
v 0.085135 0.154098 0.059037
v 0.076482 0.144558 0.065564
vt 0.000000 0.000000
vt 1.000000 0.000000
vt 1.000000 1.000000
vt 0.000000 1.000000
f 2473/2473 2474/2474 2475/2475 2476/2476
usemtl dark
v 0.076482 0.144558 0.065564
v 0.085135 0.154098 0.059037
v 0.072973 0.155440 0.047157
v 0.065556 0.147263 0.052751
vt 0.000000 0.000000
vt 1.000000 0.000000
vt 1.000000 1.000000
vt 0.000000 1.000000
f 2477/2477 2478/2478 2479/2479 2480/2480
usemtl white
v 0.072973 0.155440 0.047157
v 0.078904 0.164406 0.041024
v 0.092055 0.164557 0.051882
v 0.085135 0.154098 0.059037
vt 0.000000 0.000000
vt 1.000000 0.000000
vt 1.000000 1.000000
vt 0.000000 1.000000
f 2481/2481 2482/2482 2483/2483 2484/2484
usemtl dark
v 0.085135 0.154098 0.059037
v 0.092055 0.164557 0.051882
v 0.078904 0.164406 0.041024
v 0.072973 0.155440 0.047157
vt 0.000000 0.000000
vt 1.000000 0.000000
vt 1.000000 1.000000
vt 0.000000 1.000000
f 2485/2485 2486/2486 2487/2487 2488/2488
usemtl white
v 0.078904 0.164406 0.041024
v 0.083229 0.173976 0.034476
v 0.097101 0.175723 0.044243
v 0.092055 0.164557 0.051882
vt 0.000000 0.000000
vt 1.000000 0.000000
vt 1.000000 1.000000
vt 0.000000 1.000000
f 2489/2489 2490/2490 2491/2491 2492/2492
usemtl dark
v 0.092055 0.164557 0.051882
v 0.097101 0.175723 0.044243
v 0.083229 0.173976 0.034476
v 0.078904 0.164406 0.041024
vt 0.000000 0.000000
vt 1.000000 0.000000
vt 1.000000 1.000000
vt 0.000000 1.000000
f 2493/2493 2494/2494 2495/2495 2496/2496
usemtl white
v 0.083229 0.173976 0.034476
v 0.085860 0.183957 0.027648
v 0.100170 0.187368 0.036276
v 0.097101 0.175723 0.044243
vt 0.000000 0.000000
vt 1.000000 0.000000
vt 1.000000 1.000000
vt 0.000000 1.000000
f 2497/2497 2498/2498 2499/2499 2500/2500
usemtl dark
v 0.097101 0.175723 0.044243
v 0.100170 0.187368 0.036276
v 0.085860 0.183957 0.027648
v 0.083229 0.173976 0.034476
vt 0.000000 0.000000
vt 1.000000 0.000000
vt 1.000000 1.000000
vt 0.000000 1.000000
f 2501/2501 2502/2502 2503/2503 2504/2504
usemtl white
v 0.085860 0.183957 0.027648
v 0.086743 0.194146 0.020677
v 0.101200 0.199254 0.028144
v 0.100170 0.187368 0.036276
vt 0.000000 0.000000
vt 1.000000 0.000000
vt 1.000000 1.000000
vt 0.000000 1.000000
f 2505/2505 2506/2506 2507/2507 2508/2508
usemtl dark
v 0.100170 0.187368 0.036276
v 0.101200 0.199254 0.028144
v 0.086743 0.194146 0.020677
v 0.085860 0.183957 0.027648
vt 0.000000 0.000000
vt 1.000000 0.000000
vt 1.000000 1.000000
vt 0.000000 1.000000
f 2509/2509 2510/2510 2511/2511 2512/2512
usemtl white
v 0.101200 0.199254 0.028144
v 0.100170 0.211141 0.020012
v 0.114480 0.218733 0.027466
v 0.115657 0.205148 0.036759
vt 0.000000 0.000000
vt 1.000000 0.000000
vt 1.000000 1.000000
vt 0.000000 1.000000
f 2513/2513 2514/2514 2515/2515 2516/2516
usemtl dark
v 0.115657 0.205148 0.036759
v 0.114480 0.218733 0.027466
v 0.100170 0.211141 0.020012
v 0.101200 0.199254 0.028144
vt 0.000000 0.000000
vt 1.000000 0.000000
vt 1.000000 1.000000
vt 0.000000 1.000000
f 2517/2517 2518/2518 2519/2519 2520/2520
usemtl white
v 0.100170 0.211141 0.020012
v 0.097101 0.222786 0.012045
v 0.110972 0.232042 0.018361
v 0.114480 0.218733 0.027466
vt 0.000000 0.000000
vt 1.000000 0.000000
vt 1.000000 1.000000
vt 0.000000 1.000000
f 2521/2521 2522/2522 2523/2523 2524/2524
usemtl dark
v 0.114480 0.218733 0.027466
v 0.110972 0.232042 0.018361
v 0.097101 0.222786 0.012045
v 0.100170 0.211141 0.020012
vt 0.000000 0.000000
vt 1.000000 0.000000
vt 1.000000 1.000000
vt 0.000000 1.000000
f 2525/2525 2526/2526 2527/2527 2528/2528
usemtl white
v 0.097101 0.222786 0.012045
v 0.092055 0.233951 0.004406
v 0.105205 0.244802 0.009631
v 0.110972 0.232042 0.018361
vt 0.000000 0.000000
vt 1.000000 0.000000
vt 1.000000 1.000000
vt 0.000000 1.000000
f 2529/2529 2530/2530 2531/2531 2532/2532
usemtl dark
v 0.110972 0.232042 0.018361
v 0.105205 0.244802 0.009631
v 0.092055 0.233951 0.004406
v 0.097101 0.222786 0.012045
vt 0.000000 0.000000
vt 1.000000 0.000000
vt 1.000000 1.000000
vt 0.000000 1.000000
f 2533/2533 2534/2534 2535/2535 2536/2536
usemtl white
v 0.092055 0.233951 0.004406
v 0.085135 0.244411 -0.002749
v 0.097297 0.256756 0.001453
v 0.105205 0.244802 0.009631
vt 0.000000 0.000000
vt 1.000000 0.000000
vt 1.000000 1.000000
vt 0.000000 1.000000
f 2537/2537 2538/2538 2539/2539 2540/2540
usemtl dark
v 0.105205 0.244802 0.009631
v 0.097297 0.256756 0.001453
v 0.085135 0.244411 -0.002749
v 0.092055 0.233951 0.004406
vt 0.000000 0.000000
vt 1.000000 0.000000
vt 1.000000 1.000000
vt 0.000000 1.000000
f 2541/2541 2542/2542 2543/2543 2544/2544
usemtl white
v 0.085135 0.244411 -0.002749
v 0.076482 0.253951 -0.009276
v 0.087408 0.267659 -0.006006
v 0.097297 0.256756 0.001453
vt 0.000000 0.000000
vt 1.000000 0.000000
vt 1.000000 1.000000
vt 0.000000 1.000000
f 2545/2545 2546/2546 2547/2547 2548/2548
usemtl dark
v 0.097297 0.256756 0.001453
v 0.087408 0.267659 -0.006006
v 0.076482 0.253951 -0.009276
v 0.085135 0.244411 -0.002749
vt 0.000000 0.000000
vt 1.000000 0.000000
vt 1.000000 1.000000
vt 0.000000 1.000000
f 2549/2549 2550/2550 2551/2551 2552/2552
usemtl white
v 0.076482 0.253951 -0.009276
v 0.066272 0.262378 -0.015041
v 0.075739 0.277289 -0.012595
v 0.087408 0.267659 -0.006006
vt 0.000000 0.000000
vt 1.000000 0.000000
vt 1.000000 1.000000
vt 0.000000 1.000000
f 2553/2553 2554/2554 2555/2555 2556/2556
usemtl dark
v 0.087408 0.267659 -0.006006
v 0.075739 0.277289 -0.012595
v 0.066272 0.262378 -0.015041
v 0.076482 0.253951 -0.009276
vt 0.000000 0.000000
vt 1.000000 0.000000
vt 1.000000 1.000000
vt 0.000000 1.000000
f 2557/2557 2558/2558 2559/2559 2560/2560
usemtl white
v 0.066272 0.262378 -0.015041
v 0.054713 0.269519 -0.019927
v 0.062529 0.285451 -0.018179
v 0.075739 0.277289 -0.012595
vt 0.000000 0.000000
vt 1.000000 0.000000
vt 1.000000 1.000000
vt 0.000000 1.000000
f 2561/2561 2562/2562 2563/2563 2564/2564
usemtl dark
v 0.075739 0.277289 -0.012595
v 0.062529 0.285451 -0.018179
v 0.054713 0.269519 -0.019927
v 0.066272 0.262378 -0.015041
vt 0.000000 0.000000
vt 1.000000 0.000000
vt 1.000000 1.000000
vt 0.000000 1.000000
f 2565/2565 2566/2566 2567/2567 2568/2568
usemtl white
v 0.054713 0.269519 -0.019927
v 0.042040 0.275230 -0.023834
v 0.048046 0.291978 -0.022644
v 0.062529 0.285451 -0.018179
vt 0.000000 0.000000
vt 1.000000 0.000000
vt 1.000000 1.000000
vt 0.000000 1.000000
f 2569/2569 2570/2570 2571/2571 2572/2572
usemtl dark
v 0.062529 0.285451 -0.018179
v 0.048046 0.291978 -0.022644
v 0.042040 0.275230 -0.023834
v 0.054713 0.269519 -0.019927
vt 0.000000 0.000000
vt 1.000000 0.000000
vt 1.000000 1.000000
vt 0.000000 1.000000
f 2573/2573 2574/2574 2575/2575 2576/2576
usemtl white
v 0.042040 0.275230 -0.023834
v 0.028511 0.279395 -0.026683
v 0.032584 0.296738 -0.025900
v 0.048046 0.291978 -0.022644
vt 0.000000 0.000000
vt 1.000000 0.000000
vt 1.000000 1.000000
vt 0.000000 1.000000
f 2577/2577 2578/2578 2579/2579 2580/2580
usemtl dark
v 0.048046 0.291978 -0.022644
v 0.032584 0.296738 -0.025900
v 0.028511 0.279395 -0.026683
v 0.042040 0.275230 -0.023834
vt 0.000000 0.000000
vt 1.000000 0.000000
vt 1.000000 1.000000
vt 0.000000 1.000000
f 2581/2581 2582/2582 2583/2583 2584/2584
usemtl white
v 0.028511 0.279395 -0.026683
v 0.014402 0.281928 -0.028416
v 0.016460 0.299633 -0.027881
v 0.032584 0.296738 -0.025900
vt 0.000000 0.000000
vt 1.000000 0.000000
vt 1.000000 1.000000
vt 0.000000 1.000000
f 2585/2585 2586/2586 2587/2587 2588/2588
usemtl dark
v 0.032584 0.296738 -0.025900
v 0.016460 0.299633 -0.027881
v 0.014402 0.281928 -0.028416
v 0.028511 0.279395 -0.026683
vt 0.000000 0.000000
vt 1.000000 0.000000
vt 1.000000 1.000000
vt 0.000000 1.000000
f 2589/2589 2590/2590 2591/2591 2592/2592
usemtl white
v 0.014402 0.281928 -0.028416
v 0.000000 0.282778 -0.028998
v 0.000000 0.300604 -0.028545
v 0.016460 0.299633 -0.027881
vt 0.000000 0.000000
vt 1.000000 0.000000
vt 1.000000 1.000000
vt 0.000000 1.000000
f 2593/2593 2594/2594 2595/2595 2596/2596
usemtl dark
v 0.016460 0.299633 -0.027881
v 0.000000 0.300604 -0.028545
v 0.000000 0.282778 -0.028998
v 0.014402 0.281928 -0.028416
vt 0.000000 0.000000
vt 1.000000 0.000000
vt 1.000000 1.000000
vt 0.000000 1.000000
f 2597/2597 2598/2598 2599/2599 2600/2600
usemtl white
v 0.000000 0.282778 -0.028998
v -0.014402 0.281928 -0.028416
v -0.016460 0.299633 -0.027881
v 0.000000 0.300604 -0.028545
vt 0.000000 0.000000
vt 1.000000 0.000000
vt 1.000000 1.000000
vt 0.000000 1.000000
f 2601/2601 2602/2602 2603/2603 2604/2604
usemtl dark
v 0.000000 0.300604 -0.028545
v -0.016460 0.299633 -0.027881
v -0.014402 0.281928 -0.028416
v 0.000000 0.282778 -0.028998
vt 0.000000 0.000000
vt 1.000000 0.000000
vt 1.000000 1.000000
vt 0.000000 1.000000
f 2605/2605 2606/2606 2607/2607 2608/2608
usemtl white
v -0.014402 0.281928 -0.028416
v -0.028511 0.279395 -0.026683
v -0.032584 0.296738 -0.025900
v -0.016460 0.299633 -0.027881
vt 0.000000 0.000000
vt 1.000000 0.000000
vt 1.000000 1.000000
vt 0.000000 1.000000
f 2609/2609 2610/2610 2611/2611 2612/2612
usemtl dark
v -0.016460 0.299633 -0.027881
v -0.032584 0.296738 -0.025900
v -0.028511 0.279395 -0.026683
v -0.014402 0.281928 -0.028416
vt 0.000000 0.000000
vt 1.000000 0.000000
vt 1.000000 1.000000
vt 0.000000 1.000000
f 2613/2613 2614/2614 2615/2615 2616/2616
usemtl white
v -0.028511 0.279395 -0.026683
v -0.042040 0.275230 -0.023834
v -0.048046 0.291978 -0.022644
v -0.032584 0.296738 -0.025900
vt 0.000000 0.000000
vt 1.000000 0.000000
vt 1.000000 1.000000
vt 0.000000 1.000000
f 2617/2617 2618/2618 2619/2619 2620/2620
usemtl dark
v -0.032584 0.296738 -0.025900
v -0.048046 0.291978 -0.022644
v -0.042040 0.275230 -0.023834
v -0.028511 0.279395 -0.026683
vt 0.000000 0.000000
vt 1.000000 0.000000
vt 1.000000 1.000000
vt 0.000000 1.000000
f 2621/2621 2622/2622 2623/2623 2624/2624
usemtl white
v -0.042040 0.275230 -0.023834
v -0.054713 0.269519 -0.019927
v -0.062529 0.285451 -0.018179
v -0.048046 0.291978 -0.022644
vt 0.000000 0.000000
vt 1.000000 0.000000
vt 1.000000 1.000000
vt 0.000000 1.000000
f 2625/2625 2626/2626 2627/2627 2628/2628
usemtl dark
v -0.048046 0.291978 -0.022644
v -0.062529 0.285451 -0.018179
v -0.054713 0.269519 -0.019927
v -0.042040 0.275230 -0.023834
vt 0.000000 0.000000
vt 1.000000 0.000000
vt 1.000000 1.000000
vt 0.000000 1.000000
f 2629/2629 2630/2630 2631/2631 2632/2632
usemtl white
v -0.054713 0.269519 -0.019927
v -0.066272 0.262378 -0.015041
v -0.075739 0.277289 -0.012595
v -0.062529 0.285451 -0.018179
vt 0.000000 0.000000
vt 1.000000 0.000000
vt 1.000000 1.000000
vt 0.000000 1.000000
f 2633/2633 2634/2634 2635/2635 2636/2636
usemtl dark
v -0.062529 0.285451 -0.018179
v -0.075739 0.277289 -0.012595
v -0.066272 0.262378 -0.015041
v -0.054713 0.269519 -0.019927
vt 0.000000 0.000000
vt 1.000000 0.000000
vt 1.000000 1.000000
vt 0.000000 1.000000
f 2637/2637 2638/2638 2639/2639 2640/2640
usemtl white
v -0.066272 0.262378 -0.015041
v -0.076482 0.253951 -0.009276
v -0.087408 0.267659 -0.006006
v -0.075739 0.277289 -0.012595
vt 0.000000 0.000000
vt 1.000000 0.000000
vt 1.000000 1.000000
vt 0.000000 1.000000
f 2641/2641 2642/2642 2643/2643 2644/2644
usemtl dark
v -0.075739 0.277289 -0.012595
v -0.087408 0.267659 -0.006006
v -0.076482 0.253951 -0.009276
v -0.066272 0.262378 -0.015041
vt 0.000000 0.000000
vt 1.000000 0.000000
vt 1.000000 1.000000
vt 0.000000 1.000000
f 2645/2645 2646/2646 2647/2647 2648/2648
usemtl white
v -0.076482 0.253951 -0.009276
v -0.085135 0.244411 -0.002749
v -0.097297 0.256756 0.001453
v -0.087408 0.267659 -0.006006
vt 0.000000 0.000000
vt 1.000000 0.000000
vt 1.000000 1.000000
vt 0.000000 1.000000
f 2649/2649 2650/2650 2651/2651 2652/2652
usemtl dark
v -0.087408 0.267659 -0.006006
v -0.097297 0.256756 0.001453
v -0.085135 0.244411 -0.002749
v -0.076482 0.253951 -0.009276
vt 0.000000 0.000000
vt 1.000000 0.000000
vt 1.000000 1.000000
vt 0.000000 1.000000
f 2653/2653 2654/2654 2655/2655 2656/2656
usemtl white
v -0.085135 0.244411 -0.002749
v -0.092055 0.233951 0.004406
v -0.105205 0.244802 0.009631
v -0.097297 0.256756 0.001453
vt 0.000000 0.000000
vt 1.000000 0.000000
vt 1.000000 1.000000
vt 0.000000 1.000000
f 2657/2657 2658/2658 2659/2659 2660/2660
usemtl dark
v -0.097297 0.256756 0.001453
v -0.105205 0.244802 0.009631
v -0.092055 0.233951 0.004406
v -0.085135 0.244411 -0.002749
vt 0.000000 0.000000
vt 1.000000 0.000000
vt 1.000000 1.000000
vt 0.000000 1.000000
f 2661/2661 2662/2662 2663/2663 2664/2664
usemtl white
v -0.092055 0.233951 0.004406
v -0.097101 0.222786 0.012045
v -0.110972 0.232042 0.018361
v -0.105205 0.244802 0.009631
vt 0.000000 0.000000
vt 1.000000 0.000000
vt 1.000000 1.000000
vt 0.000000 1.000000
f 2665/2665 2666/2666 2667/2667 2668/2668
usemtl dark
v -0.105205 0.244802 0.009631
v -0.110972 0.232042 0.018361
v -0.097101 0.222786 0.012045
v -0.092055 0.233951 0.004406
vt 0.000000 0.000000
vt 1.000000 0.000000
vt 1.000000 1.000000
vt 0.000000 1.000000
f 2669/2669 2670/2670 2671/2671 2672/2672
usemtl white
v -0.097101 0.222786 0.012045
v -0.100170 0.211141 0.020012
v -0.114480 0.218733 0.027466
v -0.110972 0.232042 0.018361
vt 0.000000 0.000000
vt 1.000000 0.000000
vt 1.000000 1.000000
vt 0.000000 1.000000
f 2673/2673 2674/2674 2675/2675 2676/2676
usemtl dark
v -0.110972 0.232042 0.018361
v -0.114480 0.218733 0.027466
v -0.100170 0.211141 0.020012
v -0.097101 0.222786 0.012045
vt 0.000000 0.000000
vt 1.000000 0.000000
vt 1.000000 1.000000
vt 0.000000 1.000000
f 2677/2677 2678/2678 2679/2679 2680/2680
usemtl white
v -0.100170 0.211141 0.020012
v -0.101200 0.199254 0.028144
v -0.115657 0.205148 0.036759
v -0.114480 0.218733 0.027466
vt 0.000000 0.000000
vt 1.000000 0.000000
vt 1.000000 1.000000
vt 0.000000 1.000000
f 2681/2681 2682/2682 2683/2683 2684/2684
usemtl dark
v -0.114480 0.218733 0.027466
v -0.115657 0.205148 0.036759
v -0.101200 0.199254 0.028144
v -0.100170 0.211141 0.020012
vt 0.000000 0.000000
vt 1.000000 0.000000
vt 1.000000 1.000000
vt 0.000000 1.000000
f 2685/2685 2686/2686 2687/2687 2688/2688
usemtl white
v -0.101200 0.199254 0.028144
v -0.100170 0.187368 0.036276
v -0.114480 0.191564 0.046053
v -0.115657 0.205148 0.036759
vt 0.000000 0.000000
vt 1.000000 0.000000
vt 1.000000 1.000000
vt 0.000000 1.000000
f 2689/2689 2690/2690 2691/2691 2692/2692
usemtl dark
v -0.115657 0.205148 0.036759
v -0.114480 0.191564 0.046053
v -0.100170 0.187368 0.036276
v -0.101200 0.199254 0.028144
vt 0.000000 0.000000
vt 1.000000 0.000000
vt 1.000000 1.000000
vt 0.000000 1.000000
f 2693/2693 2694/2694 2695/2695 2696/2696
usemtl white
v -0.100170 0.187368 0.036276
v -0.097101 0.175723 0.044243
v -0.110972 0.178255 0.055158
v -0.114480 0.191564 0.046053
vt 0.000000 0.000000
vt 1.000000 0.000000
vt 1.000000 1.000000
vt 0.000000 1.000000
f 2697/2697 2698/2698 2699/2699 2700/2700
usemtl dark
v -0.114480 0.191564 0.046053
v -0.110972 0.178255 0.055158
v -0.097101 0.175723 0.044243
v -0.100170 0.187368 0.036276
vt 0.000000 0.000000
vt 1.000000 0.000000
vt 1.000000 1.000000
vt 0.000000 1.000000
f 2701/2701 2702/2702 2703/2703 2704/2704
usemtl white
v -0.097101 0.175723 0.044243
v -0.092055 0.164557 0.051882
v -0.105205 0.165495 0.063888
v -0.110972 0.178255 0.055158
vt 0.000000 0.000000
vt 1.000000 0.000000
vt 1.000000 1.000000
vt 0.000000 1.000000
f 2705/2705 2706/2706 2707/2707 2708/2708
usemtl dark
v -0.110972 0.178255 0.055158
v -0.105205 0.165495 0.063888
v -0.092055 0.164557 0.051882
v -0.097101 0.175723 0.044243
vt 0.000000 0.000000
vt 1.000000 0.000000
vt 1.000000 1.000000
vt 0.000000 1.000000
f 2709/2709 2710/2710 2711/2711 2712/2712
usemtl white
v -0.092055 0.164557 0.051882
v -0.085135 0.154098 0.059037
v -0.097297 0.153541 0.072066
v -0.105205 0.165495 0.063888
vt 0.000000 0.000000
vt 1.000000 0.000000
vt 1.000000 1.000000
vt 0.000000 1.000000
f 2713/2713 2714/2714 2715/2715 2716/2716
usemtl dark
v -0.105205 0.165495 0.063888
v -0.097297 0.153541 0.072066
v -0.085135 0.154098 0.059037
v -0.092055 0.164557 0.051882
vt 0.000000 0.000000
vt 1.000000 0.000000
vt 1.000000 1.000000
vt 0.000000 1.000000
f 2717/2717 2718/2718 2719/2719 2720/2720
usemtl white
v -0.085135 0.154098 0.059037
v -0.076482 0.144558 0.065564
v -0.087408 0.142638 0.079525
v -0.097297 0.153541 0.072066
vt 0.000000 0.000000
vt 1.000000 0.000000
vt 1.000000 1.000000
vt 0.000000 1.000000
f 2721/2721 2722/2722 2723/2723 2724/2724
usemtl dark
v -0.097297 0.153541 0.072066
v -0.087408 0.142638 0.079525
v -0.076482 0.144558 0.065564
v -0.085135 0.154098 0.059037
vt 0.000000 0.000000
vt 1.000000 0.000000
vt 1.000000 1.000000
vt 0.000000 1.000000
f 2725/2725 2726/2726 2727/2727 2728/2728
usemtl white
v -0.076482 0.144558 0.065564
v -0.066272 0.136131 0.071329
v -0.075739 0.133008 0.086114
v -0.087408 0.142638 0.079525
vt 0.000000 0.000000
vt 1.000000 0.000000
vt 1.000000 1.000000
vt 0.000000 1.000000
f 2729/2729 2730/2730 2731/2731 2732/2732
usemtl dark
v -0.087408 0.142638 0.079525
v -0.075739 0.133008 0.086114
v -0.066272 0.136131 0.071329
v -0.076482 0.144558 0.065564
vt 0.000000 0.000000
vt 1.000000 0.000000
vt 1.000000 1.000000
vt 0.000000 1.000000
f 2733/2733 2734/2734 2735/2735 2736/2736
usemtl white
v -0.066272 0.136131 0.071329
v -0.054713 0.128989 0.076215
v -0.062529 0.124846 0.091697
v -0.075739 0.133008 0.086114
vt 0.000000 0.000000
vt 1.000000 0.000000
vt 1.000000 1.000000
vt 0.000000 1.000000
f 2737/2737 2738/2738 2739/2739 2740/2740
usemtl dark
v -0.075739 0.133008 0.086114
v -0.062529 0.124846 0.091697
v -0.054713 0.128989 0.076215
v -0.066272 0.136131 0.071329
vt 0.000000 0.000000
vt 1.000000 0.000000
vt 1.000000 1.000000
vt 0.000000 1.000000
f 2741/2741 2742/2742 2743/2743 2744/2744
usemtl white
v -0.054713 0.128989 0.076215
v -0.042040 0.123278 0.080122
v -0.048046 0.118319 0.096163
v -0.062529 0.124846 0.091697
vt 0.000000 0.000000
vt 1.000000 0.000000
vt 1.000000 1.000000
vt 0.000000 1.000000
f 2745/2745 2746/2746 2747/2747 2748/2748
usemtl dark
v -0.062529 0.124846 0.091697
v -0.048046 0.118319 0.096163
v -0.042040 0.123278 0.080122
v -0.054713 0.128989 0.076215
vt 0.000000 0.000000
vt 1.000000 0.000000
vt 1.000000 1.000000
vt 0.000000 1.000000
f 2749/2749 2750/2750 2751/2751 2752/2752
usemtl white
v -0.042040 0.123278 0.080122
v -0.028511 0.119114 0.082971
v -0.032584 0.113559 0.099419
v -0.048046 0.118319 0.096163
vt 0.000000 0.000000
vt 1.000000 0.000000
vt 1.000000 1.000000
vt 0.000000 1.000000
f 2753/2753 2754/2754 2755/2755 2756/2756
usemtl dark
v -0.048046 0.118319 0.096163
v -0.032584 0.113559 0.099419
v -0.028511 0.119114 0.082971
v -0.042040 0.123278 0.080122
vt 0.000000 0.000000
vt 1.000000 0.000000
vt 1.000000 1.000000
vt 0.000000 1.000000
f 2757/2757 2758/2758 2759/2759 2760/2760
usemtl white
v -0.028511 0.119114 0.082971
v -0.014402 0.116580 0.084704
v -0.016460 0.110664 0.101400
v -0.032584 0.113559 0.099419
vt 0.000000 0.000000
vt 1.000000 0.000000
vt 1.000000 1.000000
vt 0.000000 1.000000
f 2761/2761 2762/2762 2763/2763 2764/2764
usemtl dark
v -0.032584 0.113559 0.099419
v -0.016460 0.110664 0.101400
v -0.014402 0.116580 0.084704
v -0.028511 0.119114 0.082971
vt 0.000000 0.000000
vt 1.000000 0.000000
vt 1.000000 1.000000
vt 0.000000 1.000000
f 2765/2765 2766/2766 2767/2767 2768/2768
usemtl white
v -0.014402 0.116580 0.084704
v -0.000000 0.115730 0.085286
v -0.000000 0.109693 0.102064
v -0.016460 0.110664 0.101400
vt 0.000000 0.000000
vt 1.000000 0.000000
vt 1.000000 1.000000
vt 0.000000 1.000000
f 2769/2769 2770/2770 2771/2771 2772/2772
usemtl dark
v -0.016460 0.110664 0.101400
v -0.000000 0.109693 0.102064
v -0.000000 0.115730 0.085286
v -0.014402 0.116580 0.084704
vt 0.000000 0.000000
vt 1.000000 0.000000
vt 1.000000 1.000000
vt 0.000000 1.000000
f 2773/2773 2774/2774 2775/2775 2776/2776
usemtl white
v -0.000000 0.115730 0.085286
v 0.014402 0.116580 0.084704
v 0.016460 0.110664 0.101400
v -0.000000 0.109693 0.102064
vt 0.000000 0.000000
vt 1.000000 0.000000
vt 1.000000 1.000000
vt 0.000000 1.000000
f 2777/2777 2778/2778 2779/2779 2780/2780
usemtl dark
v -0.000000 0.109693 0.102064
v 0.016460 0.110664 0.101400
v 0.014402 0.116580 0.084704
v -0.000000 0.115730 0.085286
vt 0.000000 0.000000
vt 1.000000 0.000000
vt 1.000000 1.000000
vt 0.000000 1.000000
f 2781/2781 2782/2782 2783/2783 2784/2784
usemtl white
v 0.014402 0.116580 0.084704
v 0.028511 0.119114 0.082971
v 0.032584 0.113559 0.099419
v 0.016460 0.110664 0.101400
vt 0.000000 0.000000
vt 1.000000 0.000000
vt 1.000000 1.000000
vt 0.000000 1.000000
f 2785/2785 2786/2786 2787/2787 2788/2788
usemtl dark
v 0.016460 0.110664 0.101400
v 0.032584 0.113559 0.099419
v 0.028511 0.119114 0.082971
v 0.014402 0.116580 0.084704
vt 0.000000 0.000000
vt 1.000000 0.000000
vt 1.000000 1.000000
vt 0.000000 1.000000
f 2789/2789 2790/2790 2791/2791 2792/2792
usemtl white
v 0.028511 0.119114 0.082971
v 0.042040 0.123278 0.080122
v 0.048046 0.118319 0.096163
v 0.032584 0.113559 0.099419
vt 0.000000 0.000000
vt 1.000000 0.000000
vt 1.000000 1.000000
vt 0.000000 1.000000
f 2793/2793 2794/2794 2795/2795 2796/2796
usemtl dark
v 0.032584 0.113559 0.099419
v 0.048046 0.118319 0.096163
v 0.042040 0.123278 0.080122
v 0.028511 0.119114 0.082971
vt 0.000000 0.000000
vt 1.000000 0.000000
vt 1.000000 1.000000
vt 0.000000 1.000000
f 2797/2797 2798/2798 2799/2799 2800/2800
usemtl white
v 0.042040 0.123278 0.080122
v 0.054713 0.128989 0.076215
v 0.062529 0.124846 0.091697
v 0.048046 0.118319 0.096163
vt 0.000000 0.000000
vt 1.000000 0.000000
vt 1.000000 1.000000
vt 0.000000 1.000000
f 2801/2801 2802/2802 2803/2803 2804/2804
usemtl dark
v 0.048046 0.118319 0.096163
v 0.062529 0.124846 0.091697
v 0.054713 0.128989 0.076215
v 0.042040 0.123278 0.080122
vt 0.000000 0.000000
vt 1.000000 0.000000
vt 1.000000 1.000000
vt 0.000000 1.000000
f 2805/2805 2806/2806 2807/2807 2808/2808
usemtl white
v 0.054713 0.128989 0.076215
v 0.066272 0.136131 0.071329
v 0.075739 0.133008 0.086114
v 0.062529 0.124846 0.091697
vt 0.000000 0.000000
vt 1.000000 0.000000
vt 1.000000 1.000000
vt 0.000000 1.000000
f 2809/2809 2810/2810 2811/2811 2812/2812
usemtl dark
v 0.062529 0.124846 0.091697
v 0.075739 0.133008 0.086114
v 0.066272 0.136131 0.071329
v 0.054713 0.128989 0.076215
vt 0.000000 0.000000
vt 1.000000 0.000000
vt 1.000000 1.000000
vt 0.000000 1.000000
f 2813/2813 2814/2814 2815/2815 2816/2816
usemtl white
v 0.066272 0.136131 0.071329
v 0.076482 0.144558 0.065564
v 0.087408 0.142638 0.079525
v 0.075739 0.133008 0.086114
vt 0.000000 0.000000
vt 1.000000 0.000000
vt 1.000000 1.000000
vt 0.000000 1.000000
f 2817/2817 2818/2818 2819/2819 2820/2820
usemtl dark
v 0.075739 0.133008 0.086114
v 0.087408 0.142638 0.079525
v 0.076482 0.144558 0.065564
v 0.066272 0.136131 0.071329
vt 0.000000 0.000000
vt 1.000000 0.000000
vt 1.000000 1.000000
vt 0.000000 1.000000
f 2821/2821 2822/2822 2823/2823 2824/2824
usemtl white
v 0.076482 0.144558 0.065564
v 0.085135 0.154098 0.059037
v 0.097297 0.153541 0.072066
v 0.087408 0.142638 0.079525
vt 0.000000 0.000000
vt 1.000000 0.000000
vt 1.000000 1.000000
vt 0.000000 1.000000
f 2825/2825 2826/2826 2827/2827 2828/2828
usemtl dark
v 0.087408 0.142638 0.079525
v 0.097297 0.153541 0.072066
v 0.085135 0.154098 0.059037
v 0.076482 0.144558 0.065564
vt 0.000000 0.000000
vt 1.000000 0.000000
vt 1.000000 1.000000
vt 0.000000 1.000000
f 2829/2829 2830/2830 2831/2831 2832/2832
usemtl white
v 0.085135 0.154098 0.059037
v 0.092055 0.164557 0.051882
v 0.105205 0.165495 0.063888
v 0.097297 0.153541 0.072066
vt 0.000000 0.000000
vt 1.000000 0.000000
vt 1.000000 1.000000
vt 0.000000 1.000000
f 2833/2833 2834/2834 2835/2835 2836/2836
usemtl dark
v 0.097297 0.153541 0.072066
v 0.105205 0.165495 0.063888
v 0.092055 0.164557 0.051882
v 0.085135 0.154098 0.059037
vt 0.000000 0.000000
vt 1.000000 0.000000
vt 1.000000 1.000000
vt 0.000000 1.000000
f 2837/2837 2838/2838 2839/2839 2840/2840
usemtl white
v 0.092055 0.164557 0.051882
v 0.097101 0.175723 0.044243
v 0.110972 0.178255 0.055158
v 0.105205 0.165495 0.063888
vt 0.000000 0.000000
vt 1.000000 0.000000
vt 1.000000 1.000000
vt 0.000000 1.000000
f 2841/2841 2842/2842 2843/2843 2844/2844
usemtl dark
v 0.105205 0.165495 0.063888
v 0.110972 0.178255 0.055158
v 0.097101 0.175723 0.044243
v 0.092055 0.164557 0.051882
vt 0.000000 0.000000
vt 1.000000 0.000000
vt 1.000000 1.000000
vt 0.000000 1.000000
f 2845/2845 2846/2846 2847/2847 2848/2848
usemtl white
v 0.097101 0.175723 0.044243
v 0.100170 0.187368 0.036276
v 0.114480 0.191564 0.046053
v 0.110972 0.178255 0.055158
vt 0.000000 0.000000
vt 1.000000 0.000000
vt 1.000000 1.000000
vt 0.000000 1.000000
f 2849/2849 2850/2850 2851/2851 2852/2852
usemtl dark
v 0.110972 0.178255 0.055158
v 0.114480 0.191564 0.046053
v 0.100170 0.187368 0.036276
v 0.097101 0.175723 0.044243
vt 0.000000 0.000000
vt 1.000000 0.000000
vt 1.000000 1.000000
vt 0.000000 1.000000
f 2853/2853 2854/2854 2855/2855 2856/2856
usemtl white
v 0.100170 0.187368 0.036276
v 0.101200 0.199254 0.028144
v 0.115657 0.205148 0.036759
v 0.114480 0.191564 0.046053
vt 0.000000 0.000000
vt 1.000000 0.000000
vt 1.000000 1.000000
vt 0.000000 1.000000
f 2857/2857 2858/2858 2859/2859 2860/2860
usemtl dark
v 0.114480 0.191564 0.046053
v 0.115657 0.205148 0.036759
v 0.101200 0.199254 0.028144
v 0.100170 0.187368 0.036276
vt 0.000000 0.000000
vt 1.000000 0.000000
vt 1.000000 1.000000
vt 0.000000 1.000000
f 2861/2861 2862/2862 2863/2863 2864/2864
usemtl white
v 0.115657 0.205148 0.036759
v 0.114480 0.218733 0.027466
v 0.128790 0.227111 0.036068
v 0.130114 0.211829 0.046524
vt 0.000000 0.000000
vt 1.000000 0.000000
vt 1.000000 1.000000
vt 0.000000 1.000000
f 2865/2865 2866/2866 2867/2867 2868/2868
usemtl dark
v 0.130114 0.211829 0.046524
v 0.128790 0.227111 0.036068
v 0.114480 0.218733 0.027466
v 0.115657 0.205148 0.036759
vt 0.000000 0.000000
vt 1.000000 0.000000
vt 1.000000 1.000000
vt 0.000000 1.000000
f 2869/2869 2870/2870 2871/2871 2872/2872
usemtl white
v 0.114480 0.218733 0.027466
v 0.110972 0.232042 0.018361
v 0.124844 0.242083 0.025825
v 0.128790 0.227111 0.036068
vt 0.000000 0.000000
vt 1.000000 0.000000
vt 1.000000 1.000000
vt 0.000000 1.000000
f 2873/2873 2874/2874 2875/2875 2876/2876
usemtl dark
v 0.128790 0.227111 0.036068
v 0.124844 0.242083 0.025825
v 0.110972 0.232042 0.018361
v 0.114480 0.218733 0.027466
vt 0.000000 0.000000
vt 1.000000 0.000000
vt 1.000000 1.000000
vt 0.000000 1.000000
f 2877/2877 2878/2878 2879/2879 2880/2880
usemtl white
v 0.110972 0.232042 0.018361
v 0.105205 0.244802 0.009631
v 0.118356 0.256439 0.016004
v 0.124844 0.242083 0.025825
vt 0.000000 0.000000
vt 1.000000 0.000000
vt 1.000000 1.000000
vt 0.000000 1.000000
f 2881/2881 2882/2882 2883/2883 2884/2884
usemtl dark
v 0.124844 0.242083 0.025825
v 0.118356 0.256439 0.016004
v 0.105205 0.244802 0.009631
v 0.110972 0.232042 0.018361
vt 0.000000 0.000000
vt 1.000000 0.000000
vt 1.000000 1.000000
vt 0.000000 1.000000
f 2885/2885 2886/2886 2887/2887 2888/2888
usemtl white
v 0.105205 0.244802 0.009631
v 0.097297 0.256756 0.001453
v 0.109459 0.269887 0.006804
v 0.118356 0.256439 0.016004
vt 0.000000 0.000000
vt 1.000000 0.000000
vt 1.000000 1.000000
vt 0.000000 1.000000
f 2889/2889 2890/2890 2891/2891 2892/2892
usemtl dark
v 0.118356 0.256439 0.016004
v 0.109459 0.269887 0.006804
v 0.097297 0.256756 0.001453
v 0.105205 0.244802 0.009631
vt 0.000000 0.000000
vt 1.000000 0.000000
vt 1.000000 1.000000
vt 0.000000 1.000000
f 2893/2893 2894/2894 2895/2895 2896/2896
usemtl white
v 0.097297 0.256756 0.001453
v 0.087408 0.267659 -0.006006
v 0.098334 0.282153 -0.001588
v 0.109459 0.269887 0.006804
vt 0.000000 0.000000
vt 1.000000 0.000000
vt 1.000000 1.000000
vt 0.000000 1.000000
f 2897/2897 2898/2898 2899/2899 2900/2900
usemtl dark
v 0.109459 0.269887 0.006804
v 0.098334 0.282153 -0.001588
v 0.087408 0.267659 -0.006006
v 0.097297 0.256756 0.001453
vt 0.000000 0.000000
vt 1.000000 0.000000
vt 1.000000 1.000000
vt 0.000000 1.000000
f 2901/2901 2902/2902 2903/2903 2904/2904
usemtl white
v 0.087408 0.267659 -0.006006
v 0.075739 0.277289 -0.012595
v 0.085207 0.292987 -0.009000
v 0.098334 0.282153 -0.001588
vt 0.000000 0.000000
vt 1.000000 0.000000
vt 1.000000 1.000000
vt 0.000000 1.000000
f 2905/2905 2906/2906 2907/2907 2908/2908
usemtl dark
v 0.098334 0.282153 -0.001588
v 0.085207 0.292987 -0.009000
v 0.075739 0.277289 -0.012595
v 0.087408 0.267659 -0.006006
vt 0.000000 0.000000
vt 1.000000 0.000000
vt 1.000000 1.000000
vt 0.000000 1.000000
f 2909/2909 2910/2910 2911/2911 2912/2912
usemtl white
v 0.075739 0.277289 -0.012595
v 0.062529 0.285451 -0.018179
v 0.070345 0.302169 -0.015282
v 0.085207 0.292987 -0.009000
vt 0.000000 0.000000
vt 1.000000 0.000000
vt 1.000000 1.000000
vt 0.000000 1.000000
f 2913/2913 2914/2914 2915/2915 2916/2916
usemtl dark
v 0.085207 0.292987 -0.009000
v 0.070345 0.302169 -0.015282
v 0.062529 0.285451 -0.018179
v 0.075739 0.277289 -0.012595
vt 0.000000 0.000000
vt 1.000000 0.000000
vt 1.000000 1.000000
vt 0.000000 1.000000
f 2917/2917 2918/2918 2919/2919 2920/2920
usemtl white
v 0.062529 0.285451 -0.018179
v 0.048046 0.291978 -0.022644
v 0.054051 0.309512 -0.020305
v 0.070345 0.302169 -0.015282
vt 0.000000 0.000000
vt 1.000000 0.000000
vt 1.000000 1.000000
vt 0.000000 1.000000
f 2921/2921 2922/2922 2923/2923 2924/2924
usemtl dark
v 0.070345 0.302169 -0.015282
v 0.054051 0.309512 -0.020305
v 0.048046 0.291978 -0.022644
v 0.062529 0.285451 -0.018179
vt 0.000000 0.000000
vt 1.000000 0.000000
vt 1.000000 1.000000
vt 0.000000 1.000000
f 2925/2925 2926/2926 2927/2927 2928/2928
usemtl white
v 0.048046 0.291978 -0.022644
v 0.032584 0.296738 -0.025900
v 0.036657 0.314867 -0.023968
v 0.054051 0.309512 -0.020305
vt 0.000000 0.000000
vt 1.000000 0.000000
vt 1.000000 1.000000
vt 0.000000 1.000000
f 2929/2929 2930/2930 2931/2931 2932/2932
usemtl dark
v 0.054051 0.309512 -0.020305
v 0.036657 0.314867 -0.023968
v 0.032584 0.296738 -0.025900
v 0.048046 0.291978 -0.022644
vt 0.000000 0.000000
vt 1.000000 0.000000
vt 1.000000 1.000000
vt 0.000000 1.000000
f 2933/2933 2934/2934 2935/2935 2936/2936
usemtl white
v 0.032584 0.296738 -0.025900
v 0.016460 0.299633 -0.027881
v 0.018517 0.318123 -0.026197
v 0.036657 0.314867 -0.023968
vt 0.000000 0.000000
vt 1.000000 0.000000
vt 1.000000 1.000000
vt 0.000000 1.000000
f 2937/2937 2938/2938 2939/2939 2940/2940
usemtl dark
v 0.036657 0.314867 -0.023968
v 0.018517 0.318123 -0.026197
v 0.016460 0.299633 -0.027881
v 0.032584 0.296738 -0.025900
vt 0.000000 0.000000
vt 1.000000 0.000000
vt 1.000000 1.000000
vt 0.000000 1.000000
f 2941/2941 2942/2942 2943/2943 2944/2944
usemtl white
v 0.016460 0.299633 -0.027881
v 0.000000 0.300604 -0.028545
v 0.000000 0.319217 -0.026944
v 0.018517 0.318123 -0.026197
vt 0.000000 0.000000
vt 1.000000 0.000000
vt 1.000000 1.000000
vt 0.000000 1.000000
f 2945/2945 2946/2946 2947/2947 2948/2948
usemtl dark
v 0.018517 0.318123 -0.026197
v 0.000000 0.319217 -0.026944
v 0.000000 0.300604 -0.028545
v 0.016460 0.299633 -0.027881
vt 0.000000 0.000000
vt 1.000000 0.000000
vt 1.000000 1.000000
vt 0.000000 1.000000
f 2949/2949 2950/2950 2951/2951 2952/2952
usemtl white
v 0.000000 0.300604 -0.028545
v -0.016460 0.299633 -0.027881
v -0.018517 0.318123 -0.026197
v 0.000000 0.319217 -0.026944
vt 0.000000 0.000000
vt 1.000000 0.000000
vt 1.000000 1.000000
vt 0.000000 1.000000
f 2953/2953 2954/2954 2955/2955 2956/2956
usemtl dark
v 0.000000 0.319217 -0.026944
v -0.018517 0.318123 -0.026197
v -0.016460 0.299633 -0.027881
v 0.000000 0.300604 -0.028545
vt 0.000000 0.000000
vt 1.000000 0.000000
vt 1.000000 1.000000
vt 0.000000 1.000000
f 2957/2957 2958/2958 2959/2959 2960/2960
usemtl white
v -0.016460 0.299633 -0.027881
v -0.032584 0.296738 -0.025900
v -0.036657 0.314867 -0.023968
v -0.018517 0.318123 -0.026197
vt 0.000000 0.000000
vt 1.000000 0.000000
vt 1.000000 1.000000
vt 0.000000 1.000000
f 2961/2961 2962/2962 2963/2963 2964/2964
usemtl dark
v -0.018517 0.318123 -0.026197
v -0.036657 0.314867 -0.023968
v -0.032584 0.296738 -0.025900
v -0.016460 0.299633 -0.027881
vt 0.000000 0.000000
vt 1.000000 0.000000
vt 1.000000 1.000000
vt 0.000000 1.000000
f 2965/2965 2966/2966 2967/2967 2968/2968
usemtl white
v -0.032584 0.296738 -0.025900
v -0.048046 0.291978 -0.022644
v -0.054051 0.309512 -0.020305
v -0.036657 0.314867 -0.023968
vt 0.000000 0.000000
vt 1.000000 0.000000
vt 1.000000 1.000000
vt 0.000000 1.000000
f 2969/2969 2970/2970 2971/2971 2972/2972
usemtl dark
v -0.036657 0.314867 -0.023968
v -0.054051 0.309512 -0.020305
v -0.048046 0.291978 -0.022644
v -0.032584 0.296738 -0.025900
vt 0.000000 0.000000
vt 1.000000 0.000000
vt 1.000000 1.000000
vt 0.000000 1.000000
f 2973/2973 2974/2974 2975/2975 2976/2976
usemtl white
v -0.048046 0.291978 -0.022644
v -0.062529 0.285451 -0.018179
v -0.070345 0.302169 -0.015282
v -0.054051 0.309512 -0.020305
vt 0.000000 0.000000
vt 1.000000 0.000000
vt 1.000000 1.000000
vt 0.000000 1.000000
f 2977/2977 2978/2978 2979/2979 2980/2980
usemtl dark
v -0.054051 0.309512 -0.020305
v -0.070345 0.302169 -0.015282
v -0.062529 0.285451 -0.018179
v -0.048046 0.291978 -0.022644
vt 0.000000 0.000000
vt 1.000000 0.000000
vt 1.000000 1.000000
vt 0.000000 1.000000
f 2981/2981 2982/2982 2983/2983 2984/2984
usemtl white
v -0.062529 0.285451 -0.018179
v -0.075739 0.277289 -0.012595
v -0.085207 0.292987 -0.009000
v -0.070345 0.302169 -0.015282
vt 0.000000 0.000000
vt 1.000000 0.000000
vt 1.000000 1.000000
vt 0.000000 1.000000
f 2985/2985 2986/2986 2987/2987 2988/2988
usemtl dark
v -0.070345 0.302169 -0.015282
v -0.085207 0.292987 -0.009000
v -0.075739 0.277289 -0.012595
v -0.062529 0.285451 -0.018179
vt 0.000000 0.000000
vt 1.000000 0.000000
vt 1.000000 1.000000
vt 0.000000 1.000000
f 2989/2989 2990/2990 2991/2991 2992/2992
usemtl white
v -0.075739 0.277289 -0.012595
v -0.087408 0.267659 -0.006006
v -0.098334 0.282153 -0.001588
v -0.085207 0.292987 -0.009000
vt 0.000000 0.000000
vt 1.000000 0.000000
vt 1.000000 1.000000
vt 0.000000 1.000000
f 2993/2993 2994/2994 2995/2995 2996/2996
usemtl dark
v -0.085207 0.292987 -0.009000
v -0.098334 0.282153 -0.001588
v -0.087408 0.267659 -0.006006
v -0.075739 0.277289 -0.012595
vt 0.000000 0.000000
vt 1.000000 0.000000
vt 1.000000 1.000000
vt 0.000000 1.000000
f 2997/2997 2998/2998 2999/2999 3000/3000
usemtl white
v -0.087408 0.267659 -0.006006
v -0.097297 0.256756 0.001453
v -0.109459 0.269887 0.006804
v -0.098334 0.282153 -0.001588
vt 0.000000 0.000000
vt 1.000000 0.000000
vt 1.000000 1.000000
vt 0.000000 1.000000
f 3001/3001 3002/3002 3003/3003 3004/3004
usemtl dark
v -0.098334 0.282153 -0.001588
v -0.109459 0.269887 0.006804
v -0.097297 0.256756 0.001453
v -0.087408 0.267659 -0.006006
vt 0.000000 0.000000
vt 1.000000 0.000000
vt 1.000000 1.000000
vt 0.000000 1.000000
f 3005/3005 3006/3006 3007/3007 3008/3008
usemtl white
v -0.097297 0.256756 0.001453
v -0.105205 0.244802 0.009631
v -0.118356 0.256439 0.016004
v -0.109459 0.269887 0.006804
vt 0.000000 0.000000
vt 1.000000 0.000000
vt 1.000000 1.000000
vt 0.000000 1.000000
f 3009/3009 3010/3010 3011/3011 3012/3012
usemtl dark
v -0.109459 0.269887 0.006804
v -0.118356 0.256439 0.016004
v -0.105205 0.244802 0.009631
v -0.097297 0.256756 0.001453
vt 0.000000 0.000000
vt 1.000000 0.000000
vt 1.000000 1.000000
vt 0.000000 1.000000
f 3013/3013 3014/3014 3015/3015 3016/3016
usemtl white
v -0.105205 0.244802 0.009631
v -0.110972 0.232042 0.018361
v -0.124844 0.242083 0.025825
v -0.118356 0.256439 0.016004
vt 0.000000 0.000000
vt 1.000000 0.000000
vt 1.000000 1.000000
vt 0.000000 1.000000
f 3017/3017 3018/3018 3019/3019 3020/3020
usemtl dark
v -0.118356 0.256439 0.016004
v -0.124844 0.242083 0.025825
v -0.110972 0.232042 0.018361
v -0.105205 0.244802 0.009631
vt 0.000000 0.000000
vt 1.000000 0.000000
vt 1.000000 1.000000
vt 0.000000 1.000000
f 3021/3021 3022/3022 3023/3023 3024/3024
usemtl white
v -0.110972 0.232042 0.018361
v -0.114480 0.218733 0.027466
v -0.128790 0.227111 0.036068
v -0.124844 0.242083 0.025825
vt 0.000000 0.000000
vt 1.000000 0.000000
vt 1.000000 1.000000
vt 0.000000 1.000000
f 3025/3025 3026/3026 3027/3027 3028/3028
usemtl dark
v -0.124844 0.242083 0.025825
v -0.128790 0.227111 0.036068
v -0.114480 0.218733 0.027466
v -0.110972 0.232042 0.018361
vt 0.000000 0.000000
vt 1.000000 0.000000
vt 1.000000 1.000000
vt 0.000000 1.000000
f 3029/3029 3030/3030 3031/3031 3032/3032
usemtl white
v -0.114480 0.218733 0.027466
v -0.115657 0.205148 0.036759
v -0.130114 0.211829 0.046524
v -0.128790 0.227111 0.036068
vt 0.000000 0.000000
vt 1.000000 0.000000
vt 1.000000 1.000000
vt 0.000000 1.000000
f 3033/3033 3034/3034 3035/3035 3036/3036
usemtl dark
v -0.128790 0.227111 0.036068
v -0.130114 0.211829 0.046524
v -0.115657 0.205148 0.036759
v -0.114480 0.218733 0.027466
vt 0.000000 0.000000
vt 1.000000 0.000000
vt 1.000000 1.000000
vt 0.000000 1.000000
f 3037/3037 3038/3038 3039/3039 3040/3040
usemtl white
v -0.115657 0.205148 0.036759
v -0.114480 0.191564 0.046053
v -0.128790 0.196546 0.056979
v -0.130114 0.211829 0.046524
vt 0.000000 0.000000
vt 1.000000 0.000000
vt 1.000000 1.000000
vt 0.000000 1.000000
f 3041/3041 3042/3042 3043/3043 3044/3044
usemtl dark
v -0.130114 0.211829 0.046524
v -0.128790 0.196546 0.056979
v -0.114480 0.191564 0.046053
v -0.115657 0.205148 0.036759
vt 0.000000 0.000000
vt 1.000000 0.000000
vt 1.000000 1.000000
vt 0.000000 1.000000
f 3045/3045 3046/3046 3047/3047 3048/3048
usemtl white
v -0.114480 0.191564 0.046053
v -0.110972 0.178255 0.055158
v -0.124844 0.181574 0.067222
v -0.128790 0.196546 0.056979
vt 0.000000 0.000000
vt 1.000000 0.000000
vt 1.000000 1.000000
vt 0.000000 1.000000
f 3049/3049 3050/3050 3051/3051 3052/3052
usemtl dark
v -0.128790 0.196546 0.056979
v -0.124844 0.181574 0.067222
v -0.110972 0.178255 0.055158
v -0.114480 0.191564 0.046053
vt 0.000000 0.000000
vt 1.000000 0.000000
vt 1.000000 1.000000
vt 0.000000 1.000000
f 3053/3053 3054/3054 3055/3055 3056/3056
usemtl white
v -0.110972 0.178255 0.055158
v -0.105205 0.165495 0.063888
v -0.118356 0.167218 0.077043
v -0.124844 0.181574 0.067222
vt 0.000000 0.000000
vt 1.000000 0.000000
vt 1.000000 1.000000
vt 0.000000 1.000000
f 3057/3057 3058/3058 3059/3059 3060/3060
usemtl dark
v -0.124844 0.181574 0.067222
v -0.118356 0.167218 0.077043
v -0.105205 0.165495 0.063888
v -0.110972 0.178255 0.055158
vt 0.000000 0.000000
vt 1.000000 0.000000
vt 1.000000 1.000000
vt 0.000000 1.000000
f 3061/3061 3062/3062 3063/3063 3064/3064
usemtl white
v -0.105205 0.165495 0.063888
v -0.097297 0.153541 0.072066
v -0.109459 0.153770 0.086243
v -0.118356 0.167218 0.077043
vt 0.000000 0.000000
vt 1.000000 0.000000
vt 1.000000 1.000000
vt 0.000000 1.000000
f 3065/3065 3066/3066 3067/3067 3068/3068
usemtl dark
v -0.118356 0.167218 0.077043
v -0.109459 0.153770 0.086243
v -0.097297 0.153541 0.072066
v -0.105205 0.165495 0.063888
vt 0.000000 0.000000
vt 1.000000 0.000000
vt 1.000000 1.000000
vt 0.000000 1.000000
f 3069/3069 3070/3070 3071/3071 3072/3072
usemtl white
v -0.097297 0.153541 0.072066
v -0.087408 0.142638 0.079525
v -0.098334 0.141504 0.094635
v -0.109459 0.153770 0.086243
vt 0.000000 0.000000
vt 1.000000 0.000000
vt 1.000000 1.000000
vt 0.000000 1.000000
f 3073/3073 3074/3074 3075/3075 3076/3076
usemtl dark
v -0.109459 0.153770 0.086243
v -0.098334 0.141504 0.094635
v -0.087408 0.142638 0.079525
v -0.097297 0.153541 0.072066
vt 0.000000 0.000000
vt 1.000000 0.000000
vt 1.000000 1.000000
vt 0.000000 1.000000
f 3077/3077 3078/3078 3079/3079 3080/3080
usemtl white
v -0.087408 0.142638 0.079525
v -0.075739 0.133008 0.086114
v -0.085207 0.130670 0.102047
v -0.098334 0.141504 0.094635
vt 0.000000 0.000000
vt 1.000000 0.000000
vt 1.000000 1.000000
vt 0.000000 1.000000
f 3081/3081 3082/3082 3083/3083 3084/3084
usemtl dark
v -0.098334 0.141504 0.094635
v -0.085207 0.130670 0.102047
v -0.075739 0.133008 0.086114
v -0.087408 0.142638 0.079525
vt 0.000000 0.000000
vt 1.000000 0.000000
vt 1.000000 1.000000
vt 0.000000 1.000000
f 3085/3085 3086/3086 3087/3087 3088/3088
usemtl white
v -0.075739 0.133008 0.086114
v -0.062529 0.124846 0.091697
v -0.070345 0.121488 0.108329
v -0.085207 0.130670 0.102047
vt 0.000000 0.000000
vt 1.000000 0.000000
vt 1.000000 1.000000
vt 0.000000 1.000000
f 3089/3089 3090/3090 3091/3091 3092/3092
usemtl dark
v -0.085207 0.130670 0.102047
v -0.070345 0.121488 0.108329
v -0.062529 0.124846 0.091697
v -0.075739 0.133008 0.086114
vt 0.000000 0.000000
vt 1.000000 0.000000
vt 1.000000 1.000000
vt 0.000000 1.000000
f 3093/3093 3094/3094 3095/3095 3096/3096
usemtl white
v -0.062529 0.124846 0.091697
v -0.048046 0.118319 0.096163
v -0.054051 0.114145 0.113353
v -0.070345 0.121488 0.108329
vt 0.000000 0.000000
vt 1.000000 0.000000
vt 1.000000 1.000000
vt 0.000000 1.000000
f 3097/3097 3098/3098 3099/3099 3100/3100
usemtl dark
v -0.070345 0.121488 0.108329
v -0.054051 0.114145 0.113353
v -0.048046 0.118319 0.096163
v -0.062529 0.124846 0.091697
vt 0.000000 0.000000
vt 1.000000 0.000000
vt 1.000000 1.000000
vt 0.000000 1.000000
f 3101/3101 3102/3102 3103/3103 3104/3104
usemtl white
v -0.048046 0.118319 0.096163
v -0.032584 0.113559 0.099419
v -0.036657 0.108791 0.117016
v -0.054051 0.114145 0.113353
vt 0.000000 0.000000
vt 1.000000 0.000000
vt 1.000000 1.000000
vt 0.000000 1.000000
f 3105/3105 3106/3106 3107/3107 3108/3108
usemtl dark
v -0.054051 0.114145 0.113353
v -0.036657 0.108791 0.117016
v -0.032584 0.113559 0.099419
v -0.048046 0.118319 0.096163
vt 0.000000 0.000000
vt 1.000000 0.000000
vt 1.000000 1.000000
vt 0.000000 1.000000
f 3109/3109 3110/3110 3111/3111 3112/3112
usemtl white
v -0.032584 0.113559 0.099419
v -0.016460 0.110664 0.101400
v -0.018517 0.105534 0.119244
v -0.036657 0.108791 0.117016
vt 0.000000 0.000000
vt 1.000000 0.000000
vt 1.000000 1.000000
vt 0.000000 1.000000
f 3113/3113 3114/3114 3115/3115 3116/3116
usemtl dark
v -0.036657 0.108791 0.117016
v -0.018517 0.105534 0.119244
v -0.016460 0.110664 0.101400
v -0.032584 0.113559 0.099419
vt 0.000000 0.000000
vt 1.000000 0.000000
vt 1.000000 1.000000
vt 0.000000 1.000000
f 3117/3117 3118/3118 3119/3119 3120/3120
usemtl white
v -0.016460 0.110664 0.101400
v -0.000000 0.109693 0.102064
v -0.000000 0.104441 0.119992
v -0.018517 0.105534 0.119244
vt 0.000000 0.000000
vt 1.000000 0.000000
vt 1.000000 1.000000
vt 0.000000 1.000000
f 3121/3121 3122/3122 3123/3123 3124/3124
usemtl dark
v -0.018517 0.105534 0.119244
v -0.000000 0.104441 0.119992
v -0.000000 0.109693 0.102064
v -0.016460 0.110664 0.101400
vt 0.000000 0.000000
vt 1.000000 0.000000
vt 1.000000 1.000000
vt 0.000000 1.000000
f 3125/3125 3126/3126 3127/3127 3128/3128
usemtl white
v -0.000000 0.109693 0.102064
v 0.016460 0.110664 0.101400
v 0.018517 0.105534 0.119244
v -0.000000 0.104441 0.119992
vt 0.000000 0.000000
vt 1.000000 0.000000
vt 1.000000 1.000000
vt 0.000000 1.000000
f 3129/3129 3130/3130 3131/3131 3132/3132
usemtl dark
v -0.000000 0.104441 0.119992
v 0.018517 0.105534 0.119244
v 0.016460 0.110664 0.101400
v -0.000000 0.109693 0.102064
vt 0.000000 0.000000
vt 1.000000 0.000000
vt 1.000000 1.000000
vt 0.000000 1.000000
f 3133/3133 3134/3134 3135/3135 3136/3136
usemtl white
v 0.016460 0.110664 0.101400
v 0.032584 0.113559 0.099419
v 0.036657 0.108791 0.117016
v 0.018517 0.105534 0.119244
vt 0.000000 0.000000
vt 1.000000 0.000000
vt 1.000000 1.000000
vt 0.000000 1.000000
f 3137/3137 3138/3138 3139/3139 3140/3140
usemtl dark
v 0.018517 0.105534 0.119244
v 0.036657 0.108791 0.117016
v 0.032584 0.113559 0.099419
v 0.016460 0.110664 0.101400
vt 0.000000 0.000000
vt 1.000000 0.000000
vt 1.000000 1.000000
vt 0.000000 1.000000
f 3141/3141 3142/3142 3143/3143 3144/3144
usemtl white
v 0.032584 0.113559 0.099419
v 0.048046 0.118319 0.096163
v 0.054051 0.114145 0.113353
v 0.036657 0.108791 0.117016
vt 0.000000 0.000000
vt 1.000000 0.000000
vt 1.000000 1.000000
vt 0.000000 1.000000
f 3145/3145 3146/3146 3147/3147 3148/3148
usemtl dark
v 0.036657 0.108791 0.117016
v 0.054051 0.114145 0.113353
v 0.048046 0.118319 0.096163
v 0.032584 0.113559 0.099419
vt 0.000000 0.000000
vt 1.000000 0.000000
vt 1.000000 1.000000
vt 0.000000 1.000000
f 3149/3149 3150/3150 3151/3151 3152/3152
usemtl white
v 0.048046 0.118319 0.096163
v 0.062529 0.124846 0.091697
v 0.070345 0.121488 0.108329
v 0.054051 0.114145 0.113353
vt 0.000000 0.000000
vt 1.000000 0.000000
vt 1.000000 1.000000
vt 0.000000 1.000000
f 3153/3153 3154/3154 3155/3155 3156/3156
usemtl dark
v 0.054051 0.114145 0.113353
v 0.070345 0.121488 0.108329
v 0.062529 0.124846 0.091697
v 0.048046 0.118319 0.096163
vt 0.000000 0.000000
vt 1.000000 0.000000
vt 1.000000 1.000000
vt 0.000000 1.000000
f 3157/3157 3158/3158 3159/3159 3160/3160
usemtl white
v 0.062529 0.124846 0.091697
v 0.075739 0.133008 0.086114
v 0.085207 0.130670 0.102047
v 0.070345 0.121488 0.108329
vt 0.000000 0.000000
vt 1.000000 0.000000
vt 1.000000 1.000000
vt 0.000000 1.000000
f 3161/3161 3162/3162 3163/3163 3164/3164
usemtl dark
v 0.070345 0.121488 0.108329
v 0.085207 0.130670 0.102047
v 0.075739 0.133008 0.086114
v 0.062529 0.124846 0.091697
vt 0.000000 0.000000
vt 1.000000 0.000000
vt 1.000000 1.000000
vt 0.000000 1.000000
f 3165/3165 3166/3166 3167/3167 3168/3168
usemtl white
v 0.075739 0.133008 0.086114
v 0.087408 0.142638 0.079525
v 0.098334 0.141504 0.094635
v 0.085207 0.130670 0.102047
vt 0.000000 0.000000
vt 1.000000 0.000000
vt 1.000000 1.000000
vt 0.000000 1.000000
f 3169/3169 3170/3170 3171/3171 3172/3172
usemtl dark
v 0.085207 0.130670 0.102047
v 0.098334 0.141504 0.094635
v 0.087408 0.142638 0.079525
v 0.075739 0.133008 0.086114
vt 0.000000 0.000000
vt 1.000000 0.000000
vt 1.000000 1.000000
vt 0.000000 1.000000
f 3173/3173 3174/3174 3175/3175 3176/3176
usemtl white
v 0.087408 0.142638 0.079525
v 0.097297 0.153541 0.072066
v 0.109459 0.153770 0.086243
v 0.098334 0.141504 0.094635
vt 0.000000 0.000000
vt 1.000000 0.000000
vt 1.000000 1.000000
vt 0.000000 1.000000
f 3177/3177 3178/3178 3179/3179 3180/3180
usemtl dark
v 0.098334 0.141504 0.094635
v 0.109459 0.153770 0.086243
v 0.097297 0.153541 0.072066
v 0.087408 0.142638 0.079525
vt 0.000000 0.000000
vt 1.000000 0.000000
vt 1.000000 1.000000
vt 0.000000 1.000000
f 3181/3181 3182/3182 3183/3183 3184/3184
usemtl white
v 0.097297 0.153541 0.072066
v 0.105205 0.165495 0.063888
v 0.118356 0.167218 0.077043
v 0.109459 0.153770 0.086243
vt 0.000000 0.000000
vt 1.000000 0.000000
vt 1.000000 1.000000
vt 0.000000 1.000000
f 3185/3185 3186/3186 3187/3187 3188/3188
usemtl dark
v 0.109459 0.153770 0.086243
v 0.118356 0.167218 0.077043
v 0.105205 0.165495 0.063888
v 0.097297 0.153541 0.072066
vt 0.000000 0.000000
vt 1.000000 0.000000
vt 1.000000 1.000000
vt 0.000000 1.000000
f 3189/3189 3190/3190 3191/3191 3192/3192
usemtl white
v 0.105205 0.165495 0.063888
v 0.110972 0.178255 0.055158
v 0.124844 0.181574 0.067222
v 0.118356 0.167218 0.077043
vt 0.000000 0.000000
vt 1.000000 0.000000
vt 1.000000 1.000000
vt 0.000000 1.000000
f 3193/3193 3194/3194 3195/3195 3196/3196
usemtl dark
v 0.118356 0.167218 0.077043
v 0.124844 0.181574 0.067222
v 0.110972 0.178255 0.055158
v 0.105205 0.165495 0.063888
vt 0.000000 0.000000
vt 1.000000 0.000000
vt 1.000000 1.000000
vt 0.000000 1.000000
f 3197/3197 3198/3198 3199/3199 3200/3200
usemtl white
v 0.110972 0.178255 0.055158
v 0.114480 0.191564 0.046053
v 0.128790 0.196546 0.056979
v 0.124844 0.181574 0.067222
vt 0.000000 0.000000
vt 1.000000 0.000000
vt 1.000000 1.000000
vt 0.000000 1.000000
f 3201/3201 3202/3202 3203/3203 3204/3204
usemtl dark
v 0.124844 0.181574 0.067222
v 0.128790 0.196546 0.056979
v 0.114480 0.191564 0.046053
v 0.110972 0.178255 0.055158
vt 0.000000 0.000000
vt 1.000000 0.000000
vt 1.000000 1.000000
vt 0.000000 1.000000
f 3205/3205 3206/3206 3207/3207 3208/3208
usemtl white
v 0.114480 0.191564 0.046053
v 0.115657 0.205148 0.036759
v 0.130114 0.211829 0.046524
v 0.128790 0.196546 0.056979
vt 0.000000 0.000000
vt 1.000000 0.000000
vt 1.000000 1.000000
vt 0.000000 1.000000
f 3209/3209 3210/3210 3211/3211 3212/3212
usemtl dark
v 0.128790 0.196546 0.056979
v 0.130114 0.211829 0.046524
v 0.115657 0.205148 0.036759
v 0.114480 0.191564 0.046053
vt 0.000000 0.000000
vt 1.000000 0.000000
vt 1.000000 1.000000
vt 0.000000 1.000000
f 3213/3213 3214/3214 3215/3215 3216/3216
usemtl white
v 0.130114 0.211829 0.046524
v 0.128790 0.227111 0.036068
v 0.143100 0.236276 0.045819
v 0.144571 0.219295 0.057437
vt 0.000000 0.000000
vt 1.000000 0.000000
vt 1.000000 1.000000
vt 0.000000 1.000000
f 3217/3217 3218/3218 3219/3219 3220/3220
usemtl dark
v 0.144571 0.219295 0.057437
v 0.143100 0.236276 0.045819
v 0.128790 0.227111 0.036068
v 0.130114 0.211829 0.046524
vt 0.000000 0.000000
vt 1.000000 0.000000
vt 1.000000 1.000000
vt 0.000000 1.000000
f 3221/3221 3222/3222 3223/3223 3224/3224
usemtl white
v 0.128790 0.227111 0.036068
v 0.124844 0.242083 0.025825
v 0.138715 0.252911 0.034438
v 0.143100 0.236276 0.045819
vt 0.000000 0.000000
vt 1.000000 0.000000
vt 1.000000 1.000000
vt 0.000000 1.000000
f 3225/3225 3226/3226 3227/3227 3228/3228
usemtl dark
v 0.143100 0.236276 0.045819
v 0.138715 0.252911 0.034438
v 0.124844 0.242083 0.025825
v 0.128790 0.227111 0.036068
vt 0.000000 0.000000
vt 1.000000 0.000000
vt 1.000000 1.000000
vt 0.000000 1.000000
f 3229/3229 3230/3230 3231/3231 3232/3232
usemtl white
v 0.124844 0.242083 0.025825
v 0.118356 0.256439 0.016004
v 0.131507 0.268862 0.023526
v 0.138715 0.252911 0.034438
vt 0.000000 0.000000
vt 1.000000 0.000000
vt 1.000000 1.000000
vt 0.000000 1.000000
f 3233/3233 3234/3234 3235/3235 3236/3236
usemtl dark
v 0.138715 0.252911 0.034438
v 0.131507 0.268862 0.023526
v 0.118356 0.256439 0.016004
v 0.124844 0.242083 0.025825
vt 0.000000 0.000000
vt 1.000000 0.000000
vt 1.000000 1.000000
vt 0.000000 1.000000
f 3237/3237 3238/3238 3239/3239 3240/3240
usemtl white
v 0.118356 0.256439 0.016004
v 0.109459 0.269887 0.006804
v 0.121621 0.283804 0.013303
v 0.131507 0.268862 0.023526
vt 0.000000 0.000000
vt 1.000000 0.000000
vt 1.000000 1.000000
vt 0.000000 1.000000
f 3241/3241 3242/3242 3243/3243 3244/3244
usemtl dark
v 0.131507 0.268862 0.023526
v 0.121621 0.283804 0.013303
v 0.109459 0.269887 0.006804
v 0.118356 0.256439 0.016004
vt 0.000000 0.000000
vt 1.000000 0.000000
vt 1.000000 1.000000
vt 0.000000 1.000000
f 3245/3245 3246/3246 3247/3247 3248/3248
usemtl white
v 0.109459 0.269887 0.006804
v 0.098334 0.282153 -0.001588
v 0.109260 0.297432 0.003980
v 0.121621 0.283804 0.013303
vt 0.000000 0.000000
vt 1.000000 0.000000
vt 1.000000 1.000000
vt 0.000000 1.000000
f 3249/3249 3250/3250 3251/3251 3252/3252
usemtl dark
v 0.121621 0.283804 0.013303
v 0.109260 0.297432 0.003980
v 0.098334 0.282153 -0.001588
v 0.109459 0.269887 0.006804
vt 0.000000 0.000000
vt 1.000000 0.000000
vt 1.000000 1.000000
vt 0.000000 1.000000
f 3253/3253 3254/3254 3255/3255 3256/3256
usemtl white
v 0.098334 0.282153 -0.001588
v 0.085207 0.292987 -0.009000
v 0.094674 0.309471 -0.004256
v 0.109260 0.297432 0.003980
vt 0.000000 0.000000
vt 1.000000 0.000000
vt 1.000000 1.000000
vt 0.000000 1.000000
f 3257/3257 3258/3258 3259/3259 3260/3260
usemtl dark
v 0.109260 0.297432 0.003980
v 0.094674 0.309471 -0.004256
v 0.085207 0.292987 -0.009000
v 0.098334 0.282153 -0.001588
vt 0.000000 0.000000
vt 1.000000 0.000000
vt 1.000000 1.000000
vt 0.000000 1.000000
f 3261/3261 3262/3262 3263/3263 3264/3264
usemtl white
v 0.085207 0.292987 -0.009000
v 0.070345 0.302169 -0.015282
v 0.078161 0.319673 -0.011236
v 0.094674 0.309471 -0.004256
vt 0.000000 0.000000
vt 1.000000 0.000000
vt 1.000000 1.000000
vt 0.000000 1.000000
f 3265/3265 3266/3266 3267/3267 3268/3268
usemtl dark
v 0.094674 0.309471 -0.004256
v 0.078161 0.319673 -0.011236
v 0.070345 0.302169 -0.015282
v 0.085207 0.292987 -0.009000
vt 0.000000 0.000000
vt 1.000000 0.000000
vt 1.000000 1.000000
vt 0.000000 1.000000
f 3269/3269 3270/3270 3271/3271 3272/3272
usemtl white
v 0.070345 0.302169 -0.015282
v 0.054051 0.309512 -0.020305
v 0.060057 0.327832 -0.016818
v 0.078161 0.319673 -0.011236
vt 0.000000 0.000000
vt 1.000000 0.000000
vt 1.000000 1.000000
vt 0.000000 1.000000
f 3273/3273 3274/3274 3275/3275 3276/3276
usemtl dark
v 0.078161 0.319673 -0.011236
v 0.060057 0.327832 -0.016818
v 0.054051 0.309512 -0.020305
v 0.070345 0.302169 -0.015282
vt 0.000000 0.000000
vt 1.000000 0.000000
vt 1.000000 1.000000
vt 0.000000 1.000000
f 3277/3277 3278/3278 3279/3279 3280/3280
usemtl white
v 0.054051 0.309512 -0.020305
v 0.036657 0.314867 -0.023968
v 0.040730 0.333781 -0.020888
v 0.060057 0.327832 -0.016818
vt 0.000000 0.000000
vt 1.000000 0.000000
vt 1.000000 1.000000
vt 0.000000 1.000000
f 3281/3281 3282/3282 3283/3283 3284/3284
usemtl dark
v 0.060057 0.327832 -0.016818
v 0.040730 0.333781 -0.020888
v 0.036657 0.314867 -0.023968
v 0.054051 0.309512 -0.020305
vt 0.000000 0.000000
vt 1.000000 0.000000
vt 1.000000 1.000000
vt 0.000000 1.000000
f 3285/3285 3286/3286 3287/3287 3288/3288
usemtl white
v 0.036657 0.314867 -0.023968
v 0.018517 0.318123 -0.026197
v 0.020575 0.337400 -0.023364
v 0.040730 0.333781 -0.020888
vt 0.000000 0.000000
vt 1.000000 0.000000
vt 1.000000 1.000000
vt 0.000000 1.000000
f 3289/3289 3290/3290 3291/3291 3292/3292
usemtl dark
v 0.040730 0.333781 -0.020888
v 0.020575 0.337400 -0.023364
v 0.018517 0.318123 -0.026197
v 0.036657 0.314867 -0.023968
vt 0.000000 0.000000
vt 1.000000 0.000000
vt 1.000000 1.000000
vt 0.000000 1.000000
f 3293/3293 3294/3294 3295/3295 3296/3296
usemtl white
v 0.018517 0.318123 -0.026197
v 0.000000 0.319217 -0.026944
v 0.000000 0.338614 -0.024195
v 0.020575 0.337400 -0.023364
vt 0.000000 0.000000
vt 1.000000 0.000000
vt 1.000000 1.000000
vt 0.000000 1.000000
f 3297/3297 3298/3298 3299/3299 3300/3300
usemtl dark
v 0.020575 0.337400 -0.023364
v 0.000000 0.338614 -0.024195
v 0.000000 0.319217 -0.026944
v 0.018517 0.318123 -0.026197
vt 0.000000 0.000000
vt 1.000000 0.000000
vt 1.000000 1.000000
vt 0.000000 1.000000
f 3301/3301 3302/3302 3303/3303 3304/3304
usemtl white
v 0.000000 0.319217 -0.026944
v -0.018517 0.318123 -0.026197
v -0.020575 0.337400 -0.023364
v 0.000000 0.338614 -0.024195
vt 0.000000 0.000000
vt 1.000000 0.000000
vt 1.000000 1.000000
vt 0.000000 1.000000
f 3305/3305 3306/3306 3307/3307 3308/3308
usemtl dark
v 0.000000 0.338614 -0.024195
v -0.020575 0.337400 -0.023364
v -0.018517 0.318123 -0.026197
v 0.000000 0.319217 -0.026944
vt 0.000000 0.000000
vt 1.000000 0.000000
vt 1.000000 1.000000
vt 0.000000 1.000000
f 3309/3309 3310/3310 3311/3311 3312/3312
usemtl white
v -0.018517 0.318123 -0.026197
v -0.036657 0.314867 -0.023968
v -0.040730 0.333781 -0.020888
v -0.020575 0.337400 -0.023364
vt 0.000000 0.000000
vt 1.000000 0.000000
vt 1.000000 1.000000
vt 0.000000 1.000000
f 3313/3313 3314/3314 3315/3315 3316/3316
usemtl dark
v -0.020575 0.337400 -0.023364
v -0.040730 0.333781 -0.020888
v -0.036657 0.314867 -0.023968
v -0.018517 0.318123 -0.026197
vt 0.000000 0.000000
vt 1.000000 0.000000
vt 1.000000 1.000000
vt 0.000000 1.000000
f 3317/3317 3318/3318 3319/3319 3320/3320
usemtl white
v -0.036657 0.314867 -0.023968
v -0.054051 0.309512 -0.020305
v -0.060057 0.327832 -0.016818
v -0.040730 0.333781 -0.020888
vt 0.000000 0.000000
vt 1.000000 0.000000
vt 1.000000 1.000000
vt 0.000000 1.000000
f 3321/3321 3322/3322 3323/3323 3324/3324
usemtl dark
v -0.040730 0.333781 -0.020888
v -0.060057 0.327832 -0.016818
v -0.054051 0.309512 -0.020305
v -0.036657 0.314867 -0.023968
vt 0.000000 0.000000
vt 1.000000 0.000000
vt 1.000000 1.000000
vt 0.000000 1.000000
f 3325/3325 3326/3326 3327/3327 3328/3328
usemtl white
v -0.054051 0.309512 -0.020305
v -0.070345 0.302169 -0.015282
v -0.078161 0.319673 -0.011236
v -0.060057 0.327832 -0.016818
vt 0.000000 0.000000
vt 1.000000 0.000000
vt 1.000000 1.000000
vt 0.000000 1.000000
f 3329/3329 3330/3330 3331/3331 3332/3332
usemtl dark
v -0.060057 0.327832 -0.016818
v -0.078161 0.319673 -0.011236
v -0.070345 0.302169 -0.015282
v -0.054051 0.309512 -0.020305
vt 0.000000 0.000000
vt 1.000000 0.000000
vt 1.000000 1.000000
vt 0.000000 1.000000
f 3333/3333 3334/3334 3335/3335 3336/3336
usemtl white
v -0.070345 0.302169 -0.015282
v -0.085207 0.292987 -0.009000
v -0.094674 0.309471 -0.004256
v -0.078161 0.319673 -0.011236
vt 0.000000 0.000000
vt 1.000000 0.000000
vt 1.000000 1.000000
vt 0.000000 1.000000
f 3337/3337 3338/3338 3339/3339 3340/3340
usemtl dark
v -0.078161 0.319673 -0.011236
v -0.094674 0.309471 -0.004256
v -0.085207 0.292987 -0.009000
v -0.070345 0.302169 -0.015282
vt 0.000000 0.000000
vt 1.000000 0.000000
vt 1.000000 1.000000
vt 0.000000 1.000000
f 3341/3341 3342/3342 3343/3343 3344/3344
usemtl white
v -0.085207 0.292987 -0.009000
v -0.098334 0.282153 -0.001588
v -0.109260 0.297432 0.003980
v -0.094674 0.309471 -0.004256
vt 0.000000 0.000000
vt 1.000000 0.000000
vt 1.000000 1.000000
vt 0.000000 1.000000
f 3345/3345 3346/3346 3347/3347 3348/3348
usemtl dark
v -0.094674 0.309471 -0.004256
v -0.109260 0.297432 0.003980
v -0.098334 0.282153 -0.001588
v -0.085207 0.292987 -0.009000
vt 0.000000 0.000000
vt 1.000000 0.000000
vt 1.000000 1.000000
vt 0.000000 1.000000
f 3349/3349 3350/3350 3351/3351 3352/3352
usemtl white
v -0.098334 0.282153 -0.001588
v -0.109459 0.269887 0.006804
v -0.121621 0.283804 0.013303
v -0.109260 0.297432 0.003980
vt 0.000000 0.000000
vt 1.000000 0.000000
vt 1.000000 1.000000
vt 0.000000 1.000000
f 3353/3353 3354/3354 3355/3355 3356/3356
usemtl dark
v -0.109260 0.297432 0.003980
v -0.121621 0.283804 0.013303
v -0.109459 0.269887 0.006804
v -0.098334 0.282153 -0.001588
vt 0.000000 0.000000
vt 1.000000 0.000000
vt 1.000000 1.000000
vt 0.000000 1.000000
f 3357/3357 3358/3358 3359/3359 3360/3360
usemtl white
v -0.109459 0.269887 0.006804
v -0.118356 0.256439 0.016004
v -0.131507 0.268862 0.023526
v -0.121621 0.283804 0.013303
vt 0.000000 0.000000
vt 1.000000 0.000000
vt 1.000000 1.000000
vt 0.000000 1.000000
f 3361/3361 3362/3362 3363/3363 3364/3364
usemtl dark
v -0.121621 0.283804 0.013303
v -0.131507 0.268862 0.023526
v -0.118356 0.256439 0.016004
v -0.109459 0.269887 0.006804
vt 0.000000 0.000000
vt 1.000000 0.000000
vt 1.000000 1.000000
vt 0.000000 1.000000
f 3365/3365 3366/3366 3367/3367 3368/3368
usemtl white
v -0.118356 0.256439 0.016004
v -0.124844 0.242083 0.025825
v -0.138715 0.252911 0.034438
v -0.131507 0.268862 0.023526
vt 0.000000 0.000000
vt 1.000000 0.000000
vt 1.000000 1.000000
vt 0.000000 1.000000
f 3369/3369 3370/3370 3371/3371 3372/3372
usemtl dark
v -0.131507 0.268862 0.023526
v -0.138715 0.252911 0.034438
v -0.124844 0.242083 0.025825
v -0.118356 0.256439 0.016004
vt 0.000000 0.000000
vt 1.000000 0.000000
vt 1.000000 1.000000
vt 0.000000 1.000000
f 3373/3373 3374/3374 3375/3375 3376/3376
usemtl white
v -0.124844 0.242083 0.025825
v -0.128790 0.227111 0.036068
v -0.143100 0.236276 0.045819
v -0.138715 0.252911 0.034438
vt 0.000000 0.000000
vt 1.000000 0.000000
vt 1.000000 1.000000
vt 0.000000 1.000000
f 3377/3377 3378/3378 3379/3379 3380/3380
usemtl dark
v -0.138715 0.252911 0.034438
v -0.143100 0.236276 0.045819
v -0.128790 0.227111 0.036068
v -0.124844 0.242083 0.025825
vt 0.000000 0.000000
vt 1.000000 0.000000
vt 1.000000 1.000000
vt 0.000000 1.000000
f 3381/3381 3382/3382 3383/3383 3384/3384
usemtl white
v -0.128790 0.227111 0.036068
v -0.130114 0.211829 0.046524
v -0.144571 0.219295 0.057437
v -0.143100 0.236276 0.045819
vt 0.000000 0.000000
vt 1.000000 0.000000
vt 1.000000 1.000000
vt 0.000000 1.000000
f 3385/3385 3386/3386 3387/3387 3388/3388
usemtl dark
v -0.143100 0.236276 0.045819
v -0.144571 0.219295 0.057437
v -0.130114 0.211829 0.046524
v -0.128790 0.227111 0.036068
vt 0.000000 0.000000
vt 1.000000 0.000000
vt 1.000000 1.000000
vt 0.000000 1.000000
f 3389/3389 3390/3390 3391/3391 3392/3392
usemtl white
v -0.130114 0.211829 0.046524
v -0.128790 0.196546 0.056979
v -0.143100 0.202314 0.069054
v -0.144571 0.219295 0.057437
vt 0.000000 0.000000
vt 1.000000 0.000000
vt 1.000000 1.000000
vt 0.000000 1.000000
f 3393/3393 3394/3394 3395/3395 3396/3396
usemtl dark
v -0.144571 0.219295 0.057437
v -0.143100 0.202314 0.069054
v -0.128790 0.196546 0.056979
v -0.130114 0.211829 0.046524
vt 0.000000 0.000000
vt 1.000000 0.000000
vt 1.000000 1.000000
vt 0.000000 1.000000
f 3397/3397 3398/3398 3399/3399 3400/3400
usemtl white
v -0.128790 0.196546 0.056979
v -0.124844 0.181574 0.067222
v -0.138715 0.185678 0.080435
v -0.143100 0.202314 0.069054
vt 0.000000 0.000000
vt 1.000000 0.000000
vt 1.000000 1.000000
vt 0.000000 1.000000
f 3401/3401 3402/3402 3403/3403 3404/3404
usemtl dark
v -0.143100 0.202314 0.069054
v -0.138715 0.185678 0.080435
v -0.124844 0.181574 0.067222
v -0.128790 0.196546 0.056979
vt 0.000000 0.000000
vt 1.000000 0.000000
vt 1.000000 1.000000
vt 0.000000 1.000000
f 3405/3405 3406/3406 3407/3407 3408/3408
usemtl white
v -0.124844 0.181574 0.067222
v -0.118356 0.167218 0.077043
v -0.131507 0.169727 0.091347
v -0.138715 0.185678 0.080435
vt 0.000000 0.000000
vt 1.000000 0.000000
vt 1.000000 1.000000
vt 0.000000 1.000000
f 3409/3409 3410/3410 3411/3411 3412/3412
usemtl dark
v -0.138715 0.185678 0.080435
v -0.131507 0.169727 0.091347
v -0.118356 0.167218 0.077043
v -0.124844 0.181574 0.067222
vt 0.000000 0.000000
vt 1.000000 0.000000
vt 1.000000 1.000000
vt 0.000000 1.000000
f 3413/3413 3414/3414 3415/3415 3416/3416
usemtl white
v -0.118356 0.167218 0.077043
v -0.109459 0.153770 0.086243
v -0.121621 0.154785 0.101570
v -0.131507 0.169727 0.091347
vt 0.000000 0.000000
vt 1.000000 0.000000
vt 1.000000 1.000000
vt 0.000000 1.000000
f 3417/3417 3418/3418 3419/3419 3420/3420
usemtl dark
v -0.131507 0.169727 0.091347
v -0.121621 0.154785 0.101570
v -0.109459 0.153770 0.086243
v -0.118356 0.167218 0.077043
vt 0.000000 0.000000
vt 1.000000 0.000000
vt 1.000000 1.000000
vt 0.000000 1.000000
f 3421/3421 3422/3422 3423/3423 3424/3424
usemtl white
v -0.109459 0.153770 0.086243
v -0.098334 0.141504 0.094635
v -0.109260 0.141157 0.110894
v -0.121621 0.154785 0.101570
vt 0.000000 0.000000
vt 1.000000 0.000000
vt 1.000000 1.000000
vt 0.000000 1.000000
f 3425/3425 3426/3426 3427/3427 3428/3428
usemtl dark
v -0.121621 0.154785 0.101570
v -0.109260 0.141157 0.110894
v -0.098334 0.141504 0.094635
v -0.109459 0.153770 0.086243
vt 0.000000 0.000000
vt 1.000000 0.000000
vt 1.000000 1.000000
vt 0.000000 1.000000
f 3429/3429 3430/3430 3431/3431 3432/3432
usemtl white
v -0.098334 0.141504 0.094635
v -0.085207 0.130670 0.102047
v -0.094674 0.129119 0.119129
v -0.109260 0.141157 0.110894
vt 0.000000 0.000000
vt 1.000000 0.000000
vt 1.000000 1.000000
vt 0.000000 1.000000
f 3433/3433 3434/3434 3435/3435 3436/3436
usemtl dark
v -0.109260 0.141157 0.110894
v -0.094674 0.129119 0.119129
v -0.085207 0.130670 0.102047
v -0.098334 0.141504 0.094635
vt 0.000000 0.000000
vt 1.000000 0.000000
vt 1.000000 1.000000
vt 0.000000 1.000000
f 3437/3437 3438/3438 3439/3439 3440/3440
usemtl white
v -0.085207 0.130670 0.102047
v -0.070345 0.121488 0.108329
v -0.078161 0.118916 0.126109
v -0.094674 0.129119 0.119129
vt 0.000000 0.000000
vt 1.000000 0.000000
vt 1.000000 1.000000
vt 0.000000 1.000000
f 3441/3441 3442/3442 3443/3443 3444/3444
usemtl dark
v -0.094674 0.129119 0.119129
v -0.078161 0.118916 0.126109
v -0.070345 0.121488 0.108329
v -0.085207 0.130670 0.102047
vt 0.000000 0.000000
vt 1.000000 0.000000
vt 1.000000 1.000000
vt 0.000000 1.000000
f 3445/3445 3446/3446 3447/3447 3448/3448
usemtl white
v -0.070345 0.121488 0.108329
v -0.054051 0.114145 0.113353
v -0.060057 0.110757 0.131691
v -0.078161 0.118916 0.126109
vt 0.000000 0.000000
vt 1.000000 0.000000
vt 1.000000 1.000000
vt 0.000000 1.000000
f 3449/3449 3450/3450 3451/3451 3452/3452
usemtl dark
v -0.078161 0.118916 0.126109
v -0.060057 0.110757 0.131691
v -0.054051 0.114145 0.113353
v -0.070345 0.121488 0.108329
vt 0.000000 0.000000
vt 1.000000 0.000000
vt 1.000000 1.000000
vt 0.000000 1.000000
f 3453/3453 3454/3454 3455/3455 3456/3456
usemtl white
v -0.054051 0.114145 0.113353
v -0.036657 0.108791 0.117016
v -0.040730 0.104808 0.135761
v -0.060057 0.110757 0.131691
vt 0.000000 0.000000
vt 1.000000 0.000000
vt 1.000000 1.000000
vt 0.000000 1.000000
f 3457/3457 3458/3458 3459/3459 3460/3460
usemtl dark
v -0.060057 0.110757 0.131691
v -0.040730 0.104808 0.135761
v -0.036657 0.108791 0.117016
v -0.054051 0.114145 0.113353
vt 0.000000 0.000000
vt 1.000000 0.000000
vt 1.000000 1.000000
vt 0.000000 1.000000
f 3461/3461 3462/3462 3463/3463 3464/3464
usemtl white
v -0.036657 0.108791 0.117016
v -0.018517 0.105534 0.119244
v -0.020575 0.101189 0.138237
v -0.040730 0.104808 0.135761
vt 0.000000 0.000000
vt 1.000000 0.000000
vt 1.000000 1.000000
vt 0.000000 1.000000
f 3465/3465 3466/3466 3467/3467 3468/3468
usemtl dark
v -0.040730 0.104808 0.135761
v -0.020575 0.101189 0.138237
v -0.018517 0.105534 0.119244
v -0.036657 0.108791 0.117016
vt 0.000000 0.000000
vt 1.000000 0.000000
vt 1.000000 1.000000
vt 0.000000 1.000000
f 3469/3469 3470/3470 3471/3471 3472/3472
usemtl white
v -0.018517 0.105534 0.119244
v -0.000000 0.104441 0.119992
v -0.000000 0.099975 0.139068
v -0.020575 0.101189 0.138237
vt 0.000000 0.000000
vt 1.000000 0.000000
vt 1.000000 1.000000
vt 0.000000 1.000000
f 3473/3473 3474/3474 3475/3475 3476/3476
usemtl dark
v -0.020575 0.101189 0.138237
v -0.000000 0.099975 0.139068
v -0.000000 0.104441 0.119992
v -0.018517 0.105534 0.119244
vt 0.000000 0.000000
vt 1.000000 0.000000
vt 1.000000 1.000000
vt 0.000000 1.000000
f 3477/3477 3478/3478 3479/3479 3480/3480
usemtl white
v -0.000000 0.104441 0.119992
v 0.018517 0.105534 0.119244
v 0.020575 0.101189 0.138237
v -0.000000 0.099975 0.139068
vt 0.000000 0.000000
vt 1.000000 0.000000
vt 1.000000 1.000000
vt 0.000000 1.000000
f 3481/3481 3482/3482 3483/3483 3484/3484
usemtl dark
v -0.000000 0.099975 0.139068
v 0.020575 0.101189 0.138237
v 0.018517 0.105534 0.119244
v -0.000000 0.104441 0.119992
vt 0.000000 0.000000
vt 1.000000 0.000000
vt 1.000000 1.000000
vt 0.000000 1.000000
f 3485/3485 3486/3486 3487/3487 3488/3488
usemtl white
v 0.018517 0.105534 0.119244
v 0.036657 0.108791 0.117016
v 0.040730 0.104808 0.135761
v 0.020575 0.101189 0.138237
vt 0.000000 0.000000
vt 1.000000 0.000000
vt 1.000000 1.000000
vt 0.000000 1.000000
f 3489/3489 3490/3490 3491/3491 3492/3492
usemtl dark
v 0.020575 0.101189 0.138237
v 0.040730 0.104808 0.135761
v 0.036657 0.108791 0.117016
v 0.018517 0.105534 0.119244
vt 0.000000 0.000000
vt 1.000000 0.000000
vt 1.000000 1.000000
vt 0.000000 1.000000
f 3493/3493 3494/3494 3495/3495 3496/3496
usemtl white
v 0.036657 0.108791 0.117016
v 0.054051 0.114145 0.113353
v 0.060057 0.110757 0.131691
v 0.040730 0.104808 0.135761
vt 0.000000 0.000000
vt 1.000000 0.000000
vt 1.000000 1.000000
vt 0.000000 1.000000
f 3497/3497 3498/3498 3499/3499 3500/3500
usemtl dark
v 0.040730 0.104808 0.135761
v 0.060057 0.110757 0.131691
v 0.054051 0.114145 0.113353
v 0.036657 0.108791 0.117016
vt 0.000000 0.000000
vt 1.000000 0.000000
vt 1.000000 1.000000
vt 0.000000 1.000000
f 3501/3501 3502/3502 3503/3503 3504/3504
usemtl white
v 0.054051 0.114145 0.113353
v 0.070345 0.121488 0.108329
v 0.078161 0.118916 0.126109
v 0.060057 0.110757 0.131691
vt 0.000000 0.000000
vt 1.000000 0.000000
vt 1.000000 1.000000
vt 0.000000 1.000000
f 3505/3505 3506/3506 3507/3507 3508/3508
usemtl dark
v 0.060057 0.110757 0.131691
v 0.078161 0.118916 0.126109
v 0.070345 0.121488 0.108329
v 0.054051 0.114145 0.113353
vt 0.000000 0.000000
vt 1.000000 0.000000
vt 1.000000 1.000000
vt 0.000000 1.000000
f 3509/3509 3510/3510 3511/3511 3512/3512
usemtl white
v 0.070345 0.121488 0.108329
v 0.085207 0.130670 0.102047
v 0.094674 0.129119 0.119129
v 0.078161 0.118916 0.126109
vt 0.000000 0.000000
vt 1.000000 0.000000
vt 1.000000 1.000000
vt 0.000000 1.000000
f 3513/3513 3514/3514 3515/3515 3516/3516
usemtl dark
v 0.078161 0.118916 0.126109
v 0.094674 0.129119 0.119129
v 0.085207 0.130670 0.102047
v 0.070345 0.121488 0.108329
vt 0.000000 0.000000
vt 1.000000 0.000000
vt 1.000000 1.000000
vt 0.000000 1.000000
f 3517/3517 3518/3518 3519/3519 3520/3520
usemtl white
v 0.085207 0.130670 0.102047
v 0.098334 0.141504 0.094635
v 0.109260 0.141157 0.110894
v 0.094674 0.129119 0.119129
vt 0.000000 0.000000
vt 1.000000 0.000000
vt 1.000000 1.000000
vt 0.000000 1.000000
f 3521/3521 3522/3522 3523/3523 3524/3524
usemtl dark
v 0.094674 0.129119 0.119129
v 0.109260 0.141157 0.110894
v 0.098334 0.141504 0.094635
v 0.085207 0.130670 0.102047
vt 0.000000 0.000000
vt 1.000000 0.000000
vt 1.000000 1.000000
vt 0.000000 1.000000
f 3525/3525 3526/3526 3527/3527 3528/3528
usemtl white
v 0.098334 0.141504 0.094635
v 0.109459 0.153770 0.086243
v 0.121621 0.154785 0.101570
v 0.109260 0.141157 0.110894
vt 0.000000 0.000000
vt 1.000000 0.000000
vt 1.000000 1.000000
vt 0.000000 1.000000
f 3529/3529 3530/3530 3531/3531 3532/3532
usemtl dark
v 0.109260 0.141157 0.110894
v 0.121621 0.154785 0.101570
v 0.109459 0.153770 0.086243
v 0.098334 0.141504 0.094635
vt 0.000000 0.000000
vt 1.000000 0.000000
vt 1.000000 1.000000
vt 0.000000 1.000000
f 3533/3533 3534/3534 3535/3535 3536/3536
usemtl white
v 0.109459 0.153770 0.086243
v 0.118356 0.167218 0.077043
v 0.131507 0.169727 0.091347
v 0.121621 0.154785 0.101570
vt 0.000000 0.000000
vt 1.000000 0.000000
vt 1.000000 1.000000
vt 0.000000 1.000000
f 3537/3537 3538/3538 3539/3539 3540/3540
usemtl dark
v 0.121621 0.154785 0.101570
v 0.131507 0.169727 0.091347
v 0.118356 0.167218 0.077043
v 0.109459 0.153770 0.086243
vt 0.000000 0.000000
vt 1.000000 0.000000
vt 1.000000 1.000000
vt 0.000000 1.000000
f 3541/3541 3542/3542 3543/3543 3544/3544
usemtl white
v 0.118356 0.167218 0.077043
v 0.124844 0.181574 0.067222
v 0.138715 0.185678 0.080435
v 0.131507 0.169727 0.091347
vt 0.000000 0.000000
vt 1.000000 0.000000
vt 1.000000 1.000000
vt 0.000000 1.000000
f 3545/3545 3546/3546 3547/3547 3548/3548
usemtl dark
v 0.131507 0.169727 0.091347
v 0.138715 0.185678 0.080435
v 0.124844 0.181574 0.067222
v 0.118356 0.167218 0.077043
vt 0.000000 0.000000
vt 1.000000 0.000000
vt 1.000000 1.000000
vt 0.000000 1.000000
f 3549/3549 3550/3550 3551/3551 3552/3552
usemtl white
v 0.124844 0.181574 0.067222
v 0.128790 0.196546 0.056979
v 0.143100 0.202314 0.069054
v 0.138715 0.185678 0.080435
vt 0.000000 0.000000
vt 1.000000 0.000000
vt 1.000000 1.000000
vt 0.000000 1.000000
f 3553/3553 3554/3554 3555/3555 3556/3556
usemtl dark
v 0.138715 0.185678 0.080435
v 0.143100 0.202314 0.069054
v 0.128790 0.196546 0.056979
v 0.124844 0.181574 0.067222
vt 0.000000 0.000000
vt 1.000000 0.000000
vt 1.000000 1.000000
vt 0.000000 1.000000
f 3557/3557 3558/3558 3559/3559 3560/3560
usemtl white
v 0.128790 0.196546 0.056979
v 0.130114 0.211829 0.046524
v 0.144571 0.219295 0.057437
v 0.143100 0.202314 0.069054
vt 0.000000 0.000000
vt 1.000000 0.000000
vt 1.000000 1.000000
vt 0.000000 1.000000
f 3561/3561 3562/3562 3563/3563 3564/3564
usemtl dark
v 0.143100 0.202314 0.069054
v 0.144571 0.219295 0.057437
v 0.130114 0.211829 0.046524
v 0.128790 0.196546 0.056979
vt 0.000000 0.000000
vt 1.000000 0.000000
vt 1.000000 1.000000
vt 0.000000 1.000000
f 3565/3565 3566/3566 3567/3567 3568/3568
usemtl white
v 0.144571 0.219295 0.057437
v 0.143100 0.236276 0.045819
v 0.157410 0.246225 0.056719
v 0.159029 0.227546 0.069498
vt 0.000000 0.000000
vt 1.000000 0.000000
vt 1.000000 1.000000
vt 0.000000 1.000000
f 3569/3569 3570/3570 3571/3571 3572/3572
usemtl dark
v 0.159029 0.227546 0.069498
v 0.157410 0.246225 0.056719
v 0.143100 0.236276 0.045819
v 0.144571 0.219295 0.057437
vt 0.000000 0.000000
vt 1.000000 0.000000
vt 1.000000 1.000000
vt 0.000000 1.000000
f 3573/3573 3574/3574 3575/3575 3576/3576
usemtl white
v 0.143100 0.236276 0.045819
v 0.138715 0.252911 0.034438
v 0.152587 0.264524 0.044200
v 0.157410 0.246225 0.056719
vt 0.000000 0.000000
vt 1.000000 0.000000
vt 1.000000 1.000000
vt 0.000000 1.000000
f 3577/3577 3578/3578 3579/3579 3580/3580
usemtl dark
v 0.157410 0.246225 0.056719
v 0.152587 0.264524 0.044200
v 0.138715 0.252911 0.034438
v 0.143100 0.236276 0.045819
vt 0.000000 0.000000
vt 1.000000 0.000000
vt 1.000000 1.000000
vt 0.000000 1.000000
f 3581/3581 3582/3582 3583/3583 3584/3584
usemtl white
v 0.138715 0.252911 0.034438
v 0.131507 0.268862 0.023526
v 0.144657 0.282070 0.032196
v 0.152587 0.264524 0.044200
vt 0.000000 0.000000
vt 1.000000 0.000000
vt 1.000000 1.000000
vt 0.000000 1.000000
f 3585/3585 3586/3586 3587/3587 3588/3588
usemtl dark
v 0.152587 0.264524 0.044200
v 0.144657 0.282070 0.032196
v 0.131507 0.268862 0.023526
v 0.138715 0.252911 0.034438
vt 0.000000 0.000000
vt 1.000000 0.000000
vt 1.000000 1.000000
vt 0.000000 1.000000
f 3589/3589 3590/3590 3591/3591 3592/3592
usemtl white
v 0.131507 0.268862 0.023526
v 0.121621 0.283804 0.013303
v 0.133783 0.298507 0.020952
v 0.144657 0.282070 0.032196
vt 0.000000 0.000000
vt 1.000000 0.000000
vt 1.000000 1.000000
vt 0.000000 1.000000
f 3593/3593 3594/3594 3595/3595 3596/3596
usemtl dark
v 0.144657 0.282070 0.032196
v 0.133783 0.298507 0.020952
v 0.121621 0.283804 0.013303
v 0.131507 0.268862 0.023526
vt 0.000000 0.000000
vt 1.000000 0.000000
vt 1.000000 1.000000
vt 0.000000 1.000000
f 3597/3597 3598/3598 3599/3599 3600/3600
usemtl white
v 0.121621 0.283804 0.013303
v 0.109260 0.297432 0.003980
v 0.120186 0.313498 0.010696
v 0.133783 0.298507 0.020952
vt 0.000000 0.000000
vt 1.000000 0.000000
vt 1.000000 1.000000
vt 0.000000 1.000000
f 3601/3601 3602/3602 3603/3603 3604/3604
usemtl dark
v 0.133783 0.298507 0.020952
v 0.120186 0.313498 0.010696
v 0.109260 0.297432 0.003980
v 0.121621 0.283804 0.013303
vt 0.000000 0.000000
vt 1.000000 0.000000
vt 1.000000 1.000000
vt 0.000000 1.000000
f 3605/3605 3606/3606 3607/3607 3608/3608
usemtl white
v 0.109260 0.297432 0.003980
v 0.094674 0.309471 -0.004256
v 0.104142 0.326740 0.001636
v 0.120186 0.313498 0.010696
vt 0.000000 0.000000
vt 1.000000 0.000000
vt 1.000000 1.000000
vt 0.000000 1.000000
f 3609/3609 3610/3610 3611/3611 3612/3612
usemtl dark
v 0.120186 0.313498 0.010696
v 0.104142 0.326740 0.001636
v 0.094674 0.309471 -0.004256
v 0.109260 0.297432 0.003980
vt 0.000000 0.000000
vt 1.000000 0.000000
vt 1.000000 1.000000
vt 0.000000 1.000000
f 3613/3613 3614/3614 3615/3615 3616/3616
usemtl white
v 0.094674 0.309471 -0.004256
v 0.078161 0.319673 -0.011236
v 0.085977 0.337963 -0.006041
v 0.104142 0.326740 0.001636
vt 0.000000 0.000000
vt 1.000000 0.000000
vt 1.000000 1.000000
vt 0.000000 1.000000
f 3617/3617 3618/3618 3619/3619 3620/3620
usemtl dark
v 0.104142 0.326740 0.001636
v 0.085977 0.337963 -0.006041
v 0.078161 0.319673 -0.011236
v 0.094674 0.309471 -0.004256
vt 0.000000 0.000000
vt 1.000000 0.000000
vt 1.000000 1.000000
vt 0.000000 1.000000
f 3621/3621 3622/3622 3623/3623 3624/3624
usemtl white
v 0.078161 0.319673 -0.011236
v 0.060057 0.327832 -0.016818
v 0.066063 0.346937 -0.012181
v 0.085977 0.337963 -0.006041
vt 0.000000 0.000000
vt 1.000000 0.000000
vt 1.000000 1.000000
vt 0.000000 1.000000
f 3625/3625 3626/3626 3627/3627 3628/3628
usemtl dark
v 0.085977 0.337963 -0.006041
v 0.066063 0.346937 -0.012181
v 0.060057 0.327832 -0.016818
v 0.078161 0.319673 -0.011236
vt 0.000000 0.000000
vt 1.000000 0.000000
vt 1.000000 1.000000
vt 0.000000 1.000000
f 3629/3629 3630/3630 3631/3631 3632/3632
usemtl white
v 0.060057 0.327832 -0.016818
v 0.040730 0.333781 -0.020888
v 0.044804 0.353482 -0.016659
v 0.066063 0.346937 -0.012181
vt 0.000000 0.000000
vt 1.000000 0.000000
vt 1.000000 1.000000
vt 0.000000 1.000000
f 3633/3633 3634/3634 3635/3635 3636/3636
usemtl dark
v 0.066063 0.346937 -0.012181
v 0.044804 0.353482 -0.016659
v 0.040730 0.333781 -0.020888
v 0.060057 0.327832 -0.016818
vt 0.000000 0.000000
vt 1.000000 0.000000
vt 1.000000 1.000000
vt 0.000000 1.000000
f 3637/3637 3638/3638 3639/3639 3640/3640
usemtl white
v 0.040730 0.333781 -0.020888
v 0.020575 0.337400 -0.023364
v 0.022632 0.357462 -0.019382
v 0.044804 0.353482 -0.016659
vt 0.000000 0.000000
vt 1.000000 0.000000
vt 1.000000 1.000000
vt 0.000000 1.000000
f 3641/3641 3642/3642 3643/3643 3644/3644
usemtl dark
v 0.044804 0.353482 -0.016659
v 0.022632 0.357462 -0.019382
v 0.020575 0.337400 -0.023364
v 0.040730 0.333781 -0.020888
vt 0.000000 0.000000
vt 1.000000 0.000000
vt 1.000000 1.000000
vt 0.000000 1.000000
f 3645/3645 3646/3646 3647/3647 3648/3648
usemtl white
v 0.020575 0.337400 -0.023364
v 0.000000 0.338614 -0.024195
v 0.000000 0.358798 -0.020296
v 0.022632 0.357462 -0.019382
vt 0.000000 0.000000
vt 1.000000 0.000000
vt 1.000000 1.000000
vt 0.000000 1.000000
f 3649/3649 3650/3650 3651/3651 3652/3652
usemtl dark
v 0.022632 0.357462 -0.019382
v 0.000000 0.358798 -0.020296
v 0.000000 0.338614 -0.024195
v 0.020575 0.337400 -0.023364
vt 0.000000 0.000000
vt 1.000000 0.000000
vt 1.000000 1.000000
vt 0.000000 1.000000
f 3653/3653 3654/3654 3655/3655 3656/3656
usemtl white
v 0.000000 0.338614 -0.024195
v -0.020575 0.337400 -0.023364
v -0.022632 0.357462 -0.019382
v 0.000000 0.358798 -0.020296
vt 0.000000 0.000000
vt 1.000000 0.000000
vt 1.000000 1.000000
vt 0.000000 1.000000
f 3657/3657 3658/3658 3659/3659 3660/3660
usemtl dark
v 0.000000 0.358798 -0.020296
v -0.022632 0.357462 -0.019382
v -0.020575 0.337400 -0.023364
v 0.000000 0.338614 -0.024195
vt 0.000000 0.000000
vt 1.000000 0.000000
vt 1.000000 1.000000
vt 0.000000 1.000000
f 3661/3661 3662/3662 3663/3663 3664/3664
usemtl white
v -0.020575 0.337400 -0.023364
v -0.040730 0.333781 -0.020888
v -0.044804 0.353482 -0.016659
v -0.022632 0.357462 -0.019382
vt 0.000000 0.000000
vt 1.000000 0.000000
vt 1.000000 1.000000
vt 0.000000 1.000000
f 3665/3665 3666/3666 3667/3667 3668/3668
usemtl dark
v -0.022632 0.357462 -0.019382
v -0.044804 0.353482 -0.016659
v -0.040730 0.333781 -0.020888
v -0.020575 0.337400 -0.023364
vt 0.000000 0.000000
vt 1.000000 0.000000
vt 1.000000 1.000000
vt 0.000000 1.000000
f 3669/3669 3670/3670 3671/3671 3672/3672
usemtl white
v -0.040730 0.333781 -0.020888
v -0.060057 0.327832 -0.016818
v -0.066063 0.346937 -0.012181
v -0.044804 0.353482 -0.016659
vt 0.000000 0.000000
vt 1.000000 0.000000
vt 1.000000 1.000000
vt 0.000000 1.000000
f 3673/3673 3674/3674 3675/3675 3676/3676
usemtl dark
v -0.044804 0.353482 -0.016659
v -0.066063 0.346937 -0.012181
v -0.060057 0.327832 -0.016818
v -0.040730 0.333781 -0.020888
vt 0.000000 0.000000
vt 1.000000 0.000000
vt 1.000000 1.000000
vt 0.000000 1.000000
f 3677/3677 3678/3678 3679/3679 3680/3680
usemtl white
v -0.060057 0.327832 -0.016818
v -0.078161 0.319673 -0.011236
v -0.085977 0.337963 -0.006041
v -0.066063 0.346937 -0.012181
vt 0.000000 0.000000
vt 1.000000 0.000000
vt 1.000000 1.000000
vt 0.000000 1.000000
f 3681/3681 3682/3682 3683/3683 3684/3684
usemtl dark
v -0.066063 0.346937 -0.012181
v -0.085977 0.337963 -0.006041
v -0.078161 0.319673 -0.011236
v -0.060057 0.327832 -0.016818
vt 0.000000 0.000000
vt 1.000000 0.000000
vt 1.000000 1.000000
vt 0.000000 1.000000
f 3685/3685 3686/3686 3687/3687 3688/3688
usemtl white
v -0.078161 0.319673 -0.011236
v -0.094674 0.309471 -0.004256
v -0.104142 0.326740 0.001636
v -0.085977 0.337963 -0.006041
vt 0.000000 0.000000
vt 1.000000 0.000000
vt 1.000000 1.000000
vt 0.000000 1.000000
f 3689/3689 3690/3690 3691/3691 3692/3692
usemtl dark
v -0.085977 0.337963 -0.006041
v -0.104142 0.326740 0.001636
v -0.094674 0.309471 -0.004256
v -0.078161 0.319673 -0.011236
vt 0.000000 0.000000
vt 1.000000 0.000000
vt 1.000000 1.000000
vt 0.000000 1.000000
f 3693/3693 3694/3694 3695/3695 3696/3696
usemtl white
v -0.094674 0.309471 -0.004256
v -0.109260 0.297432 0.003980
v -0.120186 0.313498 0.010696
v -0.104142 0.326740 0.001636
vt 0.000000 0.000000
vt 1.000000 0.000000
vt 1.000000 1.000000
vt 0.000000 1.000000
f 3697/3697 3698/3698 3699/3699 3700/3700
usemtl dark
v -0.104142 0.326740 0.001636
v -0.120186 0.313498 0.010696
v -0.109260 0.297432 0.003980
v -0.094674 0.309471 -0.004256
vt 0.000000 0.000000
vt 1.000000 0.000000
vt 1.000000 1.000000
vt 0.000000 1.000000
f 3701/3701 3702/3702 3703/3703 3704/3704
usemtl white
v -0.109260 0.297432 0.003980
v -0.121621 0.283804 0.013303
v -0.133783 0.298507 0.020952
v -0.120186 0.313498 0.010696
vt 0.000000 0.000000
vt 1.000000 0.000000
vt 1.000000 1.000000
vt 0.000000 1.000000
f 3705/3705 3706/3706 3707/3707 3708/3708
usemtl dark
v -0.120186 0.313498 0.010696
v -0.133783 0.298507 0.020952
v -0.121621 0.283804 0.013303
v -0.109260 0.297432 0.003980
vt 0.000000 0.000000
vt 1.000000 0.000000
vt 1.000000 1.000000
vt 0.000000 1.000000
f 3709/3709 3710/3710 3711/3711 3712/3712
usemtl white
v -0.121621 0.283804 0.013303
v -0.131507 0.268862 0.023526
v -0.144657 0.282070 0.032196
v -0.133783 0.298507 0.020952
vt 0.000000 0.000000
vt 1.000000 0.000000
vt 1.000000 1.000000
vt 0.000000 1.000000
f 3713/3713 3714/3714 3715/3715 3716/3716
usemtl dark
v -0.133783 0.298507 0.020952
v -0.144657 0.282070 0.032196
v -0.131507 0.268862 0.023526
v -0.121621 0.283804 0.013303
vt 0.000000 0.000000
vt 1.000000 0.000000
vt 1.000000 1.000000
vt 0.000000 1.000000
f 3717/3717 3718/3718 3719/3719 3720/3720
usemtl white
v -0.131507 0.268862 0.023526
v -0.138715 0.252911 0.034438
v -0.152587 0.264524 0.044200
v -0.144657 0.282070 0.032196
vt 0.000000 0.000000
vt 1.000000 0.000000
vt 1.000000 1.000000
vt 0.000000 1.000000
f 3721/3721 3722/3722 3723/3723 3724/3724
usemtl dark
v -0.144657 0.282070 0.032196
v -0.152587 0.264524 0.044200
v -0.138715 0.252911 0.034438
v -0.131507 0.268862 0.023526
vt 0.000000 0.000000
vt 1.000000 0.000000
vt 1.000000 1.000000
vt 0.000000 1.000000
f 3725/3725 3726/3726 3727/3727 3728/3728
usemtl white
v -0.138715 0.252911 0.034438
v -0.143100 0.236276 0.045819
v -0.157410 0.246225 0.056719
v -0.152587 0.264524 0.044200
vt 0.000000 0.000000
vt 1.000000 0.000000
vt 1.000000 1.000000
vt 0.000000 1.000000
f 3729/3729 3730/3730 3731/3731 3732/3732
usemtl dark
v -0.152587 0.264524 0.044200
v -0.157410 0.246225 0.056719
v -0.143100 0.236276 0.045819
v -0.138715 0.252911 0.034438
vt 0.000000 0.000000
vt 1.000000 0.000000
vt 1.000000 1.000000
vt 0.000000 1.000000
f 3733/3733 3734/3734 3735/3735 3736/3736
usemtl white
v -0.143100 0.236276 0.045819
v -0.144571 0.219295 0.057437
v -0.159029 0.227546 0.069498
v -0.157410 0.246225 0.056719
vt 0.000000 0.000000
vt 1.000000 0.000000
vt 1.000000 1.000000
vt 0.000000 1.000000
f 3737/3737 3738/3738 3739/3739 3740/3740
usemtl dark
v -0.157410 0.246225 0.056719
v -0.159029 0.227546 0.069498
v -0.144571 0.219295 0.057437
v -0.143100 0.236276 0.045819
vt 0.000000 0.000000
vt 1.000000 0.000000
vt 1.000000 1.000000
vt 0.000000 1.000000
f 3741/3741 3742/3742 3743/3743 3744/3744
usemtl white
v -0.144571 0.219295 0.057437
v -0.143100 0.202314 0.069054
v -0.157410 0.208867 0.082277
v -0.159029 0.227546 0.069498
vt 0.000000 0.000000
vt 1.000000 0.000000
vt 1.000000 1.000000
vt 0.000000 1.000000
f 3745/3745 3746/3746 3747/3747 3748/3748
usemtl dark
v -0.159029 0.227546 0.069498
v -0.157410 0.208867 0.082277
v -0.143100 0.202314 0.069054
v -0.144571 0.219295 0.057437
vt 0.000000 0.000000
vt 1.000000 0.000000
vt 1.000000 1.000000
vt 0.000000 1.000000
f 3749/3749 3750/3750 3751/3751 3752/3752
usemtl white
v -0.143100 0.202314 0.069054
v -0.138715 0.185678 0.080435
v -0.152587 0.190568 0.094796
v -0.157410 0.208867 0.082277
vt 0.000000 0.000000
vt 1.000000 0.000000
vt 1.000000 1.000000
vt 0.000000 1.000000
f 3753/3753 3754/3754 3755/3755 3756/3756
usemtl dark
v -0.157410 0.208867 0.082277
v -0.152587 0.190568 0.094796
v -0.138715 0.185678 0.080435
v -0.143100 0.202314 0.069054
vt 0.000000 0.000000
vt 1.000000 0.000000
vt 1.000000 1.000000
vt 0.000000 1.000000
f 3757/3757 3758/3758 3759/3759 3760/3760
usemtl white
v -0.138715 0.185678 0.080435
v -0.131507 0.169727 0.091347
v -0.144657 0.173022 0.106800
v -0.152587 0.190568 0.094796
vt 0.000000 0.000000
vt 1.000000 0.000000
vt 1.000000 1.000000
vt 0.000000 1.000000
f 3761/3761 3762/3762 3763/3763 3764/3764
usemtl dark
v -0.152587 0.190568 0.094796
v -0.144657 0.173022 0.106800
v -0.131507 0.169727 0.091347
v -0.138715 0.185678 0.080435
vt 0.000000 0.000000
vt 1.000000 0.000000
vt 1.000000 1.000000
vt 0.000000 1.000000
f 3765/3765 3766/3766 3767/3767 3768/3768
usemtl white
v -0.131507 0.169727 0.091347
v -0.121621 0.154785 0.101570
v -0.133783 0.156586 0.118045
v -0.144657 0.173022 0.106800
vt 0.000000 0.000000
vt 1.000000 0.000000
vt 1.000000 1.000000
vt 0.000000 1.000000
f 3769/3769 3770/3770 3771/3771 3772/3772
usemtl dark
v -0.144657 0.173022 0.106800
v -0.133783 0.156586 0.118045
v -0.121621 0.154785 0.101570
v -0.131507 0.169727 0.091347
vt 0.000000 0.000000
vt 1.000000 0.000000
vt 1.000000 1.000000
vt 0.000000 1.000000
f 3773/3773 3774/3774 3775/3775 3776/3776
usemtl white
v -0.121621 0.154785 0.101570
v -0.109260 0.141157 0.110894
v -0.120186 0.141595 0.128301
v -0.133783 0.156586 0.118045
vt 0.000000 0.000000
vt 1.000000 0.000000
vt 1.000000 1.000000
vt 0.000000 1.000000
f 3777/3777 3778/3778 3779/3779 3780/3780
usemtl dark
v -0.133783 0.156586 0.118045
v -0.120186 0.141595 0.128301
v -0.109260 0.141157 0.110894
v -0.121621 0.154785 0.101570
vt 0.000000 0.000000
vt 1.000000 0.000000
vt 1.000000 1.000000
vt 0.000000 1.000000
f 3781/3781 3782/3782 3783/3783 3784/3784
usemtl white
v -0.109260 0.141157 0.110894
v -0.094674 0.129119 0.119129
v -0.104142 0.128353 0.137360
v -0.120186 0.141595 0.128301
vt 0.000000 0.000000
vt 1.000000 0.000000
vt 1.000000 1.000000
vt 0.000000 1.000000
f 3785/3785 3786/3786 3787/3787 3788/3788
usemtl dark
v -0.120186 0.141595 0.128301
v -0.104142 0.128353 0.137360
v -0.094674 0.129119 0.119129
v -0.109260 0.141157 0.110894
vt 0.000000 0.000000
vt 1.000000 0.000000
vt 1.000000 1.000000
vt 0.000000 1.000000
f 3789/3789 3790/3790 3791/3791 3792/3792
usemtl white
v -0.094674 0.129119 0.119129
v -0.078161 0.118916 0.126109
v -0.085977 0.117130 0.145038
v -0.104142 0.128353 0.137360
vt 0.000000 0.000000
vt 1.000000 0.000000
vt 1.000000 1.000000
vt 0.000000 1.000000
f 3793/3793 3794/3794 3795/3795 3796/3796
usemtl dark
v -0.104142 0.128353 0.137360
v -0.085977 0.117130 0.145038
v -0.078161 0.118916 0.126109
v -0.094674 0.129119 0.119129
vt 0.000000 0.000000
vt 1.000000 0.000000
vt 1.000000 1.000000
vt 0.000000 1.000000
f 3797/3797 3798/3798 3799/3799 3800/3800
usemtl white
v -0.078161 0.118916 0.126109
v -0.060057 0.110757 0.131691
v -0.066063 0.108155 0.151178
v -0.085977 0.117130 0.145038
vt 0.000000 0.000000
vt 1.000000 0.000000
vt 1.000000 1.000000
vt 0.000000 1.000000
f 3801/3801 3802/3802 3803/3803 3804/3804
usemtl dark
v -0.085977 0.117130 0.145038
v -0.066063 0.108155 0.151178
v -0.060057 0.110757 0.131691
v -0.078161 0.118916 0.126109
vt 0.000000 0.000000
vt 1.000000 0.000000
vt 1.000000 1.000000
vt 0.000000 1.000000
f 3805/3805 3806/3806 3807/3807 3808/3808
usemtl white
v -0.060057 0.110757 0.131691
v -0.040730 0.104808 0.135761
v -0.044804 0.101611 0.155655
v -0.066063 0.108155 0.151178
vt 0.000000 0.000000
vt 1.000000 0.000000
vt 1.000000 1.000000
vt 0.000000 1.000000
f 3809/3809 3810/3810 3811/3811 3812/3812
usemtl dark
v -0.066063 0.108155 0.151178
v -0.044804 0.101611 0.155655
v -0.040730 0.104808 0.135761
v -0.060057 0.110757 0.131691
vt 0.000000 0.000000
vt 1.000000 0.000000
vt 1.000000 1.000000
vt 0.000000 1.000000
f 3813/3813 3814/3814 3815/3815 3816/3816
usemtl white
v -0.040730 0.104808 0.135761
v -0.020575 0.101189 0.138237
v -0.022632 0.097630 0.158379
v -0.044804 0.101611 0.155655
vt 0.000000 0.000000
vt 1.000000 0.000000
vt 1.000000 1.000000
vt 0.000000 1.000000
f 3817/3817 3818/3818 3819/3819 3820/3820
usemtl dark
v -0.044804 0.101611 0.155655
v -0.022632 0.097630 0.158379
v -0.020575 0.101189 0.138237
v -0.040730 0.104808 0.135761
vt 0.000000 0.000000
vt 1.000000 0.000000
vt 1.000000 1.000000
vt 0.000000 1.000000
f 3821/3821 3822/3822 3823/3823 3824/3824
usemtl white
v -0.020575 0.101189 0.138237
v -0.000000 0.099975 0.139068
v -0.000000 0.096294 0.159293
v -0.022632 0.097630 0.158379
vt 0.000000 0.000000
vt 1.000000 0.000000
vt 1.000000 1.000000
vt 0.000000 1.000000
f 3825/3825 3826/3826 3827/3827 3828/3828
usemtl dark
v -0.022632 0.097630 0.158379
v -0.000000 0.096294 0.159293
v -0.000000 0.099975 0.139068
v -0.020575 0.101189 0.138237
vt 0.000000 0.000000
vt 1.000000 0.000000
vt 1.000000 1.000000
vt 0.000000 1.000000
f 3829/3829 3830/3830 3831/3831 3832/3832
usemtl white
v -0.000000 0.099975 0.139068
v 0.020575 0.101189 0.138237
v 0.022632 0.097630 0.158379
v -0.000000 0.096294 0.159293
vt 0.000000 0.000000
vt 1.000000 0.000000
vt 1.000000 1.000000
vt 0.000000 1.000000
f 3833/3833 3834/3834 3835/3835 3836/3836
usemtl dark
v -0.000000 0.096294 0.159293
v 0.022632 0.097630 0.158379
v 0.020575 0.101189 0.138237
v -0.000000 0.099975 0.139068
vt 0.000000 0.000000
vt 1.000000 0.000000
vt 1.000000 1.000000
vt 0.000000 1.000000
f 3837/3837 3838/3838 3839/3839 3840/3840
usemtl white
v 0.020575 0.101189 0.138237
v 0.040730 0.104808 0.135761
v 0.044804 0.101611 0.155655
v 0.022632 0.097630 0.158379
vt 0.000000 0.000000
vt 1.000000 0.000000
vt 1.000000 1.000000
vt 0.000000 1.000000
f 3841/3841 3842/3842 3843/3843 3844/3844
usemtl dark
v 0.022632 0.097630 0.158379
v 0.044804 0.101611 0.155655
v 0.040730 0.104808 0.135761
v 0.020575 0.101189 0.138237
vt 0.000000 0.000000
vt 1.000000 0.000000
vt 1.000000 1.000000
vt 0.000000 1.000000
f 3845/3845 3846/3846 3847/3847 3848/3848
usemtl white
v 0.040730 0.104808 0.135761
v 0.060057 0.110757 0.131691
v 0.066063 0.108155 0.151178
v 0.044804 0.101611 0.155655
vt 0.000000 0.000000
vt 1.000000 0.000000
vt 1.000000 1.000000
vt 0.000000 1.000000
f 3849/3849 3850/3850 3851/3851 3852/3852
usemtl dark
v 0.044804 0.101611 0.155655
v 0.066063 0.108155 0.151178
v 0.060057 0.110757 0.131691
v 0.040730 0.104808 0.135761
vt 0.000000 0.000000
vt 1.000000 0.000000
vt 1.000000 1.000000
vt 0.000000 1.000000
f 3853/3853 3854/3854 3855/3855 3856/3856
usemtl white
v 0.060057 0.110757 0.131691
v 0.078161 0.118916 0.126109
v 0.085977 0.117130 0.145038
v 0.066063 0.108155 0.151178
vt 0.000000 0.000000
vt 1.000000 0.000000
vt 1.000000 1.000000
vt 0.000000 1.000000
f 3857/3857 3858/3858 3859/3859 3860/3860
usemtl dark
v 0.066063 0.108155 0.151178
v 0.085977 0.117130 0.145038
v 0.078161 0.118916 0.126109
v 0.060057 0.110757 0.131691
vt 0.000000 0.000000
vt 1.000000 0.000000
vt 1.000000 1.000000
vt 0.000000 1.000000
f 3861/3861 3862/3862 3863/3863 3864/3864
usemtl white
v 0.078161 0.118916 0.126109
v 0.094674 0.129119 0.119129
v 0.104142 0.128353 0.137360
v 0.085977 0.117130 0.145038
vt 0.000000 0.000000
vt 1.000000 0.000000
vt 1.000000 1.000000
vt 0.000000 1.000000
f 3865/3865 3866/3866 3867/3867 3868/3868
usemtl dark
v 0.085977 0.117130 0.145038
v 0.104142 0.128353 0.137360
v 0.094674 0.129119 0.119129
v 0.078161 0.118916 0.126109
vt 0.000000 0.000000
vt 1.000000 0.000000
vt 1.000000 1.000000
vt 0.000000 1.000000
f 3869/3869 3870/3870 3871/3871 3872/3872
usemtl white
v 0.094674 0.129119 0.119129
v 0.109260 0.141157 0.110894
v 0.120186 0.141595 0.128301
v 0.104142 0.128353 0.137360
vt 0.000000 0.000000
vt 1.000000 0.000000
vt 1.000000 1.000000
vt 0.000000 1.000000
f 3873/3873 3874/3874 3875/3875 3876/3876
usemtl dark
v 0.104142 0.128353 0.137360
v 0.120186 0.141595 0.128301
v 0.109260 0.141157 0.110894
v 0.094674 0.129119 0.119129
vt 0.000000 0.000000
vt 1.000000 0.000000
vt 1.000000 1.000000
vt 0.000000 1.000000
f 3877/3877 3878/3878 3879/3879 3880/3880
usemtl white
v 0.109260 0.141157 0.110894
v 0.121621 0.154785 0.101570
v 0.133783 0.156586 0.118045
v 0.120186 0.141595 0.128301
vt 0.000000 0.000000
vt 1.000000 0.000000
vt 1.000000 1.000000
vt 0.000000 1.000000
f 3881/3881 3882/3882 3883/3883 3884/3884
usemtl dark
v 0.120186 0.141595 0.128301
v 0.133783 0.156586 0.118045
v 0.121621 0.154785 0.101570
v 0.109260 0.141157 0.110894
vt 0.000000 0.000000
vt 1.000000 0.000000
vt 1.000000 1.000000
vt 0.000000 1.000000
f 3885/3885 3886/3886 3887/3887 3888/3888
usemtl white
v 0.121621 0.154785 0.101570
v 0.131507 0.169727 0.091347
v 0.144657 0.173022 0.106800
v 0.133783 0.156586 0.118045
vt 0.000000 0.000000
vt 1.000000 0.000000
vt 1.000000 1.000000
vt 0.000000 1.000000
f 3889/3889 3890/3890 3891/3891 3892/3892
usemtl dark
v 0.133783 0.156586 0.118045
v 0.144657 0.173022 0.106800
v 0.131507 0.169727 0.091347
v 0.121621 0.154785 0.101570
vt 0.000000 0.000000
vt 1.000000 0.000000
vt 1.000000 1.000000
vt 0.000000 1.000000
f 3893/3893 3894/3894 3895/3895 3896/3896
usemtl white
v 0.131507 0.169727 0.091347
v 0.138715 0.185678 0.080435
v 0.152587 0.190568 0.094796
v 0.144657 0.173022 0.106800
vt 0.000000 0.000000
vt 1.000000 0.000000
vt 1.000000 1.000000
vt 0.000000 1.000000
f 3897/3897 3898/3898 3899/3899 3900/3900
usemtl dark
v 0.144657 0.173022 0.106800
v 0.152587 0.190568 0.094796
v 0.138715 0.185678 0.080435
v 0.131507 0.169727 0.091347
vt 0.000000 0.000000
vt 1.000000 0.000000
vt 1.000000 1.000000
vt 0.000000 1.000000
f 3901/3901 3902/3902 3903/3903 3904/3904
usemtl white
v 0.138715 0.185678 0.080435
v 0.143100 0.202314 0.069054
v 0.157410 0.208867 0.082277
v 0.152587 0.190568 0.094796
vt 0.000000 0.000000
vt 1.000000 0.000000
vt 1.000000 1.000000
vt 0.000000 1.000000
f 3905/3905 3906/3906 3907/3907 3908/3908
usemtl dark
v 0.152587 0.190568 0.094796
v 0.157410 0.208867 0.082277
v 0.143100 0.202314 0.069054
v 0.138715 0.185678 0.080435
vt 0.000000 0.000000
vt 1.000000 0.000000
vt 1.000000 1.000000
vt 0.000000 1.000000
f 3909/3909 3910/3910 3911/3911 3912/3912
usemtl white
v 0.143100 0.202314 0.069054
v 0.144571 0.219295 0.057437
v 0.159029 0.227546 0.069498
v 0.157410 0.208867 0.082277
vt 0.000000 0.000000
vt 1.000000 0.000000
vt 1.000000 1.000000
vt 0.000000 1.000000
f 3913/3913 3914/3914 3915/3915 3916/3916
usemtl dark
v 0.157410 0.208867 0.082277
v 0.159029 0.227546 0.069498
v 0.144571 0.219295 0.057437
v 0.143100 0.202314 0.069054
vt 0.000000 0.000000
vt 1.000000 0.000000
vt 1.000000 1.000000
vt 0.000000 1.000000
f 3917/3917 3918/3918 3919/3919 3920/3920
usemtl white
v 0.159029 0.227546 0.069498
v 0.157410 0.246225 0.056719
v 0.171720 0.256961 0.068768
v 0.173486 0.236584 0.082709
vt 0.000000 0.000000
vt 1.000000 0.000000
vt 1.000000 1.000000
vt 0.000000 1.000000
f 3921/3921 3922/3922 3923/3923 3924/3924
usemtl dark
v 0.173486 0.236584 0.082709
v 0.171720 0.256961 0.068768
v 0.157410 0.246225 0.056719
v 0.159029 0.227546 0.069498
vt 0.000000 0.000000
vt 1.000000 0.000000
vt 1.000000 1.000000
vt 0.000000 1.000000
f 3925/3925 3926/3926 3927/3927 3928/3928
usemtl white
v 0.157410 0.246225 0.056719
v 0.152587 0.264524 0.044200
v 0.166458 0.276924 0.055111
v 0.171720 0.256961 0.068768
vt 0.000000 0.000000
vt 1.000000 0.000000
vt 1.000000 1.000000
vt 0.000000 1.000000
f 3929/3929 3930/3930 3931/3931 3932/3932
usemtl dark
v 0.171720 0.256961 0.068768
v 0.166458 0.276924 0.055111
v 0.152587 0.264524 0.044200
v 0.157410 0.246225 0.056719
vt 0.000000 0.000000
vt 1.000000 0.000000
vt 1.000000 1.000000
vt 0.000000 1.000000
f 3933/3933 3934/3934 3935/3935 3936/3936
usemtl white
v 0.152587 0.264524 0.044200
v 0.144657 0.282070 0.032196
v 0.157808 0.296065 0.042016
v 0.166458 0.276924 0.055111
vt 0.000000 0.000000
vt 1.000000 0.000000
vt 1.000000 1.000000
vt 0.000000 1.000000
f 3937/3937 3938/3938 3939/3939 3940/3940
usemtl dark
v 0.166458 0.276924 0.055111
v 0.157808 0.296065 0.042016
v 0.144657 0.282070 0.032196
v 0.152587 0.264524 0.044200
vt 0.000000 0.000000
vt 1.000000 0.000000
vt 1.000000 1.000000
vt 0.000000 1.000000
f 3941/3941 3942/3942 3943/3943 3944/3944
usemtl white
v 0.144657 0.282070 0.032196
v 0.133783 0.298507 0.020952
v 0.145945 0.313995 0.029749
v 0.157808 0.296065 0.042016
vt 0.000000 0.000000
vt 1.000000 0.000000
vt 1.000000 1.000000
vt 0.000000 1.000000
f 3945/3945 3946/3946 3947/3947 3948/3948
usemtl dark
v 0.157808 0.296065 0.042016
v 0.145945 0.313995 0.029749
v 0.133783 0.298507 0.020952
v 0.144657 0.282070 0.032196
vt 0.000000 0.000000
vt 1.000000 0.000000
vt 1.000000 1.000000
vt 0.000000 1.000000
f 3949/3949 3950/3950 3951/3951 3952/3952
usemtl white
v 0.133783 0.298507 0.020952
v 0.120186 0.313498 0.010696
v 0.131112 0.330350 0.018560
v 0.145945 0.313995 0.029749
vt 0.000000 0.000000
vt 1.000000 0.000000
vt 1.000000 1.000000
vt 0.000000 1.000000
f 3953/3953 3954/3954 3955/3955 3956/3956
usemtl dark
v 0.145945 0.313995 0.029749
v 0.131112 0.330350 0.018560
v 0.120186 0.313498 0.010696
v 0.133783 0.298507 0.020952
vt 0.000000 0.000000
vt 1.000000 0.000000
vt 1.000000 1.000000
vt 0.000000 1.000000
f 3957/3957 3958/3958 3959/3959 3960/3960
usemtl white
v 0.120186 0.313498 0.010696
v 0.104142 0.326740 0.001636
v 0.113609 0.344795 0.008677
v 0.131112 0.330350 0.018560
vt 0.000000 0.000000
vt 1.000000 0.000000
vt 1.000000 1.000000
vt 0.000000 1.000000
f 3961/3961 3962/3962 3963/3963 3964/3964
usemtl dark
v 0.131112 0.330350 0.018560
v 0.113609 0.344795 0.008677
v 0.104142 0.326740 0.001636
v 0.120186 0.313498 0.010696
vt 0.000000 0.000000
vt 1.000000 0.000000
vt 1.000000 1.000000
vt 0.000000 1.000000
f 3965/3965 3966/3966 3967/3967 3968/3968
usemtl white
v 0.104142 0.326740 0.001636
v 0.085977 0.337963 -0.006041
v 0.093793 0.357038 0.000302
v 0.113609 0.344795 0.008677
vt 0.000000 0.000000
vt 1.000000 0.000000
vt 1.000000 1.000000
vt 0.000000 1.000000
f 3969/3969 3970/3970 3971/3971 3972/3972
usemtl dark
v 0.113609 0.344795 0.008677
v 0.093793 0.357038 0.000302
v 0.085977 0.337963 -0.006041
v 0.104142 0.326740 0.001636
vt 0.000000 0.000000
vt 1.000000 0.000000
vt 1.000000 1.000000
vt 0.000000 1.000000
f 3973/3973 3974/3974 3975/3975 3976/3976
usemtl white
v 0.085977 0.337963 -0.006041
v 0.066063 0.346937 -0.012181
v 0.072069 0.366829 -0.006396
v 0.093793 0.357038 0.000302
vt 0.000000 0.000000
vt 1.000000 0.000000
vt 1.000000 1.000000
vt 0.000000 1.000000
f 3977/3977 3978/3978 3979/3979 3980/3980
usemtl dark
v 0.093793 0.357038 0.000302
v 0.072069 0.366829 -0.006396
v 0.066063 0.346937 -0.012181
v 0.085977 0.337963 -0.006041
vt 0.000000 0.000000
vt 1.000000 0.000000
vt 1.000000 1.000000
vt 0.000000 1.000000
f 3981/3981 3982/3982 3983/3983 3984/3984
usemtl white
v 0.066063 0.346937 -0.012181
v 0.044804 0.353482 -0.016659
v 0.048877 0.373968 -0.011281
v 0.072069 0.366829 -0.006396
vt 0.000000 0.000000
vt 1.000000 0.000000
vt 1.000000 1.000000
vt 0.000000 1.000000
f 3985/3985 3986/3986 3987/3987 3988/3988
usemtl dark
v 0.072069 0.366829 -0.006396
v 0.048877 0.373968 -0.011281
v 0.044804 0.353482 -0.016659
v 0.066063 0.346937 -0.012181
vt 0.000000 0.000000
vt 1.000000 0.000000
vt 1.000000 1.000000
vt 0.000000 1.000000
f 3989/3989 3990/3990 3991/3991 3992/3992
usemtl white
v 0.044804 0.353482 -0.016659
v 0.022632 0.357462 -0.019382
v 0.024690 0.378311 -0.014252
v 0.048877 0.373968 -0.011281
vt 0.000000 0.000000
vt 1.000000 0.000000
vt 1.000000 1.000000
vt 0.000000 1.000000
f 3993/3993 3994/3994 3995/3995 3996/3996
usemtl dark
v 0.048877 0.373968 -0.011281
v 0.024690 0.378311 -0.014252
v 0.022632 0.357462 -0.019382
v 0.044804 0.353482 -0.016659
vt 0.000000 0.000000
vt 1.000000 0.000000
vt 1.000000 1.000000
vt 0.000000 1.000000
f 3997/3997 3998/3998 3999/3999 4000/4000
usemtl white
v 0.022632 0.357462 -0.019382
v 0.000000 0.358798 -0.020296
v 0.000000 0.379768 -0.015249
v 0.024690 0.378311 -0.014252
vt 0.000000 0.000000
vt 1.000000 0.000000
vt 1.000000 1.000000
vt 0.000000 1.000000
f 4001/4001 4002/4002 4003/4003 4004/4004
usemtl dark
v 0.024690 0.378311 -0.014252
v 0.000000 0.379768 -0.015249
v 0.000000 0.358798 -0.020296
v 0.022632 0.357462 -0.019382
vt 0.000000 0.000000
vt 1.000000 0.000000
vt 1.000000 1.000000
vt 0.000000 1.000000
f 4005/4005 4006/4006 4007/4007 4008/4008
usemtl white
v 0.000000 0.358798 -0.020296
v -0.022632 0.357462 -0.019382
v -0.024690 0.378311 -0.014252
v 0.000000 0.379768 -0.015249
vt 0.000000 0.000000
vt 1.000000 0.000000
vt 1.000000 1.000000
vt 0.000000 1.000000
f 4009/4009 4010/4010 4011/4011 4012/4012
usemtl dark
v 0.000000 0.379768 -0.015249
v -0.024690 0.378311 -0.014252
v -0.022632 0.357462 -0.019382
v 0.000000 0.358798 -0.020296
vt 0.000000 0.000000
vt 1.000000 0.000000
vt 1.000000 1.000000
vt 0.000000 1.000000
f 4013/4013 4014/4014 4015/4015 4016/4016
usemtl white
v -0.022632 0.357462 -0.019382
v -0.044804 0.353482 -0.016659
v -0.048877 0.373968 -0.011281
v -0.024690 0.378311 -0.014252
vt 0.000000 0.000000
vt 1.000000 0.000000
vt 1.000000 1.000000
vt 0.000000 1.000000
f 4017/4017 4018/4018 4019/4019 4020/4020
usemtl dark
v -0.024690 0.378311 -0.014252
v -0.048877 0.373968 -0.011281
v -0.044804 0.353482 -0.016659
v -0.022632 0.357462 -0.019382
vt 0.000000 0.000000
vt 1.000000 0.000000
vt 1.000000 1.000000
vt 0.000000 1.000000
f 4021/4021 4022/4022 4023/4023 4024/4024
usemtl white
v -0.044804 0.353482 -0.016659
v -0.066063 0.346937 -0.012181
v -0.072069 0.366829 -0.006396
v -0.048877 0.373968 -0.011281
vt 0.000000 0.000000
vt 1.000000 0.000000
vt 1.000000 1.000000
vt 0.000000 1.000000
f 4025/4025 4026/4026 4027/4027 4028/4028
usemtl dark
v -0.048877 0.373968 -0.011281
v -0.072069 0.366829 -0.006396
v -0.066063 0.346937 -0.012181
v -0.044804 0.353482 -0.016659
vt 0.000000 0.000000
vt 1.000000 0.000000
vt 1.000000 1.000000
vt 0.000000 1.000000
f 4029/4029 4030/4030 4031/4031 4032/4032
usemtl white
v -0.066063 0.346937 -0.012181
v -0.085977 0.337963 -0.006041
v -0.093793 0.357038 0.000302
v -0.072069 0.366829 -0.006396
vt 0.000000 0.000000
vt 1.000000 0.000000
vt 1.000000 1.000000
vt 0.000000 1.000000
f 4033/4033 4034/4034 4035/4035 4036/4036
usemtl dark
v -0.072069 0.366829 -0.006396
v -0.093793 0.357038 0.000302
v -0.085977 0.337963 -0.006041
v -0.066063 0.346937 -0.012181
vt 0.000000 0.000000
vt 1.000000 0.000000
vt 1.000000 1.000000
vt 0.000000 1.000000
f 4037/4037 4038/4038 4039/4039 4040/4040
usemtl white
v -0.085977 0.337963 -0.006041
v -0.104142 0.326740 0.001636
v -0.113609 0.344795 0.008677
v -0.093793 0.357038 0.000302
vt 0.000000 0.000000
vt 1.000000 0.000000
vt 1.000000 1.000000
vt 0.000000 1.000000
f 4041/4041 4042/4042 4043/4043 4044/4044
usemtl dark
v -0.093793 0.357038 0.000302
v -0.113609 0.344795 0.008677
v -0.104142 0.326740 0.001636
v -0.085977 0.337963 -0.006041
vt 0.000000 0.000000
vt 1.000000 0.000000
vt 1.000000 1.000000
vt 0.000000 1.000000
f 4045/4045 4046/4046 4047/4047 4048/4048
usemtl white
v -0.104142 0.326740 0.001636
v -0.120186 0.313498 0.010696
v -0.131112 0.330350 0.018560
v -0.113609 0.344795 0.008677
vt 0.000000 0.000000
vt 1.000000 0.000000
vt 1.000000 1.000000
vt 0.000000 1.000000
f 4049/4049 4050/4050 4051/4051 4052/4052
usemtl dark
v -0.113609 0.344795 0.008677
v -0.131112 0.330350 0.018560
v -0.120186 0.313498 0.010696
v -0.104142 0.326740 0.001636
vt 0.000000 0.000000
vt 1.000000 0.000000
vt 1.000000 1.000000
vt 0.000000 1.000000
f 4053/4053 4054/4054 4055/4055 4056/4056
usemtl white
v -0.120186 0.313498 0.010696
v -0.133783 0.298507 0.020952
v -0.145945 0.313995 0.029749
v -0.131112 0.330350 0.018560
vt 0.000000 0.000000
vt 1.000000 0.000000
vt 1.000000 1.000000
vt 0.000000 1.000000
f 4057/4057 4058/4058 4059/4059 4060/4060
usemtl dark
v -0.131112 0.330350 0.018560
v -0.145945 0.313995 0.029749
v -0.133783 0.298507 0.020952
v -0.120186 0.313498 0.010696
vt 0.000000 0.000000
vt 1.000000 0.000000
vt 1.000000 1.000000
vt 0.000000 1.000000
f 4061/4061 4062/4062 4063/4063 4064/4064
usemtl white
v -0.133783 0.298507 0.020952
v -0.144657 0.282070 0.032196
v -0.157808 0.296065 0.042016
v -0.145945 0.313995 0.029749
vt 0.000000 0.000000
vt 1.000000 0.000000
vt 1.000000 1.000000
vt 0.000000 1.000000
f 4065/4065 4066/4066 4067/4067 4068/4068
usemtl dark
v -0.145945 0.313995 0.029749
v -0.157808 0.296065 0.042016
v -0.144657 0.282070 0.032196
v -0.133783 0.298507 0.020952
vt 0.000000 0.000000
vt 1.000000 0.000000
vt 1.000000 1.000000
vt 0.000000 1.000000
f 4069/4069 4070/4070 4071/4071 4072/4072
usemtl white
v -0.144657 0.282070 0.032196
v -0.152587 0.264524 0.044200
v -0.166458 0.276924 0.055111
v -0.157808 0.296065 0.042016
vt 0.000000 0.000000
vt 1.000000 0.000000
vt 1.000000 1.000000
vt 0.000000 1.000000
f 4073/4073 4074/4074 4075/4075 4076/4076
usemtl dark
v -0.157808 0.296065 0.042016
v -0.166458 0.276924 0.055111
v -0.152587 0.264524 0.044200
v -0.144657 0.282070 0.032196
vt 0.000000 0.000000
vt 1.000000 0.000000
vt 1.000000 1.000000
vt 0.000000 1.000000
f 4077/4077 4078/4078 4079/4079 4080/4080
usemtl white
v -0.152587 0.264524 0.044200
v -0.157410 0.246225 0.056719
v -0.171720 0.256961 0.068768
v -0.166458 0.276924 0.055111
vt 0.000000 0.000000
vt 1.000000 0.000000
vt 1.000000 1.000000
vt 0.000000 1.000000
f 4081/4081 4082/4082 4083/4083 4084/4084
usemtl dark
v -0.166458 0.276924 0.055111
v -0.171720 0.256961 0.068768
v -0.157410 0.246225 0.056719
v -0.152587 0.264524 0.044200
vt 0.000000 0.000000
vt 1.000000 0.000000
vt 1.000000 1.000000
vt 0.000000 1.000000
f 4085/4085 4086/4086 4087/4087 4088/4088
usemtl white
v -0.157410 0.246225 0.056719
v -0.159029 0.227546 0.069498
v -0.173486 0.236584 0.082709
v -0.171720 0.256961 0.068768
vt 0.000000 0.000000
vt 1.000000 0.000000
vt 1.000000 1.000000
vt 0.000000 1.000000
f 4089/4089 4090/4090 4091/4091 4092/4092
usemtl dark
v -0.171720 0.256961 0.068768
v -0.173486 0.236584 0.082709
v -0.159029 0.227546 0.069498
v -0.157410 0.246225 0.056719
vt 0.000000 0.000000
vt 1.000000 0.000000
vt 1.000000 1.000000
vt 0.000000 1.000000
f 4093/4093 4094/4094 4095/4095 4096/4096
usemtl white
v -0.159029 0.227546 0.069498
v -0.157410 0.208867 0.082277
v -0.171720 0.216207 0.096650
v -0.173486 0.236584 0.082709
vt 0.000000 0.000000
vt 1.000000 0.000000
vt 1.000000 1.000000
vt 0.000000 1.000000
f 4097/4097 4098/4098 4099/4099 4100/4100
usemtl dark
v -0.173486 0.236584 0.082709
v -0.171720 0.216207 0.096650
v -0.157410 0.208867 0.082277
v -0.159029 0.227546 0.069498
vt 0.000000 0.000000
vt 1.000000 0.000000
vt 1.000000 1.000000
vt 0.000000 1.000000
f 4101/4101 4102/4102 4103/4103 4104/4104
usemtl white
v -0.157410 0.208867 0.082277
v -0.152587 0.190568 0.094796
v -0.166458 0.196245 0.110307
v -0.171720 0.216207 0.096650
vt 0.000000 0.000000
vt 1.000000 0.000000
vt 1.000000 1.000000
vt 0.000000 1.000000
f 4105/4105 4106/4106 4107/4107 4108/4108
usemtl dark
v -0.171720 0.216207 0.096650
v -0.166458 0.196245 0.110307
v -0.152587 0.190568 0.094796
v -0.157410 0.208867 0.082277
vt 0.000000 0.000000
vt 1.000000 0.000000
vt 1.000000 1.000000
vt 0.000000 1.000000
f 4109/4109 4110/4110 4111/4111 4112/4112
usemtl white
v -0.152587 0.190568 0.094796
v -0.144657 0.173022 0.106800
v -0.157808 0.177103 0.123402
v -0.166458 0.196245 0.110307
vt 0.000000 0.000000
vt 1.000000 0.000000
vt 1.000000 1.000000
vt 0.000000 1.000000
f 4113/4113 4114/4114 4115/4115 4116/4116
usemtl dark
v -0.166458 0.196245 0.110307
v -0.157808 0.177103 0.123402
v -0.144657 0.173022 0.106800
v -0.152587 0.190568 0.094796
vt 0.000000 0.000000
vt 1.000000 0.000000
vt 1.000000 1.000000
vt 0.000000 1.000000
f 4117/4117 4118/4118 4119/4119 4120/4120
usemtl white
v -0.144657 0.173022 0.106800
v -0.133783 0.156586 0.118045
v -0.145945 0.159173 0.135669
v -0.157808 0.177103 0.123402
vt 0.000000 0.000000
vt 1.000000 0.000000
vt 1.000000 1.000000
vt 0.000000 1.000000
f 4121/4121 4122/4122 4123/4123 4124/4124
usemtl dark
v -0.157808 0.177103 0.123402
v -0.145945 0.159173 0.135669
v -0.133783 0.156586 0.118045
v -0.144657 0.173022 0.106800
vt 0.000000 0.000000
vt 1.000000 0.000000
vt 1.000000 1.000000
vt 0.000000 1.000000
f 4125/4125 4126/4126 4127/4127 4128/4128
usemtl white
v -0.133783 0.156586 0.118045
v -0.120186 0.141595 0.128301
v -0.131112 0.142819 0.146857
v -0.145945 0.159173 0.135669
vt 0.000000 0.000000
vt 1.000000 0.000000
vt 1.000000 1.000000
vt 0.000000 1.000000
f 4129/4129 4130/4130 4131/4131 4132/4132
usemtl dark
v -0.145945 0.159173 0.135669
v -0.131112 0.142819 0.146857
v -0.120186 0.141595 0.128301
v -0.133783 0.156586 0.118045
vt 0.000000 0.000000
vt 1.000000 0.000000
vt 1.000000 1.000000
vt 0.000000 1.000000
f 4133/4133 4134/4134 4135/4135 4136/4136
usemtl white
v -0.120186 0.141595 0.128301
v -0.104142 0.128353 0.137360
v -0.113609 0.128373 0.156740
v -0.131112 0.142819 0.146857
vt 0.000000 0.000000
vt 1.000000 0.000000
vt 1.000000 1.000000
vt 0.000000 1.000000
f 4137/4137 4138/4138 4139/4139 4140/4140
usemtl dark
v -0.131112 0.142819 0.146857
v -0.113609 0.128373 0.156740
v -0.104142 0.128353 0.137360
v -0.120186 0.141595 0.128301
vt 0.000000 0.000000
vt 1.000000 0.000000
vt 1.000000 1.000000
vt 0.000000 1.000000
f 4141/4141 4142/4142 4143/4143 4144/4144
usemtl white
v -0.104142 0.128353 0.137360
v -0.085977 0.117130 0.145038
v -0.093793 0.116130 0.165116
v -0.113609 0.128373 0.156740
vt 0.000000 0.000000
vt 1.000000 0.000000
vt 1.000000 1.000000
vt 0.000000 1.000000
f 4145/4145 4146/4146 4147/4147 4148/4148
usemtl dark
v -0.113609 0.128373 0.156740
v -0.093793 0.116130 0.165116
v -0.085977 0.117130 0.145038
v -0.104142 0.128353 0.137360
vt 0.000000 0.000000
vt 1.000000 0.000000
vt 1.000000 1.000000
vt 0.000000 1.000000
f 4149/4149 4150/4150 4151/4151 4152/4152
usemtl white
v -0.085977 0.117130 0.145038
v -0.066063 0.108155 0.151178
v -0.072069 0.106339 0.171814
v -0.093793 0.116130 0.165116
vt 0.000000 0.000000
vt 1.000000 0.000000
vt 1.000000 1.000000
vt 0.000000 1.000000
f 4153/4153 4154/4154 4155/4155 4156/4156
usemtl dark
v -0.093793 0.116130 0.165116
v -0.072069 0.106339 0.171814
v -0.066063 0.108155 0.151178
v -0.085977 0.117130 0.145038
vt 0.000000 0.000000
vt 1.000000 0.000000
vt 1.000000 1.000000
vt 0.000000 1.000000
f 4157/4157 4158/4158 4159/4159 4160/4160
usemtl white
v -0.066063 0.108155 0.151178
v -0.044804 0.101611 0.155655
v -0.048877 0.099200 0.176698
v -0.072069 0.106339 0.171814
vt 0.000000 0.000000
vt 1.000000 0.000000
vt 1.000000 1.000000
vt 0.000000 1.000000
f 4161/4161 4162/4162 4163/4163 4164/4164
usemtl dark
v -0.072069 0.106339 0.171814
v -0.048877 0.099200 0.176698
v -0.044804 0.101611 0.155655
v -0.066063 0.108155 0.151178
vt 0.000000 0.000000
vt 1.000000 0.000000
vt 1.000000 1.000000
vt 0.000000 1.000000
f 4165/4165 4166/4166 4167/4167 4168/4168
usemtl white
v -0.044804 0.101611 0.155655
v -0.022632 0.097630 0.158379
v -0.024690 0.094858 0.179669
v -0.048877 0.099200 0.176698
vt 0.000000 0.000000
vt 1.000000 0.000000
vt 1.000000 1.000000
vt 0.000000 1.000000
f 4169/4169 4170/4170 4171/4171 4172/4172
usemtl dark
v -0.048877 0.099200 0.176698
v -0.024690 0.094858 0.179669
v -0.022632 0.097630 0.158379
v -0.044804 0.101611 0.155655
vt 0.000000 0.000000
vt 1.000000 0.000000
vt 1.000000 1.000000
vt 0.000000 1.000000
f 4173/4173 4174/4174 4175/4175 4176/4176
usemtl white
v -0.022632 0.097630 0.158379
v -0.000000 0.096294 0.159293
v -0.000000 0.093400 0.180666
v -0.024690 0.094858 0.179669
vt 0.000000 0.000000
vt 1.000000 0.000000
vt 1.000000 1.000000
vt 0.000000 1.000000
f 4177/4177 4178/4178 4179/4179 4180/4180
usemtl dark
v -0.024690 0.094858 0.179669
v -0.000000 0.093400 0.180666
v -0.000000 0.096294 0.159293
v -0.022632 0.097630 0.158379
vt 0.000000 0.000000
vt 1.000000 0.000000
vt 1.000000 1.000000
vt 0.000000 1.000000
f 4181/4181 4182/4182 4183/4183 4184/4184
usemtl white
v -0.000000 0.096294 0.159293
v 0.022632 0.097630 0.158379
v 0.024690 0.094858 0.179669
v -0.000000 0.093400 0.180666
vt 0.000000 0.000000
vt 1.000000 0.000000
vt 1.000000 1.000000
vt 0.000000 1.000000
f 4185/4185 4186/4186 4187/4187 4188/4188
usemtl dark
v -0.000000 0.093400 0.180666
v 0.024690 0.094858 0.179669
v 0.022632 0.097630 0.158379
v -0.000000 0.096294 0.159293
vt 0.000000 0.000000
vt 1.000000 0.000000
vt 1.000000 1.000000
vt 0.000000 1.000000
f 4189/4189 4190/4190 4191/4191 4192/4192
usemtl white
v 0.022632 0.097630 0.158379
v 0.044804 0.101611 0.155655
v 0.048877 0.099200 0.176698
v 0.024690 0.094858 0.179669
vt 0.000000 0.000000
vt 1.000000 0.000000
vt 1.000000 1.000000
vt 0.000000 1.000000
f 4193/4193 4194/4194 4195/4195 4196/4196
usemtl dark
v 0.024690 0.094858 0.179669
v 0.048877 0.099200 0.176698
v 0.044804 0.101611 0.155655
v 0.022632 0.097630 0.158379
vt 0.000000 0.000000
vt 1.000000 0.000000
vt 1.000000 1.000000
vt 0.000000 1.000000
f 4197/4197 4198/4198 4199/4199 4200/4200
usemtl white
v 0.044804 0.101611 0.155655
v 0.066063 0.108155 0.151178
v 0.072069 0.106339 0.171814
v 0.048877 0.099200 0.176698
vt 0.000000 0.000000
vt 1.000000 0.000000
vt 1.000000 1.000000
vt 0.000000 1.000000
f 4201/4201 4202/4202 4203/4203 4204/4204
usemtl dark
v 0.048877 0.099200 0.176698
v 0.072069 0.106339 0.171814
v 0.066063 0.108155 0.151178
v 0.044804 0.101611 0.155655
vt 0.000000 0.000000
vt 1.000000 0.000000
vt 1.000000 1.000000
vt 0.000000 1.000000
f 4205/4205 4206/4206 4207/4207 4208/4208
usemtl white
v 0.066063 0.108155 0.151178
v 0.085977 0.117130 0.145038
v 0.093793 0.116130 0.165116
v 0.072069 0.106339 0.171814
vt 0.000000 0.000000
vt 1.000000 0.000000
vt 1.000000 1.000000
vt 0.000000 1.000000
f 4209/4209 4210/4210 4211/4211 4212/4212
usemtl dark
v 0.072069 0.106339 0.171814
v 0.093793 0.116130 0.165116
v 0.085977 0.117130 0.145038
v 0.066063 0.108155 0.151178
vt 0.000000 0.000000
vt 1.000000 0.000000
vt 1.000000 1.000000
vt 0.000000 1.000000
f 4213/4213 4214/4214 4215/4215 4216/4216
usemtl white
v 0.085977 0.117130 0.145038
v 0.104142 0.128353 0.137360
v 0.113609 0.128373 0.156740
v 0.093793 0.116130 0.165116
vt 0.000000 0.000000
vt 1.000000 0.000000
vt 1.000000 1.000000
vt 0.000000 1.000000
f 4217/4217 4218/4218 4219/4219 4220/4220
usemtl dark
v 0.093793 0.116130 0.165116
v 0.113609 0.128373 0.156740
v 0.104142 0.128353 0.137360
v 0.085977 0.117130 0.145038
vt 0.000000 0.000000
vt 1.000000 0.000000
vt 1.000000 1.000000
vt 0.000000 1.000000
f 4221/4221 4222/4222 4223/4223 4224/4224
usemtl white
v 0.104142 0.128353 0.137360
v 0.120186 0.141595 0.128301
v 0.131112 0.142819 0.146857
v 0.113609 0.128373 0.156740
vt 0.000000 0.000000
vt 1.000000 0.000000
vt 1.000000 1.000000
vt 0.000000 1.000000
f 4225/4225 4226/4226 4227/4227 4228/4228
usemtl dark
v 0.113609 0.128373 0.156740
v 0.131112 0.142819 0.146857
v 0.120186 0.141595 0.128301
v 0.104142 0.128353 0.137360
vt 0.000000 0.000000
vt 1.000000 0.000000
vt 1.000000 1.000000
vt 0.000000 1.000000
f 4229/4229 4230/4230 4231/4231 4232/4232
usemtl white
v 0.120186 0.141595 0.128301
v 0.133783 0.156586 0.118045
v 0.145945 0.159173 0.135669
v 0.131112 0.142819 0.146857
vt 0.000000 0.000000
vt 1.000000 0.000000
vt 1.000000 1.000000
vt 0.000000 1.000000
f 4233/4233 4234/4234 4235/4235 4236/4236
usemtl dark
v 0.131112 0.142819 0.146857
v 0.145945 0.159173 0.135669
v 0.133783 0.156586 0.118045
v 0.120186 0.141595 0.128301
vt 0.000000 0.000000
vt 1.000000 0.000000
vt 1.000000 1.000000
vt 0.000000 1.000000
f 4237/4237 4238/4238 4239/4239 4240/4240
usemtl white
v 0.133783 0.156586 0.118045
v 0.144657 0.173022 0.106800
v 0.157808 0.177103 0.123402
v 0.145945 0.159173 0.135669
vt 0.000000 0.000000
vt 1.000000 0.000000
vt 1.000000 1.000000
vt 0.000000 1.000000
f 4241/4241 4242/4242 4243/4243 4244/4244
usemtl dark
v 0.145945 0.159173 0.135669
v 0.157808 0.177103 0.123402
v 0.144657 0.173022 0.106800
v 0.133783 0.156586 0.118045
vt 0.000000 0.000000
vt 1.000000 0.000000
vt 1.000000 1.000000
vt 0.000000 1.000000
f 4245/4245 4246/4246 4247/4247 4248/4248
usemtl white
v 0.144657 0.173022 0.106800
v 0.152587 0.190568 0.094796
v 0.166458 0.196245 0.110307
v 0.157808 0.177103 0.123402
vt 0.000000 0.000000
vt 1.000000 0.000000
vt 1.000000 1.000000
vt 0.000000 1.000000
f 4249/4249 4250/4250 4251/4251 4252/4252
usemtl dark
v 0.157808 0.177103 0.123402
v 0.166458 0.196245 0.110307
v 0.152587 0.190568 0.094796
v 0.144657 0.173022 0.106800
vt 0.000000 0.000000
vt 1.000000 0.000000
vt 1.000000 1.000000
vt 0.000000 1.000000
f 4253/4253 4254/4254 4255/4255 4256/4256
usemtl white
v 0.152587 0.190568 0.094796
v 0.157410 0.208867 0.082277
v 0.171720 0.216207 0.096650
v 0.166458 0.196245 0.110307
vt 0.000000 0.000000
vt 1.000000 0.000000
vt 1.000000 1.000000
vt 0.000000 1.000000
f 4257/4257 4258/4258 4259/4259 4260/4260
usemtl dark
v 0.166458 0.196245 0.110307
v 0.171720 0.216207 0.096650
v 0.157410 0.208867 0.082277
v 0.152587 0.190568 0.094796
vt 0.000000 0.000000
vt 1.000000 0.000000
vt 1.000000 1.000000
vt 0.000000 1.000000
f 4261/4261 4262/4262 4263/4263 4264/4264
usemtl white
v 0.157410 0.208867 0.082277
v 0.159029 0.227546 0.069498
v 0.173486 0.236584 0.082709
v 0.171720 0.216207 0.096650
vt 0.000000 0.000000
vt 1.000000 0.000000
vt 1.000000 1.000000
vt 0.000000 1.000000
f 4265/4265 4266/4266 4267/4267 4268/4268
usemtl dark
v 0.171720 0.216207 0.096650
v 0.173486 0.236584 0.082709
v 0.159029 0.227546 0.069498
v 0.157410 0.208867 0.082277
vt 0.000000 0.000000
vt 1.000000 0.000000
vt 1.000000 1.000000
vt 0.000000 1.000000
f 4269/4269 4270/4270 4271/4271 4272/4272
usemtl white
v 0.173486 0.236584 0.082709
v 0.171720 0.256961 0.068768
v 0.186030 0.268483 0.081965
v 0.187943 0.246408 0.097068
vt 0.000000 0.000000
vt 1.000000 0.000000
vt 1.000000 1.000000
vt 0.000000 1.000000
f 4273/4273 4274/4274 4275/4275 4276/4276
usemtl dark
v 0.187943 0.246408 0.097068
v 0.186030 0.268483 0.081965
v 0.171720 0.256961 0.068768
v 0.173486 0.236584 0.082709
vt 0.000000 0.000000
vt 1.000000 0.000000
vt 1.000000 1.000000
vt 0.000000 1.000000
f 4277/4277 4278/4278 4279/4279 4280/4280
usemtl white
v 0.171720 0.256961 0.068768
v 0.166458 0.276924 0.055111
v 0.180330 0.290109 0.067170
v 0.186030 0.268483 0.081965
vt 0.000000 0.000000
vt 1.000000 0.000000
vt 1.000000 1.000000
vt 0.000000 1.000000
f 4281/4281 4282/4282 4283/4283 4284/4284
usemtl dark
v 0.186030 0.268483 0.081965
v 0.180330 0.290109 0.067170
v 0.166458 0.276924 0.055111
v 0.171720 0.256961 0.068768
vt 0.000000 0.000000
vt 1.000000 0.000000
vt 1.000000 1.000000
vt 0.000000 1.000000
f 4285/4285 4286/4286 4287/4287 4288/4288
usemtl white
v 0.166458 0.276924 0.055111
v 0.157808 0.296065 0.042016
v 0.170959 0.310845 0.052984
v 0.180330 0.290109 0.067170
vt 0.000000 0.000000
vt 1.000000 0.000000
vt 1.000000 1.000000
vt 0.000000 1.000000
f 4289/4289 4290/4290 4291/4291 4292/4292
usemtl dark
v 0.180330 0.290109 0.067170
v 0.170959 0.310845 0.052984
v 0.157808 0.296065 0.042016
v 0.166458 0.276924 0.055111
vt 0.000000 0.000000
vt 1.000000 0.000000
vt 1.000000 1.000000
vt 0.000000 1.000000
f 4293/4293 4294/4294 4295/4295 4296/4296
usemtl white
v 0.157808 0.296065 0.042016
v 0.145945 0.313995 0.029749
v 0.158108 0.330270 0.039695
v 0.170959 0.310845 0.052984
vt 0.000000 0.000000
vt 1.000000 0.000000
vt 1.000000 1.000000
vt 0.000000 1.000000
f 4297/4297 4298/4298 4299/4299 4300/4300
usemtl dark
v 0.170959 0.310845 0.052984
v 0.158108 0.330270 0.039695
v 0.145945 0.313995 0.029749
v 0.157808 0.296065 0.042016
vt 0.000000 0.000000
vt 1.000000 0.000000
vt 1.000000 1.000000
vt 0.000000 1.000000
f 4301/4301 4302/4302 4303/4303 4304/4304
usemtl white
v 0.145945 0.313995 0.029749
v 0.131112 0.330350 0.018560
v 0.142038 0.347987 0.027574
v 0.158108 0.330270 0.039695
vt 0.000000 0.000000
vt 1.000000 0.000000
vt 1.000000 1.000000
vt 0.000000 1.000000
f 4305/4305 4306/4306 4307/4307 4308/4308
usemtl dark
v 0.158108 0.330270 0.039695
v 0.142038 0.347987 0.027574
v 0.131112 0.330350 0.018560
v 0.145945 0.313995 0.029749
vt 0.000000 0.000000
vt 1.000000 0.000000
vt 1.000000 1.000000
vt 0.000000 1.000000
f 4309/4309 4310/4310 4311/4311 4312/4312
usemtl white
v 0.131112 0.330350 0.018560
v 0.113609 0.344795 0.008677
v 0.123076 0.363637 0.016867
v 0.142038 0.347987 0.027574
vt 0.000000 0.000000
vt 1.000000 0.000000
vt 1.000000 1.000000
vt 0.000000 1.000000
f 4313/4313 4314/4314 4315/4315 4316/4316
usemtl dark
v 0.142038 0.347987 0.027574
v 0.123076 0.363637 0.016867
v 0.113609 0.344795 0.008677
v 0.131112 0.330350 0.018560
vt 0.000000 0.000000
vt 1.000000 0.000000
vt 1.000000 1.000000
vt 0.000000 1.000000
f 4317/4317 4318/4318 4319/4319 4320/4320
usemtl white
v 0.113609 0.344795 0.008677
v 0.093793 0.357038 0.000302
v 0.101610 0.376900 0.007794
v 0.123076 0.363637 0.016867
vt 0.000000 0.000000
vt 1.000000 0.000000
vt 1.000000 1.000000
vt 0.000000 1.000000
f 4321/4321 4322/4322 4323/4323 4324/4324
usemtl dark
v 0.123076 0.363637 0.016867
v 0.101610 0.376900 0.007794
v 0.093793 0.357038 0.000302
v 0.113609 0.344795 0.008677
vt 0.000000 0.000000
vt 1.000000 0.000000
vt 1.000000 1.000000
vt 0.000000 1.000000
f 4325/4325 4326/4326 4327/4327 4328/4328
usemtl white
v 0.093793 0.357038 0.000302
v 0.072069 0.366829 -0.006396
v 0.078074 0.387506 0.000537
v 0.101610 0.376900 0.007794
vt 0.000000 0.000000
vt 1.000000 0.000000
vt 1.000000 1.000000
vt 0.000000 1.000000
f 4329/4329 4330/4330 4331/4331 4332/4332
usemtl dark
v 0.101610 0.376900 0.007794
v 0.078074 0.387506 0.000537
v 0.072069 0.366829 -0.006396
v 0.093793 0.357038 0.000302
vt 0.000000 0.000000
vt 1.000000 0.000000
vt 1.000000 1.000000
vt 0.000000 1.000000
f 4333/4333 4334/4334 4335/4335 4336/4336
usemtl white
v 0.072069 0.366829 -0.006396
v 0.048877 0.373968 -0.011281
v 0.052950 0.395240 -0.004754
v 0.078074 0.387506 0.000537
vt 0.000000 0.000000
vt 1.000000 0.000000
vt 1.000000 1.000000
vt 0.000000 1.000000
f 4337/4337 4338/4338 4339/4339 4340/4340
usemtl dark
v 0.078074 0.387506 0.000537
v 0.052950 0.395240 -0.004754
v 0.048877 0.373968 -0.011281
v 0.072069 0.366829 -0.006396
vt 0.000000 0.000000
vt 1.000000 0.000000
vt 1.000000 1.000000
vt 0.000000 1.000000
f 4341/4341 4342/4342 4343/4343 4344/4344
usemtl white
v 0.048877 0.373968 -0.011281
v 0.024690 0.378311 -0.014252
v 0.026747 0.399945 -0.007972
v 0.052950 0.395240 -0.004754
vt 0.000000 0.000000
vt 1.000000 0.000000
vt 1.000000 1.000000
vt 0.000000 1.000000
f 4345/4345 4346/4346 4347/4347 4348/4348
usemtl dark
v 0.052950 0.395240 -0.004754
v 0.026747 0.399945 -0.007972
v 0.024690 0.378311 -0.014252
v 0.048877 0.373968 -0.011281
vt 0.000000 0.000000
vt 1.000000 0.000000
vt 1.000000 1.000000
vt 0.000000 1.000000
f 4349/4349 4350/4350 4351/4351 4352/4352
usemtl white
v 0.024690 0.378311 -0.014252
v 0.000000 0.379768 -0.015249
v 0.000000 0.401524 -0.009053
v 0.026747 0.399945 -0.007972
vt 0.000000 0.000000
vt 1.000000 0.000000
vt 1.000000 1.000000
vt 0.000000 1.000000
f 4353/4353 4354/4354 4355/4355 4356/4356
usemtl dark
v 0.026747 0.399945 -0.007972
v 0.000000 0.401524 -0.009053
v 0.000000 0.379768 -0.015249
v 0.024690 0.378311 -0.014252
vt 0.000000 0.000000
vt 1.000000 0.000000
vt 1.000000 1.000000
vt 0.000000 1.000000
f 4357/4357 4358/4358 4359/4359 4360/4360
usemtl white
v 0.000000 0.379768 -0.015249
v -0.024690 0.378311 -0.014252
v -0.026747 0.399945 -0.007972
v 0.000000 0.401524 -0.009053
vt 0.000000 0.000000
vt 1.000000 0.000000
vt 1.000000 1.000000
vt 0.000000 1.000000
f 4361/4361 4362/4362 4363/4363 4364/4364
usemtl dark
v 0.000000 0.401524 -0.009053
v -0.026747 0.399945 -0.007972
v -0.024690 0.378311 -0.014252
v 0.000000 0.379768 -0.015249
vt 0.000000 0.000000
vt 1.000000 0.000000
vt 1.000000 1.000000
vt 0.000000 1.000000
f 4365/4365 4366/4366 4367/4367 4368/4368
usemtl white
v -0.024690 0.378311 -0.014252
v -0.048877 0.373968 -0.011281
v -0.052950 0.395240 -0.004754
v -0.026747 0.399945 -0.007972
vt 0.000000 0.000000
vt 1.000000 0.000000
vt 1.000000 1.000000
vt 0.000000 1.000000
f 4369/4369 4370/4370 4371/4371 4372/4372
usemtl dark
v -0.026747 0.399945 -0.007972
v -0.052950 0.395240 -0.004754
v -0.048877 0.373968 -0.011281
v -0.024690 0.378311 -0.014252
vt 0.000000 0.000000
vt 1.000000 0.000000
vt 1.000000 1.000000
vt 0.000000 1.000000
f 4373/4373 4374/4374 4375/4375 4376/4376
usemtl white
v -0.048877 0.373968 -0.011281
v -0.072069 0.366829 -0.006396
v -0.078074 0.387506 0.000537
v -0.052950 0.395240 -0.004754
vt 0.000000 0.000000
vt 1.000000 0.000000
vt 1.000000 1.000000
vt 0.000000 1.000000
f 4377/4377 4378/4378 4379/4379 4380/4380
usemtl dark
v -0.052950 0.395240 -0.004754
v -0.078074 0.387506 0.000537
v -0.072069 0.366829 -0.006396
v -0.048877 0.373968 -0.011281
vt 0.000000 0.000000
vt 1.000000 0.000000
vt 1.000000 1.000000
vt 0.000000 1.000000
f 4381/4381 4382/4382 4383/4383 4384/4384
usemtl white
v -0.072069 0.366829 -0.006396
v -0.093793 0.357038 0.000302
v -0.101610 0.376900 0.007794
v -0.078074 0.387506 0.000537
vt 0.000000 0.000000
vt 1.000000 0.000000
vt 1.000000 1.000000
vt 0.000000 1.000000
f 4385/4385 4386/4386 4387/4387 4388/4388
usemtl dark
v -0.078074 0.387506 0.000537
v -0.101610 0.376900 0.007794
v -0.093793 0.357038 0.000302
v -0.072069 0.366829 -0.006396
vt 0.000000 0.000000
vt 1.000000 0.000000
vt 1.000000 1.000000
vt 0.000000 1.000000
f 4389/4389 4390/4390 4391/4391 4392/4392
usemtl white
v -0.093793 0.357038 0.000302
v -0.113609 0.344795 0.008677
v -0.123076 0.363637 0.016867
v -0.101610 0.376900 0.007794
vt 0.000000 0.000000
vt 1.000000 0.000000
vt 1.000000 1.000000
vt 0.000000 1.000000
f 4393/4393 4394/4394 4395/4395 4396/4396
usemtl dark
v -0.101610 0.376900 0.007794
v -0.123076 0.363637 0.016867
v -0.113609 0.344795 0.008677
v -0.093793 0.357038 0.000302
vt 0.000000 0.000000
vt 1.000000 0.000000
vt 1.000000 1.000000
vt 0.000000 1.000000
f 4397/4397 4398/4398 4399/4399 4400/4400
usemtl white
v -0.113609 0.344795 0.008677
v -0.131112 0.330350 0.018560
v -0.142038 0.347987 0.027574
v -0.123076 0.363637 0.016867
vt 0.000000 0.000000
vt 1.000000 0.000000
vt 1.000000 1.000000
vt 0.000000 1.000000
f 4401/4401 4402/4402 4403/4403 4404/4404
usemtl dark
v -0.123076 0.363637 0.016867
v -0.142038 0.347987 0.027574
v -0.131112 0.330350 0.018560
v -0.113609 0.344795 0.008677
vt 0.000000 0.000000
vt 1.000000 0.000000
vt 1.000000 1.000000
vt 0.000000 1.000000
f 4405/4405 4406/4406 4407/4407 4408/4408
usemtl white
v -0.131112 0.330350 0.018560
v -0.145945 0.313995 0.029749
v -0.158108 0.330270 0.039695
v -0.142038 0.347987 0.027574
vt 0.000000 0.000000
vt 1.000000 0.000000
vt 1.000000 1.000000
vt 0.000000 1.000000
f 4409/4409 4410/4410 4411/4411 4412/4412
usemtl dark
v -0.142038 0.347987 0.027574
v -0.158108 0.330270 0.039695
v -0.145945 0.313995 0.029749
v -0.131112 0.330350 0.018560
vt 0.000000 0.000000
vt 1.000000 0.000000
vt 1.000000 1.000000
vt 0.000000 1.000000
f 4413/4413 4414/4414 4415/4415 4416/4416
usemtl white
v -0.145945 0.313995 0.029749
v -0.157808 0.296065 0.042016
v -0.170959 0.310845 0.052984
v -0.158108 0.330270 0.039695
vt 0.000000 0.000000
vt 1.000000 0.000000
vt 1.000000 1.000000
vt 0.000000 1.000000
f 4417/4417 4418/4418 4419/4419 4420/4420
usemtl dark
v -0.158108 0.330270 0.039695
v -0.170959 0.310845 0.052984
v -0.157808 0.296065 0.042016
v -0.145945 0.313995 0.029749
vt 0.000000 0.000000
vt 1.000000 0.000000
vt 1.000000 1.000000
vt 0.000000 1.000000
f 4421/4421 4422/4422 4423/4423 4424/4424
usemtl white
v -0.157808 0.296065 0.042016
v -0.166458 0.276924 0.055111
v -0.180330 0.290109 0.067170
v -0.170959 0.310845 0.052984
vt 0.000000 0.000000
vt 1.000000 0.000000
vt 1.000000 1.000000
vt 0.000000 1.000000
f 4425/4425 4426/4426 4427/4427 4428/4428
usemtl dark
v -0.170959 0.310845 0.052984
v -0.180330 0.290109 0.067170
v -0.166458 0.276924 0.055111
v -0.157808 0.296065 0.042016
vt 0.000000 0.000000
vt 1.000000 0.000000
vt 1.000000 1.000000
vt 0.000000 1.000000
f 4429/4429 4430/4430 4431/4431 4432/4432
usemtl white
v -0.166458 0.276924 0.055111
v -0.171720 0.256961 0.068768
v -0.186030 0.268483 0.081965
v -0.180330 0.290109 0.067170
vt 0.000000 0.000000
vt 1.000000 0.000000
vt 1.000000 1.000000
vt 0.000000 1.000000
f 4433/4433 4434/4434 4435/4435 4436/4436
usemtl dark
v -0.180330 0.290109 0.067170
v -0.186030 0.268483 0.081965
v -0.171720 0.256961 0.068768
v -0.166458 0.276924 0.055111
vt 0.000000 0.000000
vt 1.000000 0.000000
vt 1.000000 1.000000
vt 0.000000 1.000000
f 4437/4437 4438/4438 4439/4439 4440/4440
usemtl white
v -0.171720 0.256961 0.068768
v -0.173486 0.236584 0.082709
v -0.187943 0.246408 0.097068
v -0.186030 0.268483 0.081965
vt 0.000000 0.000000
vt 1.000000 0.000000
vt 1.000000 1.000000
vt 0.000000 1.000000
f 4441/4441 4442/4442 4443/4443 4444/4444
usemtl dark
v -0.186030 0.268483 0.081965
v -0.187943 0.246408 0.097068
v -0.173486 0.236584 0.082709
v -0.171720 0.256961 0.068768
vt 0.000000 0.000000
vt 1.000000 0.000000
vt 1.000000 1.000000
vt 0.000000 1.000000
f 4445/4445 4446/4446 4447/4447 4448/4448
usemtl white
v -0.173486 0.236584 0.082709
v -0.171720 0.216207 0.096650
v -0.186030 0.224332 0.112170
v -0.187943 0.246408 0.097068
vt 0.000000 0.000000
vt 1.000000 0.000000
vt 1.000000 1.000000
vt 0.000000 1.000000
f 4449/4449 4450/4450 4451/4451 4452/4452
usemtl dark
v -0.187943 0.246408 0.097068
v -0.186030 0.224332 0.112170
v -0.171720 0.216207 0.096650
v -0.173486 0.236584 0.082709
vt 0.000000 0.000000
vt 1.000000 0.000000
vt 1.000000 1.000000
vt 0.000000 1.000000
f 4453/4453 4454/4454 4455/4455 4456/4456
usemtl white
v -0.171720 0.216207 0.096650
v -0.166458 0.196245 0.110307
v -0.180330 0.202707 0.126965
v -0.186030 0.224332 0.112170
vt 0.000000 0.000000
vt 1.000000 0.000000
vt 1.000000 1.000000
vt 0.000000 1.000000
f 4457/4457 4458/4458 4459/4459 4460/4460
usemtl dark
v -0.186030 0.224332 0.112170
v -0.180330 0.202707 0.126965
v -0.166458 0.196245 0.110307
v -0.171720 0.216207 0.096650
vt 0.000000 0.000000
vt 1.000000 0.000000
vt 1.000000 1.000000
vt 0.000000 1.000000
f 4461/4461 4462/4462 4463/4463 4464/4464
usemtl white
v -0.166458 0.196245 0.110307
v -0.157808 0.177103 0.123402
v -0.170959 0.181970 0.141152
v -0.180330 0.202707 0.126965
vt 0.000000 0.000000
vt 1.000000 0.000000
vt 1.000000 1.000000
vt 0.000000 1.000000
f 4465/4465 4466/4466 4467/4467 4468/4468
usemtl dark
v -0.180330 0.202707 0.126965
v -0.170959 0.181970 0.141152
v -0.157808 0.177103 0.123402
v -0.166458 0.196245 0.110307
vt 0.000000 0.000000
vt 1.000000 0.000000
vt 1.000000 1.000000
vt 0.000000 1.000000
f 4469/4469 4470/4470 4471/4471 4472/4472
usemtl white
v -0.157808 0.177103 0.123402
v -0.145945 0.159173 0.135669
v -0.158108 0.162546 0.154441
v -0.170959 0.181970 0.141152
vt 0.000000 0.000000
vt 1.000000 0.000000
vt 1.000000 1.000000
vt 0.000000 1.000000
f 4473/4473 4474/4474 4475/4475 4476/4476
usemtl dark
v -0.170959 0.181970 0.141152
v -0.158108 0.162546 0.154441
v -0.145945 0.159173 0.135669
v -0.157808 0.177103 0.123402
vt 0.000000 0.000000
vt 1.000000 0.000000
vt 1.000000 1.000000
vt 0.000000 1.000000
f 4477/4477 4478/4478 4479/4479 4480/4480
usemtl white
v -0.145945 0.159173 0.135669
v -0.131112 0.142819 0.146857
v -0.142038 0.144828 0.166562
v -0.158108 0.162546 0.154441
vt 0.000000 0.000000
vt 1.000000 0.000000
vt 1.000000 1.000000
vt 0.000000 1.000000
f 4481/4481 4482/4482 4483/4483 4484/4484
usemtl dark
v -0.158108 0.162546 0.154441
v -0.142038 0.144828 0.166562
v -0.131112 0.142819 0.146857
v -0.145945 0.159173 0.135669
vt 0.000000 0.000000
vt 1.000000 0.000000
vt 1.000000 1.000000
vt 0.000000 1.000000
f 4485/4485 4486/4486 4487/4487 4488/4488
usemtl white
v -0.131112 0.142819 0.146857
v -0.113609 0.128373 0.156740
v -0.123076 0.129179 0.177268
v -0.142038 0.144828 0.166562
vt 0.000000 0.000000
vt 1.000000 0.000000
vt 1.000000 1.000000
vt 0.000000 1.000000
f 4489/4489 4490/4490 4491/4491 4492/4492
usemtl dark
v -0.142038 0.144828 0.166562
v -0.123076 0.129179 0.177268
v -0.113609 0.128373 0.156740
v -0.131112 0.142819 0.146857
vt 0.000000 0.000000
vt 1.000000 0.000000
vt 1.000000 1.000000
vt 0.000000 1.000000
f 4493/4493 4494/4494 4495/4495 4496/4496
usemtl white
v -0.113609 0.128373 0.156740
v -0.093793 0.116130 0.165116
v -0.101610 0.115916 0.186342
v -0.123076 0.129179 0.177268
vt 0.000000 0.000000
vt 1.000000 0.000000
vt 1.000000 1.000000
vt 0.000000 1.000000
f 4497/4497 4498/4498 4499/4499 4500/4500
usemtl dark
v -0.123076 0.129179 0.177268
v -0.101610 0.115916 0.186342
v -0.093793 0.116130 0.165116
v -0.113609 0.128373 0.156740
vt 0.000000 0.000000
vt 1.000000 0.000000
vt 1.000000 1.000000
vt 0.000000 1.000000
f 4501/4501 4502/4502 4503/4503 4504/4504
usemtl white
v -0.093793 0.116130 0.165116
v -0.072069 0.106339 0.171814
v -0.078074 0.105309 0.193599
v -0.101610 0.115916 0.186342
vt 0.000000 0.000000
vt 1.000000 0.000000
vt 1.000000 1.000000
vt 0.000000 1.000000
f 4505/4505 4506/4506 4507/4507 4508/4508
usemtl dark
v -0.101610 0.115916 0.186342
v -0.078074 0.105309 0.193599
v -0.072069 0.106339 0.171814
v -0.093793 0.116130 0.165116
vt 0.000000 0.000000
vt 1.000000 0.000000
vt 1.000000 1.000000
vt 0.000000 1.000000
f 4509/4509 4510/4510 4511/4511 4512/4512
usemtl white
v -0.072069 0.106339 0.171814
v -0.048877 0.099200 0.176698
v -0.052950 0.097575 0.198890
v -0.078074 0.105309 0.193599
vt 0.000000 0.000000
vt 1.000000 0.000000
vt 1.000000 1.000000
vt 0.000000 1.000000
f 4513/4513 4514/4514 4515/4515 4516/4516
usemtl dark
v -0.078074 0.105309 0.193599
v -0.052950 0.097575 0.198890
v -0.048877 0.099200 0.176698
v -0.072069 0.106339 0.171814
vt 0.000000 0.000000
vt 1.000000 0.000000
vt 1.000000 1.000000
vt 0.000000 1.000000
f 4517/4517 4518/4518 4519/4519 4520/4520
usemtl white
v -0.048877 0.099200 0.176698
v -0.024690 0.094858 0.179669
v -0.026747 0.092871 0.202108
v -0.052950 0.097575 0.198890
vt 0.000000 0.000000
vt 1.000000 0.000000
vt 1.000000 1.000000
vt 0.000000 1.000000
f 4521/4521 4522/4522 4523/4523 4524/4524
usemtl dark
v -0.052950 0.097575 0.198890
v -0.026747 0.092871 0.202108
v -0.024690 0.094858 0.179669
v -0.048877 0.099200 0.176698
vt 0.000000 0.000000
vt 1.000000 0.000000
vt 1.000000 1.000000
vt 0.000000 1.000000
f 4525/4525 4526/4526 4527/4527 4528/4528
usemtl white
v -0.024690 0.094858 0.179669
v -0.000000 0.093400 0.180666
v -0.000000 0.091292 0.203188
v -0.026747 0.092871 0.202108
vt 0.000000 0.000000
vt 1.000000 0.000000
vt 1.000000 1.000000
vt 0.000000 1.000000
f 4529/4529 4530/4530 4531/4531 4532/4532
usemtl dark
v -0.026747 0.092871 0.202108
v -0.000000 0.091292 0.203188
v -0.000000 0.093400 0.180666
v -0.024690 0.094858 0.179669
vt 0.000000 0.000000
vt 1.000000 0.000000
vt 1.000000 1.000000
vt 0.000000 1.000000
f 4533/4533 4534/4534 4535/4535 4536/4536
usemtl white
v -0.000000 0.093400 0.180666
v 0.024690 0.094858 0.179669
v 0.026747 0.092871 0.202108
v -0.000000 0.091292 0.203188
vt 0.000000 0.000000
vt 1.000000 0.000000
vt 1.000000 1.000000
vt 0.000000 1.000000
f 4537/4537 4538/4538 4539/4539 4540/4540
usemtl dark
v -0.000000 0.091292 0.203188
v 0.026747 0.092871 0.202108
v 0.024690 0.094858 0.179669
v -0.000000 0.093400 0.180666
vt 0.000000 0.000000
vt 1.000000 0.000000
vt 1.000000 1.000000
vt 0.000000 1.000000
f 4541/4541 4542/4542 4543/4543 4544/4544
usemtl white
v 0.024690 0.094858 0.179669
v 0.048877 0.099200 0.176698
v 0.052950 0.097575 0.198890
v 0.026747 0.092871 0.202108
vt 0.000000 0.000000
vt 1.000000 0.000000
vt 1.000000 1.000000
vt 0.000000 1.000000
f 4545/4545 4546/4546 4547/4547 4548/4548
usemtl dark
v 0.026747 0.092871 0.202108
v 0.052950 0.097575 0.198890
v 0.048877 0.099200 0.176698
v 0.024690 0.094858 0.179669
vt 0.000000 0.000000
vt 1.000000 0.000000
vt 1.000000 1.000000
vt 0.000000 1.000000
f 4549/4549 4550/4550 4551/4551 4552/4552
usemtl white
v 0.048877 0.099200 0.176698
v 0.072069 0.106339 0.171814
v 0.078074 0.105309 0.193599
v 0.052950 0.097575 0.198890
vt 0.000000 0.000000
vt 1.000000 0.000000
vt 1.000000 1.000000
vt 0.000000 1.000000
f 4553/4553 4554/4554 4555/4555 4556/4556
usemtl dark
v 0.052950 0.097575 0.198890
v 0.078074 0.105309 0.193599
v 0.072069 0.106339 0.171814
v 0.048877 0.099200 0.176698
vt 0.000000 0.000000
vt 1.000000 0.000000
vt 1.000000 1.000000
vt 0.000000 1.000000
f 4557/4557 4558/4558 4559/4559 4560/4560
usemtl white
v 0.072069 0.106339 0.171814
v 0.093793 0.116130 0.165116
v 0.101610 0.115916 0.186342
v 0.078074 0.105309 0.193599
vt 0.000000 0.000000
vt 1.000000 0.000000
vt 1.000000 1.000000
vt 0.000000 1.000000
f 4561/4561 4562/4562 4563/4563 4564/4564
usemtl dark
v 0.078074 0.105309 0.193599
v 0.101610 0.115916 0.186342
v 0.093793 0.116130 0.165116
v 0.072069 0.106339 0.171814
vt 0.000000 0.000000
vt 1.000000 0.000000
vt 1.000000 1.000000
vt 0.000000 1.000000
f 4565/4565 4566/4566 4567/4567 4568/4568
usemtl white
v 0.093793 0.116130 0.165116
v 0.113609 0.128373 0.156740
v 0.123076 0.129179 0.177268
v 0.101610 0.115916 0.186342
vt 0.000000 0.000000
vt 1.000000 0.000000
vt 1.000000 1.000000
vt 0.000000 1.000000
f 4569/4569 4570/4570 4571/4571 4572/4572
usemtl dark
v 0.101610 0.115916 0.186342
v 0.123076 0.129179 0.177268
v 0.113609 0.128373 0.156740
v 0.093793 0.116130 0.165116
vt 0.000000 0.000000
vt 1.000000 0.000000
vt 1.000000 1.000000
vt 0.000000 1.000000
f 4573/4573 4574/4574 4575/4575 4576/4576
usemtl white
v 0.113609 0.128373 0.156740
v 0.131112 0.142819 0.146857
v 0.142038 0.144828 0.166562
v 0.123076 0.129179 0.177268
vt 0.000000 0.000000
vt 1.000000 0.000000
vt 1.000000 1.000000
vt 0.000000 1.000000
f 4577/4577 4578/4578 4579/4579 4580/4580
usemtl dark
v 0.123076 0.129179 0.177268
v 0.142038 0.144828 0.166562
v 0.131112 0.142819 0.146857
v 0.113609 0.128373 0.156740
vt 0.000000 0.000000
vt 1.000000 0.000000
vt 1.000000 1.000000
vt 0.000000 1.000000
f 4581/4581 4582/4582 4583/4583 4584/4584
usemtl white
v 0.131112 0.142819 0.146857
v 0.145945 0.159173 0.135669
v 0.158108 0.162546 0.154441
v 0.142038 0.144828 0.166562
vt 0.000000 0.000000
vt 1.000000 0.000000
vt 1.000000 1.000000
vt 0.000000 1.000000
f 4585/4585 4586/4586 4587/4587 4588/4588
usemtl dark
v 0.142038 0.144828 0.166562
v 0.158108 0.162546 0.154441
v 0.145945 0.159173 0.135669
v 0.131112 0.142819 0.146857
vt 0.000000 0.000000
vt 1.000000 0.000000
vt 1.000000 1.000000
vt 0.000000 1.000000
f 4589/4589 4590/4590 4591/4591 4592/4592
usemtl white
v 0.145945 0.159173 0.135669
v 0.157808 0.177103 0.123402
v 0.170959 0.181970 0.141152
v 0.158108 0.162546 0.154441
vt 0.000000 0.000000
vt 1.000000 0.000000
vt 1.000000 1.000000
vt 0.000000 1.000000
f 4593/4593 4594/4594 4595/4595 4596/4596
usemtl dark
v 0.158108 0.162546 0.154441
v 0.170959 0.181970 0.141152
v 0.157808 0.177103 0.123402
v 0.145945 0.159173 0.135669
vt 0.000000 0.000000
vt 1.000000 0.000000
vt 1.000000 1.000000
vt 0.000000 1.000000
f 4597/4597 4598/4598 4599/4599 4600/4600
usemtl white
v 0.157808 0.177103 0.123402
v 0.166458 0.196245 0.110307
v 0.180330 0.202707 0.126965
v 0.170959 0.181970 0.141152
vt 0.000000 0.000000
vt 1.000000 0.000000
vt 1.000000 1.000000
vt 0.000000 1.000000
f 4601/4601 4602/4602 4603/4603 4604/4604
usemtl dark
v 0.170959 0.181970 0.141152
v 0.180330 0.202707 0.126965
v 0.166458 0.196245 0.110307
v 0.157808 0.177103 0.123402
vt 0.000000 0.000000
vt 1.000000 0.000000
vt 1.000000 1.000000
vt 0.000000 1.000000
f 4605/4605 4606/4606 4607/4607 4608/4608
usemtl white
v 0.166458 0.196245 0.110307
v 0.171720 0.216207 0.096650
v 0.186030 0.224332 0.112170
v 0.180330 0.202707 0.126965
vt 0.000000 0.000000
vt 1.000000 0.000000
vt 1.000000 1.000000
vt 0.000000 1.000000
f 4609/4609 4610/4610 4611/4611 4612/4612
usemtl dark
v 0.180330 0.202707 0.126965
v 0.186030 0.224332 0.112170
v 0.171720 0.216207 0.096650
v 0.166458 0.196245 0.110307
vt 0.000000 0.000000
vt 1.000000 0.000000
vt 1.000000 1.000000
vt 0.000000 1.000000
f 4613/4613 4614/4614 4615/4615 4616/4616
usemtl white
v 0.171720 0.216207 0.096650
v 0.173486 0.236584 0.082709
v 0.187943 0.246408 0.097068
v 0.186030 0.224332 0.112170
vt 0.000000 0.000000
vt 1.000000 0.000000
vt 1.000000 1.000000
vt 0.000000 1.000000
f 4617/4617 4618/4618 4619/4619 4620/4620
usemtl dark
v 0.186030 0.224332 0.112170
v 0.187943 0.246408 0.097068
v 0.173486 0.236584 0.082709
v 0.171720 0.216207 0.096650
vt 0.000000 0.000000
vt 1.000000 0.000000
vt 1.000000 1.000000
vt 0.000000 1.000000
f 4621/4621 4622/4622 4623/4623 4624/4624
usemtl white
v 0.187943 0.246408 0.097068
v 0.186030 0.268483 0.081965
v 0.200340 0.280791 0.096312
v 0.202400 0.257017 0.112576
vt 0.000000 0.000000
vt 1.000000 0.000000
vt 1.000000 1.000000
vt 0.000000 1.000000
f 4625/4625 4626/4626 4627/4627 4628/4628
usemtl dark
v 0.202400 0.257017 0.112576
v 0.200340 0.280791 0.096312
v 0.186030 0.268483 0.081965
v 0.187943 0.246408 0.097068
vt 0.000000 0.000000
vt 1.000000 0.000000
vt 1.000000 1.000000
vt 0.000000 1.000000
f 4629/4629 4630/4630 4631/4631 4632/4632
usemtl white
v 0.186030 0.268483 0.081965
v 0.180330 0.290109 0.067170
v 0.194201 0.304080 0.080378
v 0.200340 0.280791 0.096312
vt 0.000000 0.000000
vt 1.000000 0.000000
vt 1.000000 1.000000
vt 0.000000 1.000000
f 4633/4633 4634/4634 4635/4635 4636/4636
usemtl dark
v 0.200340 0.280791 0.096312
v 0.194201 0.304080 0.080378
v 0.180330 0.290109 0.067170
v 0.186030 0.268483 0.081965
vt 0.000000 0.000000
vt 1.000000 0.000000
vt 1.000000 1.000000
vt 0.000000 1.000000
f 4637/4637 4638/4638 4639/4639 4640/4640
usemtl white
v 0.180330 0.290109 0.067170
v 0.170959 0.310845 0.052984
v 0.184110 0.326411 0.065101
v 0.194201 0.304080 0.080378
vt 0.000000 0.000000
vt 1.000000 0.000000
vt 1.000000 1.000000
vt 0.000000 1.000000
f 4641/4641 4642/4642 4643/4643 4644/4644
usemtl dark
v 0.194201 0.304080 0.080378
v 0.184110 0.326411 0.065101
v 0.170959 0.310845 0.052984
v 0.180330 0.290109 0.067170
vt 0.000000 0.000000
vt 1.000000 0.000000
vt 1.000000 1.000000
vt 0.000000 1.000000
f 4645/4645 4646/4646 4647/4647 4648/4648
usemtl white
v 0.170959 0.310845 0.052984
v 0.158108 0.330270 0.039695
v 0.170270 0.347330 0.050789
v 0.184110 0.326411 0.065101
vt 0.000000 0.000000
vt 1.000000 0.000000
vt 1.000000 1.000000
vt 0.000000 1.000000
f 4649/4649 4650/4650 4651/4651 4652/4652
usemtl dark
v 0.184110 0.326411 0.065101
v 0.170270 0.347330 0.050789
v 0.158108 0.330270 0.039695
v 0.170959 0.310845 0.052984
vt 0.000000 0.000000
vt 1.000000 0.000000
vt 1.000000 1.000000
vt 0.000000 1.000000
f 4653/4653 4654/4654 4655/4655 4656/4656
usemtl white
v 0.158108 0.330270 0.039695
v 0.142038 0.347987 0.027574
v 0.152964 0.366410 0.037736
v 0.170270 0.347330 0.050789
vt 0.000000 0.000000
vt 1.000000 0.000000
vt 1.000000 1.000000
vt 0.000000 1.000000
f 4657/4657 4658/4658 4659/4659 4660/4660
usemtl dark
v 0.170270 0.347330 0.050789
v 0.152964 0.366410 0.037736
v 0.142038 0.347987 0.027574
v 0.158108 0.330270 0.039695
vt 0.000000 0.000000
vt 1.000000 0.000000
vt 1.000000 1.000000
vt 0.000000 1.000000
f 4661/4661 4662/4662 4663/4663 4664/4664
usemtl white
v 0.142038 0.347987 0.027574
v 0.123076 0.363637 0.016867
v 0.132544 0.383264 0.026206
v 0.152964 0.366410 0.037736
vt 0.000000 0.000000
vt 1.000000 0.000000
vt 1.000000 1.000000
vt 0.000000 1.000000
f 4665/4665 4666/4666 4667/4667 4668/4668
usemtl dark
v 0.152964 0.366410 0.037736
v 0.132544 0.383264 0.026206
v 0.123076 0.363637 0.016867
v 0.142038 0.347987 0.027574
vt 0.000000 0.000000
vt 1.000000 0.000000
vt 1.000000 1.000000
vt 0.000000 1.000000
f 4669/4669 4670/4670 4671/4671 4672/4672
usemtl white
v 0.123076 0.363637 0.016867
v 0.101610 0.376900 0.007794
v 0.109426 0.397547 0.016434
v 0.132544 0.383264 0.026206
vt 0.000000 0.000000
vt 1.000000 0.000000
vt 1.000000 1.000000
vt 0.000000 1.000000
f 4673/4673 4674/4674 4675/4675 4676/4676
usemtl dark
v 0.132544 0.383264 0.026206
v 0.109426 0.397547 0.016434
v 0.101610 0.376900 0.007794
v 0.123076 0.363637 0.016867
vt 0.000000 0.000000
vt 1.000000 0.000000
vt 1.000000 1.000000
vt 0.000000 1.000000
f 4677/4677 4678/4678 4679/4679 4680/4680
usemtl white
v 0.101610 0.376900 0.007794
v 0.078074 0.387506 0.000537
v 0.084080 0.408969 0.008620
v 0.109426 0.397547 0.016434
vt 0.000000 0.000000
vt 1.000000 0.000000
vt 1.000000 1.000000
vt 0.000000 1.000000
f 4681/4681 4682/4682 4683/4683 4684/4684
usemtl dark
v 0.109426 0.397547 0.016434
v 0.084080 0.408969 0.008620
v 0.078074 0.387506 0.000537
v 0.101610 0.376900 0.007794
vt 0.000000 0.000000
vt 1.000000 0.000000
vt 1.000000 1.000000
vt 0.000000 1.000000
f 4685/4685 4686/4686 4687/4687 4688/4688
usemtl white
v 0.078074 0.387506 0.000537
v 0.052950 0.395240 -0.004754
v 0.057023 0.417299 0.002921
v 0.084080 0.408969 0.008620
vt 0.000000 0.000000
vt 1.000000 0.000000
vt 1.000000 1.000000
vt 0.000000 1.000000
f 4689/4689 4690/4690 4691/4691 4692/4692
usemtl dark
v 0.084080 0.408969 0.008620
v 0.057023 0.417299 0.002921
v 0.052950 0.395240 -0.004754
v 0.078074 0.387506 0.000537
vt 0.000000 0.000000
vt 1.000000 0.000000
vt 1.000000 1.000000
vt 0.000000 1.000000
f 4693/4693 4694/4694 4695/4695 4696/4696
usemtl white
v 0.052950 0.395240 -0.004754
v 0.026747 0.399945 -0.007972
v 0.028805 0.422365 -0.000545
v 0.057023 0.417299 0.002921
vt 0.000000 0.000000
vt 1.000000 0.000000
vt 1.000000 1.000000
vt 0.000000 1.000000
f 4697/4697 4698/4698 4699/4699 4700/4700
usemtl dark
v 0.057023 0.417299 0.002921
v 0.028805 0.422365 -0.000545
v 0.026747 0.399945 -0.007972
v 0.052950 0.395240 -0.004754
vt 0.000000 0.000000
vt 1.000000 0.000000
vt 1.000000 1.000000
vt 0.000000 1.000000
f 4701/4701 4702/4702 4703/4703 4704/4704
usemtl white
v 0.026747 0.399945 -0.007972
v 0.000000 0.401524 -0.009053
v 0.000000 0.424065 -0.001708
v 0.028805 0.422365 -0.000545
vt 0.000000 0.000000
vt 1.000000 0.000000
vt 1.000000 1.000000
vt 0.000000 1.000000
f 4705/4705 4706/4706 4707/4707 4708/4708
usemtl dark
v 0.028805 0.422365 -0.000545
v 0.000000 0.424065 -0.001708
v 0.000000 0.401524 -0.009053
v 0.026747 0.399945 -0.007972
vt 0.000000 0.000000
vt 1.000000 0.000000
vt 1.000000 1.000000
vt 0.000000 1.000000
f 4709/4709 4710/4710 4711/4711 4712/4712
usemtl white
v 0.000000 0.401524 -0.009053
v -0.026747 0.399945 -0.007972
v -0.028805 0.422365 -0.000545
v 0.000000 0.424065 -0.001708
vt 0.000000 0.000000
vt 1.000000 0.000000
vt 1.000000 1.000000
vt 0.000000 1.000000
f 4713/4713 4714/4714 4715/4715 4716/4716
usemtl dark
v 0.000000 0.424065 -0.001708
v -0.028805 0.422365 -0.000545
v -0.026747 0.399945 -0.007972
v 0.000000 0.401524 -0.009053
vt 0.000000 0.000000
vt 1.000000 0.000000
vt 1.000000 1.000000
vt 0.000000 1.000000
f 4717/4717 4718/4718 4719/4719 4720/4720
usemtl white
v -0.026747 0.399945 -0.007972
v -0.052950 0.395240 -0.004754
v -0.057023 0.417299 0.002921
v -0.028805 0.422365 -0.000545
vt 0.000000 0.000000
vt 1.000000 0.000000
vt 1.000000 1.000000
vt 0.000000 1.000000
f 4721/4721 4722/4722 4723/4723 4724/4724
usemtl dark
v -0.028805 0.422365 -0.000545
v -0.057023 0.417299 0.002921
v -0.052950 0.395240 -0.004754
v -0.026747 0.399945 -0.007972
vt 0.000000 0.000000
vt 1.000000 0.000000
vt 1.000000 1.000000
vt 0.000000 1.000000
f 4725/4725 4726/4726 4727/4727 4728/4728
usemtl white
v -0.052950 0.395240 -0.004754
v -0.078074 0.387506 0.000537
v -0.084080 0.408969 0.008620
v -0.057023 0.417299 0.002921
vt 0.000000 0.000000
vt 1.000000 0.000000
vt 1.000000 1.000000
vt 0.000000 1.000000
f 4729/4729 4730/4730 4731/4731 4732/4732
usemtl dark
v -0.057023 0.417299 0.002921
v -0.084080 0.408969 0.008620
v -0.078074 0.387506 0.000537
v -0.052950 0.395240 -0.004754
vt 0.000000 0.000000
vt 1.000000 0.000000
vt 1.000000 1.000000
vt 0.000000 1.000000
f 4733/4733 4734/4734 4735/4735 4736/4736
usemtl white
v -0.078074 0.387506 0.000537
v -0.101610 0.376900 0.007794
v -0.109426 0.397547 0.016434
v -0.084080 0.408969 0.008620
vt 0.000000 0.000000
vt 1.000000 0.000000
vt 1.000000 1.000000
vt 0.000000 1.000000
f 4737/4737 4738/4738 4739/4739 4740/4740
usemtl dark
v -0.084080 0.408969 0.008620
v -0.109426 0.397547 0.016434
v -0.101610 0.376900 0.007794
v -0.078074 0.387506 0.000537
vt 0.000000 0.000000
vt 1.000000 0.000000
vt 1.000000 1.000000
vt 0.000000 1.000000
f 4741/4741 4742/4742 4743/4743 4744/4744
usemtl white
v -0.101610 0.376900 0.007794
v -0.123076 0.363637 0.016867
v -0.132544 0.383264 0.026206
v -0.109426 0.397547 0.016434
vt 0.000000 0.000000
vt 1.000000 0.000000
vt 1.000000 1.000000
vt 0.000000 1.000000
f 4745/4745 4746/4746 4747/4747 4748/4748
usemtl dark
v -0.109426 0.397547 0.016434
v -0.132544 0.383264 0.026206
v -0.123076 0.363637 0.016867
v -0.101610 0.376900 0.007794
vt 0.000000 0.000000
vt 1.000000 0.000000
vt 1.000000 1.000000
vt 0.000000 1.000000
f 4749/4749 4750/4750 4751/4751 4752/4752
usemtl white
v -0.123076 0.363637 0.016867
v -0.142038 0.347987 0.027574
v -0.152964 0.366410 0.037736
v -0.132544 0.383264 0.026206
vt 0.000000 0.000000
vt 1.000000 0.000000
vt 1.000000 1.000000
vt 0.000000 1.000000
f 4753/4753 4754/4754 4755/4755 4756/4756
usemtl dark
v -0.132544 0.383264 0.026206
v -0.152964 0.366410 0.037736
v -0.142038 0.347987 0.027574
v -0.123076 0.363637 0.016867
vt 0.000000 0.000000
vt 1.000000 0.000000
vt 1.000000 1.000000
vt 0.000000 1.000000
f 4757/4757 4758/4758 4759/4759 4760/4760
usemtl white
v -0.142038 0.347987 0.027574
v -0.158108 0.330270 0.039695
v -0.170270 0.347330 0.050789
v -0.152964 0.366410 0.037736
vt 0.000000 0.000000
vt 1.000000 0.000000
vt 1.000000 1.000000
vt 0.000000 1.000000
f 4761/4761 4762/4762 4763/4763 4764/4764
usemtl dark
v -0.152964 0.366410 0.037736
v -0.170270 0.347330 0.050789
v -0.158108 0.330270 0.039695
v -0.142038 0.347987 0.027574
vt 0.000000 0.000000
vt 1.000000 0.000000
vt 1.000000 1.000000
vt 0.000000 1.000000
f 4765/4765 4766/4766 4767/4767 4768/4768
usemtl white
v -0.158108 0.330270 0.039695
v -0.170959 0.310845 0.052984
v -0.184110 0.326411 0.065101
v -0.170270 0.347330 0.050789
vt 0.000000 0.000000
vt 1.000000 0.000000
vt 1.000000 1.000000
vt 0.000000 1.000000
f 4769/4769 4770/4770 4771/4771 4772/4772
usemtl dark
v -0.170270 0.347330 0.050789
v -0.184110 0.326411 0.065101
v -0.170959 0.310845 0.052984
v -0.158108 0.330270 0.039695
vt 0.000000 0.000000
vt 1.000000 0.000000
vt 1.000000 1.000000
vt 0.000000 1.000000
f 4773/4773 4774/4774 4775/4775 4776/4776
usemtl white
v -0.170959 0.310845 0.052984
v -0.180330 0.290109 0.067170
v -0.194201 0.304080 0.080378
v -0.184110 0.326411 0.065101
vt 0.000000 0.000000
vt 1.000000 0.000000
vt 1.000000 1.000000
vt 0.000000 1.000000
f 4777/4777 4778/4778 4779/4779 4780/4780
usemtl dark
v -0.184110 0.326411 0.065101
v -0.194201 0.304080 0.080378
v -0.180330 0.290109 0.067170
v -0.170959 0.310845 0.052984
vt 0.000000 0.000000
vt 1.000000 0.000000
vt 1.000000 1.000000
vt 0.000000 1.000000
f 4781/4781 4782/4782 4783/4783 4784/4784
usemtl white
v -0.180330 0.290109 0.067170
v -0.186030 0.268483 0.081965
v -0.200340 0.280791 0.096312
v -0.194201 0.304080 0.080378
vt 0.000000 0.000000
vt 1.000000 0.000000
vt 1.000000 1.000000
vt 0.000000 1.000000
f 4785/4785 4786/4786 4787/4787 4788/4788
usemtl dark
v -0.194201 0.304080 0.080378
v -0.200340 0.280791 0.096312
v -0.186030 0.268483 0.081965
v -0.180330 0.290109 0.067170
vt 0.000000 0.000000
vt 1.000000 0.000000
vt 1.000000 1.000000
vt 0.000000 1.000000
f 4789/4789 4790/4790 4791/4791 4792/4792
usemtl white
v -0.186030 0.268483 0.081965
v -0.187943 0.246408 0.097068
v -0.202400 0.257017 0.112576
v -0.200340 0.280791 0.096312
vt 0.000000 0.000000
vt 1.000000 0.000000
vt 1.000000 1.000000
vt 0.000000 1.000000
f 4793/4793 4794/4794 4795/4795 4796/4796
usemtl dark
v -0.200340 0.280791 0.096312
v -0.202400 0.257017 0.112576
v -0.187943 0.246408 0.097068
v -0.186030 0.268483 0.081965
vt 0.000000 0.000000
vt 1.000000 0.000000
vt 1.000000 1.000000
vt 0.000000 1.000000
f 4797/4797 4798/4798 4799/4799 4800/4800
usemtl white
v -0.187943 0.246408 0.097068
v -0.186030 0.224332 0.112170
v -0.200340 0.233244 0.128840
v -0.202400 0.257017 0.112576
vt 0.000000 0.000000
vt 1.000000 0.000000
vt 1.000000 1.000000
vt 0.000000 1.000000
f 4801/4801 4802/4802 4803/4803 4804/4804
usemtl dark
v -0.202400 0.257017 0.112576
v -0.200340 0.233244 0.128840
v -0.186030 0.224332 0.112170
v -0.187943 0.246408 0.097068
vt 0.000000 0.000000
vt 1.000000 0.000000
vt 1.000000 1.000000
vt 0.000000 1.000000
f 4805/4805 4806/4806 4807/4807 4808/4808
usemtl white
v -0.186030 0.224332 0.112170
v -0.180330 0.202707 0.126965
v -0.194201 0.209954 0.144773
v -0.200340 0.233244 0.128840
vt 0.000000 0.000000
vt 1.000000 0.000000
vt 1.000000 1.000000
vt 0.000000 1.000000
f 4809/4809 4810/4810 4811/4811 4812/4812
usemtl dark
v -0.200340 0.233244 0.128840
v -0.194201 0.209954 0.144773
v -0.180330 0.202707 0.126965
v -0.186030 0.224332 0.112170
vt 0.000000 0.000000
vt 1.000000 0.000000
vt 1.000000 1.000000
vt 0.000000 1.000000
f 4813/4813 4814/4814 4815/4815 4816/4816
usemtl white
v -0.180330 0.202707 0.126965
v -0.170959 0.181970 0.141152
v -0.184110 0.187623 0.160051
v -0.194201 0.209954 0.144773
vt 0.000000 0.000000
vt 1.000000 0.000000
vt 1.000000 1.000000
vt 0.000000 1.000000
f 4817/4817 4818/4818 4819/4819 4820/4820
usemtl dark
v -0.194201 0.209954 0.144773
v -0.184110 0.187623 0.160051
v -0.170959 0.181970 0.141152
v -0.180330 0.202707 0.126965
vt 0.000000 0.000000
vt 1.000000 0.000000
vt 1.000000 1.000000
vt 0.000000 1.000000
f 4821/4821 4822/4822 4823/4823 4824/4824
usemtl white
v -0.170959 0.181970 0.141152
v -0.158108 0.162546 0.154441
v -0.170270 0.166704 0.174362
v -0.184110 0.187623 0.160051
vt 0.000000 0.000000
vt 1.000000 0.000000
vt 1.000000 1.000000
vt 0.000000 1.000000
f 4825/4825 4826/4826 4827/4827 4828/4828
usemtl dark
v -0.184110 0.187623 0.160051
v -0.170270 0.166704 0.174362
v -0.158108 0.162546 0.154441
v -0.170959 0.181970 0.141152
vt 0.000000 0.000000
vt 1.000000 0.000000
vt 1.000000 1.000000
vt 0.000000 1.000000
f 4829/4829 4830/4830 4831/4831 4832/4832
usemtl white
v -0.158108 0.162546 0.154441
v -0.142038 0.144828 0.166562
v -0.152964 0.147624 0.187416
v -0.170270 0.166704 0.174362
vt 0.000000 0.000000
vt 1.000000 0.000000
vt 1.000000 1.000000
vt 0.000000 1.000000
f 4833/4833 4834/4834 4835/4835 4836/4836
usemtl dark
v -0.170270 0.166704 0.174362
v -0.152964 0.147624 0.187416
v -0.142038 0.144828 0.166562
v -0.158108 0.162546 0.154441
vt 0.000000 0.000000
vt 1.000000 0.000000
vt 1.000000 1.000000
vt 0.000000 1.000000
f 4837/4837 4838/4838 4839/4839 4840/4840
usemtl white
v -0.142038 0.144828 0.166562
v -0.123076 0.129179 0.177268
v -0.132544 0.130771 0.198946
v -0.152964 0.147624 0.187416
vt 0.000000 0.000000
vt 1.000000 0.000000
vt 1.000000 1.000000
vt 0.000000 1.000000
f 4841/4841 4842/4842 4843/4843 4844/4844
usemtl dark
v -0.152964 0.147624 0.187416
v -0.132544 0.130771 0.198946
v -0.123076 0.129179 0.177268
v -0.142038 0.144828 0.166562
vt 0.000000 0.000000
vt 1.000000 0.000000
vt 1.000000 1.000000
vt 0.000000 1.000000
f 4845/4845 4846/4846 4847/4847 4848/4848
usemtl white
v -0.123076 0.129179 0.177268
v -0.101610 0.115916 0.186342
v -0.109426 0.116488 0.208717
v -0.132544 0.130771 0.198946
vt 0.000000 0.000000
vt 1.000000 0.000000
vt 1.000000 1.000000
vt 0.000000 1.000000
f 4849/4849 4850/4850 4851/4851 4852/4852
usemtl dark
v -0.132544 0.130771 0.198946
v -0.109426 0.116488 0.208717
v -0.101610 0.115916 0.186342
v -0.123076 0.129179 0.177268
vt 0.000000 0.000000
vt 1.000000 0.000000
vt 1.000000 1.000000
vt 0.000000 1.000000
f 4853/4853 4854/4854 4855/4855 4856/4856
usemtl white
v -0.101610 0.115916 0.186342
v -0.078074 0.105309 0.193599
v -0.084080 0.105065 0.216532
v -0.109426 0.116488 0.208717
vt 0.000000 0.000000
vt 1.000000 0.000000
vt 1.000000 1.000000
vt 0.000000 1.000000
f 4857/4857 4858/4858 4859/4859 4860/4860
usemtl dark
v -0.109426 0.116488 0.208717
v -0.084080 0.105065 0.216532
v -0.078074 0.105309 0.193599
v -0.101610 0.115916 0.186342
vt 0.000000 0.000000
vt 1.000000 0.000000
vt 1.000000 1.000000
vt 0.000000 1.000000
f 4861/4861 4862/4862 4863/4863 4864/4864
usemtl white
v -0.078074 0.105309 0.193599
v -0.052950 0.097575 0.198890
v -0.057023 0.096736 0.222230
v -0.084080 0.105065 0.216532
vt 0.000000 0.000000
vt 1.000000 0.000000
vt 1.000000 1.000000
vt 0.000000 1.000000
f 4865/4865 4866/4866 4867/4867 4868/4868
usemtl dark
v -0.084080 0.105065 0.216532
v -0.057023 0.096736 0.222230
v -0.052950 0.097575 0.198890
v -0.078074 0.105309 0.193599
vt 0.000000 0.000000
vt 1.000000 0.000000
vt 1.000000 1.000000
vt 0.000000 1.000000
f 4869/4869 4870/4870 4871/4871 4872/4872
usemtl white
v -0.052950 0.097575 0.198890
v -0.026747 0.092871 0.202108
v -0.028805 0.091670 0.225696
v -0.057023 0.096736 0.222230
vt 0.000000 0.000000
vt 1.000000 0.000000
vt 1.000000 1.000000
vt 0.000000 1.000000
f 4873/4873 4874/4874 4875/4875 4876/4876
usemtl dark
v -0.057023 0.096736 0.222230
v -0.028805 0.091670 0.225696
v -0.026747 0.092871 0.202108
v -0.052950 0.097575 0.198890
vt 0.000000 0.000000
vt 1.000000 0.000000
vt 1.000000 1.000000
vt 0.000000 1.000000
f 4877/4877 4878/4878 4879/4879 4880/4880
usemtl white
v -0.026747 0.092871 0.202108
v -0.000000 0.091292 0.203188
v -0.000000 0.089969 0.226859
v -0.028805 0.091670 0.225696
vt 0.000000 0.000000
vt 1.000000 0.000000
vt 1.000000 1.000000
vt 0.000000 1.000000
f 4881/4881 4882/4882 4883/4883 4884/4884
usemtl dark
v -0.028805 0.091670 0.225696
v -0.000000 0.089969 0.226859
v -0.000000 0.091292 0.203188
v -0.026747 0.092871 0.202108
vt 0.000000 0.000000
vt 1.000000 0.000000
vt 1.000000 1.000000
vt 0.000000 1.000000
f 4885/4885 4886/4886 4887/4887 4888/4888
usemtl white
v -0.000000 0.091292 0.203188
v 0.026747 0.092871 0.202108
v 0.028805 0.091670 0.225696
v -0.000000 0.089969 0.226859
vt 0.000000 0.000000
vt 1.000000 0.000000
vt 1.000000 1.000000
vt 0.000000 1.000000
f 4889/4889 4890/4890 4891/4891 4892/4892
usemtl dark
v -0.000000 0.089969 0.226859
v 0.028805 0.091670 0.225696
v 0.026747 0.092871 0.202108
v -0.000000 0.091292 0.203188
vt 0.000000 0.000000
vt 1.000000 0.000000
vt 1.000000 1.000000
vt 0.000000 1.000000
f 4893/4893 4894/4894 4895/4895 4896/4896
usemtl white
v 0.026747 0.092871 0.202108
v 0.052950 0.097575 0.198890
v 0.057023 0.096736 0.222230
v 0.028805 0.091670 0.225696
vt 0.000000 0.000000
vt 1.000000 0.000000
vt 1.000000 1.000000
vt 0.000000 1.000000
f 4897/4897 4898/4898 4899/4899 4900/4900
usemtl dark
v 0.028805 0.091670 0.225696
v 0.057023 0.096736 0.222230
v 0.052950 0.097575 0.198890
v 0.026747 0.092871 0.202108
vt 0.000000 0.000000
vt 1.000000 0.000000
vt 1.000000 1.000000
vt 0.000000 1.000000
f 4901/4901 4902/4902 4903/4903 4904/4904
usemtl white
v 0.052950 0.097575 0.198890
v 0.078074 0.105309 0.193599
v 0.084080 0.105065 0.216532
v 0.057023 0.096736 0.222230
vt 0.000000 0.000000
vt 1.000000 0.000000
vt 1.000000 1.000000
vt 0.000000 1.000000
f 4905/4905 4906/4906 4907/4907 4908/4908
usemtl dark
v 0.057023 0.096736 0.222230
v 0.084080 0.105065 0.216532
v 0.078074 0.105309 0.193599
v 0.052950 0.097575 0.198890
vt 0.000000 0.000000
vt 1.000000 0.000000
vt 1.000000 1.000000
vt 0.000000 1.000000
f 4909/4909 4910/4910 4911/4911 4912/4912
usemtl white
v 0.078074 0.105309 0.193599
v 0.101610 0.115916 0.186342
v 0.109426 0.116488 0.208717
v 0.084080 0.105065 0.216532
vt 0.000000 0.000000
vt 1.000000 0.000000
vt 1.000000 1.000000
vt 0.000000 1.000000
f 4913/4913 4914/4914 4915/4915 4916/4916
usemtl dark
v 0.084080 0.105065 0.216532
v 0.109426 0.116488 0.208717
v 0.101610 0.115916 0.186342
v 0.078074 0.105309 0.193599
vt 0.000000 0.000000
vt 1.000000 0.000000
vt 1.000000 1.000000
vt 0.000000 1.000000
f 4917/4917 4918/4918 4919/4919 4920/4920
usemtl white
v 0.101610 0.115916 0.186342
v 0.123076 0.129179 0.177268
v 0.132544 0.130771 0.198946
v 0.109426 0.116488 0.208717
vt 0.000000 0.000000
vt 1.000000 0.000000
vt 1.000000 1.000000
vt 0.000000 1.000000
f 4921/4921 4922/4922 4923/4923 4924/4924
usemtl dark
v 0.109426 0.116488 0.208717
v 0.132544 0.130771 0.198946
v 0.123076 0.129179 0.177268
v 0.101610 0.115916 0.186342
vt 0.000000 0.000000
vt 1.000000 0.000000
vt 1.000000 1.000000
vt 0.000000 1.000000
f 4925/4925 4926/4926 4927/4927 4928/4928
usemtl white
v 0.123076 0.129179 0.177268
v 0.142038 0.144828 0.166562
v 0.152964 0.147624 0.187416
v 0.132544 0.130771 0.198946
vt 0.000000 0.000000
vt 1.000000 0.000000
vt 1.000000 1.000000
vt 0.000000 1.000000
f 4929/4929 4930/4930 4931/4931 4932/4932
usemtl dark
v 0.132544 0.130771 0.198946
v 0.152964 0.147624 0.187416
v 0.142038 0.144828 0.166562
v 0.123076 0.129179 0.177268
vt 0.000000 0.000000
vt 1.000000 0.000000
vt 1.000000 1.000000
vt 0.000000 1.000000
f 4933/4933 4934/4934 4935/4935 4936/4936
usemtl white
v 0.142038 0.144828 0.166562
v 0.158108 0.162546 0.154441
v 0.170270 0.166704 0.174362
v 0.152964 0.147624 0.187416
vt 0.000000 0.000000
vt 1.000000 0.000000
vt 1.000000 1.000000
vt 0.000000 1.000000
f 4937/4937 4938/4938 4939/4939 4940/4940
usemtl dark
v 0.152964 0.147624 0.187416
v 0.170270 0.166704 0.174362
v 0.158108 0.162546 0.154441
v 0.142038 0.144828 0.166562
vt 0.000000 0.000000
vt 1.000000 0.000000
vt 1.000000 1.000000
vt 0.000000 1.000000
f 4941/4941 4942/4942 4943/4943 4944/4944
usemtl white
v 0.158108 0.162546 0.154441
v 0.170959 0.181970 0.141152
v 0.184110 0.187623 0.160051
v 0.170270 0.166704 0.174362
vt 0.000000 0.000000
vt 1.000000 0.000000
vt 1.000000 1.000000
vt 0.000000 1.000000
f 4945/4945 4946/4946 4947/4947 4948/4948
usemtl dark
v 0.170270 0.166704 0.174362
v 0.184110 0.187623 0.160051
v 0.170959 0.181970 0.141152
v 0.158108 0.162546 0.154441
vt 0.000000 0.000000
vt 1.000000 0.000000
vt 1.000000 1.000000
vt 0.000000 1.000000
f 4949/4949 4950/4950 4951/4951 4952/4952
usemtl white
v 0.170959 0.181970 0.141152
v 0.180330 0.202707 0.126965
v 0.194201 0.209954 0.144773
v 0.184110 0.187623 0.160051
vt 0.000000 0.000000
vt 1.000000 0.000000
vt 1.000000 1.000000
vt 0.000000 1.000000
f 4953/4953 4954/4954 4955/4955 4956/4956
usemtl dark
v 0.184110 0.187623 0.160051
v 0.194201 0.209954 0.144773
v 0.180330 0.202707 0.126965
v 0.170959 0.181970 0.141152
vt 0.000000 0.000000
vt 1.000000 0.000000
vt 1.000000 1.000000
vt 0.000000 1.000000
f 4957/4957 4958/4958 4959/4959 4960/4960
usemtl white
v 0.180330 0.202707 0.126965
v 0.186030 0.224332 0.112170
v 0.200340 0.233244 0.128840
v 0.194201 0.209954 0.144773
vt 0.000000 0.000000
vt 1.000000 0.000000
vt 1.000000 1.000000
vt 0.000000 1.000000
f 4961/4961 4962/4962 4963/4963 4964/4964
usemtl dark
v 0.194201 0.209954 0.144773
v 0.200340 0.233244 0.128840
v 0.186030 0.224332 0.112170
v 0.180330 0.202707 0.126965
vt 0.000000 0.000000
vt 1.000000 0.000000
vt 1.000000 1.000000
vt 0.000000 1.000000
f 4965/4965 4966/4966 4967/4967 4968/4968
usemtl white
v 0.186030 0.224332 0.112170
v 0.187943 0.246408 0.097068
v 0.202400 0.257017 0.112576
v 0.200340 0.233244 0.128840
vt 0.000000 0.000000
vt 1.000000 0.000000
vt 1.000000 1.000000
vt 0.000000 1.000000
f 4969/4969 4970/4970 4971/4971 4972/4972
usemtl dark
v 0.200340 0.233244 0.128840
v 0.202400 0.257017 0.112576
v 0.187943 0.246408 0.097068
v 0.186030 0.224332 0.112170
vt 0.000000 0.000000
vt 1.000000 0.000000
vt 1.000000 1.000000
vt 0.000000 1.000000
f 4973/4973 4974/4974 4975/4975 4976/4976
usemtl accent
v -0.007040 0.194907 0.021789
v -0.006504 0.197130 0.020268
v -0.006504 0.312656 0.189131
v -0.007040 0.310432 0.190653
vt 0.000000 0.000000
vt 0.062500 0.000000
vt 0.062500 1.000000
vt 0.000000 1.000000
f 4977/4977 4978/4978 4979/4979 4980/4980
v 0.000000 0.194907 0.021789
v -0.006504 0.197130 0.020268
v -0.007040 0.194907 0.021789
vt 0.000000 0.000000
vt 1.000000 0.000000
vt 1.000000 1.000000
f 4981/4981 4982/4982 4983/4983
v 0.000000 0.310432 0.190653
v -0.007040 0.310432 0.190653
v -0.006504 0.312656 0.189131
vt 0.000000 0.000000
vt 1.000000 0.000000
vt 1.000000 1.000000
f 4984/4984 4985/4985 4986/4986
v -0.006504 0.197130 0.020268
v -0.004978 0.199015 0.018978
v -0.004978 0.314541 0.187842
v -0.006504 0.312656 0.189131
vt 0.062500 0.000000
vt 0.125000 0.000000
vt 0.125000 1.000000
vt 0.062500 1.000000
f 4987/4987 4988/4988 4989/4989 4990/4990
v 0.000000 0.194907 0.021789
v -0.004978 0.199015 0.018978
v -0.006504 0.197130 0.020268
vt 0.000000 0.000000
vt 1.000000 0.000000
vt 1.000000 1.000000
f 4991/4991 4992/4992 4993/4993
v 0.000000 0.310432 0.190653
v -0.006504 0.312656 0.189131
v -0.004978 0.314541 0.187842
vt 0.000000 0.000000
vt 1.000000 0.000000
vt 1.000000 1.000000
f 4994/4994 4995/4995 4996/4996
v -0.004978 0.199015 0.018978
v -0.002694 0.200275 0.018116
v -0.002694 0.315800 0.186980
v -0.004978 0.314541 0.187842
vt 0.125000 0.000000
vt 0.187500 0.000000
vt 0.187500 1.000000
vt 0.125000 1.000000
f 4997/4997 4998/4998 4999/4999 5000/5000
v 0.000000 0.194907 0.021789
v -0.002694 0.200275 0.018116
v -0.004978 0.199015 0.018978
vt 0.000000 0.000000
vt 1.000000 0.000000
vt 1.000000 1.000000
f 5001/5001 5002/5002 5003/5003
v 0.000000 0.310432 0.190653
v -0.004978 0.314541 0.187842
v -0.002694 0.315800 0.186980
vt 0.000000 0.000000
vt 1.000000 0.000000
vt 1.000000 1.000000
f 5004/5004 5005/5005 5006/5006
v -0.002694 0.200275 0.018116
v -0.000000 0.200717 0.017814
v -0.000000 0.316243 0.186677
v -0.002694 0.315800 0.186980
vt 0.187500 0.000000
vt 0.250000 0.000000
vt 0.250000 1.000000
vt 0.187500 1.000000
f 5007/5007 5008/5008 5009/5009 5010/5010
v 0.000000 0.194907 0.021789
v -0.000000 0.200717 0.017814
v -0.002694 0.200275 0.018116
vt 0.000000 0.000000
vt 1.000000 0.000000
vt 1.000000 1.000000
f 5011/5011 5012/5012 5013/5013
v 0.000000 0.310432 0.190653
v -0.002694 0.315800 0.186980
v -0.000000 0.316243 0.186677
vt 0.000000 0.000000
vt 1.000000 0.000000
vt 1.000000 1.000000
f 5014/5014 5015/5015 5016/5016
v -0.000000 0.200717 0.017814
v 0.002694 0.200275 0.018116
v 0.002694 0.315800 0.186980
v -0.000000 0.316243 0.186677
vt 0.250000 0.000000
vt 0.312500 0.000000
vt 0.312500 1.000000
vt 0.250000 1.000000
f 5017/5017 5018/5018 5019/5019 5020/5020
v 0.000000 0.194907 0.021789
v 0.002694 0.200275 0.018116
v -0.000000 0.200717 0.017814
vt 0.000000 0.000000
vt 1.000000 0.000000
vt 1.000000 1.000000
f 5021/5021 5022/5022 5023/5023
v 0.000000 0.310432 0.190653
v -0.000000 0.316243 0.186677
v 0.002694 0.315800 0.186980
vt 0.000000 0.000000
vt 1.000000 0.000000
vt 1.000000 1.000000
f 5024/5024 5025/5025 5026/5026
v 0.002694 0.200275 0.018116
v 0.004978 0.199015 0.018978
v 0.004978 0.314541 0.187842
v 0.002694 0.315800 0.186980
vt 0.312500 0.000000
vt 0.375000 0.000000
vt 0.375000 1.000000
vt 0.312500 1.000000
f 5027/5027 5028/5028 5029/5029 5030/5030
v 0.000000 0.194907 0.021789
v 0.004978 0.199015 0.018978
v 0.002694 0.200275 0.018116
vt 0.000000 0.000000
vt 1.000000 0.000000
vt 1.000000 1.000000
f 5031/5031 5032/5032 5033/5033
v 0.000000 0.310432 0.190653
v 0.002694 0.315800 0.186980
v 0.004978 0.314541 0.187842
vt 0.000000 0.000000
vt 1.000000 0.000000
vt 1.000000 1.000000
f 5034/5034 5035/5035 5036/5036
v 0.004978 0.199015 0.018978
v 0.006504 0.197130 0.020268
v 0.006504 0.312656 0.189131
v 0.004978 0.314541 0.187842
vt 0.375000 0.000000
vt 0.437500 0.000000
vt 0.437500 1.000000
vt 0.375000 1.000000
f 5037/5037 5038/5038 5039/5039 5040/5040
v 0.000000 0.194907 0.021789
v 0.006504 0.197130 0.020268
v 0.004978 0.199015 0.018978
vt 0.000000 0.000000
vt 1.000000 0.000000
vt 1.000000 1.000000
f 5041/5041 5042/5042 5043/5043
v 0.000000 0.310432 0.190653
v 0.004978 0.314541 0.187842
v 0.006504 0.312656 0.189131
vt 0.000000 0.000000
vt 1.000000 0.000000
vt 1.000000 1.000000
f 5044/5044 5045/5045 5046/5046
v 0.006504 0.197130 0.020268
v 0.007040 0.194907 0.021789
v 0.007040 0.310432 0.190653
v 0.006504 0.312656 0.189131
vt 0.437500 0.000000
vt 0.500000 0.000000
vt 0.500000 1.000000
vt 0.437500 1.000000
f 5047/5047 5048/5048 5049/5049 5050/5050
v 0.000000 0.194907 0.021789
v 0.007040 0.194907 0.021789
v 0.006504 0.197130 0.020268
vt 0.000000 0.000000
vt 1.000000 0.000000
vt 1.000000 1.000000
f 5051/5051 5052/5052 5053/5053
v 0.000000 0.310432 0.190653
v 0.006504 0.312656 0.189131
v 0.007040 0.310432 0.190653
vt 0.000000 0.000000
vt 1.000000 0.000000
vt 1.000000 1.000000
f 5054/5054 5055/5055 5056/5056
v 0.007040 0.194907 0.021789
v 0.006504 0.192683 0.023310
v 0.006504 0.308209 0.192174
v 0.007040 0.310432 0.190653
vt 0.500000 0.000000
vt 0.562500 0.000000
vt 0.562500 1.000000
vt 0.500000 1.000000
f 5057/5057 5058/5058 5059/5059 5060/5060
v 0.000000 0.194907 0.021789
v 0.006504 0.192683 0.023310
v 0.007040 0.194907 0.021789
vt 0.000000 0.000000
vt 1.000000 0.000000
vt 1.000000 1.000000
f 5061/5061 5062/5062 5063/5063
v 0.000000 0.310432 0.190653
v 0.007040 0.310432 0.190653
v 0.006504 0.308209 0.192174
vt 0.000000 0.000000
vt 1.000000 0.000000
vt 1.000000 1.000000
f 5064/5064 5065/5065 5066/5066
v 0.006504 0.192683 0.023310
v 0.004978 0.190798 0.024600
v 0.004978 0.306324 0.193463
v 0.006504 0.308209 0.192174
vt 0.562500 0.000000
vt 0.625000 0.000000
vt 0.625000 1.000000
vt 0.562500 1.000000
f 5067/5067 5068/5068 5069/5069 5070/5070
v 0.000000 0.194907 0.021789
v 0.004978 0.190798 0.024600
v 0.006504 0.192683 0.023310
vt 0.000000 0.000000
vt 1.000000 0.000000
vt 1.000000 1.000000
f 5071/5071 5072/5072 5073/5073
v 0.000000 0.310432 0.190653
v 0.006504 0.308209 0.192174
v 0.004978 0.306324 0.193463
vt 0.000000 0.000000
vt 1.000000 0.000000
vt 1.000000 1.000000
f 5074/5074 5075/5075 5076/5076
v 0.004978 0.190798 0.024600
v 0.002694 0.189538 0.025461
v 0.002694 0.305064 0.194325
v 0.004978 0.306324 0.193463
vt 0.625000 0.000000
vt 0.687500 0.000000
vt 0.687500 1.000000
vt 0.625000 1.000000
f 5077/5077 5078/5078 5079/5079 5080/5080
v 0.000000 0.194907 0.021789
v 0.002694 0.189538 0.025461
v 0.004978 0.190798 0.024600
vt 0.000000 0.000000
vt 1.000000 0.000000
vt 1.000000 1.000000
f 5081/5081 5082/5082 5083/5083
v 0.000000 0.310432 0.190653
v 0.004978 0.306324 0.193463
v 0.002694 0.305064 0.194325
vt 0.000000 0.000000
vt 1.000000 0.000000
vt 1.000000 1.000000
f 5084/5084 5085/5085 5086/5086
v 0.002694 0.189538 0.025461
v 0.000000 0.189096 0.025764
v 0.000000 0.304622 0.194628
v 0.002694 0.305064 0.194325
vt 0.687500 0.000000
vt 0.750000 0.000000
vt 0.750000 1.000000
vt 0.687500 1.000000
f 5087/5087 5088/5088 5089/5089 5090/5090
v 0.000000 0.194907 0.021789
v 0.000000 0.189096 0.025764
v 0.002694 0.189538 0.025461
vt 0.000000 0.000000
vt 1.000000 0.000000
vt 1.000000 1.000000
f 5091/5091 5092/5092 5093/5093
v 0.000000 0.310432 0.190653
v 0.002694 0.305064 0.194325
v 0.000000 0.304622 0.194628
vt 0.000000 0.000000
vt 1.000000 0.000000
vt 1.000000 1.000000
f 5094/5094 5095/5095 5096/5096
v 0.000000 0.189096 0.025764
v -0.002694 0.189538 0.025461
v -0.002694 0.305064 0.194325
v 0.000000 0.304622 0.194628
vt 0.750000 0.000000
vt 0.812500 0.000000
vt 0.812500 1.000000
vt 0.750000 1.000000
f 5097/5097 5098/5098 5099/5099 5100/5100
v 0.000000 0.194907 0.021789
v -0.002694 0.189538 0.025461
v 0.000000 0.189096 0.025764
vt 0.000000 0.000000
vt 1.000000 0.000000
vt 1.000000 1.000000
f 5101/5101 5102/5102 5103/5103
v 0.000000 0.310432 0.190653
v 0.000000 0.304622 0.194628
v -0.002694 0.305064 0.194325
vt 0.000000 0.000000
vt 1.000000 0.000000
vt 1.000000 1.000000
f 5104/5104 5105/5105 5106/5106
v -0.002694 0.189538 0.025461
v -0.004978 0.190798 0.024600
v -0.004978 0.306324 0.193463
v -0.002694 0.305064 0.194325
vt 0.812500 0.000000
vt 0.875000 0.000000
vt 0.875000 1.000000
vt 0.812500 1.000000
f 5107/5107 5108/5108 5109/5109 5110/5110
v 0.000000 0.194907 0.021789
v -0.004978 0.190798 0.024600
v -0.002694 0.189538 0.025461
vt 0.000000 0.000000
vt 1.000000 0.000000
vt 1.000000 1.000000
f 5111/5111 5112/5112 5113/5113
v 0.000000 0.310432 0.190653
v -0.002694 0.305064 0.194325
v -0.004978 0.306324 0.193463
vt 0.000000 0.000000
vt 1.000000 0.000000
vt 1.000000 1.000000
f 5114/5114 5115/5115 5116/5116
v -0.004978 0.190798 0.024600
v -0.006504 0.192683 0.023310
v -0.006504 0.308209 0.192174
v -0.004978 0.306324 0.193463
vt 0.875000 0.000000
vt 0.937500 0.000000
vt 0.937500 1.000000
vt 0.875000 1.000000
f 5117/5117 5118/5118 5119/5119 5120/5120
v 0.000000 0.194907 0.021789
v -0.006504 0.192683 0.023310
v -0.004978 0.190798 0.024600
vt 0.000000 0.000000
vt 1.000000 0.000000
vt 1.000000 1.000000
f 5121/5121 5122/5122 5123/5123
v 0.000000 0.310432 0.190653
v -0.004978 0.306324 0.193463
v -0.006504 0.308209 0.192174
vt 0.000000 0.000000
vt 1.000000 0.000000
vt 1.000000 1.000000
f 5124/5124 5125/5125 5126/5126
v -0.006504 0.192683 0.023310
v -0.007040 0.194907 0.021789
v -0.007040 0.310432 0.190653
v -0.006504 0.308209 0.192174
vt 0.937500 0.000000
vt 1.000000 0.000000
vt 1.000000 1.000000
vt 0.937500 1.000000
f 5127/5127 5128/5128 5129/5129 5130/5130
v 0.000000 0.194907 0.021789
v -0.007040 0.194907 0.021789
v -0.006504 0.192683 0.023310
vt 0.000000 0.000000
vt 1.000000 0.000000
vt 1.000000 1.000000
f 5131/5131 5132/5132 5133/5133
v 0.000000 0.310432 0.190653
v -0.006504 0.308209 0.192174
v -0.007040 0.310432 0.190653
vt 0.000000 0.000000
vt 1.000000 0.000000
vt 1.000000 1.000000
f 5134/5134 5135/5135 5136/5136
v 0.000000 0.329354 0.191036
v 0.000000 0.329354 0.191036
v 0.004288 0.329897 0.193165
v 0.004759 0.328732 0.191461
vt 0.000000 0.000000
vt 1.000000 0.000000
vt 1.000000 1.000000
vt 0.000000 1.000000
f 5137/5137 5138/5138 5139/5139 5140/5140
v 0.000000 0.329354 0.191036
v 0.000000 0.329354 0.191036
v 0.002967 0.330832 0.194532
v 0.004288 0.329897 0.193165
vt 0.000000 0.000000
vt 1.000000 0.000000
vt 1.000000 1.000000
vt 0.000000 1.000000
f 5141/5141 5142/5142 5143/5143 5144/5144
v 0.000000 0.329354 0.191036
v 0.000000 0.329354 0.191036
v 0.001059 0.331351 0.195290
v 0.002967 0.330832 0.194532
vt 0.000000 0.000000
vt 1.000000 0.000000
vt 1.000000 1.000000
vt 0.000000 1.000000
f 5145/5145 5146/5146 5147/5147 5148/5148
v 0.000000 0.329354 0.191036
v 0.000000 0.329354 0.191036
v -0.001059 0.331351 0.195290
v 0.001059 0.331351 0.195290
vt 0.000000 0.000000
vt 1.000000 0.000000
vt 1.000000 1.000000
vt 0.000000 1.000000
f 5149/5149 5150/5150 5151/5151 5152/5152
v 0.000000 0.329354 0.191036
v 0.000000 0.329354 0.191036
v -0.002967 0.330832 0.194532
v -0.001059 0.331351 0.195290
vt 0.000000 0.000000
vt 1.000000 0.000000
vt 1.000000 1.000000
vt 0.000000 1.000000
f 5153/5153 5154/5154 5155/5155 5156/5156
v 0.000000 0.329354 0.191036
v 0.000000 0.329354 0.191036
v -0.004288 0.329897 0.193165
v -0.002967 0.330832 0.194532
vt 0.000000 0.000000
vt 1.000000 0.000000
vt 1.000000 1.000000
vt 0.000000 1.000000
f 5157/5157 5158/5158 5159/5159 5160/5160
v 0.000000 0.329354 0.191036
v 0.000000 0.329354 0.191036
v -0.004759 0.328732 0.191461
v -0.004288 0.329897 0.193165
vt 0.000000 0.000000
vt 1.000000 0.000000
vt 1.000000 1.000000
vt 0.000000 1.000000
f 5161/5161 5162/5162 5163/5163 5164/5164
v 0.000000 0.329354 0.191036
v 0.000000 0.329354 0.191036
v -0.004288 0.327566 0.189757
v -0.004759 0.328732 0.191461
vt 0.000000 0.000000
vt 1.000000 0.000000
vt 1.000000 1.000000
vt 0.000000 1.000000
f 5165/5165 5166/5166 5167/5167 5168/5168
v 0.000000 0.329354 0.191036
v 0.000000 0.329354 0.191036
v -0.002967 0.326631 0.188391
v -0.004288 0.327566 0.189757
vt 0.000000 0.000000
vt 1.000000 0.000000
vt 1.000000 1.000000
vt 0.000000 1.000000
f 5169/5169 5170/5170 5171/5171 5172/5172
v 0.000000 0.329354 0.191036
v 0.000000 0.329354 0.191036
v -0.001059 0.326112 0.187632
v -0.002967 0.326631 0.188391
vt 0.000000 0.000000
vt 1.000000 0.000000
vt 1.000000 1.000000
vt 0.000000 1.000000
f 5173/5173 5174/5174 5175/5175 5176/5176
v 0.000000 0.329354 0.191036
v 0.000000 0.329354 0.191036
v 0.001059 0.326112 0.187632
v -0.001059 0.326112 0.187632
vt 0.000000 0.000000
vt 1.000000 0.000000
vt 1.000000 1.000000
vt 0.000000 1.000000
f 5177/5177 5178/5178 5179/5179 5180/5180
v 0.000000 0.329354 0.191036
v 0.000000 0.329354 0.191036
v 0.002967 0.326631 0.188391
v 0.001059 0.326112 0.187632
vt 0.000000 0.000000
vt 1.000000 0.000000
vt 1.000000 1.000000
vt 0.000000 1.000000
f 5181/5181 5182/5182 5183/5183 5184/5184
v 0.000000 0.329354 0.191036
v 0.000000 0.329354 0.191036
v 0.004288 0.327566 0.189757
v 0.002967 0.326631 0.188391
vt 0.000000 0.000000
vt 1.000000 0.000000
vt 1.000000 1.000000
vt 0.000000 1.000000
f 5185/5185 5186/5186 5187/5187 5188/5188
v 0.000000 0.329354 0.191036
v 0.000000 0.329354 0.191036
v 0.004759 0.328732 0.191461
v 0.004288 0.327566 0.189757
vt 0.000000 0.000000
vt 1.000000 0.000000
vt 1.000000 1.000000
vt 0.000000 1.000000
f 5189/5189 5190/5190 5191/5191 5192/5192
v 0.004759 0.328732 0.191461
v 0.004288 0.329897 0.193165
v 0.008155 0.329144 0.195938
v 0.009052 0.326926 0.192696
vt 0.000000 0.000000
vt 1.000000 0.000000
vt 1.000000 1.000000
vt 0.000000 1.000000
f 5193/5193 5194/5194 5195/5195 5196/5196
v 0.004288 0.329897 0.193165
v 0.002967 0.330832 0.194532
v 0.005644 0.330922 0.198537
v 0.008155 0.329144 0.195938
vt 0.000000 0.000000
vt 1.000000 0.000000
vt 1.000000 1.000000
vt 0.000000 1.000000
f 5197/5197 5198/5198 5199/5199 5200/5200
v 0.002967 0.330832 0.194532
v 0.001059 0.331351 0.195290
v 0.002014 0.331909 0.199980
v 0.005644 0.330922 0.198537
vt 0.000000 0.000000
vt 1.000000 0.000000
vt 1.000000 1.000000
vt 0.000000 1.000000
f 5201/5201 5202/5202 5203/5203 5204/5204
v 0.001059 0.331351 0.195290
v -0.001059 0.331351 0.195290
v -0.002014 0.331909 0.199980
v 0.002014 0.331909 0.199980
vt 0.000000 0.000000
vt 1.000000 0.000000
vt 1.000000 1.000000
vt 0.000000 1.000000
f 5205/5205 5206/5206 5207/5207 5208/5208
v -0.001059 0.331351 0.195290
v -0.002967 0.330832 0.194532
v -0.005644 0.330922 0.198537
v -0.002014 0.331909 0.199980
vt 0.000000 0.000000
vt 1.000000 0.000000
vt 1.000000 1.000000
vt 0.000000 1.000000
f 5209/5209 5210/5210 5211/5211 5212/5212
v -0.002967 0.330832 0.194532
v -0.004288 0.329897 0.193165
v -0.008155 0.329144 0.195938
v -0.005644 0.330922 0.198537
vt 0.000000 0.000000
vt 1.000000 0.000000
vt 1.000000 1.000000
vt 0.000000 1.000000
f 5213/5213 5214/5214 5215/5215 5216/5216
v -0.004288 0.329897 0.193165
v -0.004759 0.328732 0.191461
v -0.009052 0.326926 0.192696
v -0.008155 0.329144 0.195938
vt 0.000000 0.000000
vt 1.000000 0.000000
vt 1.000000 1.000000
vt 0.000000 1.000000
f 5217/5217 5218/5218 5219/5219 5220/5220
v -0.004759 0.328732 0.191461
v -0.004288 0.327566 0.189757
v -0.008155 0.324709 0.189455
v -0.009052 0.326926 0.192696
vt 0.000000 0.000000
vt 1.000000 0.000000
vt 1.000000 1.000000
vt 0.000000 1.000000
f 5221/5221 5222/5222 5223/5223 5224/5224
v -0.004288 0.327566 0.189757
v -0.002967 0.326631 0.188391
v -0.005644 0.322930 0.186855
v -0.008155 0.324709 0.189455
vt 0.000000 0.000000
vt 1.000000 0.000000
vt 1.000000 1.000000
vt 0.000000 1.000000
f 5225/5225 5226/5226 5227/5227 5228/5228
v -0.002967 0.326631 0.188391
v -0.001059 0.326112 0.187632
v -0.002014 0.321943 0.185413
v -0.005644 0.322930 0.186855
vt 0.000000 0.000000
vt 1.000000 0.000000
vt 1.000000 1.000000
vt 0.000000 1.000000
f 5229/5229 5230/5230 5231/5231 5232/5232
v -0.001059 0.326112 0.187632
v 0.001059 0.326112 0.187632
v 0.002014 0.321943 0.185413
v -0.002014 0.321943 0.185413
vt 0.000000 0.000000
vt 1.000000 0.000000
vt 1.000000 1.000000
vt 0.000000 1.000000
f 5233/5233 5234/5234 5235/5235 5236/5236
v 0.001059 0.326112 0.187632
v 0.002967 0.326631 0.188391
v 0.005644 0.322930 0.186855
v 0.002014 0.321943 0.185413
vt 0.000000 0.000000
vt 1.000000 0.000000
vt 1.000000 1.000000
vt 0.000000 1.000000
f 5237/5237 5238/5238 5239/5239 5240/5240
v 0.002967 0.326631 0.188391
v 0.004288 0.327566 0.189757
v 0.008155 0.324709 0.189455
v 0.005644 0.322930 0.186855
vt 0.000000 0.000000
vt 1.000000 0.000000
vt 1.000000 1.000000
vt 0.000000 1.000000
f 5241/5241 5242/5242 5243/5243 5244/5244
v 0.004288 0.327566 0.189757
v 0.004759 0.328732 0.191461
v 0.009052 0.326926 0.192696
v 0.008155 0.324709 0.189455
vt 0.000000 0.000000
vt 1.000000 0.000000
vt 1.000000 1.000000
vt 0.000000 1.000000
f 5245/5245 5246/5246 5247/5247 5248/5248
v 0.009052 0.326926 0.192696
v 0.008155 0.329144 0.195938
v 0.011225 0.327167 0.199082
v 0.012459 0.324114 0.194620
vt 0.000000 0.000000
vt 1.000000 0.000000
vt 1.000000 1.000000
vt 0.000000 1.000000
f 5249/5249 5250/5250 5251/5251 5252/5252
v 0.008155 0.329144 0.195938
v 0.005644 0.330922 0.198537
v 0.007768 0.329614 0.202660
v 0.011225 0.327167 0.199082
vt 0.000000 0.000000
vt 1.000000 0.000000
vt 1.000000 1.000000
vt 0.000000 1.000000
f 5253/5253 5254/5254 5255/5255 5256/5256
v 0.005644 0.330922 0.198537
v 0.002014 0.331909 0.199980
v 0.002772 0.330973 0.204645
v 0.007768 0.329614 0.202660
vt 0.000000 0.000000
vt 1.000000 0.000000
vt 1.000000 1.000000
vt 0.000000 1.000000
f 5257/5257 5258/5258 5259/5259 5260/5260
v 0.002014 0.331909 0.199980
v -0.002014 0.331909 0.199980
v -0.002772 0.330973 0.204645
v 0.002772 0.330973 0.204645
vt 0.000000 0.000000
vt 1.000000 0.000000
vt 1.000000 1.000000
vt 0.000000 1.000000
f 5261/5261 5262/5262 5263/5263 5264/5264
v -0.002014 0.331909 0.199980
v -0.005644 0.330922 0.198537
v -0.007768 0.329614 0.202660
v -0.002772 0.330973 0.204645
vt 0.000000 0.000000
vt 1.000000 0.000000
vt 1.000000 1.000000
vt 0.000000 1.000000
f 5265/5265 5266/5266 5267/5267 5268/5268
v -0.005644 0.330922 0.198537
v -0.008155 0.329144 0.195938
v -0.011225 0.327167 0.199082
v -0.007768 0.329614 0.202660
vt 0.000000 0.000000
vt 1.000000 0.000000
vt 1.000000 1.000000
vt 0.000000 1.000000
f 5269/5269 5270/5270 5271/5271 5272/5272
v -0.008155 0.329144 0.195938
v -0.009052 0.326926 0.192696
v -0.012459 0.324114 0.194620
v -0.011225 0.327167 0.199082
vt 0.000000 0.000000
vt 1.000000 0.000000
vt 1.000000 1.000000
vt 0.000000 1.000000
f 5273/5273 5274/5274 5275/5275 5276/5276
v -0.009052 0.326926 0.192696
v -0.008155 0.324709 0.189455
v -0.011225 0.321062 0.190159
v -0.012459 0.324114 0.194620
vt 0.000000 0.000000
vt 1.000000 0.000000
vt 1.000000 1.000000
vt 0.000000 1.000000
f 5277/5277 5278/5278 5279/5279 5280/5280
v -0.008155 0.324709 0.189455
v -0.005644 0.322930 0.186855
v -0.007768 0.318614 0.186581
v -0.011225 0.321062 0.190159
vt 0.000000 0.000000
vt 1.000000 0.000000
vt 1.000000 1.000000
vt 0.000000 1.000000
f 5281/5281 5282/5282 5283/5283 5284/5284
v -0.005644 0.322930 0.186855
v -0.002014 0.321943 0.185413
v -0.002772 0.317256 0.184595
v -0.007768 0.318614 0.186581
vt 0.000000 0.000000
vt 1.000000 0.000000
vt 1.000000 1.000000
vt 0.000000 1.000000
f 5285/5285 5286/5286 5287/5287 5288/5288
v -0.002014 0.321943 0.185413
v 0.002014 0.321943 0.185413
v 0.002772 0.317256 0.184595
v -0.002772 0.317256 0.184595
vt 0.000000 0.000000
vt 1.000000 0.000000
vt 1.000000 1.000000
vt 0.000000 1.000000
f 5289/5289 5290/5290 5291/5291 5292/5292
v 0.002014 0.321943 0.185413
v 0.005644 0.322930 0.186855
v 0.007768 0.318614 0.186581
v 0.002772 0.317256 0.184595
vt 0.000000 0.000000
vt 1.000000 0.000000
vt 1.000000 1.000000
vt 0.000000 1.000000
f 5293/5293 5294/5294 5295/5295 5296/5296
v 0.005644 0.322930 0.186855
v 0.008155 0.324709 0.189455
v 0.011225 0.321062 0.190159
v 0.007768 0.318614 0.186581
vt 0.000000 0.000000
vt 1.000000 0.000000
vt 1.000000 1.000000
vt 0.000000 1.000000
f 5297/5297 5298/5298 5299/5299 5300/5300
v 0.008155 0.324709 0.189455
v 0.009052 0.326926 0.192696
v 0.012459 0.324114 0.194620
v 0.011225 0.321062 0.190159
vt 0.000000 0.000000
vt 1.000000 0.000000
vt 1.000000 1.000000
vt 0.000000 1.000000
f 5301/5301 5302/5302 5303/5303 5304/5304
v 0.012459 0.324114 0.194620
v 0.011225 0.327167 0.199082
v 0.013196 0.324159 0.202289
v 0.014646 0.320571 0.197044
vt 0.000000 0.000000
vt 1.000000 0.000000
vt 1.000000 1.000000
vt 0.000000 1.000000
f 5305/5305 5306/5306 5307/5307 5308/5308
v 0.011225 0.327167 0.199082
v 0.007768 0.329614 0.202660
v 0.009132 0.327037 0.206495
v 0.013196 0.324159 0.202289
vt 0.000000 0.000000
vt 1.000000 0.000000
vt 1.000000 1.000000
vt 0.000000 1.000000
f 5309/5309 5310/5310 5311/5311 5312/5312
v 0.007768 0.329614 0.202660
v 0.002772 0.330973 0.204645
v 0.003259 0.328634 0.208829
v 0.009132 0.327037 0.206495
vt 0.000000 0.000000
vt 1.000000 0.000000
vt 1.000000 1.000000
vt 0.000000 1.000000
f 5313/5313 5314/5314 5315/5315 5316/5316
v 0.002772 0.330973 0.204645
v -0.002772 0.330973 0.204645
v -0.003259 0.328634 0.208829
v 0.003259 0.328634 0.208829
vt 0.000000 0.000000
vt 1.000000 0.000000
vt 1.000000 1.000000
vt 0.000000 1.000000
f 5317/5317 5318/5318 5319/5319 5320/5320
v -0.002772 0.330973 0.204645
v -0.007768 0.329614 0.202660
v -0.009132 0.327037 0.206495
v -0.003259 0.328634 0.208829
vt 0.000000 0.000000
vt 1.000000 0.000000
vt 1.000000 1.000000
vt 0.000000 1.000000
f 5321/5321 5322/5322 5323/5323 5324/5324
v -0.007768 0.329614 0.202660
v -0.011225 0.327167 0.199082
v -0.013196 0.324159 0.202289
v -0.009132 0.327037 0.206495
vt 0.000000 0.000000
vt 1.000000 0.000000
vt 1.000000 1.000000
vt 0.000000 1.000000
f 5325/5325 5326/5326 5327/5327 5328/5328
v -0.011225 0.327167 0.199082
v -0.012459 0.324114 0.194620
v -0.014646 0.320571 0.197044
v -0.013196 0.324159 0.202289
vt 0.000000 0.000000
vt 1.000000 0.000000
vt 1.000000 1.000000
vt 0.000000 1.000000
f 5329/5329 5330/5330 5331/5331 5332/5332
v -0.012459 0.324114 0.194620
v -0.011225 0.321062 0.190159
v -0.013196 0.316983 0.191799
v -0.014646 0.320571 0.197044
vt 0.000000 0.000000
vt 1.000000 0.000000
vt 1.000000 1.000000
vt 0.000000 1.000000
f 5333/5333 5334/5334 5335/5335 5336/5336
v -0.011225 0.321062 0.190159
v -0.007768 0.318614 0.186581
v -0.009132 0.314105 0.187593
v -0.013196 0.316983 0.191799
vt 0.000000 0.000000
vt 1.000000 0.000000
vt 1.000000 1.000000
vt 0.000000 1.000000
f 5337/5337 5338/5338 5339/5339 5340/5340
v -0.007768 0.318614 0.186581
v -0.002772 0.317256 0.184595
v -0.003259 0.312509 0.185259
v -0.009132 0.314105 0.187593
vt 0.000000 0.000000
vt 1.000000 0.000000
vt 1.000000 1.000000
vt 0.000000 1.000000
f 5341/5341 5342/5342 5343/5343 5344/5344
v -0.002772 0.317256 0.184595
v 0.002772 0.317256 0.184595
v 0.003259 0.312509 0.185259
v -0.003259 0.312509 0.185259
vt 0.000000 0.000000
vt 1.000000 0.000000
vt 1.000000 1.000000
vt 0.000000 1.000000
f 5345/5345 5346/5346 5347/5347 5348/5348
v 0.002772 0.317256 0.184595
v 0.007768 0.318614 0.186581
v 0.009132 0.314105 0.187593
v 0.003259 0.312509 0.185259
vt 0.000000 0.000000
vt 1.000000 0.000000
vt 1.000000 1.000000
vt 0.000000 1.000000
f 5349/5349 5350/5350 5351/5351 5352/5352
v 0.007768 0.318614 0.186581
v 0.011225 0.321062 0.190159
v 0.013196 0.316983 0.191799
v 0.009132 0.314105 0.187593
vt 0.000000 0.000000
vt 1.000000 0.000000
vt 1.000000 1.000000
vt 0.000000 1.000000
f 5353/5353 5354/5354 5355/5355 5356/5356
v 0.011225 0.321062 0.190159
v 0.012459 0.324114 0.194620
v 0.014646 0.320571 0.197044
v 0.013196 0.316983 0.191799
vt 0.000000 0.000000
vt 1.000000 0.000000
vt 1.000000 1.000000
vt 0.000000 1.000000
f 5357/5357 5358/5358 5359/5359 5360/5360
v 0.014646 0.320571 0.197044
v 0.013196 0.324159 0.202289
v 0.013875 0.320416 0.205246
v 0.015400 0.316643 0.199731
vt 0.000000 0.000000
vt 1.000000 0.000000
vt 1.000000 1.000000
vt 0.000000 1.000000
f 5361/5361 5362/5362 5363/5363 5364/5364
v 0.013196 0.324159 0.202289
v 0.009132 0.327037 0.206495
v 0.009602 0.323442 0.209668
v 0.013875 0.320416 0.205246
vt 0.000000 0.000000
vt 1.000000 0.000000
vt 1.000000 1.000000
vt 0.000000 1.000000
f 5365/5365 5366/5366 5367/5367 5368/5368
v 0.009132 0.327037 0.206495
v 0.003259 0.328634 0.208829
v 0.003427 0.325121 0.212123
v 0.009602 0.323442 0.209668
vt 0.000000 0.000000
vt 1.000000 0.000000
vt 1.000000 1.000000
vt 0.000000 1.000000
f 5369/5369 5370/5370 5371/5371 5372/5372
v 0.003259 0.328634 0.208829
v -0.003259 0.328634 0.208829
v -0.003427 0.325121 0.212123
v 0.003427 0.325121 0.212123
vt 0.000000 0.000000
vt 1.000000 0.000000
vt 1.000000 1.000000
vt 0.000000 1.000000
f 5373/5373 5374/5374 5375/5375 5376/5376
v -0.003259 0.328634 0.208829
v -0.009132 0.327037 0.206495
v -0.009602 0.323442 0.209668
v -0.003427 0.325121 0.212123
vt 0.000000 0.000000
vt 1.000000 0.000000
vt 1.000000 1.000000
vt 0.000000 1.000000
f 5377/5377 5378/5378 5379/5379 5380/5380
v -0.009132 0.327037 0.206495
v -0.013196 0.324159 0.202289
v -0.013875 0.320416 0.205246
v -0.009602 0.323442 0.209668
vt 0.000000 0.000000
vt 1.000000 0.000000
vt 1.000000 1.000000
vt 0.000000 1.000000
f 5381/5381 5382/5382 5383/5383 5384/5384
v -0.013196 0.324159 0.202289
v -0.014646 0.320571 0.197044
v -0.015400 0.316643 0.199731
v -0.013875 0.320416 0.205246
vt 0.000000 0.000000
vt 1.000000 0.000000
vt 1.000000 1.000000
vt 0.000000 1.000000
f 5385/5385 5386/5386 5387/5387 5388/5388
v -0.014646 0.320571 0.197044
v -0.013196 0.316983 0.191799
v -0.013875 0.312871 0.194216
v -0.015400 0.316643 0.199731
vt 0.000000 0.000000
vt 1.000000 0.000000
vt 1.000000 1.000000
vt 0.000000 1.000000
f 5389/5389 5390/5390 5391/5391 5392/5392
v -0.013196 0.316983 0.191799
v -0.009132 0.314105 0.187593
v -0.009602 0.309845 0.189794
v -0.013875 0.312871 0.194216
vt 0.000000 0.000000
vt 1.000000 0.000000
vt 1.000000 1.000000
vt 0.000000 1.000000
f 5393/5393 5394/5394 5395/5395 5396/5396
v -0.009132 0.314105 0.187593
v -0.003259 0.312509 0.185259
v -0.003427 0.308166 0.187340
v -0.009602 0.309845 0.189794
vt 0.000000 0.000000
vt 1.000000 0.000000
vt 1.000000 1.000000
vt 0.000000 1.000000
f 5397/5397 5398/5398 5399/5399 5400/5400
v -0.003259 0.312509 0.185259
v 0.003259 0.312509 0.185259
v 0.003427 0.308166 0.187340
v -0.003427 0.308166 0.187340
vt 0.000000 0.000000
vt 1.000000 0.000000
vt 1.000000 1.000000
vt 0.000000 1.000000
f 5401/5401 5402/5402 5403/5403 5404/5404
v 0.003259 0.312509 0.185259
v 0.009132 0.314105 0.187593
v 0.009602 0.309845 0.189794
v 0.003427 0.308166 0.187340
vt 0.000000 0.000000
vt 1.000000 0.000000
vt 1.000000 1.000000
vt 0.000000 1.000000
f 5405/5405 5406/5406 5407/5407 5408/5408
v 0.009132 0.314105 0.187593
v 0.013196 0.316983 0.191799
v 0.013875 0.312871 0.194216
v 0.009602 0.309845 0.189794
vt 0.000000 0.000000
vt 1.000000 0.000000
vt 1.000000 1.000000
vt 0.000000 1.000000
f 5409/5409 5410/5410 5411/5411 5412/5412
v 0.013196 0.316983 0.191799
v 0.014646 0.320571 0.197044
v 0.015400 0.316643 0.199731
v 0.013875 0.312871 0.194216
vt 0.000000 0.000000
vt 1.000000 0.000000
vt 1.000000 1.000000
vt 0.000000 1.000000
f 5413/5413 5414/5414 5415/5415 5416/5416
v 0.015400 0.316643 0.199731
v 0.013875 0.320416 0.205246
v 0.013196 0.316304 0.207663
v 0.014646 0.312716 0.202418
vt 0.000000 0.000000
vt 1.000000 0.000000
vt 1.000000 1.000000
vt 0.000000 1.000000
f 5417/5417 5418/5418 5419/5419 5420/5420
v 0.013875 0.320416 0.205246
v 0.009602 0.323442 0.209668
v 0.009132 0.319181 0.211869
v 0.013196 0.316304 0.207663
vt 0.000000 0.000000
vt 1.000000 0.000000
vt 1.000000 1.000000
vt 0.000000 1.000000
f 5421/5421 5422/5422 5423/5423 5424/5424
v 0.009602 0.323442 0.209668
v 0.003427 0.325121 0.212123
v 0.003259 0.320778 0.214203
v 0.009132 0.319181 0.211869
vt 0.000000 0.000000
vt 1.000000 0.000000
vt 1.000000 1.000000
vt 0.000000 1.000000
f 5425/5425 5426/5426 5427/5427 5428/5428
v 0.003427 0.325121 0.212123
v -0.003427 0.325121 0.212123
v -0.003259 0.320778 0.214203
v 0.003259 0.320778 0.214203
vt 0.000000 0.000000
vt 1.000000 0.000000
vt 1.000000 1.000000
vt 0.000000 1.000000
f 5429/5429 5430/5430 5431/5431 5432/5432
v -0.003427 0.325121 0.212123
v -0.009602 0.323442 0.209668
v -0.009132 0.319181 0.211869
v -0.003259 0.320778 0.214203
vt 0.000000 0.000000
vt 1.000000 0.000000
vt 1.000000 1.000000
vt 0.000000 1.000000
f 5433/5433 5434/5434 5435/5435 5436/5436
v -0.009602 0.323442 0.209668
v -0.013875 0.320416 0.205246
v -0.013196 0.316304 0.207663
v -0.009132 0.319181 0.211869
vt 0.000000 0.000000
vt 1.000000 0.000000
vt 1.000000 1.000000
vt 0.000000 1.000000
f 5437/5437 5438/5438 5439/5439 5440/5440
v -0.013875 0.320416 0.205246
v -0.015400 0.316643 0.199731
v -0.014646 0.312716 0.202418
v -0.013196 0.316304 0.207663
vt 0.000000 0.000000
vt 1.000000 0.000000
vt 1.000000 1.000000
vt 0.000000 1.000000
f 5441/5441 5442/5442 5443/5443 5444/5444
v -0.015400 0.316643 0.199731
v -0.013875 0.312871 0.194216
v -0.013196 0.309128 0.197173
v -0.014646 0.312716 0.202418
vt 0.000000 0.000000
vt 1.000000 0.000000
vt 1.000000 1.000000
vt 0.000000 1.000000
f 5445/5445 5446/5446 5447/5447 5448/5448
v -0.013875 0.312871 0.194216
v -0.009602 0.309845 0.189794
v -0.009132 0.306250 0.192967
v -0.013196 0.309128 0.197173
vt 0.000000 0.000000
vt 1.000000 0.000000
vt 1.000000 1.000000
vt 0.000000 1.000000
f 5449/5449 5450/5450 5451/5451 5452/5452
v -0.009602 0.309845 0.189794
v -0.003427 0.308166 0.187340
v -0.003259 0.304653 0.190633
v -0.009132 0.306250 0.192967
vt 0.000000 0.000000
vt 1.000000 0.000000
vt 1.000000 1.000000
vt 0.000000 1.000000
f 5453/5453 5454/5454 5455/5455 5456/5456
v -0.003427 0.308166 0.187340
v 0.003427 0.308166 0.187340
v 0.003259 0.304653 0.190633
v -0.003259 0.304653 0.190633
vt 0.000000 0.000000
vt 1.000000 0.000000
vt 1.000000 1.000000
vt 0.000000 1.000000
f 5457/5457 5458/5458 5459/5459 5460/5460
v 0.003427 0.308166 0.187340
v 0.009602 0.309845 0.189794
v 0.009132 0.306250 0.192967
v 0.003259 0.304653 0.190633
vt 0.000000 0.000000
vt 1.000000 0.000000
vt 1.000000 1.000000
vt 0.000000 1.000000
f 5461/5461 5462/5462 5463/5463 5464/5464
v 0.009602 0.309845 0.189794
v 0.013875 0.312871 0.194216
v 0.013196 0.309128 0.197173
v 0.009132 0.306250 0.192967
vt 0.000000 0.000000
vt 1.000000 0.000000
vt 1.000000 1.000000
vt 0.000000 1.000000
f 5465/5465 5466/5466 5467/5467 5468/5468
v 0.013875 0.312871 0.194216
v 0.015400 0.316643 0.199731
v 0.014646 0.312716 0.202418
v 0.013196 0.309128 0.197173
vt 0.000000 0.000000
vt 1.000000 0.000000
vt 1.000000 1.000000
vt 0.000000 1.000000
f 5469/5469 5470/5470 5471/5471 5472/5472
v 0.014646 0.312716 0.202418
v 0.013196 0.316304 0.207663
v 0.011225 0.312225 0.209304
v 0.012459 0.309173 0.204842
vt 0.000000 0.000000
vt 1.000000 0.000000
vt 1.000000 1.000000
vt 0.000000 1.000000
f 5473/5473 5474/5474 5475/5475 5476/5476
v 0.013196 0.316304 0.207663
v 0.009132 0.319181 0.211869
v 0.007768 0.314673 0.212882
v 0.011225 0.312225 0.209304
vt 0.000000 0.000000
vt 1.000000 0.000000
vt 1.000000 1.000000
vt 0.000000 1.000000
f 5477/5477 5478/5478 5479/5479 5480/5480
v 0.009132 0.319181 0.211869
v 0.003259 0.320778 0.214203
v 0.002772 0.316031 0.214867
v 0.007768 0.314673 0.212882
vt 0.000000 0.000000
vt 1.000000 0.000000
vt 1.000000 1.000000
vt 0.000000 1.000000
f 5481/5481 5482/5482 5483/5483 5484/5484
v 0.003259 0.320778 0.214203
v -0.003259 0.320778 0.214203
v -0.002772 0.316031 0.214867
v 0.002772 0.316031 0.214867
vt 0.000000 0.000000
vt 1.000000 0.000000
vt 1.000000 1.000000
vt 0.000000 1.000000
f 5485/5485 5486/5486 5487/5487 5488/5488
v -0.003259 0.320778 0.214203
v -0.009132 0.319181 0.211869
v -0.007768 0.314673 0.212882
v -0.002772 0.316031 0.214867
vt 0.000000 0.000000
vt 1.000000 0.000000
vt 1.000000 1.000000
vt 0.000000 1.000000
f 5489/5489 5490/5490 5491/5491 5492/5492
v -0.009132 0.319181 0.211869
v -0.013196 0.316304 0.207663
v -0.011225 0.312225 0.209304
v -0.007768 0.314673 0.212882
vt 0.000000 0.000000
vt 1.000000 0.000000
vt 1.000000 1.000000
vt 0.000000 1.000000
f 5493/5493 5494/5494 5495/5495 5496/5496
v -0.013196 0.316304 0.207663
v -0.014646 0.312716 0.202418
v -0.012459 0.309173 0.204842
v -0.011225 0.312225 0.209304
vt 0.000000 0.000000
vt 1.000000 0.000000
vt 1.000000 1.000000
vt 0.000000 1.000000
f 5497/5497 5498/5498 5499/5499 5500/5500
v -0.014646 0.312716 0.202418
v -0.013196 0.309128 0.197173
v -0.011225 0.306120 0.200381
v -0.012459 0.309173 0.204842
vt 0.000000 0.000000
vt 1.000000 0.000000
vt 1.000000 1.000000
vt 0.000000 1.000000
f 5501/5501 5502/5502 5503/5503 5504/5504
v -0.013196 0.309128 0.197173
v -0.009132 0.306250 0.192967
v -0.007768 0.303673 0.196803
v -0.011225 0.306120 0.200381
vt 0.000000 0.000000
vt 1.000000 0.000000
vt 1.000000 1.000000
vt 0.000000 1.000000
f 5505/5505 5506/5506 5507/5507 5508/5508
v -0.009132 0.306250 0.192967
v -0.003259 0.304653 0.190633
v -0.002772 0.302314 0.194817
v -0.007768 0.303673 0.196803
vt 0.000000 0.000000
vt 1.000000 0.000000
vt 1.000000 1.000000
vt 0.000000 1.000000
f 5509/5509 5510/5510 5511/5511 5512/5512
v -0.003259 0.304653 0.190633
v 0.003259 0.304653 0.190633
v 0.002772 0.302314 0.194817
v -0.002772 0.302314 0.194817
vt 0.000000 0.000000
vt 1.000000 0.000000
vt 1.000000 1.000000
vt 0.000000 1.000000
f 5513/5513 5514/5514 5515/5515 5516/5516
v 0.003259 0.304653 0.190633
v 0.009132 0.306250 0.192967
v 0.007768 0.303673 0.196803
v 0.002772 0.302314 0.194817
vt 0.000000 0.000000
vt 1.000000 0.000000
vt 1.000000 1.000000
vt 0.000000 1.000000
f 5517/5517 5518/5518 5519/5519 5520/5520
v 0.009132 0.306250 0.192967
v 0.013196 0.309128 0.197173
v 0.011225 0.306120 0.200381
v 0.007768 0.303673 0.196803
vt 0.000000 0.000000
vt 1.000000 0.000000
vt 1.000000 1.000000
vt 0.000000 1.000000
f 5521/5521 5522/5522 5523/5523 5524/5524
v 0.013196 0.309128 0.197173
v 0.014646 0.312716 0.202418
v 0.012459 0.309173 0.204842
v 0.011225 0.306120 0.200381
vt 0.000000 0.000000
vt 1.000000 0.000000
vt 1.000000 1.000000
vt 0.000000 1.000000
f 5525/5525 5526/5526 5527/5527 5528/5528
v 0.012459 0.309173 0.204842
v 0.011225 0.312225 0.209304
v 0.008155 0.308578 0.210008
v 0.009052 0.306361 0.206766
vt 0.000000 0.000000
vt 1.000000 0.000000
vt 1.000000 1.000000
vt 0.000000 1.000000
f 5529/5529 5530/5530 5531/5531 5532/5532
v 0.011225 0.312225 0.209304
v 0.007768 0.314673 0.212882
v 0.005644 0.310357 0.212607
v 0.008155 0.308578 0.210008
vt 0.000000 0.000000
vt 1.000000 0.000000
vt 1.000000 1.000000
vt 0.000000 1.000000
f 5533/5533 5534/5534 5535/5535 5536/5536
v 0.007768 0.314673 0.212882
v 0.002772 0.316031 0.214867
v 0.002014 0.311344 0.214050
v 0.005644 0.310357 0.212607
vt 0.000000 0.000000
vt 1.000000 0.000000
vt 1.000000 1.000000
vt 0.000000 1.000000
f 5537/5537 5538/5538 5539/5539 5540/5540
v 0.002772 0.316031 0.214867
v -0.002772 0.316031 0.214867
v -0.002014 0.311344 0.214050
v 0.002014 0.311344 0.214050
vt 0.000000 0.000000
vt 1.000000 0.000000
vt 1.000000 1.000000
vt 0.000000 1.000000
f 5541/5541 5542/5542 5543/5543 5544/5544
v -0.002772 0.316031 0.214867
v -0.007768 0.314673 0.212882
v -0.005644 0.310357 0.212607
v -0.002014 0.311344 0.214050
vt 0.000000 0.000000
vt 1.000000 0.000000
vt 1.000000 1.000000
vt 0.000000 1.000000
f 5545/5545 5546/5546 5547/5547 5548/5548
v -0.007768 0.314673 0.212882
v -0.011225 0.312225 0.209304
v -0.008155 0.308578 0.210008
v -0.005644 0.310357 0.212607
vt 0.000000 0.000000
vt 1.000000 0.000000
vt 1.000000 1.000000
vt 0.000000 1.000000
f 5549/5549 5550/5550 5551/5551 5552/5552
v -0.011225 0.312225 0.209304
v -0.012459 0.309173 0.204842
v -0.009052 0.306361 0.206766
v -0.008155 0.308578 0.210008
vt 0.000000 0.000000
vt 1.000000 0.000000
vt 1.000000 1.000000
vt 0.000000 1.000000
f 5553/5553 5554/5554 5555/5555 5556/5556
v -0.012459 0.309173 0.204842
v -0.011225 0.306120 0.200381
v -0.008155 0.304143 0.203525
v -0.009052 0.306361 0.206766
vt 0.000000 0.000000
vt 1.000000 0.000000
vt 1.000000 1.000000
vt 0.000000 1.000000
f 5557/5557 5558/5558 5559/5559 5560/5560
v -0.011225 0.306120 0.200381
v -0.007768 0.303673 0.196803
v -0.005644 0.302365 0.200925
v -0.008155 0.304143 0.203525
vt 0.000000 0.000000
vt 1.000000 0.000000
vt 1.000000 1.000000
vt 0.000000 1.000000
f 5561/5561 5562/5562 5563/5563 5564/5564
v -0.007768 0.303673 0.196803
v -0.002772 0.302314 0.194817
v -0.002014 0.301378 0.199482
v -0.005644 0.302365 0.200925
vt 0.000000 0.000000
vt 1.000000 0.000000
vt 1.000000 1.000000
vt 0.000000 1.000000
f 5565/5565 5566/5566 5567/5567 5568/5568
v -0.002772 0.302314 0.194817
v 0.002772 0.302314 0.194817
v 0.002014 0.301378 0.199482
v -0.002014 0.301378 0.199482
vt 0.000000 0.000000
vt 1.000000 0.000000
vt 1.000000 1.000000
vt 0.000000 1.000000
f 5569/5569 5570/5570 5571/5571 5572/5572
v 0.002772 0.302314 0.194817
v 0.007768 0.303673 0.196803
v 0.005644 0.302365 0.200925
v 0.002014 0.301378 0.199482
vt 0.000000 0.000000
vt 1.000000 0.000000
vt 1.000000 1.000000
vt 0.000000 1.000000
f 5573/5573 5574/5574 5575/5575 5576/5576
v 0.007768 0.303673 0.196803
v 0.011225 0.306120 0.200381
v 0.008155 0.304143 0.203525
v 0.005644 0.302365 0.200925
vt 0.000000 0.000000
vt 1.000000 0.000000
vt 1.000000 1.000000
vt 0.000000 1.000000
f 5577/5577 5578/5578 5579/5579 5580/5580
v 0.011225 0.306120 0.200381
v 0.012459 0.309173 0.204842
v 0.009052 0.306361 0.206766
v 0.008155 0.304143 0.203525
vt 0.000000 0.000000
vt 1.000000 0.000000
vt 1.000000 1.000000
vt 0.000000 1.000000
f 5581/5581 5582/5582 5583/5583 5584/5584
v 0.009052 0.306361 0.206766
v 0.008155 0.308578 0.210008
v 0.004288 0.305721 0.209705
v 0.004759 0.304555 0.208001
vt 0.000000 0.000000
vt 1.000000 0.000000
vt 1.000000 1.000000
vt 0.000000 1.000000
f 5585/5585 5586/5586 5587/5587 5588/5588
v 0.008155 0.308578 0.210008
v 0.005644 0.310357 0.212607
v 0.002967 0.306656 0.211072
v 0.004288 0.305721 0.209705
vt 0.000000 0.000000
vt 1.000000 0.000000
vt 1.000000 1.000000
vt 0.000000 1.000000
f 5589/5589 5590/5590 5591/5591 5592/5592
v 0.005644 0.310357 0.212607
v 0.002014 0.311344 0.214050
v 0.001059 0.307175 0.211830
v 0.002967 0.306656 0.211072
vt 0.000000 0.000000
vt 1.000000 0.000000
vt 1.000000 1.000000
vt 0.000000 1.000000
f 5593/5593 5594/5594 5595/5595 5596/5596
v 0.002014 0.311344 0.214050
v -0.002014 0.311344 0.214050
v -0.001059 0.307175 0.211830
v 0.001059 0.307175 0.211830
vt 0.000000 0.000000
vt 1.000000 0.000000
vt 1.000000 1.000000
vt 0.000000 1.000000
f 5597/5597 5598/5598 5599/5599 5600/5600
v -0.002014 0.311344 0.214050
v -0.005644 0.310357 0.212607
v -0.002967 0.306656 0.211072
v -0.001059 0.307175 0.211830
vt 0.000000 0.000000
vt 1.000000 0.000000
vt 1.000000 1.000000
vt 0.000000 1.000000
f 5601/5601 5602/5602 5603/5603 5604/5604
v -0.005644 0.310357 0.212607
v -0.008155 0.308578 0.210008
v -0.004288 0.305721 0.209705
v -0.002967 0.306656 0.211072
vt 0.000000 0.000000
vt 1.000000 0.000000
vt 1.000000 1.000000
vt 0.000000 1.000000
f 5605/5605 5606/5606 5607/5607 5608/5608
v -0.008155 0.308578 0.210008
v -0.009052 0.306361 0.206766
v -0.004759 0.304555 0.208001
v -0.004288 0.305721 0.209705
vt 0.000000 0.000000
vt 1.000000 0.000000
vt 1.000000 1.000000
vt 0.000000 1.000000
f 5609/5609 5610/5610 5611/5611 5612/5612
v -0.009052 0.306361 0.206766
v -0.008155 0.304143 0.203525
v -0.004288 0.303390 0.206297
v -0.004759 0.304555 0.208001
vt 0.000000 0.000000
vt 1.000000 0.000000
vt 1.000000 1.000000
vt 0.000000 1.000000
f 5613/5613 5614/5614 5615/5615 5616/5616
v -0.008155 0.304143 0.203525
v -0.005644 0.302365 0.200925
v -0.002967 0.302455 0.204930
v -0.004288 0.303390 0.206297
vt 0.000000 0.000000
vt 1.000000 0.000000
vt 1.000000 1.000000
vt 0.000000 1.000000
f 5617/5617 5618/5618 5619/5619 5620/5620
v -0.005644 0.302365 0.200925
v -0.002014 0.301378 0.199482
v -0.001059 0.301936 0.204172
v -0.002967 0.302455 0.204930
vt 0.000000 0.000000
vt 1.000000 0.000000
vt 1.000000 1.000000
vt 0.000000 1.000000
f 5621/5621 5622/5622 5623/5623 5624/5624
v -0.002014 0.301378 0.199482
v 0.002014 0.301378 0.199482
v 0.001059 0.301936 0.204172
v -0.001059 0.301936 0.204172
vt 0.000000 0.000000
vt 1.000000 0.000000
vt 1.000000 1.000000
vt 0.000000 1.000000
f 5625/5625 5626/5626 5627/5627 5628/5628
v 0.002014 0.301378 0.199482
v 0.005644 0.302365 0.200925
v 0.002967 0.302455 0.204930
v 0.001059 0.301936 0.204172
vt 0.000000 0.000000
vt 1.000000 0.000000
vt 1.000000 1.000000
vt 0.000000 1.000000
f 5629/5629 5630/5630 5631/5631 5632/5632
v 0.005644 0.302365 0.200925
v 0.008155 0.304143 0.203525
v 0.004288 0.303390 0.206297
v 0.002967 0.302455 0.204930
vt 0.000000 0.000000
vt 1.000000 0.000000
vt 1.000000 1.000000
vt 0.000000 1.000000
f 5633/5633 5634/5634 5635/5635 5636/5636
v 0.008155 0.304143 0.203525
v 0.009052 0.306361 0.206766
v 0.004759 0.304555 0.208001
v 0.004288 0.303390 0.206297
vt 0.000000 0.000000
vt 1.000000 0.000000
vt 1.000000 1.000000
vt 0.000000 1.000000
f 5637/5637 5638/5638 5639/5639 5640/5640
v 0.004759 0.304555 0.208001
v 0.004288 0.305721 0.209705
v 0.000000 0.303933 0.208427
v 0.000000 0.303933 0.208427
vt 0.000000 0.000000
vt 1.000000 0.000000
vt 1.000000 1.000000
vt 0.000000 1.000000
f 5641/5641 5642/5642 5643/5643 5644/5644
v 0.004288 0.305721 0.209705
v 0.002967 0.306656 0.211072
v 0.000000 0.303933 0.208427
v 0.000000 0.303933 0.208427
vt 0.000000 0.000000
vt 1.000000 0.000000
vt 1.000000 1.000000
vt 0.000000 1.000000
f 5645/5645 5646/5646 5647/5647 5648/5648
v 0.002967 0.306656 0.211072
v 0.001059 0.307175 0.211830
v 0.000000 0.303933 0.208427
v 0.000000 0.303933 0.208427
vt 0.000000 0.000000
vt 1.000000 0.000000
vt 1.000000 1.000000
vt 0.000000 1.000000
f 5649/5649 5650/5650 5651/5651 5652/5652
v 0.001059 0.307175 0.211830
v -0.001059 0.307175 0.211830
v -0.000000 0.303933 0.208427
v 0.000000 0.303933 0.208427
vt 0.000000 0.000000
vt 1.000000 0.000000
vt 1.000000 1.000000
vt 0.000000 1.000000
f 5653/5653 5654/5654 5655/5655 5656/5656
v -0.001059 0.307175 0.211830
v -0.002967 0.306656 0.211072
v -0.000000 0.303933 0.208427
v -0.000000 0.303933 0.208427
vt 0.000000 0.000000
vt 1.000000 0.000000
vt 1.000000 1.000000
vt 0.000000 1.000000
f 5657/5657 5658/5658 5659/5659 5660/5660
v -0.002967 0.306656 0.211072
v -0.004288 0.305721 0.209705
v -0.000000 0.303933 0.208427
v -0.000000 0.303933 0.208427
vt 0.000000 0.000000
vt 1.000000 0.000000
vt 1.000000 1.000000
vt 0.000000 1.000000
f 5661/5661 5662/5662 5663/5663 5664/5664
v -0.004288 0.305721 0.209705
v -0.004759 0.304555 0.208001
v -0.000000 0.303933 0.208427
v -0.000000 0.303933 0.208427
vt 0.000000 0.000000
vt 1.000000 0.000000
vt 1.000000 1.000000
vt 0.000000 1.000000
f 5665/5665 5666/5666 5667/5667 5668/5668
v -0.004759 0.304555 0.208001
v -0.004288 0.303390 0.206297
v -0.000000 0.303933 0.208427
v -0.000000 0.303933 0.208427
vt 0.000000 0.000000
vt 1.000000 0.000000
vt 1.000000 1.000000
vt 0.000000 1.000000
f 5669/5669 5670/5670 5671/5671 5672/5672
v -0.004288 0.303390 0.206297
v -0.002967 0.302455 0.204930
v -0.000000 0.303933 0.208427
v -0.000000 0.303933 0.208427
vt 0.000000 0.000000
vt 1.000000 0.000000
vt 1.000000 1.000000
vt 0.000000 1.000000
f 5673/5673 5674/5674 5675/5675 5676/5676
v -0.002967 0.302455 0.204930
v -0.001059 0.301936 0.204172
v -0.000000 0.303933 0.208427
v -0.000000 0.303933 0.208427
vt 0.000000 0.000000
vt 1.000000 0.000000
vt 1.000000 1.000000
vt 0.000000 1.000000
f 5677/5677 5678/5678 5679/5679 5680/5680
v -0.001059 0.301936 0.204172
v 0.001059 0.301936 0.204172
v 0.000000 0.303933 0.208427
v -0.000000 0.303933 0.208427
vt 0.000000 0.000000
vt 1.000000 0.000000
vt 1.000000 1.000000
vt 0.000000 1.000000
f 5681/5681 5682/5682 5683/5683 5684/5684
v 0.001059 0.301936 0.204172
v 0.002967 0.302455 0.204930
v 0.000000 0.303933 0.208427
v 0.000000 0.303933 0.208427
vt 0.000000 0.000000
vt 1.000000 0.000000
vt 1.000000 1.000000
vt 0.000000 1.000000
f 5685/5685 5686/5686 5687/5687 5688/5688
v 0.002967 0.302455 0.204930
v 0.004288 0.303390 0.206297
v 0.000000 0.303933 0.208427
v 0.000000 0.303933 0.208427
vt 0.000000 0.000000
vt 1.000000 0.000000
vt 1.000000 1.000000
vt 0.000000 1.000000
f 5689/5689 5690/5690 5691/5691 5692/5692
v 0.004288 0.303390 0.206297
v 0.004759 0.304555 0.208001
v 0.000000 0.303933 0.208427
v 0.000000 0.303933 0.208427
vt 0.000000 0.000000
vt 1.000000 0.000000
vt 1.000000 1.000000
vt 0.000000 1.000000
f 5693/5693 5694/5694 5695/5695 5696/5696
usemtl dark
v 0.155724 0.218103 0.055694
v 0.156508 0.220896 0.054819
v -0.001892 0.302882 0.174658
v -0.002676 0.300089 0.175533
vt 0.000000 0.000000
vt 0.125000 0.000000
vt 0.125000 1.000000
vt 0.000000 1.000000
f 5697/5697 5698/5698 5699/5699 5700/5700
v 0.158400 0.219751 0.058104
v 0.156508 0.220896 0.054819
v 0.155724 0.218103 0.055694
vt 0.000000 0.000000
vt 1.000000 0.000000
vt 1.000000 1.000000
f 5701/5701 5702/5702 5703/5703
v 0.000000 0.301737 0.177942
v -0.002676 0.300089 0.175533
v -0.001892 0.302882 0.174658
vt 0.000000 0.000000
vt 1.000000 0.000000
vt 1.000000 1.000000
f 5704/5704 5705/5705 5706/5706
v 0.156508 0.220896 0.054819
v 0.158400 0.223019 0.055868
v -0.000000 0.305005 0.175706
v -0.001892 0.302882 0.174658
vt 0.125000 0.000000
vt 0.250000 0.000000
vt 0.250000 1.000000
vt 0.125000 1.000000
f 5707/5707 5708/5708 5709/5709 5710/5710
v 0.158400 0.219751 0.058104
v 0.158400 0.223019 0.055868
v 0.156508 0.220896 0.054819
vt 0.000000 0.000000
vt 1.000000 0.000000
vt 1.000000 1.000000
f 5711/5711 5712/5712 5713/5713
v 0.000000 0.301737 0.177942
v -0.001892 0.302882 0.174658
v -0.000000 0.305005 0.175706
vt 0.000000 0.000000
vt 1.000000 0.000000
vt 1.000000 1.000000
f 5714/5714 5715/5715 5716/5716
v 0.158400 0.223019 0.055868
v 0.160292 0.223227 0.058226
v 0.001892 0.305213 0.178065
v -0.000000 0.305005 0.175706
vt 0.250000 0.000000
vt 0.375000 0.000000
vt 0.375000 1.000000
vt 0.250000 1.000000
f 5717/5717 5718/5718 5719/5719 5720/5720
v 0.158400 0.219751 0.058104
v 0.160292 0.223227 0.058226
v 0.158400 0.223019 0.055868
vt 0.000000 0.000000
vt 1.000000 0.000000
vt 1.000000 1.000000
f 5721/5721 5722/5722 5723/5723
v 0.000000 0.301737 0.177942
v -0.000000 0.305005 0.175706
v 0.001892 0.305213 0.178065
vt 0.000000 0.000000
vt 1.000000 0.000000
vt 1.000000 1.000000
f 5724/5724 5725/5725 5726/5726
v 0.160292 0.223227 0.058226
v 0.161076 0.221399 0.060513
v 0.002676 0.303385 0.180352
v 0.001892 0.305213 0.178065
vt 0.375000 0.000000
vt 0.500000 0.000000
vt 0.500000 1.000000
vt 0.375000 1.000000
f 5727/5727 5728/5728 5729/5729 5730/5730
v 0.158400 0.219751 0.058104
v 0.161076 0.221399 0.060513
v 0.160292 0.223227 0.058226
vt 0.000000 0.000000
vt 1.000000 0.000000
vt 1.000000 1.000000
f 5731/5731 5732/5732 5733/5733
v 0.000000 0.301737 0.177942
v 0.001892 0.305213 0.178065
v 0.002676 0.303385 0.180352
vt 0.000000 0.000000
vt 1.000000 0.000000
vt 1.000000 1.000000
f 5734/5734 5735/5735 5736/5736
v 0.161076 0.221399 0.060513
v 0.160292 0.218605 0.061388
v 0.001892 0.300591 0.181227
v 0.002676 0.303385 0.180352
vt 0.500000 0.000000
vt 0.625000 0.000000
vt 0.625000 1.000000
vt 0.500000 1.000000
f 5737/5737 5738/5738 5739/5739 5740/5740
v 0.158400 0.219751 0.058104
v 0.160292 0.218605 0.061388
v 0.161076 0.221399 0.060513
vt 0.000000 0.000000
vt 1.000000 0.000000
vt 1.000000 1.000000
f 5741/5741 5742/5742 5743/5743
v 0.000000 0.301737 0.177942
v 0.002676 0.303385 0.180352
v 0.001892 0.300591 0.181227
vt 0.000000 0.000000
vt 1.000000 0.000000
vt 1.000000 1.000000
f 5744/5744 5745/5745 5746/5746
v 0.160292 0.218605 0.061388
v 0.158400 0.216483 0.060340
v 0.000000 0.298469 0.180178
v 0.001892 0.300591 0.181227
vt 0.625000 0.000000
vt 0.750000 0.000000
vt 0.750000 1.000000
vt 0.625000 1.000000
f 5747/5747 5748/5748 5749/5749 5750/5750
v 0.158400 0.219751 0.058104
v 0.158400 0.216483 0.060340
v 0.160292 0.218605 0.061388
vt 0.000000 0.000000
vt 1.000000 0.000000
vt 1.000000 1.000000
f 5751/5751 5752/5752 5753/5753
v 0.000000 0.301737 0.177942
v 0.001892 0.300591 0.181227
v 0.000000 0.298469 0.180178
vt 0.000000 0.000000
vt 1.000000 0.000000
vt 1.000000 1.000000
f 5754/5754 5755/5755 5756/5756
v 0.158400 0.216483 0.060340
v 0.156508 0.216274 0.057981
v -0.001892 0.298260 0.177820
v 0.000000 0.298469 0.180178
vt 0.750000 0.000000
vt 0.875000 0.000000
vt 0.875000 1.000000
vt 0.750000 1.000000
f 5757/5757 5758/5758 5759/5759 5760/5760
v 0.158400 0.219751 0.058104
v 0.156508 0.216274 0.057981
v 0.158400 0.216483 0.060340
vt 0.000000 0.000000
vt 1.000000 0.000000
vt 1.000000 1.000000
f 5761/5761 5762/5762 5763/5763
v 0.000000 0.301737 0.177942
v 0.000000 0.298469 0.180178
v -0.001892 0.298260 0.177820
vt 0.000000 0.000000
vt 1.000000 0.000000
vt 1.000000 1.000000
f 5764/5764 5765/5765 5766/5766
v 0.156508 0.216274 0.057981
v 0.155724 0.218103 0.055694
v -0.002676 0.300089 0.175533
v -0.001892 0.298260 0.177820
vt 0.875000 0.000000
vt 1.000000 0.000000
vt 1.000000 1.000000
vt 0.875000 1.000000
f 5767/5767 5768/5768 5769/5769 5770/5770
v 0.158400 0.219751 0.058104
v 0.155724 0.218103 0.055694
v 0.156508 0.216274 0.057981
vt 0.000000 0.000000
vt 1.000000 0.000000
vt 1.000000 1.000000
f 5771/5771 5772/5772 5773/5773
v 0.000000 0.301737 0.177942
v -0.001892 0.298260 0.177820
v -0.002676 0.300089 0.175533
vt 0.000000 0.000000
vt 1.000000 0.000000
vt 1.000000 1.000000
f 5774/5774 5775/5775 5776/5776
v -0.082676 0.334040 -0.017788
v -0.080802 0.336391 -0.018168
v -0.001602 0.305159 0.179127
v -0.003476 0.302808 0.179507
vt 0.000000 0.000000
vt 0.125000 0.000000
vt 0.125000 1.000000
vt 0.000000 1.000000
f 5777/5777 5778/5778 5779/5779 5780/5780
v -0.079200 0.332969 -0.019353
v -0.080802 0.336391 -0.018168
v -0.082676 0.334040 -0.017788
vt 0.000000 0.000000
vt 1.000000 0.000000
vt 1.000000 1.000000
f 5781/5781 5782/5782 5783/5783
v 0.000000 0.301737 0.177942
v -0.003476 0.302808 0.179507
v -0.001602 0.305159 0.179127
vt 0.000000 0.000000
vt 1.000000 0.000000
vt 1.000000 1.000000
f 5784/5784 5785/5785 5786/5786
v -0.080802 0.336391 -0.018168
v -0.077989 0.336738 -0.019242
v 0.001211 0.305506 0.178053
v -0.001602 0.305159 0.179127
vt 0.125000 0.000000
vt 0.250000 0.000000
vt 0.250000 1.000000
vt 0.125000 1.000000
f 5787/5787 5788/5788 5789/5789 5790/5790
v -0.079200 0.332969 -0.019353
v -0.077989 0.336738 -0.019242
v -0.080802 0.336391 -0.018168
vt 0.000000 0.000000
vt 1.000000 0.000000
vt 1.000000 1.000000
f 5791/5791 5792/5792 5793/5793
v 0.000000 0.301737 0.177942
v -0.001602 0.305159 0.179127
v 0.001211 0.305506 0.178053
vt 0.000000 0.000000
vt 1.000000 0.000000
vt 1.000000 1.000000
f 5794/5794 5795/5795 5796/5796
v -0.077989 0.336738 -0.019242
v -0.075886 0.334877 -0.020382
v 0.003314 0.303645 0.176914
v 0.001211 0.305506 0.178053
vt 0.250000 0.000000
vt 0.375000 0.000000
vt 0.375000 1.000000
vt 0.250000 1.000000
f 5797/5797 5798/5798 5799/5799 5800/5800
v -0.079200 0.332969 -0.019353
v -0.075886 0.334877 -0.020382
v -0.077989 0.336738 -0.019242
vt 0.000000 0.000000
vt 1.000000 0.000000
vt 1.000000 1.000000
f 5801/5801 5802/5802 5803/5803
v 0.000000 0.301737 0.177942
v 0.001211 0.305506 0.178053
v 0.003314 0.303645 0.176914
vt 0.000000 0.000000
vt 1.000000 0.000000
vt 1.000000 1.000000
f 5804/5804 5805/5805 5806/5806
v -0.075886 0.334877 -0.020382
v -0.075724 0.331898 -0.020918
v 0.003476 0.300666 0.176377
v 0.003314 0.303645 0.176914
vt 0.375000 0.000000
vt 0.500000 0.000000
vt 0.500000 1.000000
vt 0.375000 1.000000
f 5807/5807 5808/5808 5809/5809 5810/5810
v -0.079200 0.332969 -0.019353
v -0.075724 0.331898 -0.020918
v -0.075886 0.334877 -0.020382
vt 0.000000 0.000000
vt 1.000000 0.000000
vt 1.000000 1.000000
f 5811/5811 5812/5812 5813/5813
v 0.000000 0.301737 0.177942
v 0.003314 0.303645 0.176914
v 0.003476 0.300666 0.176377
vt 0.000000 0.000000
vt 1.000000 0.000000
vt 1.000000 1.000000
f 5814/5814 5815/5815 5816/5816
v -0.075724 0.331898 -0.020918
v -0.077598 0.329547 -0.020538
v 0.001602 0.298315 0.176757
v 0.003476 0.300666 0.176377
vt 0.500000 0.000000
vt 0.625000 0.000000
vt 0.625000 1.000000
vt 0.500000 1.000000
f 5817/5817 5818/5818 5819/5819 5820/5820
v -0.079200 0.332969 -0.019353
v -0.077598 0.329547 -0.020538
v -0.075724 0.331898 -0.020918
vt 0.000000 0.000000
vt 1.000000 0.000000
vt 1.000000 1.000000
f 5821/5821 5822/5822 5823/5823
v 0.000000 0.301737 0.177942
v 0.003476 0.300666 0.176377
v 0.001602 0.298315 0.176757
vt 0.000000 0.000000
vt 1.000000 0.000000
vt 1.000000 1.000000
f 5824/5824 5825/5825 5826/5826
v -0.077598 0.329547 -0.020538
v -0.080411 0.329200 -0.019464
v -0.001211 0.297968 0.177832
v 0.001602 0.298315 0.176757
vt 0.625000 0.000000
vt 0.750000 0.000000
vt 0.750000 1.000000
vt 0.625000 1.000000
f 5827/5827 5828/5828 5829/5829 5830/5830
v -0.079200 0.332969 -0.019353
v -0.080411 0.329200 -0.019464
v -0.077598 0.329547 -0.020538
vt 0.000000 0.000000
vt 1.000000 0.000000
vt 1.000000 1.000000
f 5831/5831 5832/5832 5833/5833
v 0.000000 0.301737 0.177942
v 0.001602 0.298315 0.176757
v -0.001211 0.297968 0.177832
vt 0.000000 0.000000
vt 1.000000 0.000000
vt 1.000000 1.000000
f 5834/5834 5835/5835 5836/5836
v -0.080411 0.329200 -0.019464
v -0.082514 0.331061 -0.018325
v -0.003314 0.299829 0.178971
v -0.001211 0.297968 0.177832
vt 0.750000 0.000000
vt 0.875000 0.000000
vt 0.875000 1.000000
vt 0.750000 1.000000
f 5837/5837 5838/5838 5839/5839 5840/5840
v -0.079200 0.332969 -0.019353
v -0.082514 0.331061 -0.018325
v -0.080411 0.329200 -0.019464
vt 0.000000 0.000000
vt 1.000000 0.000000
vt 1.000000 1.000000
f 5841/5841 5842/5842 5843/5843
v 0.000000 0.301737 0.177942
v -0.001211 0.297968 0.177832
v -0.003314 0.299829 0.178971
vt 0.000000 0.000000
vt 1.000000 0.000000
vt 1.000000 1.000000
f 5844/5844 5845/5845 5846/5846
v -0.082514 0.331061 -0.018325
v -0.082676 0.334040 -0.017788
v -0.003476 0.302808 0.179507
v -0.003314 0.299829 0.178971
vt 0.875000 0.000000
vt 1.000000 0.000000
vt 1.000000 1.000000
vt 0.875000 1.000000
f 5847/5847 5848/5848 5849/5849 5850/5850
v -0.079200 0.332969 -0.019353
v -0.082676 0.334040 -0.017788
v -0.082514 0.331061 -0.018325
vt 0.000000 0.000000
vt 1.000000 0.000000
vt 1.000000 1.000000
f 5851/5851 5852/5852 5853/5853
v 0.000000 0.301737 0.177942
v -0.003314 0.299829 0.178971
v -0.003476 0.302808 0.179507
vt 0.000000 0.000000
vt 1.000000 0.000000
vt 1.000000 1.000000
f 5854/5854 5855/5855 5856/5856
v -0.082676 0.107603 0.137125
v -0.082514 0.108182 0.134155
v -0.003314 0.303387 0.176537
v -0.003476 0.302808 0.179507
vt 0.000000 0.000000
vt 0.125000 0.000000
vt 0.125000 1.000000
vt 0.000000 1.000000
f 5857/5857 5858/5858 5859/5859 5860/5860
v -0.079200 0.106533 0.135560
v -0.082514 0.108182 0.134155
v -0.082676 0.107603 0.137125
vt 0.000000 0.000000
vt 1.000000 0.000000
vt 1.000000 1.000000
f 5861/5861 5862/5862 5863/5863
v 0.000000 0.301737 0.177942
v -0.003476 0.302808 0.179507
v -0.003314 0.303387 0.176537
vt 0.000000 0.000000
vt 1.000000 0.000000
vt 1.000000 1.000000
f 5864/5864 5865/5865 5866/5866
v -0.082514 0.108182 0.134155
v -0.080411 0.107795 0.132008
v -0.001211 0.302999 0.174390
v -0.003314 0.303387 0.176537
vt 0.125000 0.000000
vt 0.250000 0.000000
vt 0.250000 1.000000
vt 0.125000 1.000000
f 5867/5867 5868/5868 5869/5869 5870/5870
v -0.079200 0.106533 0.135560
v -0.080411 0.107795 0.132008
v -0.082514 0.108182 0.134155
vt 0.000000 0.000000
vt 1.000000 0.000000
vt 1.000000 1.000000
f 5871/5871 5872/5872 5873/5873
v 0.000000 0.301737 0.177942
v -0.003314 0.303387 0.176537
v -0.001211 0.302999 0.174390
vt 0.000000 0.000000
vt 1.000000 0.000000
vt 1.000000 1.000000
f 5874/5874 5875/5875 5876/5876
v -0.080411 0.107795 0.132008
v -0.077598 0.106668 0.131942
v 0.001602 0.301873 0.174324
v -0.001211 0.302999 0.174390
vt 0.250000 0.000000
vt 0.375000 0.000000
vt 0.375000 1.000000
vt 0.250000 1.000000
f 5877/5877 5878/5878 5879/5879 5880/5880
v -0.079200 0.106533 0.135560
v -0.077598 0.106668 0.131942
v -0.080411 0.107795 0.132008
vt 0.000000 0.000000
vt 1.000000 0.000000
vt 1.000000 1.000000
f 5881/5881 5882/5882 5883/5883
v 0.000000 0.301737 0.177942
v -0.001211 0.302999 0.174390
v 0.001602 0.301873 0.174324
vt 0.000000 0.000000
vt 1.000000 0.000000
vt 1.000000 1.000000
f 5884/5884 5885/5885 5886/5886
v -0.077598 0.106668 0.131942
v -0.075724 0.105462 0.133995
v 0.003476 0.300666 0.176377
v 0.001602 0.301873 0.174324
vt 0.375000 0.000000
vt 0.500000 0.000000
vt 0.500000 1.000000
vt 0.375000 1.000000
f 5887/5887 5888/5888 5889/5889 5890/5890
v -0.079200 0.106533 0.135560
v -0.075724 0.105462 0.133995
v -0.077598 0.106668 0.131942
vt 0.000000 0.000000
vt 1.000000 0.000000
vt 1.000000 1.000000
f 5891/5891 5892/5892 5893/5893
v 0.000000 0.301737 0.177942
v 0.001602 0.301873 0.174324
v 0.003476 0.300666 0.176377
vt 0.000000 0.000000
vt 1.000000 0.000000
vt 1.000000 1.000000
f 5894/5894 5895/5895 5896/5896
v -0.075724 0.105462 0.133995
v -0.075886 0.104883 0.136966
v 0.003314 0.300087 0.179348
v 0.003476 0.300666 0.176377
vt 0.500000 0.000000
vt 0.625000 0.000000
vt 0.625000 1.000000
vt 0.500000 1.000000
f 5897/5897 5898/5898 5899/5899 5900/5900
v -0.079200 0.106533 0.135560
v -0.075886 0.104883 0.136966
v -0.075724 0.105462 0.133995
vt 0.000000 0.000000
vt 1.000000 0.000000
vt 1.000000 1.000000
f 5901/5901 5902/5902 5903/5903
v 0.000000 0.301737 0.177942
v 0.003476 0.300666 0.176377
v 0.003314 0.300087 0.179348
vt 0.000000 0.000000
vt 1.000000 0.000000
vt 1.000000 1.000000
f 5904/5904 5905/5905 5906/5906
v -0.075886 0.104883 0.136966
v -0.077989 0.105270 0.139113
v 0.001211 0.300474 0.181495
v 0.003314 0.300087 0.179348
vt 0.625000 0.000000
vt 0.750000 0.000000
vt 0.750000 1.000000
vt 0.625000 1.000000
f 5907/5907 5908/5908 5909/5909 5910/5910
v -0.079200 0.106533 0.135560
v -0.077989 0.105270 0.139113
v -0.075886 0.104883 0.136966
vt 0.000000 0.000000
vt 1.000000 0.000000
vt 1.000000 1.000000
f 5911/5911 5912/5912 5913/5913
v 0.000000 0.301737 0.177942
v 0.003314 0.300087 0.179348
v 0.001211 0.300474 0.181495
vt 0.000000 0.000000
vt 1.000000 0.000000
vt 1.000000 1.000000
f 5914/5914 5915/5915 5916/5916
v -0.077989 0.105270 0.139113
v -0.080802 0.106397 0.139179
v -0.001602 0.301601 0.181561
v 0.001211 0.300474 0.181495
vt 0.750000 0.000000
vt 0.875000 0.000000
vt 0.875000 1.000000
vt 0.750000 1.000000
f 5917/5917 5918/5918 5919/5919 5920/5920
v -0.079200 0.106533 0.135560
v -0.080802 0.106397 0.139179
v -0.077989 0.105270 0.139113
vt 0.000000 0.000000
vt 1.000000 0.000000
vt 1.000000 1.000000
f 5921/5921 5922/5922 5923/5923
v 0.000000 0.301737 0.177942
v 0.001211 0.300474 0.181495
v -0.001602 0.301601 0.181561
vt 0.000000 0.000000
vt 1.000000 0.000000
vt 1.000000 1.000000
f 5924/5924 5925/5925 5926/5926
v -0.080802 0.106397 0.139179
v -0.082676 0.107603 0.137125
v -0.003476 0.302808 0.179507
v -0.001602 0.301601 0.181561
vt 0.875000 0.000000
vt 1.000000 0.000000
vt 1.000000 1.000000
vt 0.875000 1.000000
f 5927/5927 5928/5928 5929/5929 5930/5930
v -0.079200 0.106533 0.135560
v -0.082676 0.107603 0.137125
v -0.080802 0.106397 0.139179
vt 0.000000 0.000000
vt 1.000000 0.000000
vt 1.000000 1.000000
f 5931/5931 5932/5932 5933/5933
v 0.000000 0.301737 0.177942
v -0.001602 0.301601 0.181561
v -0.003476 0.302808 0.179507
vt 0.000000 0.000000
vt 1.000000 0.000000
vt 1.000000 1.000000
f 5934/5934 5935/5935 5936/5936
v -0.030800 0.142158 -0.000766
v 0.030800 0.142158 -0.000766
v 0.030800 0.192998 -0.035548
v -0.030800 0.192998 -0.035548
vt 0.000000 0.000000
vt 1.000000 0.000000
vt 1.000000 1.000000
vt 0.000000 1.000000
f 5937/5937 5938/5938 5939/5939 5940/5940
v 0.030800 0.174455 0.046443
v -0.030800 0.174455 0.046443
v -0.030800 0.225296 0.011661
v 0.030800 0.225296 0.011661
vt 0.000000 0.000000
vt 1.000000 0.000000
vt 1.000000 1.000000
vt 0.000000 1.000000
f 5941/5941 5942/5942 5943/5943 5944/5944
v -0.030800 0.174455 0.046443
v -0.030800 0.142158 -0.000766
v -0.030800 0.192998 -0.035548
v -0.030800 0.225296 0.011661
vt 0.000000 0.000000
vt 1.000000 0.000000
vt 1.000000 1.000000
vt 0.000000 1.000000
f 5945/5945 5946/5946 5947/5947 5948/5948
v 0.030800 0.142158 -0.000766
v 0.030800 0.174455 0.046443
v 0.030800 0.225296 0.011661
v 0.030800 0.192998 -0.035548
vt 0.000000 0.000000
vt 1.000000 0.000000
vt 1.000000 1.000000
vt 0.000000 1.000000
f 5949/5949 5950/5950 5951/5951 5952/5952
v -0.030800 0.192998 -0.035548
v 0.030800 0.192998 -0.035548
v 0.030800 0.225296 0.011661
v -0.030800 0.225296 0.011661
vt 0.000000 0.000000
vt 1.000000 0.000000
vt 1.000000 1.000000
vt 0.000000 1.000000
f 5953/5953 5954/5954 5955/5955 5956/5956
v -0.030800 0.174455 0.046443
v 0.030800 0.174455 0.046443
v 0.030800 0.142158 -0.000766
v -0.030800 0.142158 -0.000766
vt 0.000000 0.000000
vt 1.000000 0.000000
vt 1.000000 1.000000
vt 0.000000 1.000000
f 5957/5957 5958/5958 5959/5959 5960/5960
usemtl body
v -0.017600 0.145218 -0.050841
v -0.016260 0.150777 -0.054644
v -0.016260 0.190528 0.003460
v -0.017600 0.184969 0.007263
vt 0.000000 0.000000
vt 0.062500 0.000000
vt 0.062500 1.000000
vt 0.000000 1.000000
f 5961/5961 5962/5962 5963/5963 5964/5964
v 0.000000 0.145218 -0.050841
v -0.016260 0.150777 -0.054644
v -0.017600 0.145218 -0.050841
vt 0.000000 0.000000
vt 1.000000 0.000000
vt 1.000000 1.000000
f 5965/5965 5966/5966 5967/5967
v 0.000000 0.184969 0.007263
v -0.017600 0.184969 0.007263
v -0.016260 0.190528 0.003460
vt 0.000000 0.000000
vt 1.000000 0.000000
vt 1.000000 1.000000
f 5968/5968 5969/5969 5970/5970
v -0.016260 0.150777 -0.054644
v -0.012445 0.155489 -0.057868
v -0.012445 0.195240 0.000236
v -0.016260 0.190528 0.003460
vt 0.062500 0.000000
vt 0.125000 0.000000
vt 0.125000 1.000000
vt 0.062500 1.000000
f 5971/5971 5972/5972 5973/5973 5974/5974
v 0.000000 0.145218 -0.050841
v -0.012445 0.155489 -0.057868
v -0.016260 0.150777 -0.054644
vt 0.000000 0.000000
vt 1.000000 0.000000
vt 1.000000 1.000000
f 5975/5975 5976/5976 5977/5977
v 0.000000 0.184969 0.007263
v -0.016260 0.190528 0.003460
v -0.012445 0.195240 0.000236
vt 0.000000 0.000000
vt 1.000000 0.000000
vt 1.000000 1.000000
f 5978/5978 5979/5979 5980/5980
v -0.012445 0.155489 -0.057868
v -0.006735 0.158638 -0.060022
v -0.006735 0.198389 -0.001918
v -0.012445 0.195240 0.000236
vt 0.125000 0.000000
vt 0.187500 0.000000
vt 0.187500 1.000000
vt 0.125000 1.000000
f 5981/5981 5982/5982 5983/5983 5984/5984
v 0.000000 0.145218 -0.050841
v -0.006735 0.158638 -0.060022
v -0.012445 0.155489 -0.057868
vt 0.000000 0.000000
vt 1.000000 0.000000
vt 1.000000 1.000000
f 5985/5985 5986/5986 5987/5987
v 0.000000 0.184969 0.007263
v -0.012445 0.195240 0.000236
v -0.006735 0.198389 -0.001918
vt 0.000000 0.000000
vt 1.000000 0.000000
vt 1.000000 1.000000
f 5988/5988 5989/5989 5990/5990
v -0.006735 0.158638 -0.060022
v -0.000000 0.159744 -0.060778
v -0.000000 0.199495 -0.002675
v -0.006735 0.198389 -0.001918
vt 0.187500 0.000000
vt 0.250000 0.000000
vt 0.250000 1.000000
vt 0.187500 1.000000
f 5991/5991 5992/5992 5993/5993 5994/5994
v 0.000000 0.145218 -0.050841
v -0.000000 0.159744 -0.060778
v -0.006735 0.158638 -0.060022
vt 0.000000 0.000000
vt 1.000000 0.000000
vt 1.000000 1.000000
f 5995/5995 5996/5996 5997/5997
v 0.000000 0.184969 0.007263
v -0.006735 0.198389 -0.001918
v -0.000000 0.199495 -0.002675
vt 0.000000 0.000000
vt 1.000000 0.000000
vt 1.000000 1.000000
f 5998/5998 5999/5999 6000/6000
v -0.000000 0.159744 -0.060778
v 0.006735 0.158638 -0.060022
v 0.006735 0.198389 -0.001918
v -0.000000 0.199495 -0.002675
vt 0.250000 0.000000
vt 0.312500 0.000000
vt 0.312500 1.000000
vt 0.250000 1.000000
f 6001/6001 6002/6002 6003/6003 6004/6004
v 0.000000 0.145218 -0.050841
v 0.006735 0.158638 -0.060022
v -0.000000 0.159744 -0.060778
vt 0.000000 0.000000
vt 1.000000 0.000000
vt 1.000000 1.000000
f 6005/6005 6006/6006 6007/6007
v 0.000000 0.184969 0.007263
v -0.000000 0.199495 -0.002675
v 0.006735 0.198389 -0.001918
vt 0.000000 0.000000
vt 1.000000 0.000000
vt 1.000000 1.000000
f 6008/6008 6009/6009 6010/6010
v 0.006735 0.158638 -0.060022
v 0.012445 0.155489 -0.057868
v 0.012445 0.195240 0.000236
v 0.006735 0.198389 -0.001918
vt 0.312500 0.000000
vt 0.375000 0.000000
vt 0.375000 1.000000
vt 0.312500 1.000000
f 6011/6011 6012/6012 6013/6013 6014/6014
v 0.000000 0.145218 -0.050841
v 0.012445 0.155489 -0.057868
v 0.006735 0.158638 -0.060022
vt 0.000000 0.000000
vt 1.000000 0.000000
vt 1.000000 1.000000
f 6015/6015 6016/6016 6017/6017
v 0.000000 0.184969 0.007263
v 0.006735 0.198389 -0.001918
v 0.012445 0.195240 0.000236
vt 0.000000 0.000000
vt 1.000000 0.000000
vt 1.000000 1.000000
f 6018/6018 6019/6019 6020/6020
v 0.012445 0.155489 -0.057868
v 0.016260 0.150777 -0.054644
v 0.016260 0.190528 0.003460
v 0.012445 0.195240 0.000236
vt 0.375000 0.000000
vt 0.437500 0.000000
vt 0.437500 1.000000
vt 0.375000 1.000000
f 6021/6021 6022/6022 6023/6023 6024/6024
v 0.000000 0.145218 -0.050841
v 0.016260 0.150777 -0.054644
v 0.012445 0.155489 -0.057868
vt 0.000000 0.000000
vt 1.000000 0.000000
vt 1.000000 1.000000
f 6025/6025 6026/6026 6027/6027
v 0.000000 0.184969 0.007263
v 0.012445 0.195240 0.000236
v 0.016260 0.190528 0.003460
vt 0.000000 0.000000
vt 1.000000 0.000000
vt 1.000000 1.000000
f 6028/6028 6029/6029 6030/6030
v 0.016260 0.150777 -0.054644
v 0.017600 0.145218 -0.050841
v 0.017600 0.184969 0.007263
v 0.016260 0.190528 0.003460
vt 0.437500 0.000000
vt 0.500000 0.000000
vt 0.500000 1.000000
vt 0.437500 1.000000
f 6031/6031 6032/6032 6033/6033 6034/6034
v 0.000000 0.145218 -0.050841
v 0.017600 0.145218 -0.050841
v 0.016260 0.150777 -0.054644
vt 0.000000 0.000000
vt 1.000000 0.000000
vt 1.000000 1.000000
f 6035/6035 6036/6036 6037/6037
v 0.000000 0.184969 0.007263
v 0.016260 0.190528 0.003460
v 0.017600 0.184969 0.007263
vt 0.000000 0.000000
vt 1.000000 0.000000
vt 1.000000 1.000000
f 6038/6038 6039/6039 6040/6040
v 0.017600 0.145218 -0.050841
v 0.016260 0.139659 -0.047038
v 0.016260 0.179410 0.011066
v 0.017600 0.184969 0.007263
vt 0.500000 0.000000
vt 0.562500 0.000000
vt 0.562500 1.000000
vt 0.500000 1.000000
f 6041/6041 6042/6042 6043/6043 6044/6044
v 0.000000 0.145218 -0.050841
v 0.016260 0.139659 -0.047038
v 0.017600 0.145218 -0.050841
vt 0.000000 0.000000
vt 1.000000 0.000000
vt 1.000000 1.000000
f 6045/6045 6046/6046 6047/6047
v 0.000000 0.184969 0.007263
v 0.017600 0.184969 0.007263
v 0.016260 0.179410 0.011066
vt 0.000000 0.000000
vt 1.000000 0.000000
vt 1.000000 1.000000
f 6048/6048 6049/6049 6050/6050
v 0.016260 0.139659 -0.047038
v 0.012445 0.134947 -0.043814
v 0.012445 0.174697 0.014290
v 0.016260 0.179410 0.011066
vt 0.562500 0.000000
vt 0.625000 0.000000
vt 0.625000 1.000000
vt 0.562500 1.000000
f 6051/6051 6052/6052 6053/6053 6054/6054
v 0.000000 0.145218 -0.050841
v 0.012445 0.134947 -0.043814
v 0.016260 0.139659 -0.047038
vt 0.000000 0.000000
vt 1.000000 0.000000
vt 1.000000 1.000000
f 6055/6055 6056/6056 6057/6057
v 0.000000 0.184969 0.007263
v 0.016260 0.179410 0.011066
v 0.012445 0.174697 0.014290
vt 0.000000 0.000000
vt 1.000000 0.000000
vt 1.000000 1.000000
f 6058/6058 6059/6059 6060/6060
v 0.012445 0.134947 -0.043814
v 0.006735 0.131798 -0.041659
v 0.006735 0.171549 0.016444
v 0.012445 0.174697 0.014290
vt 0.625000 0.000000
vt 0.687500 0.000000
vt 0.687500 1.000000
vt 0.625000 1.000000
f 6061/6061 6062/6062 6063/6063 6064/6064
v 0.000000 0.145218 -0.050841
v 0.006735 0.131798 -0.041659
v 0.012445 0.134947 -0.043814
vt 0.000000 0.000000
vt 1.000000 0.000000
vt 1.000000 1.000000
f 6065/6065 6066/6066 6067/6067
v 0.000000 0.184969 0.007263
v 0.012445 0.174697 0.014290
v 0.006735 0.171549 0.016444
vt 0.000000 0.000000
vt 1.000000 0.000000
vt 1.000000 1.000000
f 6068/6068 6069/6069 6070/6070
v 0.006735 0.131798 -0.041659
v 0.000000 0.130692 -0.040903
v 0.000000 0.170443 0.017201
v 0.006735 0.171549 0.016444
vt 0.687500 0.000000
vt 0.750000 0.000000
vt 0.750000 1.000000
vt 0.687500 1.000000
f 6071/6071 6072/6072 6073/6073 6074/6074
v 0.000000 0.145218 -0.050841
v 0.000000 0.130692 -0.040903
v 0.006735 0.131798 -0.041659
vt 0.000000 0.000000
vt 1.000000 0.000000
vt 1.000000 1.000000
f 6075/6075 6076/6076 6077/6077
v 0.000000 0.184969 0.007263
v 0.006735 0.171549 0.016444
v 0.000000 0.170443 0.017201
vt 0.000000 0.000000
vt 1.000000 0.000000
vt 1.000000 1.000000
f 6078/6078 6079/6079 6080/6080
v 0.000000 0.130692 -0.040903
v -0.006735 0.131798 -0.041659
v -0.006735 0.171549 0.016444
v 0.000000 0.170443 0.017201
vt 0.750000 0.000000
vt 0.812500 0.000000
vt 0.812500 1.000000
vt 0.750000 1.000000
f 6081/6081 6082/6082 6083/6083 6084/6084
v 0.000000 0.145218 -0.050841
v -0.006735 0.131798 -0.041659
v 0.000000 0.130692 -0.040903
vt 0.000000 0.000000
vt 1.000000 0.000000
vt 1.000000 1.000000
f 6085/6085 6086/6086 6087/6087
v 0.000000 0.184969 0.007263
v 0.000000 0.170443 0.017201
v -0.006735 0.171549 0.016444
vt 0.000000 0.000000
vt 1.000000 0.000000
vt 1.000000 1.000000
f 6088/6088 6089/6089 6090/6090
v -0.006735 0.131798 -0.041659
v -0.012445 0.134947 -0.043814
v -0.012445 0.174697 0.014290
v -0.006735 0.171549 0.016444
vt 0.812500 0.000000
vt 0.875000 0.000000
vt 0.875000 1.000000
vt 0.812500 1.000000
f 6091/6091 6092/6092 6093/6093 6094/6094
v 0.000000 0.145218 -0.050841
v -0.012445 0.134947 -0.043814
v -0.006735 0.131798 -0.041659
vt 0.000000 0.000000
vt 1.000000 0.000000
vt 1.000000 1.000000
f 6095/6095 6096/6096 6097/6097
v 0.000000 0.184969 0.007263
v -0.006735 0.171549 0.016444
v -0.012445 0.174697 0.014290
vt 0.000000 0.000000
vt 1.000000 0.000000
vt 1.000000 1.000000
f 6098/6098 6099/6099 6100/6100
v -0.012445 0.134947 -0.043814
v -0.016260 0.139659 -0.047038
v -0.016260 0.179410 0.011066
v -0.012445 0.174697 0.014290
vt 0.875000 0.000000
vt 0.937500 0.000000
vt 0.937500 1.000000
vt 0.875000 1.000000
f 6101/6101 6102/6102 6103/6103 6104/6104
v 0.000000 0.145218 -0.050841
v -0.016260 0.139659 -0.047038
v -0.012445 0.134947 -0.043814
vt 0.000000 0.000000
vt 1.000000 0.000000
vt 1.000000 1.000000
f 6105/6105 6106/6106 6107/6107
v 0.000000 0.184969 0.007263
v -0.012445 0.174697 0.014290
v -0.016260 0.179410 0.011066
vt 0.000000 0.000000
vt 1.000000 0.000000
vt 1.000000 1.000000
f 6108/6108 6109/6109 6110/6110
v -0.016260 0.139659 -0.047038
v -0.017600 0.145218 -0.050841
v -0.017600 0.184969 0.007263
v -0.016260 0.179410 0.011066
vt 0.937500 0.000000
vt 1.000000 0.000000
vt 1.000000 1.000000
vt 0.937500 1.000000
f 6111/6111 6112/6112 6113/6113 6114/6114
v 0.000000 0.145218 -0.050841
v -0.017600 0.145218 -0.050841
v -0.016260 0.139659 -0.047038
vt 0.000000 0.000000
vt 1.000000 0.000000
vt 1.000000 1.000000
f 6115/6115 6116/6116 6117/6117
v 0.000000 0.184969 0.007263
v -0.016260 0.179410 0.011066
v -0.017600 0.184969 0.007263
vt 0.000000 0.000000
vt 1.000000 0.000000
vt 1.000000 1.000000
f 6118/6118 6119/6119 6120/6120
usemtl dark
v -0.057200 0.126870 -0.054282
v 0.057200 0.126870 -0.054282
v 0.057200 0.148659 -0.069188
v -0.057200 0.148659 -0.069188
vt 0.000000 0.000000
vt 1.000000 0.000000
vt 1.000000 1.000000
vt 0.000000 1.000000
f 6121/6121 6122/6122 6123/6123 6124/6124
v 0.057200 0.151715 -0.017967
v -0.057200 0.151715 -0.017967
v -0.057200 0.173503 -0.032874
v 0.057200 0.173503 -0.032874
vt 0.000000 0.000000
vt 1.000000 0.000000
vt 1.000000 1.000000
vt 0.000000 1.000000
f 6125/6125 6126/6126 6127/6127 6128/6128
v -0.057200 0.151715 -0.017967
v -0.057200 0.126870 -0.054282
v -0.057200 0.148659 -0.069188
v -0.057200 0.173503 -0.032874
vt 0.000000 0.000000
vt 1.000000 0.000000
vt 1.000000 1.000000
vt 0.000000 1.000000
f 6129/6129 6130/6130 6131/6131 6132/6132
v 0.057200 0.126870 -0.054282
v 0.057200 0.151715 -0.017967
v 0.057200 0.173503 -0.032874
v 0.057200 0.148659 -0.069188
vt 0.000000 0.000000
vt 1.000000 0.000000
vt 1.000000 1.000000
vt 0.000000 1.000000
f 6133/6133 6134/6134 6135/6135 6136/6136
v -0.057200 0.148659 -0.069188
v 0.057200 0.148659 -0.069188
v 0.057200 0.173503 -0.032874
v -0.057200 0.173503 -0.032874
vt 0.000000 0.000000
vt 1.000000 0.000000
vt 1.000000 1.000000
vt 0.000000 1.000000
f 6137/6137 6138/6138 6139/6139 6140/6140
v -0.057200 0.151715 -0.017967
v 0.057200 0.151715 -0.017967
v 0.057200 0.126870 -0.054282
v -0.057200 0.126870 -0.054282
vt 0.000000 0.000000
vt 1.000000 0.000000
vt 1.000000 1.000000
vt 0.000000 1.000000
f 6141/6141 6142/6142 6143/6143 6144/6144
usemtl yellow
v -0.042680 0.182484 0.003631
v -0.041778 0.184282 0.002402
v -0.041778 0.187064 0.006469
v -0.042680 0.185267 0.007699
vt 0.000000 0.000000
vt 0.125000 0.000000
vt 0.125000 1.000000
vt 0.000000 1.000000
f 6145/6145 6146/6146 6147/6147 6148/6148
v -0.039600 0.182484 0.003631
v -0.041778 0.184282 0.002402
v -0.042680 0.182484 0.003631
vt 0.000000 0.000000
vt 1.000000 0.000000
vt 1.000000 1.000000
f 6149/6149 6150/6150 6151/6151
v -0.039600 0.185267 0.007699
v -0.042680 0.185267 0.007699
v -0.041778 0.187064 0.006469
vt 0.000000 0.000000
vt 1.000000 0.000000
vt 1.000000 1.000000
f 6152/6152 6153/6153 6154/6154
v -0.041778 0.184282 0.002402
v -0.039600 0.185026 0.001892
v -0.039600 0.187809 0.005960
v -0.041778 0.187064 0.006469
vt 0.125000 0.000000
vt 0.250000 0.000000
vt 0.250000 1.000000
vt 0.125000 1.000000
f 6155/6155 6156/6156 6157/6157 6158/6158
v -0.039600 0.182484 0.003631
v -0.039600 0.185026 0.001892
v -0.041778 0.184282 0.002402
vt 0.000000 0.000000
vt 1.000000 0.000000
vt 1.000000 1.000000
f 6159/6159 6160/6160 6161/6161
v -0.039600 0.185267 0.007699
v -0.041778 0.187064 0.006469
v -0.039600 0.187809 0.005960
vt 0.000000 0.000000
vt 1.000000 0.000000
vt 1.000000 1.000000
f 6162/6162 6163/6163 6164/6164
v -0.039600 0.185026 0.001892
v -0.037422 0.184282 0.002402
v -0.037422 0.187064 0.006469
v -0.039600 0.187809 0.005960
vt 0.250000 0.000000
vt 0.375000 0.000000
vt 0.375000 1.000000
vt 0.250000 1.000000
f 6165/6165 6166/6166 6167/6167 6168/6168
v -0.039600 0.182484 0.003631
v -0.037422 0.184282 0.002402
v -0.039600 0.185026 0.001892
vt 0.000000 0.000000
vt 1.000000 0.000000
vt 1.000000 1.000000
f 6169/6169 6170/6170 6171/6171
v -0.039600 0.185267 0.007699
v -0.039600 0.187809 0.005960
v -0.037422 0.187064 0.006469
vt 0.000000 0.000000
vt 1.000000 0.000000
vt 1.000000 1.000000
f 6172/6172 6173/6173 6174/6174
v -0.037422 0.184282 0.002402
v -0.036520 0.182484 0.003631
v -0.036520 0.185267 0.007699
v -0.037422 0.187064 0.006469
vt 0.375000 0.000000
vt 0.500000 0.000000
vt 0.500000 1.000000
vt 0.375000 1.000000
f 6175/6175 6176/6176 6177/6177 6178/6178
v -0.039600 0.182484 0.003631
v -0.036520 0.182484 0.003631
v -0.037422 0.184282 0.002402
vt 0.000000 0.000000
vt 1.000000 0.000000
vt 1.000000 1.000000
f 6179/6179 6180/6180 6181/6181
v -0.039600 0.185267 0.007699
v -0.037422 0.187064 0.006469
v -0.036520 0.185267 0.007699
vt 0.000000 0.000000
vt 1.000000 0.000000
vt 1.000000 1.000000
f 6182/6182 6183/6183 6184/6184
v -0.036520 0.182484 0.003631
v -0.037422 0.180687 0.004861
v -0.037422 0.183469 0.008928
v -0.036520 0.185267 0.007699
vt 0.500000 0.000000
vt 0.625000 0.000000
vt 0.625000 1.000000
vt 0.500000 1.000000
f 6185/6185 6186/6186 6187/6187 6188/6188
v -0.039600 0.182484 0.003631
v -0.037422 0.180687 0.004861
v -0.036520 0.182484 0.003631
vt 0.000000 0.000000
vt 1.000000 0.000000
vt 1.000000 1.000000
f 6189/6189 6190/6190 6191/6191
v -0.039600 0.185267 0.007699
v -0.036520 0.185267 0.007699
v -0.037422 0.183469 0.008928
vt 0.000000 0.000000
vt 1.000000 0.000000
vt 1.000000 1.000000
f 6192/6192 6193/6193 6194/6194
v -0.037422 0.180687 0.004861
v -0.039600 0.179942 0.005371
v -0.039600 0.182725 0.009438
v -0.037422 0.183469 0.008928
vt 0.625000 0.000000
vt 0.750000 0.000000
vt 0.750000 1.000000
vt 0.625000 1.000000
f 6195/6195 6196/6196 6197/6197 6198/6198
v -0.039600 0.182484 0.003631
v -0.039600 0.179942 0.005371
v -0.037422 0.180687 0.004861
vt 0.000000 0.000000
vt 1.000000 0.000000
vt 1.000000 1.000000
f 6199/6199 6200/6200 6201/6201
v -0.039600 0.185267 0.007699
v -0.037422 0.183469 0.008928
v -0.039600 0.182725 0.009438
vt 0.000000 0.000000
vt 1.000000 0.000000
vt 1.000000 1.000000
f 6202/6202 6203/6203 6204/6204
v -0.039600 0.179942 0.005371
v -0.041778 0.180687 0.004861
v -0.041778 0.183469 0.008928
v -0.039600 0.182725 0.009438
vt 0.750000 0.000000
vt 0.875000 0.000000
vt 0.875000 1.000000
vt 0.750000 1.000000
f 6205/6205 6206/6206 6207/6207 6208/6208
v -0.039600 0.182484 0.003631
v -0.041778 0.180687 0.004861
v -0.039600 0.179942 0.005371
vt 0.000000 0.000000
vt 1.000000 0.000000
vt 1.000000 1.000000
f 6209/6209 6210/6210 6211/6211
v -0.039600 0.185267 0.007699
v -0.039600 0.182725 0.009438
v -0.041778 0.183469 0.008928
vt 0.000000 0.000000
vt 1.000000 0.000000
vt 1.000000 1.000000
f 6212/6212 6213/6213 6214/6214
v -0.041778 0.180687 0.004861
v -0.042680 0.182484 0.003631
v -0.042680 0.185267 0.007699
v -0.041778 0.183469 0.008928
vt 0.875000 0.000000
vt 1.000000 0.000000
vt 1.000000 1.000000
vt 0.875000 1.000000
f 6215/6215 6216/6216 6217/6217 6218/6218
v -0.039600 0.182484 0.003631
v -0.042680 0.182484 0.003631
v -0.041778 0.180687 0.004861
vt 0.000000 0.000000
vt 1.000000 0.000000
vt 1.000000 1.000000
f 6219/6219 6220/6220 6221/6221
v -0.039600 0.185267 0.007699
v -0.041778 0.183469 0.008928
v -0.042680 0.185267 0.007699
vt 0.000000 0.000000
vt 1.000000 0.000000
vt 1.000000 1.000000
f 6222/6222 6223/6223 6224/6224
v -0.031081 0.205595 -0.012179
v -0.030179 0.207392 -0.013409
v -0.030179 0.210175 -0.009342
v -0.031081 0.208378 -0.008112
vt 0.000000 0.000000
vt 0.125000 0.000000
vt 0.125000 1.000000
vt 0.000000 1.000000
f 6225/6225 6226/6226 6227/6227 6228/6228
v -0.028001 0.205595 -0.012179
v -0.030179 0.207392 -0.013409
v -0.031081 0.205595 -0.012179
vt 0.000000 0.000000
vt 1.000000 0.000000
vt 1.000000 1.000000
f 6229/6229 6230/6230 6231/6231
v -0.028001 0.208378 -0.008112
v -0.031081 0.208378 -0.008112
v -0.030179 0.210175 -0.009342
vt 0.000000 0.000000
vt 1.000000 0.000000
vt 1.000000 1.000000
f 6232/6232 6233/6233 6234/6234
v -0.030179 0.207392 -0.013409
v -0.028001 0.208137 -0.013918
v -0.028001 0.210920 -0.009851
v -0.030179 0.210175 -0.009342
vt 0.125000 0.000000
vt 0.250000 0.000000
vt 0.250000 1.000000
vt 0.125000 1.000000
f 6235/6235 6236/6236 6237/6237 6238/6238
v -0.028001 0.205595 -0.012179
v -0.028001 0.208137 -0.013918
v -0.030179 0.207392 -0.013409
vt 0.000000 0.000000
vt 1.000000 0.000000
vt 1.000000 1.000000
f 6239/6239 6240/6240 6241/6241
v -0.028001 0.208378 -0.008112
v -0.030179 0.210175 -0.009342
v -0.028001 0.210920 -0.009851
vt 0.000000 0.000000
vt 1.000000 0.000000
vt 1.000000 1.000000
f 6242/6242 6243/6243 6244/6244
v -0.028001 0.208137 -0.013918
v -0.025824 0.207392 -0.013409
v -0.025824 0.210175 -0.009342
v -0.028001 0.210920 -0.009851
vt 0.250000 0.000000
vt 0.375000 0.000000
vt 0.375000 1.000000
vt 0.250000 1.000000
f 6245/6245 6246/6246 6247/6247 6248/6248
v -0.028001 0.205595 -0.012179
v -0.025824 0.207392 -0.013409
v -0.028001 0.208137 -0.013918
vt 0.000000 0.000000
vt 1.000000 0.000000
vt 1.000000 1.000000
f 6249/6249 6250/6250 6251/6251
v -0.028001 0.208378 -0.008112
v -0.028001 0.210920 -0.009851
v -0.025824 0.210175 -0.009342
vt 0.000000 0.000000
vt 1.000000 0.000000
vt 1.000000 1.000000
f 6252/6252 6253/6253 6254/6254
v -0.025824 0.207392 -0.013409
v -0.024921 0.205595 -0.012179
v -0.024921 0.208378 -0.008112
v -0.025824 0.210175 -0.009342
vt 0.375000 0.000000
vt 0.500000 0.000000
vt 0.500000 1.000000
vt 0.375000 1.000000
f 6255/6255 6256/6256 6257/6257 6258/6258
v -0.028001 0.205595 -0.012179
v -0.024921 0.205595 -0.012179
v -0.025824 0.207392 -0.013409
vt 0.000000 0.000000
vt 1.000000 0.000000
vt 1.000000 1.000000
f 6259/6259 6260/6260 6261/6261
v -0.028001 0.208378 -0.008112
v -0.025824 0.210175 -0.009342
v -0.024921 0.208378 -0.008112
vt 0.000000 0.000000
vt 1.000000 0.000000
vt 1.000000 1.000000
f 6262/6262 6263/6263 6264/6264
v -0.024921 0.205595 -0.012179
v -0.025824 0.203798 -0.010950
v -0.025824 0.206580 -0.006882
v -0.024921 0.208378 -0.008112
vt 0.500000 0.000000
vt 0.625000 0.000000
vt 0.625000 1.000000
vt 0.500000 1.000000
f 6265/6265 6266/6266 6267/6267 6268/6268
v -0.028001 0.205595 -0.012179
v -0.025824 0.203798 -0.010950
v -0.024921 0.205595 -0.012179
vt 0.000000 0.000000
vt 1.000000 0.000000
vt 1.000000 1.000000
f 6269/6269 6270/6270 6271/6271
v -0.028001 0.208378 -0.008112
v -0.024921 0.208378 -0.008112
v -0.025824 0.206580 -0.006882
vt 0.000000 0.000000
vt 1.000000 0.000000
vt 1.000000 1.000000
f 6272/6272 6273/6273 6274/6274
v -0.025824 0.203798 -0.010950
v -0.028001 0.203053 -0.010440
v -0.028001 0.205836 -0.006373
v -0.025824 0.206580 -0.006882
vt 0.625000 0.000000
vt 0.750000 0.000000
vt 0.750000 1.000000
vt 0.625000 1.000000
f 6275/6275 6276/6276 6277/6277 6278/6278
v -0.028001 0.205595 -0.012179
v -0.028001 0.203053 -0.010440
v -0.025824 0.203798 -0.010950
vt 0.000000 0.000000
vt 1.000000 0.000000
vt 1.000000 1.000000
f 6279/6279 6280/6280 6281/6281
v -0.028001 0.208378 -0.008112
v -0.025824 0.206580 -0.006882
v -0.028001 0.205836 -0.006373
vt 0.000000 0.000000
vt 1.000000 0.000000
vt 1.000000 1.000000
f 6282/6282 6283/6283 6284/6284
v -0.028001 0.203053 -0.010440
v -0.030179 0.203798 -0.010950
v -0.030179 0.206580 -0.006882
v -0.028001 0.205836 -0.006373
vt 0.750000 0.000000
vt 0.875000 0.000000
vt 0.875000 1.000000
vt 0.750000 1.000000
f 6285/6285 6286/6286 6287/6287 6288/6288
v -0.028001 0.205595 -0.012179
v -0.030179 0.203798 -0.010950
v -0.028001 0.203053 -0.010440
vt 0.000000 0.000000
vt 1.000000 0.000000
vt 1.000000 1.000000
f 6289/6289 6290/6290 6291/6291
v -0.028001 0.208378 -0.008112
v -0.028001 0.205836 -0.006373
v -0.030179 0.206580 -0.006882
vt 0.000000 0.000000
vt 1.000000 0.000000
vt 1.000000 1.000000
f 6292/6292 6293/6293 6294/6294
v -0.030179 0.203798 -0.010950
v -0.031081 0.205595 -0.012179
v -0.031081 0.208378 -0.008112
v -0.030179 0.206580 -0.006882
vt 0.875000 0.000000
vt 1.000000 0.000000
vt 1.000000 1.000000
vt 0.875000 1.000000
f 6295/6295 6296/6296 6297/6297 6298/6298
v -0.028001 0.205595 -0.012179
v -0.031081 0.205595 -0.012179
v -0.030179 0.203798 -0.010950
vt 0.000000 0.000000
vt 1.000000 0.000000
vt 1.000000 1.000000
f 6299/6299 6300/6300 6301/6301
v -0.028001 0.208378 -0.008112
v -0.030179 0.206580 -0.006882
v -0.031081 0.208378 -0.008112
vt 0.000000 0.000000
vt 1.000000 0.000000
vt 1.000000 1.000000
f 6302/6302 6303/6303 6304/6304
v -0.003080 0.215168 -0.018728
v -0.002178 0.216965 -0.019958
v -0.002178 0.219748 -0.015891
v -0.003080 0.217950 -0.014661
vt 0.000000 0.000000
vt 0.125000 0.000000
vt 0.125000 1.000000
vt 0.000000 1.000000
f 6305/6305 6306/6306 6307/6307 6308/6308
v -0.000000 0.215168 -0.018728
v -0.002178 0.216965 -0.019958
v -0.003080 0.215168 -0.018728
vt 0.000000 0.000000
vt 1.000000 0.000000
vt 1.000000 1.000000
f 6309/6309 6310/6310 6311/6311
v -0.000000 0.217950 -0.014661
v -0.003080 0.217950 -0.014661
v -0.002178 0.219748 -0.015891
vt 0.000000 0.000000
vt 1.000000 0.000000
vt 1.000000 1.000000
f 6312/6312 6313/6313 6314/6314
v -0.002178 0.216965 -0.019958
v -0.000000 0.217710 -0.020467
v -0.000000 0.220492 -0.016400
v -0.002178 0.219748 -0.015891
vt 0.125000 0.000000
vt 0.250000 0.000000
vt 0.250000 1.000000
vt 0.125000 1.000000
f 6315/6315 6316/6316 6317/6317 6318/6318
v -0.000000 0.215168 -0.018728
v -0.000000 0.217710 -0.020467
v -0.002178 0.216965 -0.019958
vt 0.000000 0.000000
vt 1.000000 0.000000
vt 1.000000 1.000000
f 6319/6319 6320/6320 6321/6321
v -0.000000 0.217950 -0.014661
v -0.002178 0.219748 -0.015891
v -0.000000 0.220492 -0.016400
vt 0.000000 0.000000
vt 1.000000 0.000000
vt 1.000000 1.000000
f 6322/6322 6323/6323 6324/6324
v -0.000000 0.217710 -0.020467
v 0.002178 0.216965 -0.019958
v 0.002178 0.219748 -0.015891
v -0.000000 0.220492 -0.016400
vt 0.250000 0.000000
vt 0.375000 0.000000
vt 0.375000 1.000000
vt 0.250000 1.000000
f 6325/6325 6326/6326 6327/6327 6328/6328
v -0.000000 0.215168 -0.018728
v 0.002178 0.216965 -0.019958
v -0.000000 0.217710 -0.020467
vt 0.000000 0.000000
vt 1.000000 0.000000
vt 1.000000 1.000000
f 6329/6329 6330/6330 6331/6331
v -0.000000 0.217950 -0.014661
v -0.000000 0.220492 -0.016400
v 0.002178 0.219748 -0.015891
vt 0.000000 0.000000
vt 1.000000 0.000000
vt 1.000000 1.000000
f 6332/6332 6333/6333 6334/6334
v 0.002178 0.216965 -0.019958
v 0.003080 0.215168 -0.018728
v 0.003080 0.217950 -0.014661
v 0.002178 0.219748 -0.015891
vt 0.375000 0.000000
vt 0.500000 0.000000
vt 0.500000 1.000000
vt 0.375000 1.000000
f 6335/6335 6336/6336 6337/6337 6338/6338
v -0.000000 0.215168 -0.018728
v 0.003080 0.215168 -0.018728
v 0.002178 0.216965 -0.019958
vt 0.000000 0.000000
vt 1.000000 0.000000
vt 1.000000 1.000000
f 6339/6339 6340/6340 6341/6341
v -0.000000 0.217950 -0.014661
v 0.002178 0.219748 -0.015891
v 0.003080 0.217950 -0.014661
vt 0.000000 0.000000
vt 1.000000 0.000000
vt 1.000000 1.000000
f 6342/6342 6343/6343 6344/6344
v 0.003080 0.215168 -0.018728
v 0.002178 0.213370 -0.017499
v 0.002178 0.216153 -0.013431
v 0.003080 0.217950 -0.014661
vt 0.500000 0.000000
vt 0.625000 0.000000
vt 0.625000 1.000000
vt 0.500000 1.000000
f 6345/6345 6346/6346 6347/6347 6348/6348
v -0.000000 0.215168 -0.018728
v 0.002178 0.213370 -0.017499
v 0.003080 0.215168 -0.018728
vt 0.000000 0.000000
vt 1.000000 0.000000
vt 1.000000 1.000000
f 6349/6349 6350/6350 6351/6351
v -0.000000 0.217950 -0.014661
v 0.003080 0.217950 -0.014661
v 0.002178 0.216153 -0.013431
vt 0.000000 0.000000
vt 1.000000 0.000000
vt 1.000000 1.000000
f 6352/6352 6353/6353 6354/6354
v 0.002178 0.213370 -0.017499
v -0.000000 0.212626 -0.016989
v -0.000000 0.215408 -0.012922
v 0.002178 0.216153 -0.013431
vt 0.625000 0.000000
vt 0.750000 0.000000
vt 0.750000 1.000000
vt 0.625000 1.000000
f 6355/6355 6356/6356 6357/6357 6358/6358
v -0.000000 0.215168 -0.018728
v -0.000000 0.212626 -0.016989
v 0.002178 0.213370 -0.017499
vt 0.000000 0.000000
vt 1.000000 0.000000
vt 1.000000 1.000000
f 6359/6359 6360/6360 6361/6361
v -0.000000 0.217950 -0.014661
v 0.002178 0.216153 -0.013431
v -0.000000 0.215408 -0.012922
vt 0.000000 0.000000
vt 1.000000 0.000000
vt 1.000000 1.000000
f 6362/6362 6363/6363 6364/6364
v -0.000000 0.212626 -0.016989
v -0.002178 0.213370 -0.017499
v -0.002178 0.216153 -0.013431
v -0.000000 0.215408 -0.012922
vt 0.750000 0.000000
vt 0.875000 0.000000
vt 0.875000 1.000000
vt 0.750000 1.000000
f 6365/6365 6366/6366 6367/6367 6368/6368
v -0.000000 0.215168 -0.018728
v -0.002178 0.213370 -0.017499
v -0.000000 0.212626 -0.016989
vt 0.000000 0.000000
vt 1.000000 0.000000
vt 1.000000 1.000000
f 6369/6369 6370/6370 6371/6371
v -0.000000 0.217950 -0.014661
v -0.000000 0.215408 -0.012922
v -0.002178 0.216153 -0.013431
vt 0.000000 0.000000
vt 1.000000 0.000000
vt 1.000000 1.000000
f 6372/6372 6373/6373 6374/6374
v -0.002178 0.213370 -0.017499
v -0.003080 0.215168 -0.018728
v -0.003080 0.217950 -0.014661
v -0.002178 0.216153 -0.013431
vt 0.875000 0.000000
vt 1.000000 0.000000
vt 1.000000 1.000000
vt 0.875000 1.000000
f 6375/6375 6376/6376 6377/6377 6378/6378
v -0.000000 0.215168 -0.018728
v -0.003080 0.215168 -0.018728
v -0.002178 0.213370 -0.017499
vt 0.000000 0.000000
vt 1.000000 0.000000
vt 1.000000 1.000000
f 6379/6379 6380/6380 6381/6381
v -0.000000 0.217950 -0.014661
v -0.002178 0.216153 -0.013431
v -0.003080 0.217950 -0.014661
vt 0.000000 0.000000
vt 1.000000 0.000000
vt 1.000000 1.000000
f 6382/6382 6383/6383 6384/6384
v 0.024921 0.205595 -0.012179
v 0.025824 0.207392 -0.013409
v 0.025824 0.210175 -0.009342
v 0.024921 0.208378 -0.008112
vt 0.000000 0.000000
vt 0.125000 0.000000
vt 0.125000 1.000000
vt 0.000000 1.000000
f 6385/6385 6386/6386 6387/6387 6388/6388
v 0.028001 0.205595 -0.012179
v 0.025824 0.207392 -0.013409
v 0.024921 0.205595 -0.012179
vt 0.000000 0.000000
vt 1.000000 0.000000
vt 1.000000 1.000000
f 6389/6389 6390/6390 6391/6391
v 0.028001 0.208378 -0.008112
v 0.024921 0.208378 -0.008112
v 0.025824 0.210175 -0.009342
vt 0.000000 0.000000
vt 1.000000 0.000000
vt 1.000000 1.000000
f 6392/6392 6393/6393 6394/6394
v 0.025824 0.207392 -0.013409
v 0.028001 0.208137 -0.013918
v 0.028001 0.210920 -0.009851
v 0.025824 0.210175 -0.009342
vt 0.125000 0.000000
vt 0.250000 0.000000
vt 0.250000 1.000000
vt 0.125000 1.000000
f 6395/6395 6396/6396 6397/6397 6398/6398
v 0.028001 0.205595 -0.012179
v 0.028001 0.208137 -0.013918
v 0.025824 0.207392 -0.013409
vt 0.000000 0.000000
vt 1.000000 0.000000
vt 1.000000 1.000000
f 6399/6399 6400/6400 6401/6401
v 0.028001 0.208378 -0.008112
v 0.025824 0.210175 -0.009342
v 0.028001 0.210920 -0.009851
vt 0.000000 0.000000
vt 1.000000 0.000000
vt 1.000000 1.000000
f 6402/6402 6403/6403 6404/6404
v 0.028001 0.208137 -0.013918
v 0.030179 0.207392 -0.013409
v 0.030179 0.210175 -0.009342
v 0.028001 0.210920 -0.009851
vt 0.250000 0.000000
vt 0.375000 0.000000
vt 0.375000 1.000000
vt 0.250000 1.000000
f 6405/6405 6406/6406 6407/6407 6408/6408
v 0.028001 0.205595 -0.012179
v 0.030179 0.207392 -0.013409
v 0.028001 0.208137 -0.013918
vt 0.000000 0.000000
vt 1.000000 0.000000
vt 1.000000 1.000000
f 6409/6409 6410/6410 6411/6411
v 0.028001 0.208378 -0.008112
v 0.028001 0.210920 -0.009851
v 0.030179 0.210175 -0.009342
vt 0.000000 0.000000
vt 1.000000 0.000000
vt 1.000000 1.000000
f 6412/6412 6413/6413 6414/6414
v 0.030179 0.207392 -0.013409
v 0.031081 0.205595 -0.012179
v 0.031081 0.208378 -0.008112
v 0.030179 0.210175 -0.009342
vt 0.375000 0.000000
vt 0.500000 0.000000
vt 0.500000 1.000000
vt 0.375000 1.000000
f 6415/6415 6416/6416 6417/6417 6418/6418
v 0.028001 0.205595 -0.012179
v 0.031081 0.205595 -0.012179
v 0.030179 0.207392 -0.013409
vt 0.000000 0.000000
vt 1.000000 0.000000
vt 1.000000 1.000000
f 6419/6419 6420/6420 6421/6421
v 0.028001 0.208378 -0.008112
v 0.030179 0.210175 -0.009342
v 0.031081 0.208378 -0.008112
vt 0.000000 0.000000
vt 1.000000 0.000000
vt 1.000000 1.000000
f 6422/6422 6423/6423 6424/6424
v 0.031081 0.205595 -0.012179
v 0.030179 0.203798 -0.010950
v 0.030179 0.206580 -0.006882
v 0.031081 0.208378 -0.008112
vt 0.500000 0.000000
vt 0.625000 0.000000
vt 0.625000 1.000000
vt 0.500000 1.000000
f 6425/6425 6426/6426 6427/6427 6428/6428
v 0.028001 0.205595 -0.012179
v 0.030179 0.203798 -0.010950
v 0.031081 0.205595 -0.012179
vt 0.000000 0.000000
vt 1.000000 0.000000
vt 1.000000 1.000000
f 6429/6429 6430/6430 6431/6431
v 0.028001 0.208378 -0.008112
v 0.031081 0.208378 -0.008112
v 0.030179 0.206580 -0.006882
vt 0.000000 0.000000
vt 1.000000 0.000000
vt 1.000000 1.000000
f 6432/6432 6433/6433 6434/6434
v 0.030179 0.203798 -0.010950
v 0.028001 0.203053 -0.010440
v 0.028001 0.205836 -0.006373
v 0.030179 0.206580 -0.006882
vt 0.625000 0.000000
vt 0.750000 0.000000
vt 0.750000 1.000000
vt 0.625000 1.000000
f 6435/6435 6436/6436 6437/6437 6438/6438
v 0.028001 0.205595 -0.012179
v 0.028001 0.203053 -0.010440
v 0.030179 0.203798 -0.010950
vt 0.000000 0.000000
vt 1.000000 0.000000
vt 1.000000 1.000000
f 6439/6439 6440/6440 6441/6441
v 0.028001 0.208378 -0.008112
v 0.030179 0.206580 -0.006882
v 0.028001 0.205836 -0.006373
vt 0.000000 0.000000
vt 1.000000 0.000000
vt 1.000000 1.000000
f 6442/6442 6443/6443 6444/6444
v 0.028001 0.203053 -0.010440
v 0.025824 0.203798 -0.010950
v 0.025824 0.206580 -0.006882
v 0.028001 0.205836 -0.006373
vt 0.750000 0.000000
vt 0.875000 0.000000
vt 0.875000 1.000000
vt 0.750000 1.000000
f 6445/6445 6446/6446 6447/6447 6448/6448
v 0.028001 0.205595 -0.012179
v 0.025824 0.203798 -0.010950
v 0.028001 0.203053 -0.010440
vt 0.000000 0.000000
vt 1.000000 0.000000
vt 1.000000 1.000000
f 6449/6449 6450/6450 6451/6451
v 0.028001 0.208378 -0.008112
v 0.028001 0.205836 -0.006373
v 0.025824 0.206580 -0.006882
vt 0.000000 0.000000
vt 1.000000 0.000000
vt 1.000000 1.000000
f 6452/6452 6453/6453 6454/6454
v 0.025824 0.203798 -0.010950
v 0.024921 0.205595 -0.012179
v 0.024921 0.208378 -0.008112
v 0.025824 0.206580 -0.006882
vt 0.875000 0.000000
vt 1.000000 0.000000
vt 1.000000 1.000000
vt 0.875000 1.000000
f 6455/6455 6456/6456 6457/6457 6458/6458
v 0.028001 0.205595 -0.012179
v 0.024921 0.205595 -0.012179
v 0.025824 0.203798 -0.010950
vt 0.000000 0.000000
vt 1.000000 0.000000
vt 1.000000 1.000000
f 6459/6459 6460/6460 6461/6461
v 0.028001 0.208378 -0.008112
v 0.025824 0.206580 -0.006882
v 0.024921 0.208378 -0.008112
vt 0.000000 0.000000
vt 1.000000 0.000000
vt 1.000000 1.000000
f 6462/6462 6463/6463 6464/6464
v 0.036520 0.182484 0.003631
v 0.037422 0.184282 0.002402
v 0.037422 0.187064 0.006469
v 0.036520 0.185267 0.007699
vt 0.000000 0.000000
vt 0.125000 0.000000
vt 0.125000 1.000000
vt 0.000000 1.000000
f 6465/6465 6466/6466 6467/6467 6468/6468
v 0.039600 0.182484 0.003631
v 0.037422 0.184282 0.002402
v 0.036520 0.182484 0.003631
vt 0.000000 0.000000
vt 1.000000 0.000000
vt 1.000000 1.000000
f 6469/6469 6470/6470 6471/6471
v 0.039600 0.185267 0.007699
v 0.036520 0.185267 0.007699
v 0.037422 0.187064 0.006469
vt 0.000000 0.000000
vt 1.000000 0.000000
vt 1.000000 1.000000
f 6472/6472 6473/6473 6474/6474
v 0.037422 0.184282 0.002402
v 0.039600 0.185026 0.001892
v 0.039600 0.187809 0.005960
v 0.037422 0.187064 0.006469
vt 0.125000 0.000000
vt 0.250000 0.000000
vt 0.250000 1.000000
vt 0.125000 1.000000
f 6475/6475 6476/6476 6477/6477 6478/6478
v 0.039600 0.182484 0.003631
v 0.039600 0.185026 0.001892
v 0.037422 0.184282 0.002402
vt 0.000000 0.000000
vt 1.000000 0.000000
vt 1.000000 1.000000
f 6479/6479 6480/6480 6481/6481
v 0.039600 0.185267 0.007699
v 0.037422 0.187064 0.006469
v 0.039600 0.187809 0.005960
vt 0.000000 0.000000
vt 1.000000 0.000000
vt 1.000000 1.000000
f 6482/6482 6483/6483 6484/6484
v 0.039600 0.185026 0.001892
v 0.041778 0.184282 0.002402
v 0.041778 0.187064 0.006469
v 0.039600 0.187809 0.005960
vt 0.250000 0.000000
vt 0.375000 0.000000
vt 0.375000 1.000000
vt 0.250000 1.000000
f 6485/6485 6486/6486 6487/6487 6488/6488
v 0.039600 0.182484 0.003631
v 0.041778 0.184282 0.002402
v 0.039600 0.185026 0.001892
vt 0.000000 0.000000
vt 1.000000 0.000000
vt 1.000000 1.000000
f 6489/6489 6490/6490 6491/6491
v 0.039600 0.185267 0.007699
v 0.039600 0.187809 0.005960
v 0.041778 0.187064 0.006469
vt 0.000000 0.000000
vt 1.000000 0.000000
vt 1.000000 1.000000
f 6492/6492 6493/6493 6494/6494
v 0.041778 0.184282 0.002402
v 0.042680 0.182484 0.003631
v 0.042680 0.185267 0.007699
v 0.041778 0.187064 0.006469
vt 0.375000 0.000000
vt 0.500000 0.000000
vt 0.500000 1.000000
vt 0.375000 1.000000
f 6495/6495 6496/6496 6497/6497 6498/6498
v 0.039600 0.182484 0.003631
v 0.042680 0.182484 0.003631
v 0.041778 0.184282 0.002402
vt 0.000000 0.000000
vt 1.000000 0.000000
vt 1.000000 1.000000
f 6499/6499 6500/6500 6501/6501
v 0.039600 0.185267 0.007699
v 0.041778 0.187064 0.006469
v 0.042680 0.185267 0.007699
vt 0.000000 0.000000
vt 1.000000 0.000000
vt 1.000000 1.000000
f 6502/6502 6503/6503 6504/6504
v 0.042680 0.182484 0.003631
v 0.041778 0.180687 0.004861
v 0.041778 0.183469 0.008928
v 0.042680 0.185267 0.007699
vt 0.500000 0.000000
vt 0.625000 0.000000
vt 0.625000 1.000000
vt 0.500000 1.000000
f 6505/6505 6506/6506 6507/6507 6508/6508
v 0.039600 0.182484 0.003631
v 0.041778 0.180687 0.004861
v 0.042680 0.182484 0.003631
vt 0.000000 0.000000
vt 1.000000 0.000000
vt 1.000000 1.000000
f 6509/6509 6510/6510 6511/6511
v 0.039600 0.185267 0.007699
v 0.042680 0.185267 0.007699
v 0.041778 0.183469 0.008928
vt 0.000000 0.000000
vt 1.000000 0.000000
vt 1.000000 1.000000
f 6512/6512 6513/6513 6514/6514
v 0.041778 0.180687 0.004861
v 0.039600 0.179942 0.005371
v 0.039600 0.182725 0.009438
v 0.041778 0.183469 0.008928
vt 0.625000 0.000000
vt 0.750000 0.000000
vt 0.750000 1.000000
vt 0.625000 1.000000
f 6515/6515 6516/6516 6517/6517 6518/6518
v 0.039600 0.182484 0.003631
v 0.039600 0.179942 0.005371
v 0.041778 0.180687 0.004861
vt 0.000000 0.000000
vt 1.000000 0.000000
vt 1.000000 1.000000
f 6519/6519 6520/6520 6521/6521
v 0.039600 0.185267 0.007699
v 0.041778 0.183469 0.008928
v 0.039600 0.182725 0.009438
vt 0.000000 0.000000
vt 1.000000 0.000000
vt 1.000000 1.000000
f 6522/6522 6523/6523 6524/6524
v 0.039600 0.179942 0.005371
v 0.037422 0.180687 0.004861
v 0.037422 0.183469 0.008928
v 0.039600 0.182725 0.009438
vt 0.750000 0.000000
vt 0.875000 0.000000
vt 0.875000 1.000000
vt 0.750000 1.000000
f 6525/6525 6526/6526 6527/6527 6528/6528
v 0.039600 0.182484 0.003631
v 0.037422 0.180687 0.004861
v 0.039600 0.179942 0.005371
vt 0.000000 0.000000
vt 1.000000 0.000000
vt 1.000000 1.000000
f 6529/6529 6530/6530 6531/6531
v 0.039600 0.185267 0.007699
v 0.039600 0.182725 0.009438
v 0.037422 0.183469 0.008928
vt 0.000000 0.000000
vt 1.000000 0.000000
vt 1.000000 1.000000
f 6532/6532 6533/6533 6534/6534
v 0.037422 0.180687 0.004861
v 0.036520 0.182484 0.003631
v 0.036520 0.185267 0.007699
v 0.037422 0.183469 0.008928
vt 0.875000 0.000000
vt 1.000000 0.000000
vt 1.000000 1.000000
vt 0.875000 1.000000
f 6535/6535 6536/6536 6537/6537 6538/6538
v 0.039600 0.182484 0.003631
v 0.036520 0.182484 0.003631
v 0.037422 0.180687 0.004861
vt 0.000000 0.000000
vt 1.000000 0.000000
vt 1.000000 1.000000
f 6539/6539 6540/6540 6541/6541
v 0.039600 0.185267 0.007699
v 0.037422 0.183469 0.008928
v 0.036520 0.185267 0.007699
vt 0.000000 0.000000
vt 1.000000 0.000000
vt 1.000000 1.000000
f 6542/6542 6543/6543 6544/6544
v 0.024921 0.159374 0.019442
v 0.025824 0.161171 0.018213
v 0.025824 0.163954 0.022280
v 0.024921 0.162156 0.023510
vt 0.000000 0.000000
vt 0.125000 0.000000
vt 0.125000 1.000000
vt 0.000000 1.000000
f 6545/6545 6546/6546 6547/6547 6548/6548
v 0.028001 0.159374 0.019442
v 0.025824 0.161171 0.018213
v 0.024921 0.159374 0.019442
vt 0.000000 0.000000
vt 1.000000 0.000000
vt 1.000000 1.000000
f 6549/6549 6550/6550 6551/6551
v 0.028001 0.162156 0.023510
v 0.024921 0.162156 0.023510
v 0.025824 0.163954 0.022280
vt 0.000000 0.000000
vt 1.000000 0.000000
vt 1.000000 1.000000
f 6552/6552 6553/6553 6554/6554
v 0.025824 0.161171 0.018213
v 0.028001 0.161916 0.017703
v 0.028001 0.164698 0.021770
v 0.025824 0.163954 0.022280
vt 0.125000 0.000000
vt 0.250000 0.000000
vt 0.250000 1.000000
vt 0.125000 1.000000
f 6555/6555 6556/6556 6557/6557 6558/6558
v 0.028001 0.159374 0.019442
v 0.028001 0.161916 0.017703
v 0.025824 0.161171 0.018213
vt 0.000000 0.000000
vt 1.000000 0.000000
vt 1.000000 1.000000
f 6559/6559 6560/6560 6561/6561
v 0.028001 0.162156 0.023510
v 0.025824 0.163954 0.022280
v 0.028001 0.164698 0.021770
vt 0.000000 0.000000
vt 1.000000 0.000000
vt 1.000000 1.000000
f 6562/6562 6563/6563 6564/6564
v 0.028001 0.161916 0.017703
v 0.030179 0.161171 0.018213
v 0.030179 0.163954 0.022280
v 0.028001 0.164698 0.021770
vt 0.250000 0.000000
vt 0.375000 0.000000
vt 0.375000 1.000000
vt 0.250000 1.000000
f 6565/6565 6566/6566 6567/6567 6568/6568
v 0.028001 0.159374 0.019442
v 0.030179 0.161171 0.018213
v 0.028001 0.161916 0.017703
vt 0.000000 0.000000
vt 1.000000 0.000000
vt 1.000000 1.000000
f 6569/6569 6570/6570 6571/6571
v 0.028001 0.162156 0.023510
v 0.028001 0.164698 0.021770
v 0.030179 0.163954 0.022280
vt 0.000000 0.000000
vt 1.000000 0.000000
vt 1.000000 1.000000
f 6572/6572 6573/6573 6574/6574
v 0.030179 0.161171 0.018213
v 0.031081 0.159374 0.019442
v 0.031081 0.162156 0.023510
v 0.030179 0.163954 0.022280
vt 0.375000 0.000000
vt 0.500000 0.000000
vt 0.500000 1.000000
vt 0.375000 1.000000
f 6575/6575 6576/6576 6577/6577 6578/6578
v 0.028001 0.159374 0.019442
v 0.031081 0.159374 0.019442
v 0.030179 0.161171 0.018213
vt 0.000000 0.000000
vt 1.000000 0.000000
vt 1.000000 1.000000
f 6579/6579 6580/6580 6581/6581
v 0.028001 0.162156 0.023510
v 0.030179 0.163954 0.022280
v 0.031081 0.162156 0.023510
vt 0.000000 0.000000
vt 1.000000 0.000000
vt 1.000000 1.000000
f 6582/6582 6583/6583 6584/6584
v 0.031081 0.159374 0.019442
v 0.030179 0.157576 0.020672
v 0.030179 0.160359 0.024739
v 0.031081 0.162156 0.023510
vt 0.500000 0.000000
vt 0.625000 0.000000
vt 0.625000 1.000000
vt 0.500000 1.000000
f 6585/6585 6586/6586 6587/6587 6588/6588
v 0.028001 0.159374 0.019442
v 0.030179 0.157576 0.020672
v 0.031081 0.159374 0.019442
vt 0.000000 0.000000
vt 1.000000 0.000000
vt 1.000000 1.000000
f 6589/6589 6590/6590 6591/6591
v 0.028001 0.162156 0.023510
v 0.031081 0.162156 0.023510
v 0.030179 0.160359 0.024739
vt 0.000000 0.000000
vt 1.000000 0.000000
vt 1.000000 1.000000
f 6592/6592 6593/6593 6594/6594
v 0.030179 0.157576 0.020672
v 0.028001 0.156832 0.021181
v 0.028001 0.159614 0.025249
v 0.030179 0.160359 0.024739
vt 0.625000 0.000000
vt 0.750000 0.000000
vt 0.750000 1.000000
vt 0.625000 1.000000
f 6595/6595 6596/6596 6597/6597 6598/6598
v 0.028001 0.159374 0.019442
v 0.028001 0.156832 0.021181
v 0.030179 0.157576 0.020672
vt 0.000000 0.000000
vt 1.000000 0.000000
vt 1.000000 1.000000
f 6599/6599 6600/6600 6601/6601
v 0.028001 0.162156 0.023510
v 0.030179 0.160359 0.024739
v 0.028001 0.159614 0.025249
vt 0.000000 0.000000
vt 1.000000 0.000000
vt 1.000000 1.000000
f 6602/6602 6603/6603 6604/6604
v 0.028001 0.156832 0.021181
v 0.025824 0.157576 0.020672
v 0.025824 0.160359 0.024739
v 0.028001 0.159614 0.025249
vt 0.750000 0.000000
vt 0.875000 0.000000
vt 0.875000 1.000000
vt 0.750000 1.000000
f 6605/6605 6606/6606 6607/6607 6608/6608
v 0.028001 0.159374 0.019442
v 0.025824 0.157576 0.020672
v 0.028001 0.156832 0.021181
vt 0.000000 0.000000
vt 1.000000 0.000000
vt 1.000000 1.000000
f 6609/6609 6610/6610 6611/6611
v 0.028001 0.162156 0.023510
v 0.028001 0.159614 0.025249
v 0.025824 0.160359 0.024739
vt 0.000000 0.000000
vt 1.000000 0.000000
vt 1.000000 1.000000
f 6612/6612 6613/6613 6614/6614
v 0.025824 0.157576 0.020672
v 0.024921 0.159374 0.019442
v 0.024921 0.162156 0.023510
v 0.025824 0.160359 0.024739
vt 0.875000 0.000000
vt 1.000000 0.000000
vt 1.000000 1.000000
vt 0.875000 1.000000
f 6615/6615 6616/6616 6617/6617 6618/6618
v 0.028001 0.159374 0.019442
v 0.024921 0.159374 0.019442
v 0.025824 0.157576 0.020672
vt 0.000000 0.000000
vt 1.000000 0.000000
vt 1.000000 1.000000
f 6619/6619 6620/6620 6621/6621
v 0.028001 0.162156 0.023510
v 0.025824 0.160359 0.024739
v 0.024921 0.162156 0.023510
vt 0.000000 0.000000
vt 1.000000 0.000000
vt 1.000000 1.000000
f 6622/6622 6623/6623 6624/6624
v -0.003080 0.149801 0.025991
v -0.002178 0.151599 0.024762
v -0.002178 0.154381 0.028829
v -0.003080 0.152584 0.030059
vt 0.000000 0.000000
vt 0.125000 0.000000
vt 0.125000 1.000000
vt 0.000000 1.000000
f 6625/6625 6626/6626 6627/6627 6628/6628
v 0.000000 0.149801 0.025991
v -0.002178 0.151599 0.024762
v -0.003080 0.149801 0.025991
vt 0.000000 0.000000
vt 1.000000 0.000000
vt 1.000000 1.000000
f 6629/6629 6630/6630 6631/6631
v 0.000000 0.152584 0.030059
v -0.003080 0.152584 0.030059
v -0.002178 0.154381 0.028829
vt 0.000000 0.000000
vt 1.000000 0.000000
vt 1.000000 1.000000
f 6632/6632 6633/6633 6634/6634
v -0.002178 0.151599 0.024762
v 0.000000 0.152343 0.024252
v 0.000000 0.155126 0.028319
v -0.002178 0.154381 0.028829
vt 0.125000 0.000000
vt 0.250000 0.000000
vt 0.250000 1.000000
vt 0.125000 1.000000
f 6635/6635 6636/6636 6637/6637 6638/6638
v 0.000000 0.149801 0.025991
v 0.000000 0.152343 0.024252
v -0.002178 0.151599 0.024762
vt 0.000000 0.000000
vt 1.000000 0.000000
vt 1.000000 1.000000
f 6639/6639 6640/6640 6641/6641
v 0.000000 0.152584 0.030059
v -0.002178 0.154381 0.028829
v 0.000000 0.155126 0.028319
vt 0.000000 0.000000
vt 1.000000 0.000000
vt 1.000000 1.000000
f 6642/6642 6643/6643 6644/6644
v 0.000000 0.152343 0.024252
v 0.002178 0.151599 0.024762
v 0.002178 0.154381 0.028829
v 0.000000 0.155126 0.028319
vt 0.250000 0.000000
vt 0.375000 0.000000
vt 0.375000 1.000000
vt 0.250000 1.000000
f 6645/6645 6646/6646 6647/6647 6648/6648
v 0.000000 0.149801 0.025991
v 0.002178 0.151599 0.024762
v 0.000000 0.152343 0.024252
vt 0.000000 0.000000
vt 1.000000 0.000000
vt 1.000000 1.000000
f 6649/6649 6650/6650 6651/6651
v 0.000000 0.152584 0.030059
v 0.000000 0.155126 0.028319
v 0.002178 0.154381 0.028829
vt 0.000000 0.000000
vt 1.000000 0.000000
vt 1.000000 1.000000
f 6652/6652 6653/6653 6654/6654
v 0.002178 0.151599 0.024762
v 0.003080 0.149801 0.025991
v 0.003080 0.152584 0.030059
v 0.002178 0.154381 0.028829
vt 0.375000 0.000000
vt 0.500000 0.000000
vt 0.500000 1.000000
vt 0.375000 1.000000
f 6655/6655 6656/6656 6657/6657 6658/6658
v 0.000000 0.149801 0.025991
v 0.003080 0.149801 0.025991
v 0.002178 0.151599 0.024762
vt 0.000000 0.000000
vt 1.000000 0.000000
vt 1.000000 1.000000
f 6659/6659 6660/6660 6661/6661
v 0.000000 0.152584 0.030059
v 0.002178 0.154381 0.028829
v 0.003080 0.152584 0.030059
vt 0.000000 0.000000
vt 1.000000 0.000000
vt 1.000000 1.000000
f 6662/6662 6663/6663 6664/6664
v 0.003080 0.149801 0.025991
v 0.002178 0.148004 0.027221
v 0.002178 0.150786 0.031288
v 0.003080 0.152584 0.030059
vt 0.500000 0.000000
vt 0.625000 0.000000
vt 0.625000 1.000000
vt 0.500000 1.000000
f 6665/6665 6666/6666 6667/6667 6668/6668
v 0.000000 0.149801 0.025991
v 0.002178 0.148004 0.027221
v 0.003080 0.149801 0.025991
vt 0.000000 0.000000
vt 1.000000 0.000000
vt 1.000000 1.000000
f 6669/6669 6670/6670 6671/6671
v 0.000000 0.152584 0.030059
v 0.003080 0.152584 0.030059
v 0.002178 0.150786 0.031288
vt 0.000000 0.000000
vt 1.000000 0.000000
vt 1.000000 1.000000
f 6672/6672 6673/6673 6674/6674
v 0.002178 0.148004 0.027221
v 0.000000 0.147259 0.027730
v 0.000000 0.150042 0.031798
v 0.002178 0.150786 0.031288
vt 0.625000 0.000000
vt 0.750000 0.000000
vt 0.750000 1.000000
vt 0.625000 1.000000
f 6675/6675 6676/6676 6677/6677 6678/6678
v 0.000000 0.149801 0.025991
v 0.000000 0.147259 0.027730
v 0.002178 0.148004 0.027221
vt 0.000000 0.000000
vt 1.000000 0.000000
vt 1.000000 1.000000
f 6679/6679 6680/6680 6681/6681
v 0.000000 0.152584 0.030059
v 0.002178 0.150786 0.031288
v 0.000000 0.150042 0.031798
vt 0.000000 0.000000
vt 1.000000 0.000000
vt 1.000000 1.000000
f 6682/6682 6683/6683 6684/6684
v 0.000000 0.147259 0.027730
v -0.002178 0.148004 0.027221
v -0.002178 0.150786 0.031288
v 0.000000 0.150042 0.031798
vt 0.750000 0.000000
vt 0.875000 0.000000
vt 0.875000 1.000000
vt 0.750000 1.000000
f 6685/6685 6686/6686 6687/6687 6688/6688
v 0.000000 0.149801 0.025991
v -0.002178 0.148004 0.027221
v 0.000000 0.147259 0.027730
vt 0.000000 0.000000
vt 1.000000 0.000000
vt 1.000000 1.000000
f 6689/6689 6690/6690 6691/6691
v 0.000000 0.152584 0.030059
v 0.000000 0.150042 0.031798
v -0.002178 0.150786 0.031288
vt 0.000000 0.000000
vt 1.000000 0.000000
vt 1.000000 1.000000
f 6692/6692 6693/6693 6694/6694
v -0.002178 0.148004 0.027221
v -0.003080 0.149801 0.025991
v -0.003080 0.152584 0.030059
v -0.002178 0.150786 0.031288
vt 0.875000 0.000000
vt 1.000000 0.000000
vt 1.000000 1.000000
vt 0.875000 1.000000
f 6695/6695 6696/6696 6697/6697 6698/6698
v 0.000000 0.149801 0.025991
v -0.003080 0.149801 0.025991
v -0.002178 0.148004 0.027221
vt 0.000000 0.000000
vt 1.000000 0.000000
vt 1.000000 1.000000
f 6699/6699 6700/6700 6701/6701
v 0.000000 0.152584 0.030059
v -0.002178 0.150786 0.031288
v -0.003080 0.152584 0.030059
vt 0.000000 0.000000
vt 1.000000 0.000000
vt 1.000000 1.000000
f 6702/6702 6703/6703 6704/6704
v -0.031081 0.159374 0.019442
v -0.030179 0.161171 0.018213
v -0.030179 0.163954 0.022280
v -0.031081 0.162156 0.023510
vt 0.000000 0.000000
vt 0.125000 0.000000
vt 0.125000 1.000000
vt 0.000000 1.000000
f 6705/6705 6706/6706 6707/6707 6708/6708
v -0.028001 0.159374 0.019442
v -0.030179 0.161171 0.018213
v -0.031081 0.159374 0.019442
vt 0.000000 0.000000
vt 1.000000 0.000000
vt 1.000000 1.000000
f 6709/6709 6710/6710 6711/6711
v -0.028001 0.162156 0.023510
v -0.031081 0.162156 0.023510
v -0.030179 0.163954 0.022280
vt 0.000000 0.000000
vt 1.000000 0.000000
vt 1.000000 1.000000
f 6712/6712 6713/6713 6714/6714
v -0.030179 0.161171 0.018213
v -0.028001 0.161916 0.017703
v -0.028001 0.164698 0.021770
v -0.030179 0.163954 0.022280
vt 0.125000 0.000000
vt 0.250000 0.000000
vt 0.250000 1.000000
vt 0.125000 1.000000
f 6715/6715 6716/6716 6717/6717 6718/6718
v -0.028001 0.159374 0.019442
v -0.028001 0.161916 0.017703
v -0.030179 0.161171 0.018213
vt 0.000000 0.000000
vt 1.000000 0.000000
vt 1.000000 1.000000
f 6719/6719 6720/6720 6721/6721
v -0.028001 0.162156 0.023510
v -0.030179 0.163954 0.022280
v -0.028001 0.164698 0.021770
vt 0.000000 0.000000
vt 1.000000 0.000000
vt 1.000000 1.000000
f 6722/6722 6723/6723 6724/6724
v -0.028001 0.161916 0.017703
v -0.025824 0.161171 0.018213
v -0.025824 0.163954 0.022280
v -0.028001 0.164698 0.021770
vt 0.250000 0.000000
vt 0.375000 0.000000
vt 0.375000 1.000000
vt 0.250000 1.000000
f 6725/6725 6726/6726 6727/6727 6728/6728
v -0.028001 0.159374 0.019442
v -0.025824 0.161171 0.018213
v -0.028001 0.161916 0.017703
vt 0.000000 0.000000
vt 1.000000 0.000000
vt 1.000000 1.000000
f 6729/6729 6730/6730 6731/6731
v -0.028001 0.162156 0.023510
v -0.028001 0.164698 0.021770
v -0.025824 0.163954 0.022280
vt 0.000000 0.000000
vt 1.000000 0.000000
vt 1.000000 1.000000
f 6732/6732 6733/6733 6734/6734
v -0.025824 0.161171 0.018213
v -0.024921 0.159374 0.019442
v -0.024921 0.162156 0.023510
v -0.025824 0.163954 0.022280
vt 0.375000 0.000000
vt 0.500000 0.000000
vt 0.500000 1.000000
vt 0.375000 1.000000
f 6735/6735 6736/6736 6737/6737 6738/6738
v -0.028001 0.159374 0.019442
v -0.024921 0.159374 0.019442
v -0.025824 0.161171 0.018213
vt 0.000000 0.000000
vt 1.000000 0.000000
vt 1.000000 1.000000
f 6739/6739 6740/6740 6741/6741
v -0.028001 0.162156 0.023510
v -0.025824 0.163954 0.022280
v -0.024921 0.162156 0.023510
vt 0.000000 0.000000
vt 1.000000 0.000000
vt 1.000000 1.000000
f 6742/6742 6743/6743 6744/6744
v -0.024921 0.159374 0.019442
v -0.025824 0.157576 0.020672
v -0.025824 0.160359 0.024739
v -0.024921 0.162156 0.023510
vt 0.500000 0.000000
vt 0.625000 0.000000
vt 0.625000 1.000000
vt 0.500000 1.000000
f 6745/6745 6746/6746 6747/6747 6748/6748
v -0.028001 0.159374 0.019442
v -0.025824 0.157576 0.020672
v -0.024921 0.159374 0.019442
vt 0.000000 0.000000
vt 1.000000 0.000000
vt 1.000000 1.000000
f 6749/6749 6750/6750 6751/6751
v -0.028001 0.162156 0.023510
v -0.024921 0.162156 0.023510
v -0.025824 0.160359 0.024739
vt 0.000000 0.000000
vt 1.000000 0.000000
vt 1.000000 1.000000
f 6752/6752 6753/6753 6754/6754
v -0.025824 0.157576 0.020672
v -0.028001 0.156832 0.021181
v -0.028001 0.159614 0.025249
v -0.025824 0.160359 0.024739
vt 0.625000 0.000000
vt 0.750000 0.000000
vt 0.750000 1.000000
vt 0.625000 1.000000
f 6755/6755 6756/6756 6757/6757 6758/6758
v -0.028001 0.159374 0.019442
v -0.028001 0.156832 0.021181
v -0.025824 0.157576 0.020672
vt 0.000000 0.000000
vt 1.000000 0.000000
vt 1.000000 1.000000
f 6759/6759 6760/6760 6761/6761
v -0.028001 0.162156 0.023510
v -0.025824 0.160359 0.024739
v -0.028001 0.159614 0.025249
vt 0.000000 0.000000
vt 1.000000 0.000000
vt 1.000000 1.000000
f 6762/6762 6763/6763 6764/6764
v -0.028001 0.156832 0.021181
v -0.030179 0.157576 0.020672
v -0.030179 0.160359 0.024739
v -0.028001 0.159614 0.025249
vt 0.750000 0.000000
vt 0.875000 0.000000
vt 0.875000 1.000000
vt 0.750000 1.000000
f 6765/6765 6766/6766 6767/6767 6768/6768
v -0.028001 0.159374 0.019442
v -0.030179 0.157576 0.020672
v -0.028001 0.156832 0.021181
vt 0.000000 0.000000
vt 1.000000 0.000000
vt 1.000000 1.000000
f 6769/6769 6770/6770 6771/6771
v -0.028001 0.162156 0.023510
v -0.028001 0.159614 0.025249
v -0.030179 0.160359 0.024739
vt 0.000000 0.000000
vt 1.000000 0.000000
vt 1.000000 1.000000
f 6772/6772 6773/6773 6774/6774
v -0.030179 0.157576 0.020672
v -0.031081 0.159374 0.019442
v -0.031081 0.162156 0.023510
v -0.030179 0.160359 0.024739
vt 0.875000 0.000000
vt 1.000000 0.000000
vt 1.000000 1.000000
vt 0.875000 1.000000
f 6775/6775 6776/6776 6777/6777 6778/6778
v -0.028001 0.159374 0.019442
v -0.031081 0.159374 0.019442
v -0.030179 0.157576 0.020672
vt 0.000000 0.000000
vt 1.000000 0.000000
vt 1.000000 1.000000
f 6779/6779 6780/6780 6781/6781
v -0.028001 0.162156 0.023510
v -0.030179 0.160359 0.024739
v -0.031081 0.162156 0.023510
vt 0.000000 0.000000
vt 1.000000 0.000000
vt 1.000000 1.000000
f 6782/6782 6783/6783 6784/6784
