mtllib icbm.mtl
o icbm
s 1
usemtl dark
v 0.000000 -2.622000 -1.120000
v 0.289877 -2.622000 -1.081837
v 0.202914 -2.394000 -0.757286
v 0.000000 -2.394000 -0.784000
vt 0.000000 0.000000
vt 0.041667 0.000000
vt 0.041667 1.000000
vt 0.000000 1.000000
f 1/1 2/2 3/3 4/4
v 0.000000 -2.622000 0.000000
v 0.289877 -2.622000 -1.081837
v 0.000000 -2.622000 -1.120000
vt 0.000000 0.000000
vt 1.000000 0.000000
vt 1.000000 1.000000
f 5/5 6/6 7/7
v 0.000000 -2.394000 0.000000
v 0.000000 -2.394000 -0.784000
v 0.202914 -2.394000 -0.757286
vt 0.000000 0.000000
vt 1.000000 0.000000
vt 1.000000 1.000000
f 8/8 9/9 10/10
v 0.289877 -2.622000 -1.081837
v 0.560000 -2.622000 -0.969948
v 0.392000 -2.394000 -0.678964
v 0.202914 -2.394000 -0.757286
vt 0.041667 0.000000
vt 0.083333 0.000000
vt 0.083333 1.000000
vt 0.041667 1.000000
f 11/11 12/12 13/13 14/14
v 0.000000 -2.622000 0.000000
v 0.560000 -2.622000 -0.969948
v 0.289877 -2.622000 -1.081837
vt 0.000000 0.000000
vt 1.000000 0.000000
vt 1.000000 1.000000
f 15/15 16/16 17/17
v 0.000000 -2.394000 0.000000
v 0.202914 -2.394000 -0.757286
v 0.392000 -2.394000 -0.678964
vt 0.000000 0.000000
vt 1.000000 0.000000
vt 1.000000 1.000000
f 18/18 19/19 20/20
v 0.560000 -2.622000 -0.969948
v 0.791960 -2.622000 -0.791960
v 0.554372 -2.394000 -0.554372
v 0.392000 -2.394000 -0.678964
vt 0.083333 0.000000
vt 0.125000 0.000000
vt 0.125000 1.000000
vt 0.083333 1.000000
f 21/21 22/22 23/23 24/24
v 0.000000 -2.622000 0.000000
v 0.791960 -2.622000 -0.791960
v 0.560000 -2.622000 -0.969948
vt 0.000000 0.000000
vt 1.000000 0.000000
vt 1.000000 1.000000
f 25/25 26/26 27/27
v 0.000000 -2.394000 0.000000
v 0.392000 -2.394000 -0.678964
v 0.554372 -2.394000 -0.554372
vt 0.000000 0.000000
vt 1.000000 0.000000
vt 1.000000 1.000000
f 28/28 29/29 30/30
v 0.791960 -2.622000 -0.791960
v 0.969948 -2.622000 -0.560000
v 0.678964 -2.394000 -0.392000
v 0.554372 -2.394000 -0.554372
vt 0.125000 0.000000
vt 0.166667 0.000000
vt 0.166667 1.000000
vt 0.125000 1.000000
f 31/31 32/32 33/33 34/34
v 0.000000 -2.622000 0.000000
v 0.969948 -2.622000 -0.560000
v 0.791960 -2.622000 -0.791960
vt 0.000000 0.000000
vt 1.000000 0.000000
vt 1.000000 1.000000
f 35/35 36/36 37/37
v 0.000000 -2.394000 0.000000
v 0.554372 -2.394000 -0.554372
v 0.678964 -2.394000 -0.392000
vt 0.000000 0.000000
vt 1.000000 0.000000
vt 1.000000 1.000000
f 38/38 39/39 40/40
v 0.969948 -2.622000 -0.560000
v 1.081837 -2.622000 -0.289877
v 0.757286 -2.394000 -0.202914
v 0.678964 -2.394000 -0.392000
vt 0.166667 0.000000
vt 0.208333 0.000000
vt 0.208333 1.000000
vt 0.166667 1.000000
f 41/41 42/42 43/43 44/44
v 0.000000 -2.622000 0.000000
v 1.081837 -2.622000 -0.289877
v 0.969948 -2.622000 -0.560000
vt 0.000000 0.000000
vt 1.000000 0.000000
vt 1.000000 1.000000
f 45/45 46/46 47/47
v 0.000000 -2.394000 0.000000
v 0.678964 -2.394000 -0.392000
v 0.757286 -2.394000 -0.202914
vt 0.000000 0.000000
vt 1.000000 0.000000
vt 1.000000 1.000000
f 48/48 49/49 50/50
v 1.081837 -2.622000 -0.289877
v 1.120000 -2.622000 -0.000000
v 0.784000 -2.394000 -0.000000
v 0.757286 -2.394000 -0.202914
vt 0.208333 0.000000
vt 0.250000 0.000000
vt 0.250000 1.000000
vt 0.208333 1.000000
f 51/51 52/52 53/53 54/54
v 0.000000 -2.622000 0.000000
v 1.120000 -2.622000 -0.000000
v 1.081837 -2.622000 -0.289877
vt 0.000000 0.000000
vt 1.000000 0.000000
vt 1.000000 1.000000
f 55/55 56/56 57/57
v 0.000000 -2.394000 0.000000
v 0.757286 -2.394000 -0.202914
v 0.784000 -2.394000 -0.000000
vt 0.000000 0.000000
vt 1.000000 0.000000
vt 1.000000 1.000000
f 58/58 59/59 60/60
v 1.120000 -2.622000 -0.000000
v 1.081837 -2.622000 0.289877
v 0.757286 -2.394000 0.202914
v 0.784000 -2.394000 -0.000000
vt 0.250000 0.000000
vt 0.291667 0.000000
vt 0.291667 1.000000
vt 0.250000 1.000000
f 61/61 62/62 63/63 64/64
v 0.000000 -2.622000 0.000000
v 1.081837 -2.622000 0.289877
v 1.120000 -2.622000 -0.000000
vt 0.000000 0.000000
vt 1.000000 0.000000
vt 1.000000 1.000000
f 65/65 66/66 67/67
v 0.000000 -2.394000 0.000000
v 0.784000 -2.394000 -0.000000
v 0.757286 -2.394000 0.202914
vt 0.000000 0.000000
vt 1.000000 0.000000
vt 1.000000 1.000000
f 68/68 69/69 70/70
v 1.081837 -2.622000 0.289877
v 0.969948 -2.622000 0.560000
v 0.678964 -2.394000 0.392000
v 0.757286 -2.394000 0.202914
vt 0.291667 0.000000
vt 0.333333 0.000000
vt 0.333333 1.000000
vt 0.291667 1.000000
f 71/71 72/72 73/73 74/74
v 0.000000 -2.622000 0.000000
v 0.969948 -2.622000 0.560000
v 1.081837 -2.622000 0.289877
vt 0.000000 0.000000
vt 1.000000 0.000000
vt 1.000000 1.000000
f 75/75 76/76 77/77
v 0.000000 -2.394000 0.000000
v 0.757286 -2.394000 0.202914
v 0.678964 -2.394000 0.392000
vt 0.000000 0.000000
vt 1.000000 0.000000
vt 1.000000 1.000000
f 78/78 79/79 80/80
v 0.969948 -2.622000 0.560000
v 0.791960 -2.622000 0.791960
v 0.554372 -2.394000 0.554372
v 0.678964 -2.394000 0.392000
vt 0.333333 0.000000
vt 0.375000 0.000000
vt 0.375000 1.000000
vt 0.333333 1.000000
f 81/81 82/82 83/83 84/84
v 0.000000 -2.622000 0.000000
v 0.791960 -2.622000 0.791960
v 0.969948 -2.622000 0.560000
vt 0.000000 0.000000
vt 1.000000 0.000000
vt 1.000000 1.000000
f 85/85 86/86 87/87
v 0.000000 -2.394000 0.000000
v 0.678964 -2.394000 0.392000
v 0.554372 -2.394000 0.554372
vt 0.000000 0.000000
vt 1.000000 0.000000
vt 1.000000 1.000000
f 88/88 89/89 90/90
v 0.791960 -2.622000 0.791960
v 0.560000 -2.622000 0.969948
v 0.392000 -2.394000 0.678964
v 0.554372 -2.394000 0.554372
vt 0.375000 0.000000
vt 0.416667 0.000000
vt 0.416667 1.000000
vt 0.375000 1.000000
f 91/91 92/92 93/93 94/94
v 0.000000 -2.622000 0.000000
v 0.560000 -2.622000 0.969948
v 0.791960 -2.622000 0.791960
vt 0.000000 0.000000
vt 1.000000 0.000000
vt 1.000000 1.000000
f 95/95 96/96 97/97
v 0.000000 -2.394000 0.000000
v 0.554372 -2.394000 0.554372
v 0.392000 -2.394000 0.678964
vt 0.000000 0.000000
vt 1.000000 0.000000
vt 1.000000 1.000000
f 98/98 99/99 100/100
v 0.560000 -2.622000 0.969948
v 0.289877 -2.622000 1.081837
v 0.202914 -2.394000 0.757286
v 0.392000 -2.394000 0.678964
vt 0.416667 0.000000
vt 0.458333 0.000000
vt 0.458333 1.000000
vt 0.416667 1.000000
f 101/101 102/102 103/103 104/104
v 0.000000 -2.622000 0.000000
v 0.289877 -2.622000 1.081837
v 0.560000 -2.622000 0.969948
vt 0.000000 0.000000
vt 1.000000 0.000000
vt 1.000000 1.000000
f 105/105 106/106 107/107
v 0.000000 -2.394000 0.000000
v 0.392000 -2.394000 0.678964
v 0.202914 -2.394000 0.757286
vt 0.000000 0.000000
vt 1.000000 0.000000
vt 1.000000 1.000000
f 108/108 109/109 110/110
v 0.289877 -2.622000 1.081837
v 0.000000 -2.622000 1.120000
v 0.000000 -2.394000 0.784000
v 0.202914 -2.394000 0.757286
vt 0.458333 0.000000
vt 0.500000 0.000000
vt 0.500000 1.000000
vt 0.458333 1.000000
f 111/111 112/112 113/113 114/114
v 0.000000 -2.622000 0.000000
v 0.000000 -2.622000 1.120000
v 0.289877 -2.622000 1.081837
vt 0.000000 0.000000
vt 1.000000 0.000000
vt 1.000000 1.000000
f 115/115 116/116 117/117
v 0.000000 -2.394000 0.000000
v 0.202914 -2.394000 0.757286
v 0.000000 -2.394000 0.784000
vt 0.000000 0.000000
vt 1.000000 0.000000
vt 1.000000 1.000000
f 118/118 119/119 120/120
v 0.000000 -2.622000 1.120000
v -0.289877 -2.622000 1.081837
v -0.202914 -2.394000 0.757286
v 0.000000 -2.394000 0.784000
vt 0.500000 0.000000
vt 0.541667 0.000000
vt 0.541667 1.000000
vt 0.500000 1.000000
f 121/121 122/122 123/123 124/124
v 0.000000 -2.622000 0.000000
v -0.289877 -2.622000 1.081837
v 0.000000 -2.622000 1.120000
vt 0.000000 0.000000
vt 1.000000 0.000000
vt 1.000000 1.000000
f 125/125 126/126 127/127
v 0.000000 -2.394000 0.000000
v 0.000000 -2.394000 0.784000
v -0.202914 -2.394000 0.757286
vt 0.000000 0.000000
vt 1.000000 0.000000
vt 1.000000 1.000000
f 128/128 129/129 130/130
v -0.289877 -2.622000 1.081837
v -0.560000 -2.622000 0.969948
v -0.392000 -2.394000 0.678964
v -0.202914 -2.394000 0.757286
vt 0.541667 0.000000
vt 0.583333 0.000000
vt 0.583333 1.000000
vt 0.541667 1.000000
f 131/131 132/132 133/133 134/134
v 0.000000 -2.622000 0.000000
v -0.560000 -2.622000 0.969948
v -0.289877 -2.622000 1.081837
vt 0.000000 0.000000
vt 1.000000 0.000000
vt 1.000000 1.000000
f 135/135 136/136 137/137
v 0.000000 -2.394000 0.000000
v -0.202914 -2.394000 0.757286
v -0.392000 -2.394000 0.678964
vt 0.000000 0.000000
vt 1.000000 0.000000
vt 1.000000 1.000000
f 138/138 139/139 140/140
v -0.560000 -2.622000 0.969948
v -0.791960 -2.622000 0.791960
v -0.554372 -2.394000 0.554372
v -0.392000 -2.394000 0.678964
vt 0.583333 0.000000
vt 0.625000 0.000000
vt 0.625000 1.000000
vt 0.583333 1.000000
f 141/141 142/142 143/143 144/144
v 0.000000 -2.622000 0.000000
v -0.791960 -2.622000 0.791960
v -0.560000 -2.622000 0.969948
vt 0.000000 0.000000
vt 1.000000 0.000000
vt 1.000000 1.000000
f 145/145 146/146 147/147
v 0.000000 -2.394000 0.000000
v -0.392000 -2.394000 0.678964
v -0.554372 -2.394000 0.554372
vt 0.000000 0.000000
vt 1.000000 0.000000
vt 1.000000 1.000000
f 148/148 149/149 150/150
v -0.791960 -2.622000 0.791960
v -0.969948 -2.622000 0.560000
v -0.678964 -2.394000 0.392000
v -0.554372 -2.394000 0.554372
vt 0.625000 0.000000
vt 0.666667 0.000000
vt 0.666667 1.000000
vt 0.625000 1.000000
f 151/151 152/152 153/153 154/154
v 0.000000 -2.622000 0.000000
v -0.969948 -2.622000 0.560000
v -0.791960 -2.622000 0.791960
vt 0.000000 0.000000
vt 1.000000 0.000000
vt 1.000000 1.000000
f 155/155 156/156 157/157
v 0.000000 -2.394000 0.000000
v -0.554372 -2.394000 0.554372
v -0.678964 -2.394000 0.392000
vt 0.000000 0.000000
vt 1.000000 0.000000
vt 1.000000 1.000000
f 158/158 159/159 160/160
v -0.969948 -2.622000 0.560000
v -1.081837 -2.622000 0.289877
v -0.757286 -2.394000 0.202914
v -0.678964 -2.394000 0.392000
vt 0.666667 0.000000
vt 0.708333 0.000000
vt 0.708333 1.000000
vt 0.666667 1.000000
f 161/161 162/162 163/163 164/164
v 0.000000 -2.622000 0.000000
v -1.081837 -2.622000 0.289877
v -0.969948 -2.622000 0.560000
vt 0.000000 0.000000
vt 1.000000 0.000000
vt 1.000000 1.000000
f 165/165 166/166 167/167
v 0.000000 -2.394000 0.000000
v -0.678964 -2.394000 0.392000
v -0.757286 -2.394000 0.202914
vt 0.000000 0.000000
vt 1.000000 0.000000
vt 1.000000 1.000000
f 168/168 169/169 170/170
v -1.081837 -2.622000 0.289877
v -1.120000 -2.622000 0.000000
v -0.784000 -2.394000 0.000000
v -0.757286 -2.394000 0.202914
vt 0.708333 0.000000
vt 0.750000 0.000000
vt 0.750000 1.000000
vt 0.708333 1.000000
f 171/171 172/172 173/173 174/174
v 0.000000 -2.622000 0.000000
v -1.120000 -2.622000 0.000000
v -1.081837 -2.622000 0.289877
vt 0.000000 0.000000
vt 1.000000 0.000000
vt 1.000000 1.000000
f 175/175 176/176 177/177
v 0.000000 -2.394000 0.000000
v -0.757286 -2.394000 0.202914
v -0.784000 -2.394000 0.000000
vt 0.000000 0.000000
vt 1.000000 0.000000
vt 1.000000 1.000000
f 178/178 179/179 180/180
v -1.120000 -2.622000 0.000000
v -1.081837 -2.622000 -0.289877
v -0.757286 -2.394000 -0.202914
v -0.784000 -2.394000 0.000000
vt 0.750000 0.000000
vt 0.791667 0.000000
vt 0.791667 1.000000
vt 0.750000 1.000000
f 181/181 182/182 183/183 184/184
v 0.000000 -2.622000 0.000000
v -1.081837 -2.622000 -0.289877
v -1.120000 -2.622000 0.000000
vt 0.000000 0.000000
vt 1.000000 0.000000
vt 1.000000 1.000000
f 185/185 186/186 187/187
v 0.000000 -2.394000 0.000000
v -0.784000 -2.394000 0.000000
v -0.757286 -2.394000 -0.202914
vt 0.000000 0.000000
vt 1.000000 0.000000
vt 1.000000 1.000000
f 188/188 189/189 190/190
v -1.081837 -2.622000 -0.289877
v -0.969948 -2.622000 -0.560000
v -0.678964 -2.394000 -0.392000
v -0.757286 -2.394000 -0.202914
vt 0.791667 0.000000
vt 0.833333 0.000000
vt 0.833333 1.000000
vt 0.791667 1.000000
f 191/191 192/192 193/193 194/194
v 0.000000 -2.622000 0.000000
v -0.969948 -2.622000 -0.560000
v -1.081837 -2.622000 -0.289877
vt 0.000000 0.000000
vt 1.000000 0.000000
vt 1.000000 1.000000
f 195/195 196/196 197/197
v 0.000000 -2.394000 0.000000
v -0.757286 -2.394000 -0.202914
v -0.678964 -2.394000 -0.392000
vt 0.000000 0.000000
vt 1.000000 0.000000
vt 1.000000 1.000000
f 198/198 199/199 200/200
v -0.969948 -2.622000 -0.560000
v -0.791960 -2.622000 -0.791960
v -0.554372 -2.394000 -0.554372
v -0.678964 -2.394000 -0.392000
vt 0.833333 0.000000
vt 0.875000 0.000000
vt 0.875000 1.000000
vt 0.833333 1.000000
f 201/201 202/202 203/203 204/204
v 0.000000 -2.622000 0.000000
v -0.791960 -2.622000 -0.791960
v -0.969948 -2.622000 -0.560000
vt 0.000000 0.000000
vt 1.000000 0.000000
vt 1.000000 1.000000
f 205/205 206/206 207/207
v 0.000000 -2.394000 0.000000
v -0.678964 -2.394000 -0.392000
v -0.554372 -2.394000 -0.554372
vt 0.000000 0.000000
vt 1.000000 0.000000
vt 1.000000 1.000000
f 208/208 209/209 210/210
v -0.791960 -2.622000 -0.791960
v -0.560000 -2.622000 -0.969948
v -0.392000 -2.394000 -0.678964
v -0.554372 -2.394000 -0.554372
vt 0.875000 0.000000
vt 0.916667 0.000000
vt 0.916667 1.000000
vt 0.875000 1.000000
f 211/211 212/212 213/213 214/214
v 0.000000 -2.622000 0.000000
v -0.560000 -2.622000 -0.969948
v -0.791960 -2.622000 -0.791960
vt 0.000000 0.000000
vt 1.000000 0.000000
vt 1.000000 1.000000
f 215/215 216/216 217/217
v 0.000000 -2.394000 0.000000
v -0.554372 -2.394000 -0.554372
v -0.392000 -2.394000 -0.678964
vt 0.000000 0.000000
vt 1.000000 0.000000
vt 1.000000 1.000000
f 218/218 219/219 220/220
v -0.560000 -2.622000 -0.969948
v -0.289877 -2.622000 -1.081837
v -0.202914 -2.394000 -0.757286
v -0.392000 -2.394000 -0.678964
vt 0.916667 0.000000
vt 0.958333 0.000000
vt 0.958333 1.000000
vt 0.916667 1.000000
f 221/221 222/222 223/223 224/224
v 0.000000 -2.622000 0.000000
v -0.289877 -2.622000 -1.081837
v -0.560000 -2.622000 -0.969948
vt 0.000000 0.000000
vt 1.000000 0.000000
vt 1.000000 1.000000
f 225/225 226/226 227/227
v 0.000000 -2.394000 0.000000
v -0.392000 -2.394000 -0.678964
v -0.202914 -2.394000 -0.757286
vt 0.000000 0.000000
vt 1.000000 0.000000
vt 1.000000 1.000000
f 228/228 229/229 230/230
v -0.289877 -2.622000 -1.081837
v -0.000000 -2.622000 -1.120000
v -0.000000 -2.394000 -0.784000
v -0.202914 -2.394000 -0.757286
vt 0.958333 0.000000
vt 1.000000 0.000000
vt 1.000000 1.000000
vt 0.958333 1.000000
f 231/231 232/232 233/233 234/234
v 0.000000 -2.622000 0.000000
v -0.000000 -2.622000 -1.120000
v -0.289877 -2.622000 -1.081837
vt 0.000000 0.000000
vt 1.000000 0.000000
vt 1.000000 1.000000
f 235/235 236/236 237/237
v 0.000000 -2.394000 0.000000
v -0.202914 -2.394000 -0.757286
v -0.000000 -2.394000 -0.784000
vt 0.000000 0.000000
vt 1.000000 0.000000
vt 1.000000 1.000000
f 238/238 239/239 240/240
usemtl accent
v 0.000000 -2.394000 0.616000
v 0.190354 -2.394000 0.585851
v 0.003461 -2.622000 0.010652
v 0.000000 -2.622000 0.011200
vt 0.000000 0.000000
vt 0.050000 0.000000
vt 0.050000 1.000000
vt 0.000000 1.000000
f 241/241 242/242 243/243 244/244
v 0.000000 -2.394000 0.000000
v 0.190354 -2.394000 0.585851
v 0.000000 -2.394000 0.616000
vt 0.000000 0.000000
vt 1.000000 0.000000
vt 1.000000 1.000000
f 245/245 246/246 247/247
v 0.000000 -2.622000 0.000000
v 0.000000 -2.622000 0.011200
v 0.003461 -2.622000 0.010652
vt 0.000000 0.000000
vt 1.000000 0.000000
vt 1.000000 1.000000
f 248/248 249/249 250/250
v 0.190354 -2.394000 0.585851
v 0.362076 -2.394000 0.498354
v 0.006583 -2.622000 0.009061
v 0.003461 -2.622000 0.010652
vt 0.050000 0.000000
vt 0.100000 0.000000
vt 0.100000 1.000000
vt 0.050000 1.000000
f 251/251 252/252 253/253 254/254
v 0.000000 -2.394000 0.000000
v 0.362076 -2.394000 0.498354
v 0.190354 -2.394000 0.585851
vt 0.000000 0.000000
vt 1.000000 0.000000
vt 1.000000 1.000000
f 255/255 256/256 257/257
v 0.000000 -2.622000 0.000000
v 0.003461 -2.622000 0.010652
v 0.006583 -2.622000 0.009061
vt 0.000000 0.000000
vt 1.000000 0.000000
vt 1.000000 1.000000
f 258/258 259/259 260/260
v 0.362076 -2.394000 0.498354
v 0.498354 -2.394000 0.362076
v 0.009061 -2.622000 0.006583
v 0.006583 -2.622000 0.009061
vt 0.100000 0.000000
vt 0.150000 0.000000
vt 0.150000 1.000000
vt 0.100000 1.000000
f 261/261 262/262 263/263 264/264
v 0.000000 -2.394000 0.000000
v 0.498354 -2.394000 0.362076
v 0.362076 -2.394000 0.498354
vt 0.000000 0.000000
vt 1.000000 0.000000
vt 1.000000 1.000000
f 265/265 266/266 267/267
v 0.000000 -2.622000 0.000000
v 0.006583 -2.622000 0.009061
v 0.009061 -2.622000 0.006583
vt 0.000000 0.000000
vt 1.000000 0.000000
vt 1.000000 1.000000
f 268/268 269/269 270/270
v 0.498354 -2.394000 0.362076
v 0.585851 -2.394000 0.190354
v 0.010652 -2.622000 0.003461
v 0.009061 -2.622000 0.006583
vt 0.150000 0.000000
vt 0.200000 0.000000
vt 0.200000 1.000000
vt 0.150000 1.000000
f 271/271 272/272 273/273 274/274
v 0.000000 -2.394000 0.000000
v 0.585851 -2.394000 0.190354
v 0.498354 -2.394000 0.362076
vt 0.000000 0.000000
vt 1.000000 0.000000
vt 1.000000 1.000000
f 275/275 276/276 277/277
v 0.000000 -2.622000 0.000000
v 0.009061 -2.622000 0.006583
v 0.010652 -2.622000 0.003461
vt 0.000000 0.000000
vt 1.000000 0.000000
vt 1.000000 1.000000
f 278/278 279/279 280/280
v 0.585851 -2.394000 0.190354
v 0.616000 -2.394000 0.000000
v 0.011200 -2.622000 0.000000
v 0.010652 -2.622000 0.003461
vt 0.200000 0.000000
vt 0.250000 0.000000
vt 0.250000 1.000000
vt 0.200000 1.000000
f 281/281 282/282 283/283 284/284
v 0.000000 -2.394000 0.000000
v 0.616000 -2.394000 0.000000
v 0.585851 -2.394000 0.190354
vt 0.000000 0.000000
vt 1.000000 0.000000
vt 1.000000 1.000000
f 285/285 286/286 287/287
v 0.000000 -2.622000 0.000000
v 0.010652 -2.622000 0.003461
v 0.011200 -2.622000 0.000000
vt 0.000000 0.000000
vt 1.000000 0.000000
vt 1.000000 1.000000
f 288/288 289/289 290/290
v 0.616000 -2.394000 0.000000
v 0.585851 -2.394000 -0.190354
v 0.010652 -2.622000 -0.003461
v 0.011200 -2.622000 0.000000
vt 0.250000 0.000000
vt 0.300000 0.000000
vt 0.300000 1.000000
vt 0.250000 1.000000
f 291/291 292/292 293/293 294/294
v 0.000000 -2.394000 0.000000
v 0.585851 -2.394000 -0.190354
v 0.616000 -2.394000 0.000000
vt 0.000000 0.000000
vt 1.000000 0.000000
vt 1.000000 1.000000
f 295/295 296/296 297/297
v 0.000000 -2.622000 0.000000
v 0.011200 -2.622000 0.000000
v 0.010652 -2.622000 -0.003461
vt 0.000000 0.000000
vt 1.000000 0.000000
vt 1.000000 1.000000
f 298/298 299/299 300/300
v 0.585851 -2.394000 -0.190354
v 0.498354 -2.394000 -0.362076
v 0.009061 -2.622000 -0.006583
v 0.010652 -2.622000 -0.003461
vt 0.300000 0.000000
vt 0.350000 0.000000
vt 0.350000 1.000000
vt 0.300000 1.000000
f 301/301 302/302 303/303 304/304
v 0.000000 -2.394000 0.000000
v 0.498354 -2.394000 -0.362076
v 0.585851 -2.394000 -0.190354
vt 0.000000 0.000000
vt 1.000000 0.000000
vt 1.000000 1.000000
f 305/305 306/306 307/307
v 0.000000 -2.622000 0.000000
v 0.010652 -2.622000 -0.003461
v 0.009061 -2.622000 -0.006583
vt 0.000000 0.000000
vt 1.000000 0.000000
vt 1.000000 1.000000
f 308/308 309/309 310/310
v 0.498354 -2.394000 -0.362076
v 0.362076 -2.394000 -0.498354
v 0.006583 -2.622000 -0.009061
v 0.009061 -2.622000 -0.006583
vt 0.350000 0.000000
vt 0.400000 0.000000
vt 0.400000 1.000000
vt 0.350000 1.000000
f 311/311 312/312 313/313 314/314
v 0.000000 -2.394000 0.000000
v 0.362076 -2.394000 -0.498354
v 0.498354 -2.394000 -0.362076
vt 0.000000 0.000000
vt 1.000000 0.000000
vt 1.000000 1.000000
f 315/315 316/316 317/317
v 0.000000 -2.622000 0.000000
v 0.009061 -2.622000 -0.006583
v 0.006583 -2.622000 -0.009061
vt 0.000000 0.000000
vt 1.000000 0.000000
vt 1.000000 1.000000
f 318/318 319/319 320/320
v 0.362076 -2.394000 -0.498354
v 0.190354 -2.394000 -0.585851
v 0.003461 -2.622000 -0.010652
v 0.006583 -2.622000 -0.009061
vt 0.400000 0.000000
vt 0.450000 0.000000
vt 0.450000 1.000000
vt 0.400000 1.000000
f 321/321 322/322 323/323 324/324
v 0.000000 -2.394000 0.000000
v 0.190354 -2.394000 -0.585851
v 0.362076 -2.394000 -0.498354
vt 0.000000 0.000000
vt 1.000000 0.000000
vt 1.000000 1.000000
f 325/325 326/326 327/327
v 0.000000 -2.622000 0.000000
v 0.006583 -2.622000 -0.009061
v 0.003461 -2.622000 -0.010652
vt 0.000000 0.000000
vt 1.000000 0.000000
vt 1.000000 1.000000
f 328/328 329/329 330/330
v 0.190354 -2.394000 -0.585851
v 0.000000 -2.394000 -0.616000
v 0.000000 -2.622000 -0.011200
v 0.003461 -2.622000 -0.010652
vt 0.450000 0.000000
vt 0.500000 0.000000
vt 0.500000 1.000000
vt 0.450000 1.000000
f 331/331 332/332 333/333 334/334
v 0.000000 -2.394000 0.000000
v 0.000000 -2.394000 -0.616000
v 0.190354 -2.394000 -0.585851
vt 0.000000 0.000000
vt 1.000000 0.000000
vt 1.000000 1.000000
f 335/335 336/336 337/337
v 0.000000 -2.622000 0.000000
v 0.003461 -2.622000 -0.010652
v 0.000000 -2.622000 -0.011200
vt 0.000000 0.000000
vt 1.000000 0.000000
vt 1.000000 1.000000
f 338/338 339/339 340/340
v 0.000000 -2.394000 -0.616000
v -0.190354 -2.394000 -0.585851
v -0.003461 -2.622000 -0.010652
v 0.000000 -2.622000 -0.011200
vt 0.500000 0.000000
vt 0.550000 0.000000
vt 0.550000 1.000000
vt 0.500000 1.000000
f 341/341 342/342 343/343 344/344
v 0.000000 -2.394000 0.000000
v -0.190354 -2.394000 -0.585851
v 0.000000 -2.394000 -0.616000
vt 0.000000 0.000000
vt 1.000000 0.000000
vt 1.000000 1.000000
f 345/345 346/346 347/347
v 0.000000 -2.622000 0.000000
v 0.000000 -2.622000 -0.011200
v -0.003461 -2.622000 -0.010652
vt 0.000000 0.000000
vt 1.000000 0.000000
vt 1.000000 1.000000
f 348/348 349/349 350/350
v -0.190354 -2.394000 -0.585851
v -0.362076 -2.394000 -0.498354
v -0.006583 -2.622000 -0.009061
v -0.003461 -2.622000 -0.010652
vt 0.550000 0.000000
vt 0.600000 0.000000
vt 0.600000 1.000000
vt 0.550000 1.000000
f 351/351 352/352 353/353 354/354
v 0.000000 -2.394000 0.000000
v -0.362076 -2.394000 -0.498354
v -0.190354 -2.394000 -0.585851
vt 0.000000 0.000000
vt 1.000000 0.000000
vt 1.000000 1.000000
f 355/355 356/356 357/357
v 0.000000 -2.622000 0.000000
v -0.003461 -2.622000 -0.010652
v -0.006583 -2.622000 -0.009061
vt 0.000000 0.000000
vt 1.000000 0.000000
vt 1.000000 1.000000
f 358/358 359/359 360/360
v -0.362076 -2.394000 -0.498354
v -0.498354 -2.394000 -0.362076
v -0.009061 -2.622000 -0.006583
v -0.006583 -2.622000 -0.009061
vt 0.600000 0.000000
vt 0.650000 0.000000
vt 0.650000 1.000000
vt 0.600000 1.000000
f 361/361 362/362 363/363 364/364
v 0.000000 -2.394000 0.000000
v -0.498354 -2.394000 -0.362076
v -0.362076 -2.394000 -0.498354
vt 0.000000 0.000000
vt 1.000000 0.000000
vt 1.000000 1.000000
f 365/365 366/366 367/367
v 0.000000 -2.622000 0.000000
v -0.006583 -2.622000 -0.009061
v -0.009061 -2.622000 -0.006583
vt 0.000000 0.000000
vt 1.000000 0.000000
vt 1.000000 1.000000
f 368/368 369/369 370/370
v -0.498354 -2.394000 -0.362076
v -0.585851 -2.394000 -0.190354
v -0.010652 -2.622000 -0.003461
v -0.009061 -2.622000 -0.006583
vt 0.650000 0.000000
vt 0.700000 0.000000
vt 0.700000 1.000000
vt 0.650000 1.000000
f 371/371 372/372 373/373 374/374
v 0.000000 -2.394000 0.000000
v -0.585851 -2.394000 -0.190354
v -0.498354 -2.394000 -0.362076
vt 0.000000 0.000000
vt 1.000000 0.000000
vt 1.000000 1.000000
f 375/375 376/376 377/377
v 0.000000 -2.622000 0.000000
v -0.009061 -2.622000 -0.006583
v -0.010652 -2.622000 -0.003461
vt 0.000000 0.000000
vt 1.000000 0.000000
vt 1.000000 1.000000
f 378/378 379/379 380/380
v -0.585851 -2.394000 -0.190354
v -0.616000 -2.394000 -0.000000
v -0.011200 -2.622000 -0.000000
v -0.010652 -2.622000 -0.003461
vt 0.700000 0.000000
vt 0.750000 0.000000
vt 0.750000 1.000000
vt 0.700000 1.000000
f 381/381 382/382 383/383 384/384
v 0.000000 -2.394000 0.000000
v -0.616000 -2.394000 -0.000000
v -0.585851 -2.394000 -0.190354
vt 0.000000 0.000000
vt 1.000000 0.000000
vt 1.000000 1.000000
f 385/385 386/386 387/387
v 0.000000 -2.622000 0.000000
v -0.010652 -2.622000 -0.003461
v -0.011200 -2.622000 -0.000000
vt 0.000000 0.000000
vt 1.000000 0.000000
vt 1.000000 1.000000
f 388/388 389/389 390/390
v -0.616000 -2.394000 -0.000000
v -0.585851 -2.394000 0.190354
v -0.010652 -2.622000 0.003461
v -0.011200 -2.622000 -0.000000
vt 0.750000 0.000000
vt 0.800000 0.000000
vt 0.800000 1.000000
vt 0.750000 1.000000
f 391/391 392/392 393/393 394/394
v 0.000000 -2.394000 0.000000
v -0.585851 -2.394000 0.190354
v -0.616000 -2.394000 -0.000000
vt 0.000000 0.000000
vt 1.000000 0.000000
vt 1.000000 1.000000
f 395/395 396/396 397/397
v 0.000000 -2.622000 0.000000
v -0.011200 -2.622000 -0.000000
v -0.010652 -2.622000 0.003461
vt 0.000000 0.000000
vt 1.000000 0.000000
vt 1.000000 1.000000
f 398/398 399/399 400/400
v -0.585851 -2.394000 0.190354
v -0.498354 -2.394000 0.362076
v -0.009061 -2.622000 0.006583
v -0.010652 -2.622000 0.003461
vt 0.800000 0.000000
vt 0.850000 0.000000
vt 0.850000 1.000000
vt 0.800000 1.000000
f 401/401 402/402 403/403 404/404
v 0.000000 -2.394000 0.000000
v -0.498354 -2.394000 0.362076
v -0.585851 -2.394000 0.190354
vt 0.000000 0.000000
vt 1.000000 0.000000
vt 1.000000 1.000000
f 405/405 406/406 407/407
v 0.000000 -2.622000 0.000000
v -0.010652 -2.622000 0.003461
v -0.009061 -2.622000 0.006583
vt 0.000000 0.000000
vt 1.000000 0.000000
vt 1.000000 1.000000
f 408/408 409/409 410/410
v -0.498354 -2.394000 0.362076
v -0.362076 -2.394000 0.498354
v -0.006583 -2.622000 0.009061
v -0.009061 -2.622000 0.006583
vt 0.850000 0.000000
vt 0.900000 0.000000
vt 0.900000 1.000000
vt 0.850000 1.000000
f 411/411 412/412 413/413 414/414
v 0.000000 -2.394000 0.000000
v -0.362076 -2.394000 0.498354
v -0.498354 -2.394000 0.362076
vt 0.000000 0.000000
vt 1.000000 0.000000
vt 1.000000 1.000000
f 415/415 416/416 417/417
v 0.000000 -2.622000 0.000000
v -0.009061 -2.622000 0.006583
v -0.006583 -2.622000 0.009061
vt 0.000000 0.000000
vt 1.000000 0.000000
vt 1.000000 1.000000
f 418/418 419/419 420/420
v -0.362076 -2.394000 0.498354
v -0.190354 -2.394000 0.585851
v -0.003461 -2.622000 0.010652
v -0.006583 -2.622000 0.009061
vt 0.900000 0.000000
vt 0.950000 0.000000
vt 0.950000 1.000000
vt 0.900000 1.000000
f 421/421 422/422 423/423 424/424
v 0.000000 -2.394000 0.000000
v -0.190354 -2.394000 0.585851
v -0.362076 -2.394000 0.498354
vt 0.000000 0.000000
vt 1.000000 0.000000
vt 1.000000 1.000000
f 425/425 426/426 427/427
v 0.000000 -2.622000 0.000000
v -0.006583 -2.622000 0.009061
v -0.003461 -2.622000 0.010652
vt 0.000000 0.000000
vt 1.000000 0.000000
vt 1.000000 1.000000
f 428/428 429/429 430/430
v -0.190354 -2.394000 0.585851
v -0.000000 -2.394000 0.616000
v -0.000000 -2.622000 0.011200
v -0.003461 -2.622000 0.010652
vt 0.950000 0.000000
vt 1.000000 0.000000
vt 1.000000 1.000000
vt 0.950000 1.000000
f 431/431 432/432 433/433 434/434
v 0.000000 -2.394000 0.000000
v -0.000000 -2.394000 0.616000
v -0.190354 -2.394000 0.585851
vt 0.000000 0.000000
vt 1.000000 0.000000
vt 1.000000 1.000000
f 435/435 436/436 437/437
v 0.000000 -2.622000 0.000000
v -0.003461 -2.622000 0.010652
v -0.000000 -2.622000 0.011200
vt 0.000000 0.000000
vt 1.000000 0.000000
vt 1.000000 1.000000
f 438/438 439/439 440/440
usemtl white
v 0.000000 -2.394000 -1.624000
v 0.361374 -2.394000 -1.583283
v 0.361374 -0.627000 -1.583283
v 0.000000 -0.627000 -1.624000
vt 0.000000 0.000000
vt 0.035714 0.000000
vt 0.035714 1.000000
vt 0.000000 1.000000
f 441/441 442/442 443/443 444/444
v 0.361374 -2.394000 -1.583283
v 0.704627 -2.394000 -1.463173
v 0.704627 -0.627000 -1.463173
v 0.361374 -0.627000 -1.583283
vt 0.035714 0.000000
vt 0.071429 0.000000
vt 0.071429 1.000000
vt 0.035714 1.000000
f 445/445 446/446 447/447 448/448
v 0.704627 -2.394000 -1.463173
v 1.012547 -2.394000 -1.269694
v 1.012547 -0.627000 -1.269694
v 0.704627 -0.627000 -1.463173
vt 0.071429 0.000000
vt 0.107143 0.000000
vt 0.107143 1.000000
vt 0.071429 1.000000
f 449/449 450/450 451/451 452/452
v 1.012547 -2.394000 -1.269694
v 1.269694 -2.394000 -1.012547
v 1.269694 -0.627000 -1.012547
v 1.012547 -0.627000 -1.269694
vt 0.107143 0.000000
vt 0.142857 0.000000
vt 0.142857 1.000000
vt 0.107143 1.000000
f 453/453 454/454 455/455 456/456
v 1.269694 -2.394000 -1.012547
v 1.463173 -2.394000 -0.704627
v 1.463173 -0.627000 -0.704627
v 1.269694 -0.627000 -1.012547
vt 0.142857 0.000000
vt 0.178571 0.000000
vt 0.178571 1.000000
vt 0.142857 1.000000
f 457/457 458/458 459/459 460/460
v 1.463173 -2.394000 -0.704627
v 1.583283 -2.394000 -0.361374
v 1.583283 -0.627000 -0.361374
v 1.463173 -0.627000 -0.704627
vt 0.178571 0.000000
vt 0.214286 0.000000
vt 0.214286 1.000000
vt 0.178571 1.000000
f 461/461 462/462 463/463 464/464
v 1.583283 -2.394000 -0.361374
v 1.624000 -2.394000 -0.000000
v 1.624000 -0.627000 -0.000000
v 1.583283 -0.627000 -0.361374
vt 0.214286 0.000000
vt 0.250000 0.000000
vt 0.250000 1.000000
vt 0.214286 1.000000
f 465/465 466/466 467/467 468/468
v 1.624000 -2.394000 -0.000000
v 1.583283 -2.394000 0.361374
v 1.583283 -0.627000 0.361374
v 1.624000 -0.627000 -0.000000
vt 0.250000 0.000000
vt 0.285714 0.000000
vt 0.285714 1.000000
vt 0.250000 1.000000
f 469/469 470/470 471/471 472/472
v 1.583283 -2.394000 0.361374
v 1.463173 -2.394000 0.704627
v 1.463173 -0.627000 0.704627
v 1.583283 -0.627000 0.361374
vt 0.285714 0.000000
vt 0.321429 0.000000
vt 0.321429 1.000000
vt 0.285714 1.000000
f 473/473 474/474 475/475 476/476
v 1.463173 -2.394000 0.704627
v 1.269694 -2.394000 1.012547
v 1.269694 -0.627000 1.012547
v 1.463173 -0.627000 0.704627
vt 0.321429 0.000000
vt 0.357143 0.000000
vt 0.357143 1.000000
vt 0.321429 1.000000
f 477/477 478/478 479/479 480/480
v 1.269694 -2.394000 1.012547
v 1.012547 -2.394000 1.269694
v 1.012547 -0.627000 1.269694
v 1.269694 -0.627000 1.012547
vt 0.357143 0.000000
vt 0.392857 0.000000
vt 0.392857 1.000000
vt 0.357143 1.000000
f 481/481 482/482 483/483 484/484
v 1.012547 -2.394000 1.269694
v 0.704627 -2.394000 1.463173
v 0.704627 -0.627000 1.463173
v 1.012547 -0.627000 1.269694
vt 0.392857 0.000000
vt 0.428571 0.000000
vt 0.428571 1.000000
vt 0.392857 1.000000
f 485/485 486/486 487/487 488/488
v 0.704627 -2.394000 1.463173
v 0.361374 -2.394000 1.583283
v 0.361374 -0.627000 1.583283
v 0.704627 -0.627000 1.463173
vt 0.428571 0.000000
vt 0.464286 0.000000
vt 0.464286 1.000000
vt 0.428571 1.000000
f 489/489 490/490 491/491 492/492
v 0.361374 -2.394000 1.583283
v 0.000000 -2.394000 1.624000
v 0.000000 -0.627000 1.624000
v 0.361374 -0.627000 1.583283
vt 0.464286 0.000000
vt 0.500000 0.000000
vt 0.500000 1.000000
vt 0.464286 1.000000
f 493/493 494/494 495/495 496/496
v 0.000000 -2.394000 1.624000
v -0.361374 -2.394000 1.583283
v -0.361374 -0.627000 1.583283
v 0.000000 -0.627000 1.624000
vt 0.500000 0.000000
vt 0.535714 0.000000
vt 0.535714 1.000000
vt 0.500000 1.000000
f 497/497 498/498 499/499 500/500
v -0.361374 -2.394000 1.583283
v -0.704627 -2.394000 1.463173
v -0.704627 -0.627000 1.463173
v -0.361374 -0.627000 1.583283
vt 0.535714 0.000000
vt 0.571429 0.000000
vt 0.571429 1.000000
vt 0.535714 1.000000
f 501/501 502/502 503/503 504/504
v -0.704627 -2.394000 1.463173
v -1.012547 -2.394000 1.269694
v -1.012547 -0.627000 1.269694
v -0.704627 -0.627000 1.463173
vt 0.571429 0.000000
vt 0.607143 0.000000
vt 0.607143 1.000000
vt 0.571429 1.000000
f 505/505 506/506 507/507 508/508
v -1.012547 -2.394000 1.269694
v -1.269694 -2.394000 1.012547
v -1.269694 -0.627000 1.012547
v -1.012547 -0.627000 1.269694
vt 0.607143 0.000000
vt 0.642857 0.000000
vt 0.642857 1.000000
vt 0.607143 1.000000
f 509/509 510/510 511/511 512/512
v -1.269694 -2.394000 1.012547
v -1.463173 -2.394000 0.704627
v -1.463173 -0.627000 0.704627
v -1.269694 -0.627000 1.012547
vt 0.642857 0.000000
vt 0.678571 0.000000
vt 0.678571 1.000000
vt 0.642857 1.000000
f 513/513 514/514 515/515 516/516
v -1.463173 -2.394000 0.704627
v -1.583283 -2.394000 0.361374
v -1.583283 -0.627000 0.361374
v -1.463173 -0.627000 0.704627
vt 0.678571 0.000000
vt 0.714286 0.000000
vt 0.714286 1.000000
vt 0.678571 1.000000
f 517/517 518/518 519/519 520/520
v -1.583283 -2.394000 0.361374
v -1.624000 -2.394000 0.000000
v -1.624000 -0.627000 0.000000
v -1.583283 -0.627000 0.361374
vt 0.714286 0.000000
vt 0.750000 0.000000
vt 0.750000 1.000000
vt 0.714286 1.000000
f 521/521 522/522 523/523 524/524
v -1.624000 -2.394000 0.000000
v -1.583283 -2.394000 -0.361374
v -1.583283 -0.627000 -0.361374
v -1.624000 -0.627000 0.000000
vt 0.750000 0.000000
vt 0.785714 0.000000
vt 0.785714 1.000000
vt 0.750000 1.000000
f 525/525 526/526 527/527 528/528
v -1.583283 -2.394000 -0.361374
v -1.463173 -2.394000 -0.704627
v -1.463173 -0.627000 -0.704627
v -1.583283 -0.627000 -0.361374
vt 0.785714 0.000000
vt 0.821429 0.000000
vt 0.821429 1.000000
vt 0.785714 1.000000
f 529/529 530/530 531/531 532/532
v -1.463173 -2.394000 -0.704627
v -1.269694 -2.394000 -1.012547
v -1.269694 -0.627000 -1.012547
v -1.463173 -0.627000 -0.704627
vt 0.821429 0.000000
vt 0.857143 0.000000
vt 0.857143 1.000000
vt 0.821429 1.000000
f 533/533 534/534 535/535 536/536
v -1.269694 -2.394000 -1.012547
v -1.012547 -2.394000 -1.269694
v -1.012547 -0.627000 -1.269694
v -1.269694 -0.627000 -1.012547
vt 0.857143 0.000000
vt 0.892857 0.000000
vt 0.892857 1.000000
vt 0.857143 1.000000
f 537/537 538/538 539/539 540/540
v -1.012547 -2.394000 -1.269694
v -0.704627 -2.394000 -1.463173
v -0.704627 -0.627000 -1.463173
v -1.012547 -0.627000 -1.269694
vt 0.892857 0.000000
vt 0.928571 0.000000
vt 0.928571 1.000000
vt 0.892857 1.000000
f 541/541 542/542 543/543 544/544
v -0.704627 -2.394000 -1.463173
v -0.361374 -2.394000 -1.583283
v -0.361374 -0.627000 -1.583283
v -0.704627 -0.627000 -1.463173
vt 0.928571 0.000000
vt 0.964286 0.000000
vt 0.964286 1.000000
vt 0.928571 1.000000
f 545/545 546/546 547/547 548/548
v -0.361374 -2.394000 -1.583283
v -0.000000 -2.394000 -1.624000
v -0.000000 -0.627000 -1.624000
v -0.361374 -0.627000 -1.583283
vt 0.964286 0.000000
vt 1.000000 0.000000
vt 1.000000 1.000000
vt 0.964286 1.000000
f 549/549 550/550 551/551 552/552
usemtl dark
v 0.000000 -0.627000 -1.624000
v 0.420322 -0.627000 -1.568664
v 0.347853 -0.399000 -1.298204
v 0.000000 -0.399000 -1.344000
vt 0.000000 0.000000
vt 0.041667 0.000000
vt 0.041667 1.000000
vt 0.000000 1.000000
f 553/553 554/554 555/555 556/556
v 0.420322 -0.627000 -1.568664
v 0.812000 -0.627000 -1.406425
v 0.672000 -0.399000 -1.163938
v 0.347853 -0.399000 -1.298204
vt 0.041667 0.000000
vt 0.083333 0.000000
vt 0.083333 1.000000
vt 0.041667 1.000000
f 557/557 558/558 559/559 560/560
v 0.812000 -0.627000 -1.406425
v 1.148341 -0.627000 -1.148341
v 0.950352 -0.399000 -0.950352
v 0.672000 -0.399000 -1.163938
vt 0.083333 0.000000
vt 0.125000 0.000000
vt 0.125000 1.000000
vt 0.083333 1.000000
f 561/561 562/562 563/563 564/564
v 1.148341 -0.627000 -1.148341
v 1.406425 -0.627000 -0.812000
v 1.163938 -0.399000 -0.672000
v 0.950352 -0.399000 -0.950352
vt 0.125000 0.000000
vt 0.166667 0.000000
vt 0.166667 1.000000
vt 0.125000 1.000000
f 565/565 566/566 567/567 568/568
v 1.406425 -0.627000 -0.812000
v 1.568664 -0.627000 -0.420322
v 1.298204 -0.399000 -0.347853
v 1.163938 -0.399000 -0.672000
vt 0.166667 0.000000
vt 0.208333 0.000000
vt 0.208333 1.000000
vt 0.166667 1.000000
f 569/569 570/570 571/571 572/572
v 1.568664 -0.627000 -0.420322
v 1.624000 -0.627000 -0.000000
v 1.344000 -0.399000 -0.000000
v 1.298204 -0.399000 -0.347853
vt 0.208333 0.000000
vt 0.250000 0.000000
vt 0.250000 1.000000
vt 0.208333 1.000000
f 573/573 574/574 575/575 576/576
v 1.624000 -0.627000 -0.000000
v 1.568664 -0.627000 0.420322
v 1.298204 -0.399000 0.347853
v 1.344000 -0.399000 -0.000000
vt 0.250000 0.000000
vt 0.291667 0.000000
vt 0.291667 1.000000
vt 0.250000 1.000000
f 577/577 578/578 579/579 580/580
v 1.568664 -0.627000 0.420322
v 1.406425 -0.627000 0.812000
v 1.163938 -0.399000 0.672000
v 1.298204 -0.399000 0.347853
vt 0.291667 0.000000
vt 0.333333 0.000000
vt 0.333333 1.000000
vt 0.291667 1.000000
f 581/581 582/582 583/583 584/584
v 1.406425 -0.627000 0.812000
v 1.148341 -0.627000 1.148341
v 0.950352 -0.399000 0.950352
v 1.163938 -0.399000 0.672000
vt 0.333333 0.000000
vt 0.375000 0.000000
vt 0.375000 1.000000
vt 0.333333 1.000000
f 585/585 586/586 587/587 588/588
v 1.148341 -0.627000 1.148341
v 0.812000 -0.627000 1.406425
v 0.672000 -0.399000 1.163938
v 0.950352 -0.399000 0.950352
vt 0.375000 0.000000
vt 0.416667 0.000000
vt 0.416667 1.000000
vt 0.375000 1.000000
f 589/589 590/590 591/591 592/592
v 0.812000 -0.627000 1.406425
v 0.420322 -0.627000 1.568664
v 0.347853 -0.399000 1.298204
v 0.672000 -0.399000 1.163938
vt 0.416667 0.000000
vt 0.458333 0.000000
vt 0.458333 1.000000
vt 0.416667 1.000000
f 593/593 594/594 595/595 596/596
v 0.420322 -0.627000 1.568664
v 0.000000 -0.627000 1.624000
v 0.000000 -0.399000 1.344000
v 0.347853 -0.399000 1.298204
vt 0.458333 0.000000
vt 0.500000 0.000000
vt 0.500000 1.000000
vt 0.458333 1.000000
f 597/597 598/598 599/599 600/600
v 0.000000 -0.627000 1.624000
v -0.420322 -0.627000 1.568664
v -0.347853 -0.399000 1.298204
v 0.000000 -0.399000 1.344000
vt 0.500000 0.000000
vt 0.541667 0.000000
vt 0.541667 1.000000
vt 0.500000 1.000000
f 601/601 602/602 603/603 604/604
v -0.420322 -0.627000 1.568664
v -0.812000 -0.627000 1.406425
v -0.672000 -0.399000 1.163938
v -0.347853 -0.399000 1.298204
vt 0.541667 0.000000
vt 0.583333 0.000000
vt 0.583333 1.000000
vt 0.541667 1.000000
f 605/605 606/606 607/607 608/608
v -0.812000 -0.627000 1.406425
v -1.148341 -0.627000 1.148341
v -0.950352 -0.399000 0.950352
v -0.672000 -0.399000 1.163938
vt 0.583333 0.000000
vt 0.625000 0.000000
vt 0.625000 1.000000
vt 0.583333 1.000000
f 609/609 610/610 611/611 612/612
v -1.148341 -0.627000 1.148341
v -1.406425 -0.627000 0.812000
v -1.163938 -0.399000 0.672000
v -0.950352 -0.399000 0.950352
vt 0.625000 0.000000
vt 0.666667 0.000000
vt 0.666667 1.000000
vt 0.625000 1.000000
f 613/613 614/614 615/615 616/616
v -1.406425 -0.627000 0.812000
v -1.568664 -0.627000 0.420322
v -1.298204 -0.399000 0.347853
v -1.163938 -0.399000 0.672000
vt 0.666667 0.000000
vt 0.708333 0.000000
vt 0.708333 1.000000
vt 0.666667 1.000000
f 617/617 618/618 619/619 620/620
v -1.568664 -0.627000 0.420322
v -1.624000 -0.627000 0.000000
v -1.344000 -0.399000 0.000000
v -1.298204 -0.399000 0.347853
vt 0.708333 0.000000
vt 0.750000 0.000000
vt 0.750000 1.000000
vt 0.708333 1.000000
f 621/621 622/622 623/623 624/624
v -1.624000 -0.627000 0.000000
v -1.568664 -0.627000 -0.420322
v -1.298204 -0.399000 -0.347853
v -1.344000 -0.399000 0.000000
vt 0.750000 0.000000
vt 0.791667 0.000000
vt 0.791667 1.000000
vt 0.750000 1.000000
f 625/625 626/626 627/627 628/628
v -1.568664 -0.627000 -0.420322
v -1.406425 -0.627000 -0.812000
v -1.163938 -0.399000 -0.672000
v -1.298204 -0.399000 -0.347853
vt 0.791667 0.000000
vt 0.833333 0.000000
vt 0.833333 1.000000
vt 0.791667 1.000000
f 629/629 630/630 631/631 632/632
v -1.406425 -0.627000 -0.812000
v -1.148341 -0.627000 -1.148341
v -0.950352 -0.399000 -0.950352
v -1.163938 -0.399000 -0.672000
vt 0.833333 0.000000
vt 0.875000 0.000000
vt 0.875000 1.000000
vt 0.833333 1.000000
f 633/633 634/634 635/635 636/636
v -1.148341 -0.627000 -1.148341
v -0.812000 -0.627000 -1.406425
v -0.672000 -0.399000 -1.163938
v -0.950352 -0.399000 -0.950352
vt 0.875000 0.000000
vt 0.916667 0.000000
vt 0.916667 1.000000
vt 0.875000 1.000000
f 637/637 638/638 639/639 640/640
v -0.812000 -0.627000 -1.406425
v -0.420322 -0.627000 -1.568664
v -0.347853 -0.399000 -1.298204
v -0.672000 -0.399000 -1.163938
vt 0.916667 0.000000
vt 0.958333 0.000000
vt 0.958333 1.000000
vt 0.916667 1.000000
f 641/641 642/642 643/643 644/644
v -0.420322 -0.627000 -1.568664
v -0.000000 -0.627000 -1.624000
v -0.000000 -0.399000 -1.344000
v -0.347853 -0.399000 -1.298204
vt 0.958333 0.000000
vt 1.000000 0.000000
vt 1.000000 1.000000
vt 0.958333 1.000000
f 645/645 646/646 647/647 648/648
usemtl white
v 0.000000 -0.399000 -1.344000
v 0.299068 -0.399000 -1.310303
v 0.299068 0.798000 -1.310303
v 0.000000 0.798000 -1.344000
vt 0.000000 0.000000
vt 0.035714 0.000000
vt 0.035714 1.000000
vt 0.000000 1.000000
f 649/649 650/650 651/651 652/652
v 0.299068 -0.399000 -1.310303
v 0.583140 -0.399000 -1.210902
v 0.583140 0.798000 -1.210902
v 0.299068 0.798000 -1.310303
vt 0.035714 0.000000
vt 0.071429 0.000000
vt 0.071429 1.000000
vt 0.035714 1.000000
f 653/653 654/654 655/655 656/656
v 0.583140 -0.399000 -1.210902
v 0.837970 -0.399000 -1.050782
v 0.837970 0.798000 -1.050782
v 0.583140 0.798000 -1.210902
vt 0.071429 0.000000
vt 0.107143 0.000000
vt 0.107143 1.000000
vt 0.071429 1.000000
f 657/657 658/658 659/659 660/660
v 0.837970 -0.399000 -1.050782
v 1.050782 -0.399000 -0.837970
v 1.050782 0.798000 -0.837970
v 0.837970 0.798000 -1.050782
vt 0.107143 0.000000
vt 0.142857 0.000000
vt 0.142857 1.000000
vt 0.107143 1.000000
f 661/661 662/662 663/663 664/664
v 1.050782 -0.399000 -0.837970
v 1.210902 -0.399000 -0.583140
v 1.210902 0.798000 -0.583140
v 1.050782 0.798000 -0.837970
vt 0.142857 0.000000
vt 0.178571 0.000000
vt 0.178571 1.000000
vt 0.142857 1.000000
f 665/665 666/666 667/667 668/668
v 1.210902 -0.399000 -0.583140
v 1.310303 -0.399000 -0.299068
v 1.310303 0.798000 -0.299068
v 1.210902 0.798000 -0.583140
vt 0.178571 0.000000
vt 0.214286 0.000000
vt 0.214286 1.000000
vt 0.178571 1.000000
f 669/669 670/670 671/671 672/672
v 1.310303 -0.399000 -0.299068
v 1.344000 -0.399000 -0.000000
v 1.344000 0.798000 -0.000000
v 1.310303 0.798000 -0.299068
vt 0.214286 0.000000
vt 0.250000 0.000000
vt 0.250000 1.000000
vt 0.214286 1.000000
f 673/673 674/674 675/675 676/676
v 1.344000 -0.399000 -0.000000
v 1.310303 -0.399000 0.299068
v 1.310303 0.798000 0.299068
v 1.344000 0.798000 -0.000000
vt 0.250000 0.000000
vt 0.285714 0.000000
vt 0.285714 1.000000
vt 0.250000 1.000000
f 677/677 678/678 679/679 680/680
v 1.310303 -0.399000 0.299068
v 1.210902 -0.399000 0.583140
v 1.210902 0.798000 0.583140
v 1.310303 0.798000 0.299068
vt 0.285714 0.000000
vt 0.321429 0.000000
vt 0.321429 1.000000
vt 0.285714 1.000000
f 681/681 682/682 683/683 684/684
v 1.210902 -0.399000 0.583140
v 1.050782 -0.399000 0.837970
v 1.050782 0.798000 0.837970
v 1.210902 0.798000 0.583140
vt 0.321429 0.000000
vt 0.357143 0.000000
vt 0.357143 1.000000
vt 0.321429 1.000000
f 685/685 686/686 687/687 688/688
v 1.050782 -0.399000 0.837970
v 0.837970 -0.399000 1.050782
v 0.837970 0.798000 1.050782
v 1.050782 0.798000 0.837970
vt 0.357143 0.000000
vt 0.392857 0.000000
vt 0.392857 1.000000
vt 0.357143 1.000000
f 689/689 690/690 691/691 692/692
v 0.837970 -0.399000 1.050782
v 0.583140 -0.399000 1.210902
v 0.583140 0.798000 1.210902
v 0.837970 0.798000 1.050782
vt 0.392857 0.000000
vt 0.428571 0.000000
vt 0.428571 1.000000
vt 0.392857 1.000000
f 693/693 694/694 695/695 696/696
v 0.583140 -0.399000 1.210902
v 0.299068 -0.399000 1.310303
v 0.299068 0.798000 1.310303
v 0.583140 0.798000 1.210902
vt 0.428571 0.000000
vt 0.464286 0.000000
vt 0.464286 1.000000
vt 0.428571 1.000000
f 697/697 698/698 699/699 700/700
v 0.299068 -0.399000 1.310303
v 0.000000 -0.399000 1.344000
v 0.000000 0.798000 1.344000
v 0.299068 0.798000 1.310303
vt 0.464286 0.000000
vt 0.500000 0.000000
vt 0.500000 1.000000
vt 0.464286 1.000000
f 701/701 702/702 703/703 704/704
v 0.000000 -0.399000 1.344000
v -0.299068 -0.399000 1.310303
v -0.299068 0.798000 1.310303
v 0.000000 0.798000 1.344000
vt 0.500000 0.000000
vt 0.535714 0.000000
vt 0.535714 1.000000
vt 0.500000 1.000000
f 705/705 706/706 707/707 708/708
v -0.299068 -0.399000 1.310303
v -0.583140 -0.399000 1.210902
v -0.583140 0.798000 1.210902
v -0.299068 0.798000 1.310303
vt 0.535714 0.000000
vt 0.571429 0.000000
vt 0.571429 1.000000
vt 0.535714 1.000000
f 709/709 710/710 711/711 712/712
v -0.583140 -0.399000 1.210902
v -0.837970 -0.399000 1.050782
v -0.837970 0.798000 1.050782
v -0.583140 0.798000 1.210902
vt 0.571429 0.000000
vt 0.607143 0.000000
vt 0.607143 1.000000
vt 0.571429 1.000000
f 713/713 714/714 715/715 716/716
v -0.837970 -0.399000 1.050782
v -1.050782 -0.399000 0.837970
v -1.050782 0.798000 0.837970
v -0.837970 0.798000 1.050782
vt 0.607143 0.000000
vt 0.642857 0.000000
vt 0.642857 1.000000
vt 0.607143 1.000000
f 717/717 718/718 719/719 720/720
v -1.050782 -0.399000 0.837970
v -1.210902 -0.399000 0.583140
v -1.210902 0.798000 0.583140
v -1.050782 0.798000 0.837970
vt 0.642857 0.000000
vt 0.678571 0.000000
vt 0.678571 1.000000
vt 0.642857 1.000000
f 721/721 722/722 723/723 724/724
v -1.210902 -0.399000 0.583140
v -1.310303 -0.399000 0.299068
v -1.310303 0.798000 0.299068
v -1.210902 0.798000 0.583140
vt 0.678571 0.000000
vt 0.714286 0.000000
vt 0.714286 1.000000
vt 0.678571 1.000000
f 725/725 726/726 727/727 728/728
v -1.310303 -0.399000 0.299068
v -1.344000 -0.399000 0.000000
v -1.344000 0.798000 0.000000
v -1.310303 0.798000 0.299068
vt 0.714286 0.000000
vt 0.750000 0.000000
vt 0.750000 1.000000
vt 0.714286 1.000000
f 729/729 730/730 731/731 732/732
v -1.344000 -0.399000 0.000000
v -1.310303 -0.399000 -0.299068
v -1.310303 0.798000 -0.299068
v -1.344000 0.798000 0.000000
vt 0.750000 0.000000
vt 0.785714 0.000000
vt 0.785714 1.000000
vt 0.750000 1.000000
f 733/733 734/734 735/735 736/736
v -1.310303 -0.399000 -0.299068
v -1.210902 -0.399000 -0.583140
v -1.210902 0.798000 -0.583140
v -1.310303 0.798000 -0.299068
vt 0.785714 0.000000
vt 0.821429 0.000000
vt 0.821429 1.000000
vt 0.785714 1.000000
f 737/737 738/738 739/739 740/740
v -1.210902 -0.399000 -0.583140
v -1.050782 -0.399000 -0.837970
v -1.050782 0.798000 -0.837970
v -1.210902 0.798000 -0.583140
vt 0.821429 0.000000
vt 0.857143 0.000000
vt 0.857143 1.000000
vt 0.821429 1.000000
f 741/741 742/742 743/743 744/744
v -1.050782 -0.399000 -0.837970
v -0.837970 -0.399000 -1.050782
v -0.837970 0.798000 -1.050782
v -1.050782 0.798000 -0.837970
vt 0.857143 0.000000
vt 0.892857 0.000000
vt 0.892857 1.000000
vt 0.857143 1.000000
f 745/745 746/746 747/747 748/748
v -0.837970 -0.399000 -1.050782
v -0.583140 -0.399000 -1.210902
v -0.583140 0.798000 -1.210902
v -0.837970 0.798000 -1.050782
vt 0.892857 0.000000
vt 0.928571 0.000000
vt 0.928571 1.000000
vt 0.892857 1.000000
f 749/749 750/750 751/751 752/752
v -0.583140 -0.399000 -1.210902
v -0.299068 -0.399000 -1.310303
v -0.299068 0.798000 -1.310303
v -0.583140 0.798000 -1.210902
vt 0.928571 0.000000
vt 0.964286 0.000000
vt 0.964286 1.000000
vt 0.928571 1.000000
f 753/753 754/754 755/755 756/756
v -0.299068 -0.399000 -1.310303
v -0.000000 -0.399000 -1.344000
v -0.000000 0.798000 -1.344000
v -0.299068 0.798000 -1.310303
vt 0.964286 0.000000
vt 1.000000 0.000000
vt 1.000000 1.000000
vt 0.964286 1.000000
f 757/757 758/758 759/759 760/760
usemtl dark
v 0.000000 0.798000 -1.344000
v 0.415319 0.798000 -1.278220
v 0.346099 0.969000 -1.065183
v 0.000000 0.969000 -1.120000
vt 0.000000 0.000000
vt 0.050000 0.000000
vt 0.050000 1.000000
vt 0.000000 1.000000
f 761/761 762/762 763/763 764/764
v 0.415319 0.798000 -1.278220
v 0.789983 0.798000 -1.087319
v 0.658319 0.969000 -0.906099
v 0.346099 0.969000 -1.065183
vt 0.050000 0.000000
vt 0.100000 0.000000
vt 0.100000 1.000000
vt 0.050000 1.000000
f 765/765 766/766 767/767 768/768
v 0.789983 0.798000 -1.087319
v 1.087319 0.798000 -0.789983
v 0.906099 0.969000 -0.658319
v 0.658319 0.969000 -0.906099
vt 0.100000 0.000000
vt 0.150000 0.000000
vt 0.150000 1.000000
vt 0.100000 1.000000
f 769/769 770/770 771/771 772/772
v 1.087319 0.798000 -0.789983
v 1.278220 0.798000 -0.415319
v 1.065183 0.969000 -0.346099
v 0.906099 0.969000 -0.658319
vt 0.150000 0.000000
vt 0.200000 0.000000
vt 0.200000 1.000000
vt 0.150000 1.000000
f 773/773 774/774 775/775 776/776
v 1.278220 0.798000 -0.415319
v 1.344000 0.798000 -0.000000
v 1.120000 0.969000 -0.000000
v 1.065183 0.969000 -0.346099
vt 0.200000 0.000000
vt 0.250000 0.000000
vt 0.250000 1.000000
vt 0.200000 1.000000
f 777/777 778/778 779/779 780/780
v 1.344000 0.798000 -0.000000
v 1.278220 0.798000 0.415319
v 1.065183 0.969000 0.346099
v 1.120000 0.969000 -0.000000
vt 0.250000 0.000000
vt 0.300000 0.000000
vt 0.300000 1.000000
vt 0.250000 1.000000
f 781/781 782/782 783/783 784/784
v 1.278220 0.798000 0.415319
v 1.087319 0.798000 0.789983
v 0.906099 0.969000 0.658319
v 1.065183 0.969000 0.346099
vt 0.300000 0.000000
vt 0.350000 0.000000
vt 0.350000 1.000000
vt 0.300000 1.000000
f 785/785 786/786 787/787 788/788
v 1.087319 0.798000 0.789983
v 0.789983 0.798000 1.087319
v 0.658319 0.969000 0.906099
v 0.906099 0.969000 0.658319
vt 0.350000 0.000000
vt 0.400000 0.000000
vt 0.400000 1.000000
vt 0.350000 1.000000
f 789/789 790/790 791/791 792/792
v 0.789983 0.798000 1.087319
v 0.415319 0.798000 1.278220
v 0.346099 0.969000 1.065183
v 0.658319 0.969000 0.906099
vt 0.400000 0.000000
vt 0.450000 0.000000
vt 0.450000 1.000000
vt 0.400000 1.000000
f 793/793 794/794 795/795 796/796
v 0.415319 0.798000 1.278220
v 0.000000 0.798000 1.344000
v 0.000000 0.969000 1.120000
v 0.346099 0.969000 1.065183
vt 0.450000 0.000000
vt 0.500000 0.000000
vt 0.500000 1.000000
vt 0.450000 1.000000
f 797/797 798/798 799/799 800/800
v 0.000000 0.798000 1.344000
v -0.415319 0.798000 1.278220
v -0.346099 0.969000 1.065183
v 0.000000 0.969000 1.120000
vt 0.500000 0.000000
vt 0.550000 0.000000
vt 0.550000 1.000000
vt 0.500000 1.000000
f 801/801 802/802 803/803 804/804
v -0.415319 0.798000 1.278220
v -0.789983 0.798000 1.087319
v -0.658319 0.969000 0.906099
v -0.346099 0.969000 1.065183
vt 0.550000 0.000000
vt 0.600000 0.000000
vt 0.600000 1.000000
vt 0.550000 1.000000
f 805/805 806/806 807/807 808/808
v -0.789983 0.798000 1.087319
v -1.087319 0.798000 0.789983
v -0.906099 0.969000 0.658319
v -0.658319 0.969000 0.906099
vt 0.600000 0.000000
vt 0.650000 0.000000
vt 0.650000 1.000000
vt 0.600000 1.000000
f 809/809 810/810 811/811 812/812
v -1.087319 0.798000 0.789983
v -1.278220 0.798000 0.415319
v -1.065183 0.969000 0.346099
v -0.906099 0.969000 0.658319
vt 0.650000 0.000000
vt 0.700000 0.000000
vt 0.700000 1.000000
vt 0.650000 1.000000
f 813/813 814/814 815/815 816/816
v -1.278220 0.798000 0.415319
v -1.344000 0.798000 0.000000
v -1.120000 0.969000 0.000000
v -1.065183 0.969000 0.346099
vt 0.700000 0.000000
vt 0.750000 0.000000
vt 0.750000 1.000000
vt 0.700000 1.000000
f 817/817 818/818 819/819 820/820
v -1.344000 0.798000 0.000000
v -1.278220 0.798000 -0.415319
v -1.065183 0.969000 -0.346099
v -1.120000 0.969000 0.000000
vt 0.750000 0.000000
vt 0.800000 0.000000
vt 0.800000 1.000000
vt 0.750000 1.000000
f 821/821 822/822 823/823 824/824
v -1.278220 0.798000 -0.415319
v -1.087319 0.798000 -0.789983
v -0.906099 0.969000 -0.658319
v -1.065183 0.969000 -0.346099
vt 0.800000 0.000000
vt 0.850000 0.000000
vt 0.850000 1.000000
vt 0.800000 1.000000
f 825/825 826/826 827/827 828/828
v -1.087319 0.798000 -0.789983
v -0.789983 0.798000 -1.087319
v -0.658319 0.969000 -0.906099
v -0.906099 0.969000 -0.658319
vt 0.850000 0.000000
vt 0.900000 0.000000
vt 0.900000 1.000000
vt 0.850000 1.000000
f 829/829 830/830 831/831 832/832
v -0.789983 0.798000 -1.087319
v -0.415319 0.798000 -1.278220
v -0.346099 0.969000 -1.065183
v -0.658319 0.969000 -0.906099
vt 0.900000 0.000000
vt 0.950000 0.000000
vt 0.950000 1.000000
vt 0.900000 1.000000
f 833/833 834/834 835/835 836/836
v -0.415319 0.798000 -1.278220
v -0.000000 0.798000 -1.344000
v -0.000000 0.969000 -1.120000
v -0.346099 0.969000 -1.065183
vt 0.950000 0.000000
vt 1.000000 0.000000
vt 1.000000 1.000000
vt 0.950000 1.000000
f 837/837 838/838 839/839 840/840
usemtl white
v 0.000000 0.969000 -1.120000
v 0.289877 0.969000 -1.081837
v 0.289877 1.767000 -1.081837
v 0.000000 1.767000 -1.120000
vt 0.000000 0.000000
vt 0.041667 0.000000
vt 0.041667 1.000000
vt 0.000000 1.000000
f 841/841 842/842 843/843 844/844
v 0.289877 0.969000 -1.081837
v 0.560000 0.969000 -0.969948
v 0.560000 1.767000 -0.969948
v 0.289877 1.767000 -1.081837
vt 0.041667 0.000000
vt 0.083333 0.000000
vt 0.083333 1.000000
vt 0.041667 1.000000
f 845/845 846/846 847/847 848/848
v 0.560000 0.969000 -0.969948
v 0.791960 0.969000 -0.791960
v 0.791960 1.767000 -0.791960
v 0.560000 1.767000 -0.969948
vt 0.083333 0.000000
vt 0.125000 0.000000
vt 0.125000 1.000000
vt 0.083333 1.000000
f 849/849 850/850 851/851 852/852
v 0.791960 0.969000 -0.791960
v 0.969948 0.969000 -0.560000
v 0.969948 1.767000 -0.560000
v 0.791960 1.767000 -0.791960
vt 0.125000 0.000000
vt 0.166667 0.000000
vt 0.166667 1.000000
vt 0.125000 1.000000
f 853/853 854/854 855/855 856/856
v 0.969948 0.969000 -0.560000
v 1.081837 0.969000 -0.289877
v 1.081837 1.767000 -0.289877
v 0.969948 1.767000 -0.560000
vt 0.166667 0.000000
vt 0.208333 0.000000
vt 0.208333 1.000000
vt 0.166667 1.000000
f 857/857 858/858 859/859 860/860
v 1.081837 0.969000 -0.289877
v 1.120000 0.969000 -0.000000
v 1.120000 1.767000 -0.000000
v 1.081837 1.767000 -0.289877
vt 0.208333 0.000000
vt 0.250000 0.000000
vt 0.250000 1.000000
vt 0.208333 1.000000
f 861/861 862/862 863/863 864/864
v 1.120000 0.969000 -0.000000
v 1.081837 0.969000 0.289877
v 1.081837 1.767000 0.289877
v 1.120000 1.767000 -0.000000
vt 0.250000 0.000000
vt 0.291667 0.000000
vt 0.291667 1.000000
vt 0.250000 1.000000
f 865/865 866/866 867/867 868/868
v 1.081837 0.969000 0.289877
v 0.969948 0.969000 0.560000
v 0.969948 1.767000 0.560000
v 1.081837 1.767000 0.289877
vt 0.291667 0.000000
vt 0.333333 0.000000
vt 0.333333 1.000000
vt 0.291667 1.000000
f 869/869 870/870 871/871 872/872
v 0.969948 0.969000 0.560000
v 0.791960 0.969000 0.791960
v 0.791960 1.767000 0.791960
v 0.969948 1.767000 0.560000
vt 0.333333 0.000000
vt 0.375000 0.000000
vt 0.375000 1.000000
vt 0.333333 1.000000
f 873/873 874/874 875/875 876/876
v 0.791960 0.969000 0.791960
v 0.560000 0.969000 0.969948
v 0.560000 1.767000 0.969948
v 0.791960 1.767000 0.791960
vt 0.375000 0.000000
vt 0.416667 0.000000
vt 0.416667 1.000000
vt 0.375000 1.000000
f 877/877 878/878 879/879 880/880
v 0.560000 0.969000 0.969948
v 0.289877 0.969000 1.081837
v 0.289877 1.767000 1.081837
v 0.560000 1.767000 0.969948
vt 0.416667 0.000000
vt 0.458333 0.000000
vt 0.458333 1.000000
vt 0.416667 1.000000
f 881/881 882/882 883/883 884/884
v 0.289877 0.969000 1.081837
v 0.000000 0.969000 1.120000
v 0.000000 1.767000 1.120000
v 0.289877 1.767000 1.081837
vt 0.458333 0.000000
vt 0.500000 0.000000
vt 0.500000 1.000000
vt 0.458333 1.000000
f 885/885 886/886 887/887 888/888
v 0.000000 0.969000 1.120000
v -0.289877 0.969000 1.081837
v -0.289877 1.767000 1.081837
v 0.000000 1.767000 1.120000
vt 0.500000 0.000000
vt 0.541667 0.000000
vt 0.541667 1.000000
vt 0.500000 1.000000
f 889/889 890/890 891/891 892/892
v -0.289877 0.969000 1.081837
v -0.560000 0.969000 0.969948
v -0.560000 1.767000 0.969948
v -0.289877 1.767000 1.081837
vt 0.541667 0.000000
vt 0.583333 0.000000
vt 0.583333 1.000000
vt 0.541667 1.000000
f 893/893 894/894 895/895 896/896
v -0.560000 0.969000 0.969948
v -0.791960 0.969000 0.791960
v -0.791960 1.767000 0.791960
v -0.560000 1.767000 0.969948
vt 0.583333 0.000000
vt 0.625000 0.000000
vt 0.625000 1.000000
vt 0.583333 1.000000
f 897/897 898/898 899/899 900/900
v -0.791960 0.969000 0.791960
v -0.969948 0.969000 0.560000
v -0.969948 1.767000 0.560000
v -0.791960 1.767000 0.791960
vt 0.625000 0.000000
vt 0.666667 0.000000
vt 0.666667 1.000000
vt 0.625000 1.000000
f 901/901 902/902 903/903 904/904
v -0.969948 0.969000 0.560000
v -1.081837 0.969000 0.289877
v -1.081837 1.767000 0.289877
v -0.969948 1.767000 0.560000
vt 0.666667 0.000000
vt 0.708333 0.000000
vt 0.708333 1.000000
vt 0.666667 1.000000
f 905/905 906/906 907/907 908/908
v -1.081837 0.969000 0.289877
v -1.120000 0.969000 0.000000
v -1.120000 1.767000 0.000000
v -1.081837 1.767000 0.289877
vt 0.708333 0.000000
vt 0.750000 0.000000
vt 0.750000 1.000000
vt 0.708333 1.000000
f 909/909 910/910 911/911 912/912
v -1.120000 0.969000 0.000000
v -1.081837 0.969000 -0.289877
v -1.081837 1.767000 -0.289877
v -1.120000 1.767000 0.000000
vt 0.750000 0.000000
vt 0.791667 0.000000
vt 0.791667 1.000000
vt 0.750000 1.000000
f 913/913 914/914 915/915 916/916
v -1.081837 0.969000 -0.289877
v -0.969948 0.969000 -0.560000
v -0.969948 1.767000 -0.560000
v -1.081837 1.767000 -0.289877
vt 0.791667 0.000000
vt 0.833333 0.000000
vt 0.833333 1.000000
vt 0.791667 1.000000
f 917/917 918/918 919/919 920/920
v -0.969948 0.969000 -0.560000
v -0.791960 0.969000 -0.791960
v -0.791960 1.767000 -0.791960
v -0.969948 1.767000 -0.560000
vt 0.833333 0.000000
vt 0.875000 0.000000
vt 0.875000 1.000000
vt 0.833333 1.000000
f 921/921 922/922 923/923 924/924
v -0.791960 0.969000 -0.791960
v -0.560000 0.969000 -0.969948
v -0.560000 1.767000 -0.969948
v -0.791960 1.767000 -0.791960
vt 0.875000 0.000000
vt 0.916667 0.000000
vt 0.916667 1.000000
vt 0.875000 1.000000
f 925/925 926/926 927/927 928/928
v -0.560000 0.969000 -0.969948
v -0.289877 0.969000 -1.081837
v -0.289877 1.767000 -1.081837
v -0.560000 1.767000 -0.969948
vt 0.916667 0.000000
vt 0.958333 0.000000
vt 0.958333 1.000000
vt 0.916667 1.000000
f 929/929 930/930 931/931 932/932
v -0.289877 0.969000 -1.081837
v -0.000000 0.969000 -1.120000
v -0.000000 1.767000 -1.120000
v -0.289877 1.767000 -1.081837
vt 0.958333 0.000000
vt 1.000000 0.000000
vt 1.000000 1.000000
vt 0.958333 1.000000
f 933/933 934/934 935/935 936/936
usemtl dark
v 0.000000 1.767000 -1.120000
v 0.383063 1.767000 -1.052456
v 0.383063 1.995000 -1.052456
v 0.000000 1.995000 -1.120000
vt 0.000000 0.000000
vt 0.055556 0.000000
vt 0.055556 1.000000
vt 0.000000 1.000000
f 937/937 938/938 939/939 940/940
v 0.383063 1.767000 -1.052456
v 0.719922 1.767000 -0.857970
v 0.719922 1.995000 -0.857970
v 0.383063 1.995000 -1.052456
vt 0.055556 0.000000
vt 0.111111 0.000000
vt 0.111111 1.000000
vt 0.055556 1.000000
f 941/941 942/942 943/943 944/944
v 0.719922 1.767000 -0.857970
v 0.969948 1.767000 -0.560000
v 0.969948 1.995000 -0.560000
v 0.719922 1.995000 -0.857970
vt 0.111111 0.000000
vt 0.166667 0.000000
vt 0.166667 1.000000
vt 0.111111 1.000000
f 945/945 946/946 947/947 948/948
v 0.969948 1.767000 -0.560000
v 1.102985 1.767000 -0.194486
v 1.102985 1.995000 -0.194486
v 0.969948 1.995000 -0.560000
vt 0.166667 0.000000
vt 0.222222 0.000000
vt 0.222222 1.000000
vt 0.166667 1.000000
f 949/949 950/950 951/951 952/952
v 1.102985 1.767000 -0.194486
v 1.102985 1.767000 0.194486
v 1.102985 1.995000 0.194486
v 1.102985 1.995000 -0.194486
vt 0.222222 0.000000
vt 0.277778 0.000000
vt 0.277778 1.000000
vt 0.222222 1.000000
f 953/953 954/954 955/955 956/956
v 1.102985 1.767000 0.194486
v 0.969948 1.767000 0.560000
v 0.969948 1.995000 0.560000
v 1.102985 1.995000 0.194486
vt 0.277778 0.000000
vt 0.333333 0.000000
vt 0.333333 1.000000
vt 0.277778 1.000000
f 957/957 958/958 959/959 960/960
v 0.969948 1.767000 0.560000
v 0.719922 1.767000 0.857970
v 0.719922 1.995000 0.857970
v 0.969948 1.995000 0.560000
vt 0.333333 0.000000
vt 0.388889 0.000000
vt 0.388889 1.000000
vt 0.333333 1.000000
f 961/961 962/962 963/963 964/964
v 0.719922 1.767000 0.857970
v 0.383063 1.767000 1.052456
v 0.383063 1.995000 1.052456
v 0.719922 1.995000 0.857970
vt 0.388889 0.000000
vt 0.444444 0.000000
vt 0.444444 1.000000
vt 0.388889 1.000000
f 965/965 966/966 967/967 968/968
v 0.383063 1.767000 1.052456
v 0.000000 1.767000 1.120000
v 0.000000 1.995000 1.120000
v 0.383063 1.995000 1.052456
vt 0.444444 0.000000
vt 0.500000 0.000000
vt 0.500000 1.000000
vt 0.444444 1.000000
f 969/969 970/970 971/971 972/972
v 0.000000 1.767000 1.120000
v -0.383063 1.767000 1.052456
v -0.383063 1.995000 1.052456
v 0.000000 1.995000 1.120000
vt 0.500000 0.000000
vt 0.555556 0.000000
vt 0.555556 1.000000
vt 0.500000 1.000000
f 973/973 974/974 975/975 976/976
v -0.383063 1.767000 1.052456
v -0.719922 1.767000 0.857970
v -0.719922 1.995000 0.857970
v -0.383063 1.995000 1.052456
vt 0.555556 0.000000
vt 0.611111 0.000000
vt 0.611111 1.000000
vt 0.555556 1.000000
f 977/977 978/978 979/979 980/980
v -0.719922 1.767000 0.857970
v -0.969948 1.767000 0.560000
v -0.969948 1.995000 0.560000
v -0.719922 1.995000 0.857970
vt 0.611111 0.000000
vt 0.666667 0.000000
vt 0.666667 1.000000
vt 0.611111 1.000000
f 981/981 982/982 983/983 984/984
v -0.969948 1.767000 0.560000
v -1.102985 1.767000 0.194486
v -1.102985 1.995000 0.194486
v -0.969948 1.995000 0.560000
vt 0.666667 0.000000
vt 0.722222 0.000000
vt 0.722222 1.000000
vt 0.666667 1.000000
f 985/985 986/986 987/987 988/988
v -1.102985 1.767000 0.194486
v -1.102985 1.767000 -0.194486
v -1.102985 1.995000 -0.194486
v -1.102985 1.995000 0.194486
vt 0.722222 0.000000
vt 0.777778 0.000000
vt 0.777778 1.000000
vt 0.722222 1.000000
f 989/989 990/990 991/991 992/992
v -1.102985 1.767000 -0.194486
v -0.969948 1.767000 -0.560000
v -0.969948 1.995000 -0.560000
v -1.102985 1.995000 -0.194486
vt 0.777778 0.000000
vt 0.833333 0.000000
vt 0.833333 1.000000
vt 0.777778 1.000000
f 993/993 994/994 995/995 996/996
v -0.969948 1.767000 -0.560000
v -0.719922 1.767000 -0.857970
v -0.719922 1.995000 -0.857970
v -0.969948 1.995000 -0.560000
vt 0.833333 0.000000
vt 0.888889 0.000000
vt 0.888889 1.000000
vt 0.833333 1.000000
f 997/997 998/998 999/999 1000/1000
v -0.719922 1.767000 -0.857970
v -0.383063 1.767000 -1.052456
v -0.383063 1.995000 -1.052456
v -0.719922 1.995000 -0.857970
vt 0.888889 0.000000
vt 0.944444 0.000000
vt 0.944444 1.000000
vt 0.888889 1.000000
f 1001/1001 1002/1002 1003/1003 1004/1004
v -0.383063 1.767000 -1.052456
v -0.000000 1.767000 -1.120000
v -0.000000 1.995000 -1.120000
v -0.383063 1.995000 -1.052456
vt 0.944444 0.000000
vt 1.000000 0.000000
vt 1.000000 1.000000
vt 0.944444 1.000000
f 1005/1005 1006/1006 1007/1007 1008/1008
usemtl body
v 0.000000 1.995000 -0.985600
v 0.304567 1.995000 -0.937361
v 0.304567 2.223000 -0.937361
v 0.000000 2.223000 -0.985600
vt 0.000000 0.000000
vt 0.050000 0.000000
vt 0.050000 1.000000
vt 0.000000 1.000000
f 1009/1009 1010/1010 1011/1011 1012/1012
v 0.304567 1.995000 -0.937361
v 0.579321 1.995000 -0.797367
v 0.579321 2.223000 -0.797367
v 0.304567 2.223000 -0.937361
vt 0.050000 0.000000
vt 0.100000 0.000000
vt 0.100000 1.000000
vt 0.050000 1.000000
f 1013/1013 1014/1014 1015/1015 1016/1016
v 0.579321 1.995000 -0.797367
v 0.797367 1.995000 -0.579321
v 0.797367 2.223000 -0.579321
v 0.579321 2.223000 -0.797367
vt 0.100000 0.000000
vt 0.150000 0.000000
vt 0.150000 1.000000
vt 0.100000 1.000000
f 1017/1017 1018/1018 1019/1019 1020/1020
v 0.797367 1.995000 -0.579321
v 0.937361 1.995000 -0.304567
v 0.937361 2.223000 -0.304567
v 0.797367 2.223000 -0.579321
vt 0.150000 0.000000
vt 0.200000 0.000000
vt 0.200000 1.000000
vt 0.150000 1.000000
f 1021/1021 1022/1022 1023/1023 1024/1024
v 0.937361 1.995000 -0.304567
v 0.985600 1.995000 -0.000000
v 0.985600 2.223000 -0.000000
v 0.937361 2.223000 -0.304567
vt 0.200000 0.000000
vt 0.250000 0.000000
vt 0.250000 1.000000
vt 0.200000 1.000000
f 1025/1025 1026/1026 1027/1027 1028/1028
v 0.985600 1.995000 -0.000000
v 0.937361 1.995000 0.304567
v 0.937361 2.223000 0.304567
v 0.985600 2.223000 -0.000000
vt 0.250000 0.000000
vt 0.300000 0.000000
vt 0.300000 1.000000
vt 0.250000 1.000000
f 1029/1029 1030/1030 1031/1031 1032/1032
v 0.937361 1.995000 0.304567
v 0.797367 1.995000 0.579321
v 0.797367 2.223000 0.579321
v 0.937361 2.223000 0.304567
vt 0.300000 0.000000
vt 0.350000 0.000000
vt 0.350000 1.000000
vt 0.300000 1.000000
f 1033/1033 1034/1034 1035/1035 1036/1036
v 0.797367 1.995000 0.579321
v 0.579321 1.995000 0.797367
v 0.579321 2.223000 0.797367
v 0.797367 2.223000 0.579321
vt 0.350000 0.000000
vt 0.400000 0.000000
vt 0.400000 1.000000
vt 0.350000 1.000000
f 1037/1037 1038/1038 1039/1039 1040/1040
v 0.579321 1.995000 0.797367
v 0.304567 1.995000 0.937361
v 0.304567 2.223000 0.937361
v 0.579321 2.223000 0.797367
vt 0.400000 0.000000
vt 0.450000 0.000000
vt 0.450000 1.000000
vt 0.400000 1.000000
f 1041/1041 1042/1042 1043/1043 1044/1044
v 0.304567 1.995000 0.937361
v 0.000000 1.995000 0.985600
v 0.000000 2.223000 0.985600
v 0.304567 2.223000 0.937361
vt 0.450000 0.000000
vt 0.500000 0.000000
vt 0.500000 1.000000
vt 0.450000 1.000000
f 1045/1045 1046/1046 1047/1047 1048/1048
v 0.000000 1.995000 0.985600
v -0.304567 1.995000 0.937361
v -0.304567 2.223000 0.937361
v 0.000000 2.223000 0.985600
vt 0.500000 0.000000
vt 0.550000 0.000000
vt 0.550000 1.000000
vt 0.500000 1.000000
f 1049/1049 1050/1050 1051/1051 1052/1052
v -0.304567 1.995000 0.937361
v -0.579321 1.995000 0.797367
v -0.579321 2.223000 0.797367
v -0.304567 2.223000 0.937361
vt 0.550000 0.000000
vt 0.600000 0.000000
vt 0.600000 1.000000
vt 0.550000 1.000000
f 1053/1053 1054/1054 1055/1055 1056/1056
v -0.579321 1.995000 0.797367
v -0.797367 1.995000 0.579321
v -0.797367 2.223000 0.579321
v -0.579321 2.223000 0.797367
vt 0.600000 0.000000
vt 0.650000 0.000000
vt 0.650000 1.000000
vt 0.600000 1.000000
f 1057/1057 1058/1058 1059/1059 1060/1060
v -0.797367 1.995000 0.579321
v -0.937361 1.995000 0.304567
v -0.937361 2.223000 0.304567
v -0.797367 2.223000 0.579321
vt 0.650000 0.000000
vt 0.700000 0.000000
vt 0.700000 1.000000
vt 0.650000 1.000000
f 1061/1061 1062/1062 1063/1063 1064/1064
v -0.937361 1.995000 0.304567
v -0.985600 1.995000 0.000000
v -0.985600 2.223000 0.000000
v -0.937361 2.223000 0.304567
vt 0.700000 0.000000
vt 0.750000 0.000000
vt 0.750000 1.000000
vt 0.700000 1.000000
f 1065/1065 1066/1066 1067/1067 1068/1068
v -0.985600 1.995000 0.000000
v -0.937361 1.995000 -0.304567
v -0.937361 2.223000 -0.304567
v -0.985600 2.223000 0.000000
vt 0.750000 0.000000
vt 0.800000 0.000000
vt 0.800000 1.000000
vt 0.750000 1.000000
f 1069/1069 1070/1070 1071/1071 1072/1072
v -0.937361 1.995000 -0.304567
v -0.797367 1.995000 -0.579321
v -0.797367 2.223000 -0.579321
v -0.937361 2.223000 -0.304567
vt 0.800000 0.000000
vt 0.850000 0.000000
vt 0.850000 1.000000
vt 0.800000 1.000000
f 1073/1073 1074/1074 1075/1075 1076/1076
v -0.797367 1.995000 -0.579321
v -0.579321 1.995000 -0.797367
v -0.579321 2.223000 -0.797367
v -0.797367 2.223000 -0.579321
vt 0.850000 0.000000
vt 0.900000 0.000000
vt 0.900000 1.000000
vt 0.850000 1.000000
f 1077/1077 1078/1078 1079/1079 1080/1080
v -0.579321 1.995000 -0.797367
v -0.304567 1.995000 -0.937361
v -0.304567 2.223000 -0.937361
v -0.579321 2.223000 -0.797367
vt 0.900000 0.000000
vt 0.950000 0.000000
vt 0.950000 1.000000
vt 0.900000 1.000000
f 1081/1081 1082/1082 1083/1083 1084/1084
v -0.304567 1.995000 -0.937361
v -0.000000 1.995000 -0.985600
v -0.000000 2.223000 -0.985600
v -0.304567 2.223000 -0.937361
vt 0.950000 0.000000
vt 1.000000 0.000000
vt 1.000000 1.000000
vt 0.950000 1.000000
f 1085/1085 1086/1086 1087/1087 1088/1088
usemtl accent
v 0.000000 2.223000 -0.985600
v 0.255092 2.223000 -0.952016
v 0.002899 2.793000 -0.010818
v 0.000000 2.793000 -0.011200
vt 0.000000 0.000000
vt 0.041667 0.000000
vt 0.041667 1.000000
vt 0.000000 1.000000
f 1089/1089 1090/1090 1091/1091 1092/1092
v 0.000000 2.223000 0.000000
v 0.255092 2.223000 -0.952016
v 0.000000 2.223000 -0.985600
vt 0.000000 0.000000
vt 1.000000 0.000000
vt 1.000000 1.000000
f 1093/1093 1094/1094 1095/1095
v 0.000000 2.793000 0.000000
v 0.000000 2.793000 -0.011200
v 0.002899 2.793000 -0.010818
vt 0.000000 0.000000
vt 1.000000 0.000000
vt 1.000000 1.000000
f 1096/1096 1097/1097 1098/1098
v 0.255092 2.223000 -0.952016
v 0.492800 2.223000 -0.853555
v 0.005600 2.793000 -0.009699
v 0.002899 2.793000 -0.010818
vt 0.041667 0.000000
vt 0.083333 0.000000
vt 0.083333 1.000000
vt 0.041667 1.000000
f 1099/1099 1100/1100 1101/1101 1102/1102
v 0.000000 2.223000 0.000000
v 0.492800 2.223000 -0.853555
v 0.255092 2.223000 -0.952016
vt 0.000000 0.000000
vt 1.000000 0.000000
vt 1.000000 1.000000
f 1103/1103 1104/1104 1105/1105
v 0.000000 2.793000 0.000000
v 0.002899 2.793000 -0.010818
v 0.005600 2.793000 -0.009699
vt 0.000000 0.000000
vt 1.000000 0.000000
vt 1.000000 1.000000
f 1106/1106 1107/1107 1108/1108
v 0.492800 2.223000 -0.853555
v 0.696924 2.223000 -0.696924
v 0.007920 2.793000 -0.007920
v 0.005600 2.793000 -0.009699
vt 0.083333 0.000000
vt 0.125000 0.000000
vt 0.125000 1.000000
vt 0.083333 1.000000
f 1109/1109 1110/1110 1111/1111 1112/1112
v 0.000000 2.223000 0.000000
v 0.696924 2.223000 -0.696924
v 0.492800 2.223000 -0.853555
vt 0.000000 0.000000
vt 1.000000 0.000000
vt 1.000000 1.000000
f 1113/1113 1114/1114 1115/1115
v 0.000000 2.793000 0.000000
v 0.005600 2.793000 -0.009699
v 0.007920 2.793000 -0.007920
vt 0.000000 0.000000
vt 1.000000 0.000000
vt 1.000000 1.000000
f 1116/1116 1117/1117 1118/1118
v 0.696924 2.223000 -0.696924
v 0.853555 2.223000 -0.492800
v 0.009699 2.793000 -0.005600
v 0.007920 2.793000 -0.007920
vt 0.125000 0.000000
vt 0.166667 0.000000
vt 0.166667 1.000000
vt 0.125000 1.000000
f 1119/1119 1120/1120 1121/1121 1122/1122
v 0.000000 2.223000 0.000000
v 0.853555 2.223000 -0.492800
v 0.696924 2.223000 -0.696924
vt 0.000000 0.000000
vt 1.000000 0.000000
vt 1.000000 1.000000
f 1123/1123 1124/1124 1125/1125
v 0.000000 2.793000 0.000000
v 0.007920 2.793000 -0.007920
v 0.009699 2.793000 -0.005600
vt 0.000000 0.000000
vt 1.000000 0.000000
vt 1.000000 1.000000
f 1126/1126 1127/1127 1128/1128
v 0.853555 2.223000 -0.492800
v 0.952016 2.223000 -0.255092
v 0.010818 2.793000 -0.002899
v 0.009699 2.793000 -0.005600
vt 0.166667 0.000000
vt 0.208333 0.000000
vt 0.208333 1.000000
vt 0.166667 1.000000
f 1129/1129 1130/1130 1131/1131 1132/1132
v 0.000000 2.223000 0.000000
v 0.952016 2.223000 -0.255092
v 0.853555 2.223000 -0.492800
vt 0.000000 0.000000
vt 1.000000 0.000000
vt 1.000000 1.000000
f 1133/1133 1134/1134 1135/1135
v 0.000000 2.793000 0.000000
v 0.009699 2.793000 -0.005600
v 0.010818 2.793000 -0.002899
vt 0.000000 0.000000
vt 1.000000 0.000000
vt 1.000000 1.000000
f 1136/1136 1137/1137 1138/1138
v 0.952016 2.223000 -0.255092
v 0.985600 2.223000 -0.000000
v 0.011200 2.793000 -0.000000
v 0.010818 2.793000 -0.002899
vt 0.208333 0.000000
vt 0.250000 0.000000
vt 0.250000 1.000000
vt 0.208333 1.000000
f 1139/1139 1140/1140 1141/1141 1142/1142
v 0.000000 2.223000 0.000000
v 0.985600 2.223000 -0.000000
v 0.952016 2.223000 -0.255092
vt 0.000000 0.000000
vt 1.000000 0.000000
vt 1.000000 1.000000
f 1143/1143 1144/1144 1145/1145
v 0.000000 2.793000 0.000000
v 0.010818 2.793000 -0.002899
v 0.011200 2.793000 -0.000000
vt 0.000000 0.000000
vt 1.000000 0.000000
vt 1.000000 1.000000
f 1146/1146 1147/1147 1148/1148
v 0.985600 2.223000 -0.000000
v 0.952016 2.223000 0.255092
v 0.010818 2.793000 0.002899
v 0.011200 2.793000 -0.000000
vt 0.250000 0.000000
vt 0.291667 0.000000
vt 0.291667 1.000000
vt 0.250000 1.000000
f 1149/1149 1150/1150 1151/1151 1152/1152
v 0.000000 2.223000 0.000000
v 0.952016 2.223000 0.255092
v 0.985600 2.223000 -0.000000
vt 0.000000 0.000000
vt 1.000000 0.000000
vt 1.000000 1.000000
f 1153/1153 1154/1154 1155/1155
v 0.000000 2.793000 0.000000
v 0.011200 2.793000 -0.000000
v 0.010818 2.793000 0.002899
vt 0.000000 0.000000
vt 1.000000 0.000000
vt 1.000000 1.000000
f 1156/1156 1157/1157 1158/1158
v 0.952016 2.223000 0.255092
v 0.853555 2.223000 0.492800
v 0.009699 2.793000 0.005600
v 0.010818 2.793000 0.002899
vt 0.291667 0.000000
vt 0.333333 0.000000
vt 0.333333 1.000000
vt 0.291667 1.000000
f 1159/1159 1160/1160 1161/1161 1162/1162
v 0.000000 2.223000 0.000000
v 0.853555 2.223000 0.492800
v 0.952016 2.223000 0.255092
vt 0.000000 0.000000
vt 1.000000 0.000000
vt 1.000000 1.000000
f 1163/1163 1164/1164 1165/1165
v 0.000000 2.793000 0.000000
v 0.010818 2.793000 0.002899
v 0.009699 2.793000 0.005600
vt 0.000000 0.000000
vt 1.000000 0.000000
vt 1.000000 1.000000
f 1166/1166 1167/1167 1168/1168
v 0.853555 2.223000 0.492800
v 0.696924 2.223000 0.696924
v 0.007920 2.793000 0.007920
v 0.009699 2.793000 0.005600
vt 0.333333 0.000000
vt 0.375000 0.000000
vt 0.375000 1.000000
vt 0.333333 1.000000
f 1169/1169 1170/1170 1171/1171 1172/1172
v 0.000000 2.223000 0.000000
v 0.696924 2.223000 0.696924
v 0.853555 2.223000 0.492800
vt 0.000000 0.000000
vt 1.000000 0.000000
vt 1.000000 1.000000
f 1173/1173 1174/1174 1175/1175
v 0.000000 2.793000 0.000000
v 0.009699 2.793000 0.005600
v 0.007920 2.793000 0.007920
vt 0.000000 0.000000
vt 1.000000 0.000000
vt 1.000000 1.000000
f 1176/1176 1177/1177 1178/1178
v 0.696924 2.223000 0.696924
v 0.492800 2.223000 0.853555
v 0.005600 2.793000 0.009699
v 0.007920 2.793000 0.007920
vt 0.375000 0.000000
vt 0.416667 0.000000
vt 0.416667 1.000000
vt 0.375000 1.000000
f 1179/1179 1180/1180 1181/1181 1182/1182
v 0.000000 2.223000 0.000000
v 0.492800 2.223000 0.853555
v 0.696924 2.223000 0.696924
vt 0.000000 0.000000
vt 1.000000 0.000000
vt 1.000000 1.000000
f 1183/1183 1184/1184 1185/1185
v 0.000000 2.793000 0.000000
v 0.007920 2.793000 0.007920
v 0.005600 2.793000 0.009699
vt 0.000000 0.000000
vt 1.000000 0.000000
vt 1.000000 1.000000
f 1186/1186 1187/1187 1188/1188
v 0.492800 2.223000 0.853555
v 0.255092 2.223000 0.952016
v 0.002899 2.793000 0.010818
v 0.005600 2.793000 0.009699
vt 0.416667 0.000000
vt 0.458333 0.000000
vt 0.458333 1.000000
vt 0.416667 1.000000
f 1189/1189 1190/1190 1191/1191 1192/1192
v 0.000000 2.223000 0.000000
v 0.255092 2.223000 0.952016
v 0.492800 2.223000 0.853555
vt 0.000000 0.000000
vt 1.000000 0.000000
vt 1.000000 1.000000
f 1193/1193 1194/1194 1195/1195
v 0.000000 2.793000 0.000000
v 0.005600 2.793000 0.009699
v 0.002899 2.793000 0.010818
vt 0.000000 0.000000
vt 1.000000 0.000000
vt 1.000000 1.000000
f 1196/1196 1197/1197 1198/1198
v 0.255092 2.223000 0.952016
v 0.000000 2.223000 0.985600
v 0.000000 2.793000 0.011200
v 0.002899 2.793000 0.010818
vt 0.458333 0.000000
vt 0.500000 0.000000
vt 0.500000 1.000000
vt 0.458333 1.000000
f 1199/1199 1200/1200 1201/1201 1202/1202
v 0.000000 2.223000 0.000000
v 0.000000 2.223000 0.985600
v 0.255092 2.223000 0.952016
vt 0.000000 0.000000
vt 1.000000 0.000000
vt 1.000000 1.000000
f 1203/1203 1204/1204 1205/1205
v 0.000000 2.793000 0.000000
v 0.002899 2.793000 0.010818
v 0.000000 2.793000 0.011200
vt 0.000000 0.000000
vt 1.000000 0.000000
vt 1.000000 1.000000
f 1206/1206 1207/1207 1208/1208
v 0.000000 2.223000 0.985600
v -0.255092 2.223000 0.952016
v -0.002899 2.793000 0.010818
v 0.000000 2.793000 0.011200
vt 0.500000 0.000000
vt 0.541667 0.000000
vt 0.541667 1.000000
vt 0.500000 1.000000
f 1209/1209 1210/1210 1211/1211 1212/1212
v 0.000000 2.223000 0.000000
v -0.255092 2.223000 0.952016
v 0.000000 2.223000 0.985600
vt 0.000000 0.000000
vt 1.000000 0.000000
vt 1.000000 1.000000
f 1213/1213 1214/1214 1215/1215
v 0.000000 2.793000 0.000000
v 0.000000 2.793000 0.011200
v -0.002899 2.793000 0.010818
vt 0.000000 0.000000
vt 1.000000 0.000000
vt 1.000000 1.000000
f 1216/1216 1217/1217 1218/1218
v -0.255092 2.223000 0.952016
v -0.492800 2.223000 0.853555
v -0.005600 2.793000 0.009699
v -0.002899 2.793000 0.010818
vt 0.541667 0.000000
vt 0.583333 0.000000
vt 0.583333 1.000000
vt 0.541667 1.000000
f 1219/1219 1220/1220 1221/1221 1222/1222
v 0.000000 2.223000 0.000000
v -0.492800 2.223000 0.853555
v -0.255092 2.223000 0.952016
vt 0.000000 0.000000
vt 1.000000 0.000000
vt 1.000000 1.000000
f 1223/1223 1224/1224 1225/1225
v 0.000000 2.793000 0.000000
v -0.002899 2.793000 0.010818
v -0.005600 2.793000 0.009699
vt 0.000000 0.000000
vt 1.000000 0.000000
vt 1.000000 1.000000
f 1226/1226 1227/1227 1228/1228
v -0.492800 2.223000 0.853555
v -0.696924 2.223000 0.696924
v -0.007920 2.793000 0.007920
v -0.005600 2.793000 0.009699
vt 0.583333 0.000000
vt 0.625000 0.000000
vt 0.625000 1.000000
vt 0.583333 1.000000
f 1229/1229 1230/1230 1231/1231 1232/1232
v 0.000000 2.223000 0.000000
v -0.696924 2.223000 0.696924
v -0.492800 2.223000 0.853555
vt 0.000000 0.000000
vt 1.000000 0.000000
vt 1.000000 1.000000
f 1233/1233 1234/1234 1235/1235
v 0.000000 2.793000 0.000000
v -0.005600 2.793000 0.009699
v -0.007920 2.793000 0.007920
vt 0.000000 0.000000
vt 1.000000 0.000000
vt 1.000000 1.000000
f 1236/1236 1237/1237 1238/1238
v -0.696924 2.223000 0.696924
v -0.853555 2.223000 0.492800
v -0.009699 2.793000 0.005600
v -0.007920 2.793000 0.007920
vt 0.625000 0.000000
vt 0.666667 0.000000
vt 0.666667 1.000000
vt 0.625000 1.000000
f 1239/1239 1240/1240 1241/1241 1242/1242
v 0.000000 2.223000 0.000000
v -0.853555 2.223000 0.492800
v -0.696924 2.223000 0.696924
vt 0.000000 0.000000
vt 1.000000 0.000000
vt 1.000000 1.000000
f 1243/1243 1244/1244 1245/1245
v 0.000000 2.793000 0.000000
v -0.007920 2.793000 0.007920
v -0.009699 2.793000 0.005600
vt 0.000000 0.000000
vt 1.000000 0.000000
vt 1.000000 1.000000
f 1246/1246 1247/1247 1248/1248
v -0.853555 2.223000 0.492800
v -0.952016 2.223000 0.255092
v -0.010818 2.793000 0.002899
v -0.009699 2.793000 0.005600
vt 0.666667 0.000000
vt 0.708333 0.000000
vt 0.708333 1.000000
vt 0.666667 1.000000
f 1249/1249 1250/1250 1251/1251 1252/1252
v 0.000000 2.223000 0.000000
v -0.952016 2.223000 0.255092
v -0.853555 2.223000 0.492800
vt 0.000000 0.000000
vt 1.000000 0.000000
vt 1.000000 1.000000
f 1253/1253 1254/1254 1255/1255
v 0.000000 2.793000 0.000000
v -0.009699 2.793000 0.005600
v -0.010818 2.793000 0.002899
vt 0.000000 0.000000
vt 1.000000 0.000000
vt 1.000000 1.000000
f 1256/1256 1257/1257 1258/1258
v -0.952016 2.223000 0.255092
v -0.985600 2.223000 0.000000
v -0.011200 2.793000 0.000000
v -0.010818 2.793000 0.002899
vt 0.708333 0.000000
vt 0.750000 0.000000
vt 0.750000 1.000000
vt 0.708333 1.000000
f 1259/1259 1260/1260 1261/1261 1262/1262
v 0.000000 2.223000 0.000000
v -0.985600 2.223000 0.000000
v -0.952016 2.223000 0.255092
vt 0.000000 0.000000
vt 1.000000 0.000000
vt 1.000000 1.000000
f 1263/1263 1264/1264 1265/1265
v 0.000000 2.793000 0.000000
v -0.010818 2.793000 0.002899
v -0.011200 2.793000 0.000000
vt 0.000000 0.000000
vt 1.000000 0.000000
vt 1.000000 1.000000
f 1266/1266 1267/1267 1268/1268
v -0.985600 2.223000 0.000000
v -0.952016 2.223000 -0.255092
v -0.010818 2.793000 -0.002899
v -0.011200 2.793000 0.000000
vt 0.750000 0.000000
vt 0.791667 0.000000
vt 0.791667 1.000000
vt 0.750000 1.000000
f 1269/1269 1270/1270 1271/1271 1272/1272
v 0.000000 2.223000 0.000000
v -0.952016 2.223000 -0.255092
v -0.985600 2.223000 0.000000
vt 0.000000 0.000000
vt 1.000000 0.000000
vt 1.000000 1.000000
f 1273/1273 1274/1274 1275/1275
v 0.000000 2.793000 0.000000
v -0.011200 2.793000 0.000000
v -0.010818 2.793000 -0.002899
vt 0.000000 0.000000
vt 1.000000 0.000000
vt 1.000000 1.000000
f 1276/1276 1277/1277 1278/1278
v -0.952016 2.223000 -0.255092
v -0.853555 2.223000 -0.492800
v -0.009699 2.793000 -0.005600
v -0.010818 2.793000 -0.002899
vt 0.791667 0.000000
vt 0.833333 0.000000
vt 0.833333 1.000000
vt 0.791667 1.000000
f 1279/1279 1280/1280 1281/1281 1282/1282
v 0.000000 2.223000 0.000000
v -0.853555 2.223000 -0.492800
v -0.952016 2.223000 -0.255092
vt 0.000000 0.000000
vt 1.000000 0.000000
vt 1.000000 1.000000
f 1283/1283 1284/1284 1285/1285
v 0.000000 2.793000 0.000000
v -0.010818 2.793000 -0.002899
v -0.009699 2.793000 -0.005600
vt 0.000000 0.000000
vt 1.000000 0.000000
vt 1.000000 1.000000
f 1286/1286 1287/1287 1288/1288
v -0.853555 2.223000 -0.492800
v -0.696924 2.223000 -0.696924
v -0.007920 2.793000 -0.007920
v -0.009699 2.793000 -0.005600
vt 0.833333 0.000000
vt 0.875000 0.000000
vt 0.875000 1.000000
vt 0.833333 1.000000
f 1289/1289 1290/1290 1291/1291 1292/1292
v 0.000000 2.223000 0.000000
v -0.696924 2.223000 -0.696924
v -0.853555 2.223000 -0.492800
vt 0.000000 0.000000
vt 1.000000 0.000000
vt 1.000000 1.000000
f 1293/1293 1294/1294 1295/1295
v 0.000000 2.793000 0.000000
v -0.009699 2.793000 -0.005600
v -0.007920 2.793000 -0.007920
vt 0.000000 0.000000
vt 1.000000 0.000000
vt 1.000000 1.000000
f 1296/1296 1297/1297 1298/1298
v -0.696924 2.223000 -0.696924
v -0.492800 2.223000 -0.853555
v -0.005600 2.793000 -0.009699
v -0.007920 2.793000 -0.007920
vt 0.875000 0.000000
vt 0.916667 0.000000
vt 0.916667 1.000000
vt 0.875000 1.000000
f 1299/1299 1300/1300 1301/1301 1302/1302
v 0.000000 2.223000 0.000000
v -0.492800 2.223000 -0.853555
v -0.696924 2.223000 -0.696924
vt 0.000000 0.000000
vt 1.000000 0.000000
vt 1.000000 1.000000
f 1303/1303 1304/1304 1305/1305
v 0.000000 2.793000 0.000000
v -0.007920 2.793000 -0.007920
v -0.005600 2.793000 -0.009699
vt 0.000000 0.000000
vt 1.000000 0.000000
vt 1.000000 1.000000
f 1306/1306 1307/1307 1308/1308
v -0.492800 2.223000 -0.853555
v -0.255092 2.223000 -0.952016
v -0.002899 2.793000 -0.010818
v -0.005600 2.793000 -0.009699
vt 0.916667 0.000000
vt 0.958333 0.000000
vt 0.958333 1.000000
vt 0.916667 1.000000
f 1309/1309 1310/1310 1311/1311 1312/1312
v 0.000000 2.223000 0.000000
v -0.255092 2.223000 -0.952016
v -0.492800 2.223000 -0.853555
vt 0.000000 0.000000
vt 1.000000 0.000000
vt 1.000000 1.000000
f 1313/1313 1314/1314 1315/1315
v 0.000000 2.793000 0.000000
v -0.005600 2.793000 -0.009699
v -0.002899 2.793000 -0.010818
vt 0.000000 0.000000
vt 1.000000 0.000000
vt 1.000000 1.000000
f 1316/1316 1317/1317 1318/1318
v -0.255092 2.223000 -0.952016
v -0.000000 2.223000 -0.985600
v -0.000000 2.793000 -0.011200
v -0.002899 2.793000 -0.010818
vt 0.958333 0.000000
vt 1.000000 0.000000
vt 1.000000 1.000000
vt 0.958333 1.000000
f 1319/1319 1320/1320 1321/1321 1322/1322
v 0.000000 2.223000 0.000000
v -0.000000 2.223000 -0.985600
v -0.255092 2.223000 -0.952016
vt 0.000000 0.000000
vt 1.000000 0.000000
vt 1.000000 1.000000
f 1323/1323 1324/1324 1325/1325
v 0.000000 2.793000 0.000000
v -0.002899 2.793000 -0.010818
v -0.000000 2.793000 -0.011200
vt 0.000000 0.000000
vt 1.000000 0.000000
vt 1.000000 1.000000
f 1326/1326 1327/1327 1328/1328
usemtl dark
v 1.232000 -2.223000 -0.201600
v 1.736000 -2.223000 -0.201600
v 1.736000 1.653000 -0.201600
v 1.232000 1.653000 -0.201600
vt 0.000000 0.000000
vt 1.000000 0.000000
vt 1.000000 1.000000
vt 0.000000 1.000000
f 1329/1329 1330/1330 1331/1331 1332/1332
v 1.736000 -2.223000 0.201600
v 1.232000 -2.223000 0.201600
v 1.232000 1.653000 0.201600
v 1.736000 1.653000 0.201600
vt 0.000000 0.000000
vt 1.000000 0.000000
vt 1.000000 1.000000
vt 0.000000 1.000000
f 1333/1333 1334/1334 1335/1335 1336/1336
v 1.232000 -2.223000 0.201600
v 1.232000 -2.223000 -0.201600
v 1.232000 1.653000 -0.201600
v 1.232000 1.653000 0.201600
vt 0.000000 0.000000
vt 1.000000 0.000000
vt 1.000000 1.000000
vt 0.000000 1.000000
f 1337/1337 1338/1338 1339/1339 1340/1340
v 1.736000 -2.223000 -0.201600
v 1.736000 -2.223000 0.201600
v 1.736000 1.653000 0.201600
v 1.736000 1.653000 -0.201600
vt 0.000000 0.000000
vt 1.000000 0.000000
vt 1.000000 1.000000
vt 0.000000 1.000000
f 1341/1341 1342/1342 1343/1343 1344/1344
v 1.232000 1.653000 -0.201600
v 1.736000 1.653000 -0.201600
v 1.736000 1.653000 0.201600
v 1.232000 1.653000 0.201600
vt 0.000000 0.000000
vt 1.000000 0.000000
vt 1.000000 1.000000
vt 0.000000 1.000000
f 1345/1345 1346/1346 1347/1347 1348/1348
v 1.232000 -2.223000 0.201600
v 1.736000 -2.223000 0.201600
v 1.736000 -2.223000 -0.201600
v 1.232000 -2.223000 -0.201600
vt 0.000000 0.000000
vt 1.000000 0.000000
vt 1.000000 1.000000
vt 0.000000 1.000000
f 1349/1349 1350/1350 1351/1351 1352/1352
usemtl accent
v 0.000000 -1.995000 -1.702400
v 0.378820 -1.995000 -1.659717
v 0.378820 -1.943700 -1.659717
v 0.000000 -1.943700 -1.702400
vt 0.000000 0.000000
vt 0.035714 0.000000
vt 0.035714 1.000000
vt 0.000000 1.000000
f 1353/1353 1354/1354 1355/1355 1356/1356
v 0.378820 -1.995000 -1.659717
v 0.738644 -1.995000 -1.533809
v 0.738644 -1.943700 -1.533809
v 0.378820 -1.943700 -1.659717
vt 0.035714 0.000000
vt 0.071429 0.000000
vt 0.071429 1.000000
vt 0.035714 1.000000
f 1357/1357 1358/1358 1359/1359 1360/1360
v 0.738644 -1.995000 -1.533809
v 1.061429 -1.995000 -1.330990
v 1.061429 -1.943700 -1.330990
v 0.738644 -1.943700 -1.533809
vt 0.071429 0.000000
vt 0.107143 0.000000
vt 0.107143 1.000000
vt 0.071429 1.000000
f 1361/1361 1362/1362 1363/1363 1364/1364
v 1.061429 -1.995000 -1.330990
v 1.330990 -1.995000 -1.061429
v 1.330990 -1.943700 -1.061429
v 1.061429 -1.943700 -1.330990
vt 0.107143 0.000000
vt 0.142857 0.000000
vt 0.142857 1.000000
vt 0.107143 1.000000
f 1365/1365 1366/1366 1367/1367 1368/1368
v 1.330990 -1.995000 -1.061429
v 1.533809 -1.995000 -0.738644
v 1.533809 -1.943700 -0.738644
v 1.330990 -1.943700 -1.061429
vt 0.142857 0.000000
vt 0.178571 0.000000
vt 0.178571 1.000000
vt 0.142857 1.000000
f 1369/1369 1370/1370 1371/1371 1372/1372
v 1.533809 -1.995000 -0.738644
v 1.659717 -1.995000 -0.378820
v 1.659717 -1.943700 -0.378820
v 1.533809 -1.943700 -0.738644
vt 0.178571 0.000000
vt 0.214286 0.000000
vt 0.214286 1.000000
vt 0.178571 1.000000
f 1373/1373 1374/1374 1375/1375 1376/1376
v 1.659717 -1.995000 -0.378820
v 1.702400 -1.995000 -0.000000
v 1.702400 -1.943700 -0.000000
v 1.659717 -1.943700 -0.378820
vt 0.214286 0.000000
vt 0.250000 0.000000
vt 0.250000 1.000000
vt 0.214286 1.000000
f 1377/1377 1378/1378 1379/1379 1380/1380
v 1.702400 -1.995000 -0.000000
v 1.659717 -1.995000 0.378820
v 1.659717 -1.943700 0.378820
v 1.702400 -1.943700 -0.000000
vt 0.250000 0.000000
vt 0.285714 0.000000
vt 0.285714 1.000000
vt 0.250000 1.000000
f 1381/1381 1382/1382 1383/1383 1384/1384
v 1.659717 -1.995000 0.378820
v 1.533809 -1.995000 0.738644
v 1.533809 -1.943700 0.738644
v 1.659717 -1.943700 0.378820
vt 0.285714 0.000000
vt 0.321429 0.000000
vt 0.321429 1.000000
vt 0.285714 1.000000
f 1385/1385 1386/1386 1387/1387 1388/1388
v 1.533809 -1.995000 0.738644
v 1.330990 -1.995000 1.061429
v 1.330990 -1.943700 1.061429
v 1.533809 -1.943700 0.738644
vt 0.321429 0.000000
vt 0.357143 0.000000
vt 0.357143 1.000000
vt 0.321429 1.000000
f 1389/1389 1390/1390 1391/1391 1392/1392
v 1.330990 -1.995000 1.061429
v 1.061429 -1.995000 1.330990
v 1.061429 -1.943700 1.330990
v 1.330990 -1.943700 1.061429
vt 0.357143 0.000000
vt 0.392857 0.000000
vt 0.392857 1.000000
vt 0.357143 1.000000
f 1393/1393 1394/1394 1395/1395 1396/1396
v 1.061429 -1.995000 1.330990
v 0.738644 -1.995000 1.533809
v 0.738644 -1.943700 1.533809
v 1.061429 -1.943700 1.330990
vt 0.392857 0.000000
vt 0.428571 0.000000
vt 0.428571 1.000000
vt 0.392857 1.000000
f 1397/1397 1398/1398 1399/1399 1400/1400
v 0.738644 -1.995000 1.533809
v 0.378820 -1.995000 1.659717
v 0.378820 -1.943700 1.659717
v 0.738644 -1.943700 1.533809
vt 0.428571 0.000000
vt 0.464286 0.000000
vt 0.464286 1.000000
vt 0.428571 1.000000
f 1401/1401 1402/1402 1403/1403 1404/1404
v 0.378820 -1.995000 1.659717
v 0.000000 -1.995000 1.702400
v 0.000000 -1.943700 1.702400
v 0.378820 -1.943700 1.659717
vt 0.464286 0.000000
vt 0.500000 0.000000
vt 0.500000 1.000000
vt 0.464286 1.000000
f 1405/1405 1406/1406 1407/1407 1408/1408
v 0.000000 -1.995000 1.702400
v -0.378820 -1.995000 1.659717
v -0.378820 -1.943700 1.659717
v 0.000000 -1.943700 1.702400
vt 0.500000 0.000000
vt 0.535714 0.000000
vt 0.535714 1.000000
vt 0.500000 1.000000
f 1409/1409 1410/1410 1411/1411 1412/1412
v -0.378820 -1.995000 1.659717
v -0.738644 -1.995000 1.533809
v -0.738644 -1.943700 1.533809
v -0.378820 -1.943700 1.659717
vt 0.535714 0.000000
vt 0.571429 0.000000
vt 0.571429 1.000000
vt 0.535714 1.000000
f 1413/1413 1414/1414 1415/1415 1416/1416
v -0.738644 -1.995000 1.533809
v -1.061429 -1.995000 1.330990
v -1.061429 -1.943700 1.330990
v -0.738644 -1.943700 1.533809
vt 0.571429 0.000000
vt 0.607143 0.000000
vt 0.607143 1.000000
vt 0.571429 1.000000
f 1417/1417 1418/1418 1419/1419 1420/1420
v -1.061429 -1.995000 1.330990
v -1.330990 -1.995000 1.061429
v -1.330990 -1.943700 1.061429
v -1.061429 -1.943700 1.330990
vt 0.607143 0.000000
vt 0.642857 0.000000
vt 0.642857 1.000000
vt 0.607143 1.000000
f 1421/1421 1422/1422 1423/1423 1424/1424
v -1.330990 -1.995000 1.061429
v -1.533809 -1.995000 0.738644
v -1.533809 -1.943700 0.738644
v -1.330990 -1.943700 1.061429
vt 0.642857 0.000000
vt 0.678571 0.000000
vt 0.678571 1.000000
vt 0.642857 1.000000
f 1425/1425 1426/1426 1427/1427 1428/1428
v -1.533809 -1.995000 0.738644
v -1.659717 -1.995000 0.378820
v -1.659717 -1.943700 0.378820
v -1.533809 -1.943700 0.738644
vt 0.678571 0.000000
vt 0.714286 0.000000
vt 0.714286 1.000000
vt 0.678571 1.000000
f 1429/1429 1430/1430 1431/1431 1432/1432
v -1.659717 -1.995000 0.378820
v -1.702400 -1.995000 0.000000
v -1.702400 -1.943700 0.000000
v -1.659717 -1.943700 0.378820
vt 0.714286 0.000000
vt 0.750000 0.000000
vt 0.750000 1.000000
vt 0.714286 1.000000
f 1433/1433 1434/1434 1435/1435 1436/1436
v -1.702400 -1.995000 0.000000
v -1.659717 -1.995000 -0.378820
v -1.659717 -1.943700 -0.378820
v -1.702400 -1.943700 0.000000
vt 0.750000 0.000000
vt 0.785714 0.000000
vt 0.785714 1.000000
vt 0.750000 1.000000
f 1437/1437 1438/1438 1439/1439 1440/1440
v -1.659717 -1.995000 -0.378820
v -1.533809 -1.995000 -0.738644
v -1.533809 -1.943700 -0.738644
v -1.659717 -1.943700 -0.378820
vt 0.785714 0.000000
vt 0.821429 0.000000
vt 0.821429 1.000000
vt 0.785714 1.000000
f 1441/1441 1442/1442 1443/1443 1444/1444
v -1.533809 -1.995000 -0.738644
v -1.330990 -1.995000 -1.061429
v -1.330990 -1.943700 -1.061429
v -1.533809 -1.943700 -0.738644
vt 0.821429 0.000000
vt 0.857143 0.000000
vt 0.857143 1.000000
vt 0.821429 1.000000
f 1445/1445 1446/1446 1447/1447 1448/1448
v -1.330990 -1.995000 -1.061429
v -1.061429 -1.995000 -1.330990
v -1.061429 -1.943700 -1.330990
v -1.330990 -1.943700 -1.061429
vt 0.857143 0.000000
vt 0.892857 0.000000
vt 0.892857 1.000000
vt 0.857143 1.000000
f 1449/1449 1450/1450 1451/1451 1452/1452
v -1.061429 -1.995000 -1.330990
v -0.738644 -1.995000 -1.533809
v -0.738644 -1.943700 -1.533809
v -1.061429 -1.943700 -1.330990
vt 0.892857 0.000000
vt 0.928571 0.000000
vt 0.928571 1.000000
vt 0.892857 1.000000
f 1453/1453 1454/1454 1455/1455 1456/1456
v -0.738644 -1.995000 -1.533809
v -0.378820 -1.995000 -1.659717
v -0.378820 -1.943700 -1.659717
v -0.738644 -1.943700 -1.533809
vt 0.928571 0.000000
vt 0.964286 0.000000
vt 0.964286 1.000000
vt 0.928571 1.000000
f 1457/1457 1458/1458 1459/1459 1460/1460
v -0.378820 -1.995000 -1.659717
v -0.000000 -1.995000 -1.702400
v -0.000000 -1.943700 -1.702400
v -0.378820 -1.943700 -1.659717
vt 0.964286 0.000000
vt 1.000000 0.000000
vt 1.000000 1.000000
vt 0.964286 1.000000
f 1461/1461 1462/1462 1463/1463 1464/1464
v 0.000000 -1.140000 -1.702400
v 0.378820 -1.140000 -1.659717
v 0.378820 -1.088700 -1.659717
v 0.000000 -1.088700 -1.702400
vt 0.000000 0.000000
vt 0.035714 0.000000
vt 0.035714 1.000000
vt 0.000000 1.000000
f 1465/1465 1466/1466 1467/1467 1468/1468
v 0.378820 -1.140000 -1.659717
v 0.738644 -1.140000 -1.533809
v 0.738644 -1.088700 -1.533809
v 0.378820 -1.088700 -1.659717
vt 0.035714 0.000000
vt 0.071429 0.000000
vt 0.071429 1.000000
vt 0.035714 1.000000
f 1469/1469 1470/1470 1471/1471 1472/1472
v 0.738644 -1.140000 -1.533809
v 1.061429 -1.140000 -1.330990
v 1.061429 -1.088700 -1.330990
v 0.738644 -1.088700 -1.533809
vt 0.071429 0.000000
vt 0.107143 0.000000
vt 0.107143 1.000000
vt 0.071429 1.000000
f 1473/1473 1474/1474 1475/1475 1476/1476
v 1.061429 -1.140000 -1.330990
v 1.330990 -1.140000 -1.061429
v 1.330990 -1.088700 -1.061429
v 1.061429 -1.088700 -1.330990
vt 0.107143 0.000000
vt 0.142857 0.000000
vt 0.142857 1.000000
vt 0.107143 1.000000
f 1477/1477 1478/1478 1479/1479 1480/1480
v 1.330990 -1.140000 -1.061429
v 1.533809 -1.140000 -0.738644
v 1.533809 -1.088700 -0.738644
v 1.330990 -1.088700 -1.061429
vt 0.142857 0.000000
vt 0.178571 0.000000
vt 0.178571 1.000000
vt 0.142857 1.000000
f 1481/1481 1482/1482 1483/1483 1484/1484
v 1.533809 -1.140000 -0.738644
v 1.659717 -1.140000 -0.378820
v 1.659717 -1.088700 -0.378820
v 1.533809 -1.088700 -0.738644
vt 0.178571 0.000000
vt 0.214286 0.000000
vt 0.214286 1.000000
vt 0.178571 1.000000
f 1485/1485 1486/1486 1487/1487 1488/1488
v 1.659717 -1.140000 -0.378820
v 1.702400 -1.140000 -0.000000
v 1.702400 -1.088700 -0.000000
v 1.659717 -1.088700 -0.378820
vt 0.214286 0.000000
vt 0.250000 0.000000
vt 0.250000 1.000000
vt 0.214286 1.000000
f 1489/1489 1490/1490 1491/1491 1492/1492
v 1.702400 -1.140000 -0.000000
v 1.659717 -1.140000 0.378820
v 1.659717 -1.088700 0.378820
v 1.702400 -1.088700 -0.000000
vt 0.250000 0.000000
vt 0.285714 0.000000
vt 0.285714 1.000000
vt 0.250000 1.000000
f 1493/1493 1494/1494 1495/1495 1496/1496
v 1.659717 -1.140000 0.378820
v 1.533809 -1.140000 0.738644
v 1.533809 -1.088700 0.738644
v 1.659717 -1.088700 0.378820
vt 0.285714 0.000000
vt 0.321429 0.000000
vt 0.321429 1.000000
vt 0.285714 1.000000
f 1497/1497 1498/1498 1499/1499 1500/1500
v 1.533809 -1.140000 0.738644
v 1.330990 -1.140000 1.061429
v 1.330990 -1.088700 1.061429
v 1.533809 -1.088700 0.738644
vt 0.321429 0.000000
vt 0.357143 0.000000
vt 0.357143 1.000000
vt 0.321429 1.000000
f 1501/1501 1502/1502 1503/1503 1504/1504
v 1.330990 -1.140000 1.061429
v 1.061429 -1.140000 1.330990
v 1.061429 -1.088700 1.330990
v 1.330990 -1.088700 1.061429
vt 0.357143 0.000000
vt 0.392857 0.000000
vt 0.392857 1.000000
vt 0.357143 1.000000
f 1505/1505 1506/1506 1507/1507 1508/1508
v 1.061429 -1.140000 1.330990
v 0.738644 -1.140000 1.533809
v 0.738644 -1.088700 1.533809
v 1.061429 -1.088700 1.330990
vt 0.392857 0.000000
vt 0.428571 0.000000
vt 0.428571 1.000000
vt 0.392857 1.000000
f 1509/1509 1510/1510 1511/1511 1512/1512
v 0.738644 -1.140000 1.533809
v 0.378820 -1.140000 1.659717
v 0.378820 -1.088700 1.659717
v 0.738644 -1.088700 1.533809
vt 0.428571 0.000000
vt 0.464286 0.000000
vt 0.464286 1.000000
vt 0.428571 1.000000
f 1513/1513 1514/1514 1515/1515 1516/1516
v 0.378820 -1.140000 1.659717
v 0.000000 -1.140000 1.702400
v 0.000000 -1.088700 1.702400
v 0.378820 -1.088700 1.659717
vt 0.464286 0.000000
vt 0.500000 0.000000
vt 0.500000 1.000000
vt 0.464286 1.000000
f 1517/1517 1518/1518 1519/1519 1520/1520
v 0.000000 -1.140000 1.702400
v -0.378820 -1.140000 1.659717
v -0.378820 -1.088700 1.659717
v 0.000000 -1.088700 1.702400
vt 0.500000 0.000000
vt 0.535714 0.000000
vt 0.535714 1.000000
vt 0.500000 1.000000
f 1521/1521 1522/1522 1523/1523 1524/1524
v -0.378820 -1.140000 1.659717
v -0.738644 -1.140000 1.533809
v -0.738644 -1.088700 1.533809
v -0.378820 -1.088700 1.659717
vt 0.535714 0.000000
vt 0.571429 0.000000
vt 0.571429 1.000000
vt 0.535714 1.000000
f 1525/1525 1526/1526 1527/1527 1528/1528
v -0.738644 -1.140000 1.533809
v -1.061429 -1.140000 1.330990
v -1.061429 -1.088700 1.330990
v -0.738644 -1.088700 1.533809
vt 0.571429 0.000000
vt 0.607143 0.000000
vt 0.607143 1.000000
vt 0.571429 1.000000
f 1529/1529 1530/1530 1531/1531 1532/1532
v -1.061429 -1.140000 1.330990
v -1.330990 -1.140000 1.061429
v -1.330990 -1.088700 1.061429
v -1.061429 -1.088700 1.330990
vt 0.607143 0.000000
vt 0.642857 0.000000
vt 0.642857 1.000000
vt 0.607143 1.000000
f 1533/1533 1534/1534 1535/1535 1536/1536
v -1.330990 -1.140000 1.061429
v -1.533809 -1.140000 0.738644
v -1.533809 -1.088700 0.738644
v -1.330990 -1.088700 1.061429
vt 0.642857 0.000000
vt 0.678571 0.000000
vt 0.678571 1.000000
vt 0.642857 1.000000
f 1537/1537 1538/1538 1539/1539 1540/1540
v -1.533809 -1.140000 0.738644
v -1.659717 -1.140000 0.378820
v -1.659717 -1.088700 0.378820
v -1.533809 -1.088700 0.738644
vt 0.678571 0.000000
vt 0.714286 0.000000
vt 0.714286 1.000000
vt 0.678571 1.000000
f 1541/1541 1542/1542 1543/1543 1544/1544
v -1.659717 -1.140000 0.378820
v -1.702400 -1.140000 0.000000
v -1.702400 -1.088700 0.000000
v -1.659717 -1.088700 0.378820
vt 0.714286 0.000000
vt 0.750000 0.000000
vt 0.750000 1.000000
vt 0.714286 1.000000
f 1545/1545 1546/1546 1547/1547 1548/1548
v -1.702400 -1.140000 0.000000
v -1.659717 -1.140000 -0.378820
v -1.659717 -1.088700 -0.378820
v -1.702400 -1.088700 0.000000
vt 0.750000 0.000000
vt 0.785714 0.000000
vt 0.785714 1.000000
vt 0.750000 1.000000
f 1549/1549 1550/1550 1551/1551 1552/1552
v -1.659717 -1.140000 -0.378820
v -1.533809 -1.140000 -0.738644
v -1.533809 -1.088700 -0.738644
v -1.659717 -1.088700 -0.378820
vt 0.785714 0.000000
vt 0.821429 0.000000
vt 0.821429 1.000000
vt 0.785714 1.000000
f 1553/1553 1554/1554 1555/1555 1556/1556
v -1.533809 -1.140000 -0.738644
v -1.330990 -1.140000 -1.061429
v -1.330990 -1.088700 -1.061429
v -1.533809 -1.088700 -0.738644
vt 0.821429 0.000000
vt 0.857143 0.000000
vt 0.857143 1.000000
vt 0.821429 1.000000
f 1557/1557 1558/1558 1559/1559 1560/1560
v -1.330990 -1.140000 -1.061429
v -1.061429 -1.140000 -1.330990
v -1.061429 -1.088700 -1.330990
v -1.330990 -1.088700 -1.061429
vt 0.857143 0.000000
vt 0.892857 0.000000
vt 0.892857 1.000000
vt 0.857143 1.000000
f 1561/1561 1562/1562 1563/1563 1564/1564
v -1.061429 -1.140000 -1.330990
v -0.738644 -1.140000 -1.533809
v -0.738644 -1.088700 -1.533809
v -1.061429 -1.088700 -1.330990
vt 0.892857 0.000000
vt 0.928571 0.000000
vt 0.928571 1.000000
vt 0.892857 1.000000
f 1565/1565 1566/1566 1567/1567 1568/1568
v -0.738644 -1.140000 -1.533809
v -0.378820 -1.140000 -1.659717
v -0.378820 -1.088700 -1.659717
v -0.738644 -1.088700 -1.533809
vt 0.928571 0.000000
vt 0.964286 0.000000
vt 0.964286 1.000000
vt 0.928571 1.000000
f 1569/1569 1570/1570 1571/1571 1572/1572
v -0.378820 -1.140000 -1.659717
v -0.000000 -1.140000 -1.702400
v -0.000000 -1.088700 -1.702400
v -0.378820 -1.088700 -1.659717
vt 0.964286 0.000000
vt 1.000000 0.000000
vt 1.000000 1.000000
vt 0.964286 1.000000
f 1573/1573 1574/1574 1575/1575 1576/1576
v 0.000000 0.000000 -1.702400
v 0.378820 0.000000 -1.659717
v 0.378820 0.051300 -1.659717
v 0.000000 0.051300 -1.702400
vt 0.000000 0.000000
vt 0.035714 0.000000
vt 0.035714 1.000000
vt 0.000000 1.000000
f 1577/1577 1578/1578 1579/1579 1580/1580
v 0.378820 0.000000 -1.659717
v 0.738644 0.000000 -1.533809
v 0.738644 0.051300 -1.533809
v 0.378820 0.051300 -1.659717
vt 0.035714 0.000000
vt 0.071429 0.000000
vt 0.071429 1.000000
vt 0.035714 1.000000
f 1581/1581 1582/1582 1583/1583 1584/1584
v 0.738644 0.000000 -1.533809
v 1.061429 0.000000 -1.330990
v 1.061429 0.051300 -1.330990
v 0.738644 0.051300 -1.533809
vt 0.071429 0.000000
vt 0.107143 0.000000
vt 0.107143 1.000000
vt 0.071429 1.000000
f 1585/1585 1586/1586 1587/1587 1588/1588
v 1.061429 0.000000 -1.330990
v 1.330990 0.000000 -1.061429
v 1.330990 0.051300 -1.061429
v 1.061429 0.051300 -1.330990
vt 0.107143 0.000000
vt 0.142857 0.000000
vt 0.142857 1.000000
vt 0.107143 1.000000
f 1589/1589 1590/1590 1591/1591 1592/1592
v 1.330990 0.000000 -1.061429
v 1.533809 0.000000 -0.738644
v 1.533809 0.051300 -0.738644
v 1.330990 0.051300 -1.061429
vt 0.142857 0.000000
vt 0.178571 0.000000
vt 0.178571 1.000000
vt 0.142857 1.000000
f 1593/1593 1594/1594 1595/1595 1596/1596
v 1.533809 0.000000 -0.738644
v 1.659717 0.000000 -0.378820
v 1.659717 0.051300 -0.378820
v 1.533809 0.051300 -0.738644
vt 0.178571 0.000000
vt 0.214286 0.000000
vt 0.214286 1.000000
vt 0.178571 1.000000
f 1597/1597 1598/1598 1599/1599 1600/1600
v 1.659717 0.000000 -0.378820
v 1.702400 0.000000 -0.000000
v 1.702400 0.051300 -0.000000
v 1.659717 0.051300 -0.378820
vt 0.214286 0.000000
vt 0.250000 0.000000
vt 0.250000 1.000000
vt 0.214286 1.000000
f 1601/1601 1602/1602 1603/1603 1604/1604
v 1.702400 0.000000 -0.000000
v 1.659717 0.000000 0.378820
v 1.659717 0.051300 0.378820
v 1.702400 0.051300 -0.000000
vt 0.250000 0.000000
vt 0.285714 0.000000
vt 0.285714 1.000000
vt 0.250000 1.000000
f 1605/1605 1606/1606 1607/1607 1608/1608
v 1.659717 0.000000 0.378820
v 1.533809 0.000000 0.738644
v 1.533809 0.051300 0.738644
v 1.659717 0.051300 0.378820
vt 0.285714 0.000000
vt 0.321429 0.000000
vt 0.321429 1.000000
vt 0.285714 1.000000
f 1609/1609 1610/1610 1611/1611 1612/1612
v 1.533809 0.000000 0.738644
v 1.330990 0.000000 1.061429
v 1.330990 0.051300 1.061429
v 1.533809 0.051300 0.738644
vt 0.321429 0.000000
vt 0.357143 0.000000
vt 0.357143 1.000000
vt 0.321429 1.000000
f 1613/1613 1614/1614 1615/1615 1616/1616
v 1.330990 0.000000 1.061429
v 1.061429 0.000000 1.330990
v 1.061429 0.051300 1.330990
v 1.330990 0.051300 1.061429
vt 0.357143 0.000000
vt 0.392857 0.000000
vt 0.392857 1.000000
vt 0.357143 1.000000
f 1617/1617 1618/1618 1619/1619 1620/1620
v 1.061429 0.000000 1.330990
v 0.738644 0.000000 1.533809
v 0.738644 0.051300 1.533809
v 1.061429 0.051300 1.330990
vt 0.392857 0.000000
vt 0.428571 0.000000
vt 0.428571 1.000000
vt 0.392857 1.000000
f 1621/1621 1622/1622 1623/1623 1624/1624
v 0.738644 0.000000 1.533809
v 0.378820 0.000000 1.659717
v 0.378820 0.051300 1.659717
v 0.738644 0.051300 1.533809
vt 0.428571 0.000000
vt 0.464286 0.000000
vt 0.464286 1.000000
vt 0.428571 1.000000
f 1625/1625 1626/1626 1627/1627 1628/1628
v 0.378820 0.000000 1.659717
v 0.000000 0.000000 1.702400
v 0.000000 0.051300 1.702400
v 0.378820 0.051300 1.659717
vt 0.464286 0.000000
vt 0.500000 0.000000
vt 0.500000 1.000000
vt 0.464286 1.000000
f 1629/1629 1630/1630 1631/1631 1632/1632
v 0.000000 0.000000 1.702400
v -0.378820 0.000000 1.659717
v -0.378820 0.051300 1.659717
v 0.000000 0.051300 1.702400
vt 0.500000 0.000000
vt 0.535714 0.000000
vt 0.535714 1.000000
vt 0.500000 1.000000
f 1633/1633 1634/1634 1635/1635 1636/1636
v -0.378820 0.000000 1.659717
v -0.738644 0.000000 1.533809
v -0.738644 0.051300 1.533809
v -0.378820 0.051300 1.659717
vt 0.535714 0.000000
vt 0.571429 0.000000
vt 0.571429 1.000000
vt 0.535714 1.000000
f 1637/1637 1638/1638 1639/1639 1640/1640
v -0.738644 0.000000 1.533809
v -1.061429 0.000000 1.330990
v -1.061429 0.051300 1.330990
v -0.738644 0.051300 1.533809
vt 0.571429 0.000000
vt 0.607143 0.000000
vt 0.607143 1.000000
vt 0.571429 1.000000
f 1641/1641 1642/1642 1643/1643 1644/1644
v -1.061429 0.000000 1.330990
v -1.330990 0.000000 1.061429
v -1.330990 0.051300 1.061429
v -1.061429 0.051300 1.330990
vt 0.607143 0.000000
vt 0.642857 0.000000
vt 0.642857 1.000000
vt 0.607143 1.000000
f 1645/1645 1646/1646 1647/1647 1648/1648
v -1.330990 0.000000 1.061429
v -1.533809 0.000000 0.738644
v -1.533809 0.051300 0.738644
v -1.330990 0.051300 1.061429
vt 0.642857 0.000000
vt 0.678571 0.000000
vt 0.678571 1.000000
vt 0.642857 1.000000
f 1649/1649 1650/1650 1651/1651 1652/1652
v -1.533809 0.000000 0.738644
v -1.659717 0.000000 0.378820
v -1.659717 0.051300 0.378820
v -1.533809 0.051300 0.738644
vt 0.678571 0.000000
vt 0.714286 0.000000
vt 0.714286 1.000000
vt 0.678571 1.000000
f 1653/1653 1654/1654 1655/1655 1656/1656
v -1.659717 0.000000 0.378820
v -1.702400 0.000000 0.000000
v -1.702400 0.051300 0.000000
v -1.659717 0.051300 0.378820
vt 0.714286 0.000000
vt 0.750000 0.000000
vt 0.750000 1.000000
vt 0.714286 1.000000
f 1657/1657 1658/1658 1659/1659 1660/1660
v -1.702400 0.000000 0.000000
v -1.659717 0.000000 -0.378820
v -1.659717 0.051300 -0.378820
v -1.702400 0.051300 0.000000
vt 0.750000 0.000000
vt 0.785714 0.000000
vt 0.785714 1.000000
vt 0.750000 1.000000
f 1661/1661 1662/1662 1663/1663 1664/1664
v -1.659717 0.000000 -0.378820
v -1.533809 0.000000 -0.738644
v -1.533809 0.051300 -0.738644
v -1.659717 0.051300 -0.378820
vt 0.785714 0.000000
vt 0.821429 0.000000
vt 0.821429 1.000000
vt 0.785714 1.000000
f 1665/1665 1666/1666 1667/1667 1668/1668
v -1.533809 0.000000 -0.738644
v -1.330990 0.000000 -1.061429
v -1.330990 0.051300 -1.061429
v -1.533809 0.051300 -0.738644
vt 0.821429 0.000000
vt 0.857143 0.000000
vt 0.857143 1.000000
vt 0.821429 1.000000
f 1669/1669 1670/1670 1671/1671 1672/1672
v -1.330990 0.000000 -1.061429
v -1.061429 0.000000 -1.330990
v -1.061429 0.051300 -1.330990
v -1.330990 0.051300 -1.061429
vt 0.857143 0.000000
vt 0.892857 0.000000
vt 0.892857 1.000000
vt 0.857143 1.000000
f 1673/1673 1674/1674 1675/1675 1676/1676
v -1.061429 0.000000 -1.330990
v -0.738644 0.000000 -1.533809
v -0.738644 0.051300 -1.533809
v -1.061429 0.051300 -1.330990
vt 0.892857 0.000000
vt 0.928571 0.000000
vt 0.928571 1.000000
vt 0.892857 1.000000
f 1677/1677 1678/1678 1679/1679 1680/1680
v -0.738644 0.000000 -1.533809
v -0.378820 0.000000 -1.659717
v -0.378820 0.051300 -1.659717
v -0.738644 0.051300 -1.533809
vt 0.928571 0.000000
vt 0.964286 0.000000
vt 0.964286 1.000000
vt 0.928571 1.000000
f 1681/1681 1682/1682 1683/1683 1684/1684
v -0.378820 0.000000 -1.659717
v -0.000000 0.000000 -1.702400
v -0.000000 0.051300 -1.702400
v -0.378820 0.051300 -1.659717
vt 0.964286 0.000000
vt 1.000000 0.000000
vt 1.000000 1.000000
vt 0.964286 1.000000
f 1685/1685 1686/1686 1687/1687 1688/1688
v 0.000000 1.140000 -1.702400
v 0.378820 1.140000 -1.659717
v 0.378820 1.191300 -1.659717
v 0.000000 1.191300 -1.702400
vt 0.000000 0.000000
vt 0.035714 0.000000
vt 0.035714 1.000000
vt 0.000000 1.000000
f 1689/1689 1690/1690 1691/1691 1692/1692
v 0.378820 1.140000 -1.659717
v 0.738644 1.140000 -1.533809
v 0.738644 1.191300 -1.533809
v 0.378820 1.191300 -1.659717
vt 0.035714 0.000000
vt 0.071429 0.000000
vt 0.071429 1.000000
vt 0.035714 1.000000
f 1693/1693 1694/1694 1695/1695 1696/1696
v 0.738644 1.140000 -1.533809
v 1.061429 1.140000 -1.330990
v 1.061429 1.191300 -1.330990
v 0.738644 1.191300 -1.533809
vt 0.071429 0.000000
vt 0.107143 0.000000
vt 0.107143 1.000000
vt 0.071429 1.000000
f 1697/1697 1698/1698 1699/1699 1700/1700
v 1.061429 1.140000 -1.330990
v 1.330990 1.140000 -1.061429
v 1.330990 1.191300 -1.061429
v 1.061429 1.191300 -1.330990
vt 0.107143 0.000000
vt 0.142857 0.000000
vt 0.142857 1.000000
vt 0.107143 1.000000
f 1701/1701 1702/1702 1703/1703 1704/1704
v 1.330990 1.140000 -1.061429
v 1.533809 1.140000 -0.738644
v 1.533809 1.191300 -0.738644
v 1.330990 1.191300 -1.061429
vt 0.142857 0.000000
vt 0.178571 0.000000
vt 0.178571 1.000000
vt 0.142857 1.000000
f 1705/1705 1706/1706 1707/1707 1708/1708
v 1.533809 1.140000 -0.738644
v 1.659717 1.140000 -0.378820
v 1.659717 1.191300 -0.378820
v 1.533809 1.191300 -0.738644
vt 0.178571 0.000000
vt 0.214286 0.000000
vt 0.214286 1.000000
vt 0.178571 1.000000
f 1709/1709 1710/1710 1711/1711 1712/1712
v 1.659717 1.140000 -0.378820
v 1.702400 1.140000 -0.000000
v 1.702400 1.191300 -0.000000
v 1.659717 1.191300 -0.378820
vt 0.214286 0.000000
vt 0.250000 0.000000
vt 0.250000 1.000000
vt 0.214286 1.000000
f 1713/1713 1714/1714 1715/1715 1716/1716
v 1.702400 1.140000 -0.000000
v 1.659717 1.140000 0.378820
v 1.659717 1.191300 0.378820
v 1.702400 1.191300 -0.000000
vt 0.250000 0.000000
vt 0.285714 0.000000
vt 0.285714 1.000000
vt 0.250000 1.000000
f 1717/1717 1718/1718 1719/1719 1720/1720
v 1.659717 1.140000 0.378820
v 1.533809 1.140000 0.738644
v 1.533809 1.191300 0.738644
v 1.659717 1.191300 0.378820
vt 0.285714 0.000000
vt 0.321429 0.000000
vt 0.321429 1.000000
vt 0.285714 1.000000
f 1721/1721 1722/1722 1723/1723 1724/1724
v 1.533809 1.140000 0.738644
v 1.330990 1.140000 1.061429
v 1.330990 1.191300 1.061429
v 1.533809 1.191300 0.738644
vt 0.321429 0.000000
vt 0.357143 0.000000
vt 0.357143 1.000000
vt 0.321429 1.000000
f 1725/1725 1726/1726 1727/1727 1728/1728
v 1.330990 1.140000 1.061429
v 1.061429 1.140000 1.330990
v 1.061429 1.191300 1.330990
v 1.330990 1.191300 1.061429
vt 0.357143 0.000000
vt 0.392857 0.000000
vt 0.392857 1.000000
vt 0.357143 1.000000
f 1729/1729 1730/1730 1731/1731 1732/1732
v 1.061429 1.140000 1.330990
v 0.738644 1.140000 1.533809
v 0.738644 1.191300 1.533809
v 1.061429 1.191300 1.330990
vt 0.392857 0.000000
vt 0.428571 0.000000
vt 0.428571 1.000000
vt 0.392857 1.000000
f 1733/1733 1734/1734 1735/1735 1736/1736
v 0.738644 1.140000 1.533809
v 0.378820 1.140000 1.659717
v 0.378820 1.191300 1.659717
v 0.738644 1.191300 1.533809
vt 0.428571 0.000000
vt 0.464286 0.000000
vt 0.464286 1.000000
vt 0.428571 1.000000
f 1737/1737 1738/1738 1739/1739 1740/1740
v 0.378820 1.140000 1.659717
v 0.000000 1.140000 1.702400
v 0.000000 1.191300 1.702400
v 0.378820 1.191300 1.659717
vt 0.464286 0.000000
vt 0.500000 0.000000
vt 0.500000 1.000000
vt 0.464286 1.000000
f 1741/1741 1742/1742 1743/1743 1744/1744
v 0.000000 1.140000 1.702400
v -0.378820 1.140000 1.659717
v -0.378820 1.191300 1.659717
v 0.000000 1.191300 1.702400
vt 0.500000 0.000000
vt 0.535714 0.000000
vt 0.535714 1.000000
vt 0.500000 1.000000
f 1745/1745 1746/1746 1747/1747 1748/1748
v -0.378820 1.140000 1.659717
v -0.738644 1.140000 1.533809
v -0.738644 1.191300 1.533809
v -0.378820 1.191300 1.659717
vt 0.535714 0.000000
vt 0.571429 0.000000
vt 0.571429 1.000000
vt 0.535714 1.000000
f 1749/1749 1750/1750 1751/1751 1752/1752
v -0.738644 1.140000 1.533809
v -1.061429 1.140000 1.330990
v -1.061429 1.191300 1.330990
v -0.738644 1.191300 1.533809
vt 0.571429 0.000000
vt 0.607143 0.000000
vt 0.607143 1.000000
vt 0.571429 1.000000
f 1753/1753 1754/1754 1755/1755 1756/1756
v -1.061429 1.140000 1.330990
v -1.330990 1.140000 1.061429
v -1.330990 1.191300 1.061429
v -1.061429 1.191300 1.330990
vt 0.607143 0.000000
vt 0.642857 0.000000
vt 0.642857 1.000000
vt 0.607143 1.000000
f 1757/1757 1758/1758 1759/1759 1760/1760
v -1.330990 1.140000 1.061429
v -1.533809 1.140000 0.738644
v -1.533809 1.191300 0.738644
v -1.330990 1.191300 1.061429
vt 0.642857 0.000000
vt 0.678571 0.000000
vt 0.678571 1.000000
vt 0.642857 1.000000
f 1761/1761 1762/1762 1763/1763 1764/1764
v -1.533809 1.140000 0.738644
v -1.659717 1.140000 0.378820
v -1.659717 1.191300 0.378820
v -1.533809 1.191300 0.738644
vt 0.678571 0.000000
vt 0.714286 0.000000
vt 0.714286 1.000000
vt 0.678571 1.000000
f 1765/1765 1766/1766 1767/1767 1768/1768
v -1.659717 1.140000 0.378820
v -1.702400 1.140000 0.000000
v -1.702400 1.191300 0.000000
v -1.659717 1.191300 0.378820
vt 0.714286 0.000000
vt 0.750000 0.000000
vt 0.750000 1.000000
vt 0.714286 1.000000
f 1769/1769 1770/1770 1771/1771 1772/1772
v -1.702400 1.140000 0.000000
v -1.659717 1.140000 -0.378820
v -1.659717 1.191300 -0.378820
v -1.702400 1.191300 0.000000
vt 0.750000 0.000000
vt 0.785714 0.000000
vt 0.785714 1.000000
vt 0.750000 1.000000
f 1773/1773 1774/1774 1775/1775 1776/1776
v -1.659717 1.140000 -0.378820
v -1.533809 1.140000 -0.738644
v -1.533809 1.191300 -0.738644
v -1.659717 1.191300 -0.378820
vt 0.785714 0.000000
vt 0.821429 0.000000
vt 0.821429 1.000000
vt 0.785714 1.000000
f 1777/1777 1778/1778 1779/1779 1780/1780
v -1.533809 1.140000 -0.738644
v -1.330990 1.140000 -1.061429
v -1.330990 1.191300 -1.061429
v -1.533809 1.191300 -0.738644
vt 0.821429 0.000000
vt 0.857143 0.000000
vt 0.857143 1.000000
vt 0.821429 1.000000
f 1781/1781 1782/1782 1783/1783 1784/1784
v -1.330990 1.140000 -1.061429
v -1.061429 1.140000 -1.330990
v -1.061429 1.191300 -1.330990
v -1.330990 1.191300 -1.061429
vt 0.857143 0.000000
vt 0.892857 0.000000
vt 0.892857 1.000000
vt 0.857143 1.000000
f 1785/1785 1786/1786 1787/1787 1788/1788
v -1.061429 1.140000 -1.330990
v -0.738644 1.140000 -1.533809
v -0.738644 1.191300 -1.533809
v -1.061429 1.191300 -1.330990
vt 0.892857 0.000000
vt 0.928571 0.000000
vt 0.928571 1.000000
vt 0.892857 1.000000
f 1789/1789 1790/1790 1791/1791 1792/1792
v -0.738644 1.140000 -1.533809
v -0.378820 1.140000 -1.659717
v -0.378820 1.191300 -1.659717
v -0.738644 1.191300 -1.533809
vt 0.928571 0.000000
vt 0.964286 0.000000
vt 0.964286 1.000000
vt 0.928571 1.000000
f 1793/1793 1794/1794 1795/1795 1796/1796
v -0.378820 1.140000 -1.659717
v -0.000000 1.140000 -1.702400
v -0.000000 1.191300 -1.702400
v -0.378820 1.191300 -1.659717
vt 0.964286 0.000000
vt 1.000000 0.000000
vt 1.000000 1.000000
vt 0.964286 1.000000
f 1797/1797 1798/1798 1799/1799 1800/1800
usemtl dark
v 0.000000 -2.394000 -1.344000
v 0.079196 -2.394000 -1.311196
v 0.079196 -2.348400 -1.311196
v 0.000000 -2.348400 -1.344000
vt 0.000000 0.000000
vt 0.125000 0.000000
vt 0.125000 1.000000
vt 0.000000 1.000000
f 1801/1801 1802/1802 1803/1803 1804/1804
v 0.000000 -2.394000 -1.232000
v 0.079196 -2.394000 -1.311196
v 0.000000 -2.394000 -1.344000
vt 0.000000 0.000000
vt 1.000000 0.000000
vt 1.000000 1.000000
f 1805/1805 1806/1806 1807/1807
v 0.000000 -2.348400 -1.232000
v 0.000000 -2.348400 -1.344000
v 0.079196 -2.348400 -1.311196
vt 0.000000 0.000000
vt 1.000000 0.000000
vt 1.000000 1.000000
f 1808/1808 1809/1809 1810/1810
v 0.079196 -2.394000 -1.311196
v 0.112000 -2.394000 -1.232000
v 0.112000 -2.348400 -1.232000
v 0.079196 -2.348400 -1.311196
vt 0.125000 0.000000
vt 0.250000 0.000000
vt 0.250000 1.000000
vt 0.125000 1.000000
f 1811/1811 1812/1812 1813/1813 1814/1814
v 0.000000 -2.394000 -1.232000
v 0.112000 -2.394000 -1.232000
v 0.079196 -2.394000 -1.311196
vt 0.000000 0.000000
vt 1.000000 0.000000
vt 1.000000 1.000000
f 1815/1815 1816/1816 1817/1817
v 0.000000 -2.348400 -1.232000
v 0.079196 -2.348400 -1.311196
v 0.112000 -2.348400 -1.232000
vt 0.000000 0.000000
vt 1.000000 0.000000
vt 1.000000 1.000000
f 1818/1818 1819/1819 1820/1820
v 0.112000 -2.394000 -1.232000
v 0.079196 -2.394000 -1.152804
v 0.079196 -2.348400 -1.152804
v 0.112000 -2.348400 -1.232000
vt 0.250000 0.000000
vt 0.375000 0.000000
vt 0.375000 1.000000
vt 0.250000 1.000000
f 1821/1821 1822/1822 1823/1823 1824/1824
v 0.000000 -2.394000 -1.232000
v 0.079196 -2.394000 -1.152804
v 0.112000 -2.394000 -1.232000
vt 0.000000 0.000000
vt 1.000000 0.000000
vt 1.000000 1.000000
f 1825/1825 1826/1826 1827/1827
v 0.000000 -2.348400 -1.232000
v 0.112000 -2.348400 -1.232000
v 0.079196 -2.348400 -1.152804
vt 0.000000 0.000000
vt 1.000000 0.000000
vt 1.000000 1.000000
f 1828/1828 1829/1829 1830/1830
v 0.079196 -2.394000 -1.152804
v 0.000000 -2.394000 -1.120000
v 0.000000 -2.348400 -1.120000
v 0.079196 -2.348400 -1.152804
vt 0.375000 0.000000
vt 0.500000 0.000000
vt 0.500000 1.000000
vt 0.375000 1.000000
f 1831/1831 1832/1832 1833/1833 1834/1834
v 0.000000 -2.394000 -1.232000
v 0.000000 -2.394000 -1.120000
v 0.079196 -2.394000 -1.152804
vt 0.000000 0.000000
vt 1.000000 0.000000
vt 1.000000 1.000000
f 1835/1835 1836/1836 1837/1837
v 0.000000 -2.348400 -1.232000
v 0.079196 -2.348400 -1.152804
v 0.000000 -2.348400 -1.120000
vt 0.000000 0.000000
vt 1.000000 0.000000
vt 1.000000 1.000000
f 1838/1838 1839/1839 1840/1840
v 0.000000 -2.394000 -1.120000
v -0.079196 -2.394000 -1.152804
v -0.079196 -2.348400 -1.152804
v 0.000000 -2.348400 -1.120000
vt 0.500000 0.000000
vt 0.625000 0.000000
vt 0.625000 1.000000
vt 0.500000 1.000000
f 1841/1841 1842/1842 1843/1843 1844/1844
v 0.000000 -2.394000 -1.232000
v -0.079196 -2.394000 -1.152804
v 0.000000 -2.394000 -1.120000
vt 0.000000 0.000000
vt 1.000000 0.000000
vt 1.000000 1.000000
f 1845/1845 1846/1846 1847/1847
v 0.000000 -2.348400 -1.232000
v 0.000000 -2.348400 -1.120000
v -0.079196 -2.348400 -1.152804
vt 0.000000 0.000000
vt 1.000000 0.000000
vt 1.000000 1.000000
f 1848/1848 1849/1849 1850/1850
v -0.079196 -2.394000 -1.152804
v -0.112000 -2.394000 -1.232000
v -0.112000 -2.348400 -1.232000
v -0.079196 -2.348400 -1.152804
vt 0.625000 0.000000
vt 0.750000 0.000000
vt 0.750000 1.000000
vt 0.625000 1.000000
f 1851/1851 1852/1852 1853/1853 1854/1854
v 0.000000 -2.394000 -1.232000
v -0.112000 -2.394000 -1.232000
v -0.079196 -2.394000 -1.152804
vt 0.000000 0.000000
vt 1.000000 0.000000
vt 1.000000 1.000000
f 1855/1855 1856/1856 1857/1857
v 0.000000 -2.348400 -1.232000
v -0.079196 -2.348400 -1.152804
v -0.112000 -2.348400 -1.232000
vt 0.000000 0.000000
vt 1.000000 0.000000
vt 1.000000 1.000000
f 1858/1858 1859/1859 1860/1860
v -0.112000 -2.394000 -1.232000
v -0.079196 -2.394000 -1.311196
v -0.079196 -2.348400 -1.311196
v -0.112000 -2.348400 -1.232000
vt 0.750000 0.000000
vt 0.875000 0.000000
vt 0.875000 1.000000
vt 0.750000 1.000000
f 1861/1861 1862/1862 1863/1863 1864/1864
v 0.000000 -2.394000 -1.232000
v -0.079196 -2.394000 -1.311196
v -0.112000 -2.394000 -1.232000
vt 0.000000 0.000000
vt 1.000000 0.000000
vt 1.000000 1.000000
f 1865/1865 1866/1866 1867/1867
v 0.000000 -2.348400 -1.232000
v -0.112000 -2.348400 -1.232000
v -0.079196 -2.348400 -1.311196
vt 0.000000 0.000000
vt 1.000000 0.000000
vt 1.000000 1.000000
f 1868/1868 1869/1869 1870/1870
v -0.079196 -2.394000 -1.311196
v -0.000000 -2.394000 -1.344000
v -0.000000 -2.348400 -1.344000
v -0.079196 -2.348400 -1.311196
vt 0.875000 0.000000
vt 1.000000 0.000000
vt 1.000000 1.000000
vt 0.875000 1.000000
f 1871/1871 1872/1872 1873/1873 1874/1874
v 0.000000 -2.394000 -1.232000
v -0.000000 -2.394000 -1.344000
v -0.079196 -2.394000 -1.311196
vt 0.000000 0.000000
vt 1.000000 0.000000
vt 1.000000 1.000000
f 1875/1875 1876/1876 1877/1877
v 0.000000 -2.348400 -1.232000
v -0.079196 -2.348400 -1.311196
v -0.000000 -2.348400 -1.344000
vt 0.000000 0.000000
vt 1.000000 0.000000
vt 1.000000 1.000000
f 1878/1878 1879/1879 1880/1880
v 0.724151 -2.394000 -1.108709
v 0.803347 -2.394000 -1.075905
v 0.803347 -2.348400 -1.075905
v 0.724151 -2.348400 -1.108709
vt 0.000000 0.000000
vt 0.125000 0.000000
vt 0.125000 1.000000
vt 0.000000 1.000000
f 1881/1881 1882/1882 1883/1883 1884/1884
v 0.724151 -2.394000 -0.996709
v 0.803347 -2.394000 -1.075905
v 0.724151 -2.394000 -1.108709
vt 0.000000 0.000000
vt 1.000000 0.000000
vt 1.000000 1.000000
f 1885/1885 1886/1886 1887/1887
v 0.724151 -2.348400 -0.996709
v 0.724151 -2.348400 -1.108709
v 0.803347 -2.348400 -1.075905
vt 0.000000 0.000000
vt 1.000000 0.000000
vt 1.000000 1.000000
f 1888/1888 1889/1889 1890/1890
v 0.803347 -2.394000 -1.075905
v 0.836151 -2.394000 -0.996709
v 0.836151 -2.348400 -0.996709
v 0.803347 -2.348400 -1.075905
vt 0.125000 0.000000
vt 0.250000 0.000000
vt 0.250000 1.000000
vt 0.125000 1.000000
f 1891/1891 1892/1892 1893/1893 1894/1894
v 0.724151 -2.394000 -0.996709
v 0.836151 -2.394000 -0.996709
v 0.803347 -2.394000 -1.075905
vt 0.000000 0.000000
vt 1.000000 0.000000
vt 1.000000 1.000000
f 1895/1895 1896/1896 1897/1897
v 0.724151 -2.348400 -0.996709
v 0.803347 -2.348400 -1.075905
v 0.836151 -2.348400 -0.996709
vt 0.000000 0.000000
vt 1.000000 0.000000
vt 1.000000 1.000000
f 1898/1898 1899/1899 1900/1900
v 0.836151 -2.394000 -0.996709
v 0.803347 -2.394000 -0.917513
v 0.803347 -2.348400 -0.917513
v 0.836151 -2.348400 -0.996709
vt 0.250000 0.000000
vt 0.375000 0.000000
vt 0.375000 1.000000
vt 0.250000 1.000000
f 1901/1901 1902/1902 1903/1903 1904/1904
v 0.724151 -2.394000 -0.996709
v 0.803347 -2.394000 -0.917513
v 0.836151 -2.394000 -0.996709
vt 0.000000 0.000000
vt 1.000000 0.000000
vt 1.000000 1.000000
f 1905/1905 1906/1906 1907/1907
v 0.724151 -2.348400 -0.996709
v 0.836151 -2.348400 -0.996709
v 0.803347 -2.348400 -0.917513
vt 0.000000 0.000000
vt 1.000000 0.000000
vt 1.000000 1.000000
f 1908/1908 1909/1909 1910/1910
v 0.803347 -2.394000 -0.917513
v 0.724151 -2.394000 -0.884709
v 0.724151 -2.348400 -0.884709
v 0.803347 -2.348400 -0.917513
vt 0.375000 0.000000
vt 0.500000 0.000000
vt 0.500000 1.000000
vt 0.375000 1.000000
f 1911/1911 1912/1912 1913/1913 1914/1914
v 0.724151 -2.394000 -0.996709
v 0.724151 -2.394000 -0.884709
v 0.803347 -2.394000 -0.917513
vt 0.000000 0.000000
vt 1.000000 0.000000
vt 1.000000 1.000000
f 1915/1915 1916/1916 1917/1917
v 0.724151 -2.348400 -0.996709
v 0.803347 -2.348400 -0.917513
v 0.724151 -2.348400 -0.884709
vt 0.000000 0.000000
vt 1.000000 0.000000
vt 1.000000 1.000000
f 1918/1918 1919/1919 1920/1920
v 0.724151 -2.394000 -0.884709
v 0.644955 -2.394000 -0.917513
v 0.644955 -2.348400 -0.917513
v 0.724151 -2.348400 -0.884709
vt 0.500000 0.000000
vt 0.625000 0.000000
vt 0.625000 1.000000
vt 0.500000 1.000000
f 1921/1921 1922/1922 1923/1923 1924/1924
v 0.724151 -2.394000 -0.996709
v 0.644955 -2.394000 -0.917513
v 0.724151 -2.394000 -0.884709
vt 0.000000 0.000000
vt 1.000000 0.000000
vt 1.000000 1.000000
f 1925/1925 1926/1926 1927/1927
v 0.724151 -2.348400 -0.996709
v 0.724151 -2.348400 -0.884709
v 0.644955 -2.348400 -0.917513
vt 0.000000 0.000000
vt 1.000000 0.000000
vt 1.000000 1.000000
f 1928/1928 1929/1929 1930/1930
v 0.644955 -2.394000 -0.917513
v 0.612151 -2.394000 -0.996709
v 0.612151 -2.348400 -0.996709
v 0.644955 -2.348400 -0.917513
vt 0.625000 0.000000
vt 0.750000 0.000000
vt 0.750000 1.000000
vt 0.625000 1.000000
f 1931/1931 1932/1932 1933/1933 1934/1934
v 0.724151 -2.394000 -0.996709
v 0.612151 -2.394000 -0.996709
v 0.644955 -2.394000 -0.917513
vt 0.000000 0.000000
vt 1.000000 0.000000
vt 1.000000 1.000000
f 1935/1935 1936/1936 1937/1937
v 0.724151 -2.348400 -0.996709
v 0.644955 -2.348400 -0.917513
v 0.612151 -2.348400 -0.996709
vt 0.000000 0.000000
vt 1.000000 0.000000
vt 1.000000 1.000000
f 1938/1938 1939/1939 1940/1940
v 0.612151 -2.394000 -0.996709
v 0.644955 -2.394000 -1.075905
v 0.644955 -2.348400 -1.075905
v 0.612151 -2.348400 -0.996709
vt 0.750000 0.000000
vt 0.875000 0.000000
vt 0.875000 1.000000
vt 0.750000 1.000000
f 1941/1941 1942/1942 1943/1943 1944/1944
v 0.724151 -2.394000 -0.996709
v 0.644955 -2.394000 -1.075905
v 0.612151 -2.394000 -0.996709
vt 0.000000 0.000000
vt 1.000000 0.000000
vt 1.000000 1.000000
f 1945/1945 1946/1946 1947/1947
v 0.724151 -2.348400 -0.996709
v 0.612151 -2.348400 -0.996709
v 0.644955 -2.348400 -1.075905
vt 0.000000 0.000000
vt 1.000000 0.000000
vt 1.000000 1.000000
f 1948/1948 1949/1949 1950/1950
v 0.644955 -2.394000 -1.075905
v 0.724151 -2.394000 -1.108709
v 0.724151 -2.348400 -1.108709
v 0.644955 -2.348400 -1.075905
vt 0.875000 0.000000
vt 1.000000 0.000000
vt 1.000000 1.000000
vt 0.875000 1.000000
f 1951/1951 1952/1952 1953/1953 1954/1954
v 0.724151 -2.394000 -0.996709
v 0.724151 -2.394000 -1.108709
v 0.644955 -2.394000 -1.075905
vt 0.000000 0.000000
vt 1.000000 0.000000
vt 1.000000 1.000000
f 1955/1955 1956/1956 1957/1957
v 0.724151 -2.348400 -0.996709
v 0.644955 -2.348400 -1.075905
v 0.724151 -2.348400 -1.108709
vt 0.000000 0.000000
vt 1.000000 0.000000
vt 1.000000 1.000000
f 1958/1958 1959/1959 1960/1960
v 1.171702 -2.394000 -0.492709
v 1.250898 -2.394000 -0.459905
v 1.250898 -2.348400 -0.459905
v 1.171702 -2.348400 -0.492709
vt 0.000000 0.000000
vt 0.125000 0.000000
vt 0.125000 1.000000
vt 0.000000 1.000000
f 1961/1961 1962/1962 1963/1963 1964/1964
v 1.171702 -2.394000 -0.380709
v 1.250898 -2.394000 -0.459905
v 1.171702 -2.394000 -0.492709
vt 0.000000 0.000000
vt 1.000000 0.000000
vt 1.000000 1.000000
f 1965/1965 1966/1966 1967/1967
v 1.171702 -2.348400 -0.380709
v 1.171702 -2.348400 -0.492709
v 1.250898 -2.348400 -0.459905
vt 0.000000 0.000000
vt 1.000000 0.000000
vt 1.000000 1.000000
f 1968/1968 1969/1969 1970/1970
v 1.250898 -2.394000 -0.459905
v 1.283702 -2.394000 -0.380709
v 1.283702 -2.348400 -0.380709
v 1.250898 -2.348400 -0.459905
vt 0.125000 0.000000
vt 0.250000 0.000000
vt 0.250000 1.000000
vt 0.125000 1.000000
f 1971/1971 1972/1972 1973/1973 1974/1974
v 1.171702 -2.394000 -0.380709
v 1.283702 -2.394000 -0.380709
v 1.250898 -2.394000 -0.459905
vt 0.000000 0.000000
vt 1.000000 0.000000
vt 1.000000 1.000000
f 1975/1975 1976/1976 1977/1977
v 1.171702 -2.348400 -0.380709
v 1.250898 -2.348400 -0.459905
v 1.283702 -2.348400 -0.380709
vt 0.000000 0.000000
vt 1.000000 0.000000
vt 1.000000 1.000000
f 1978/1978 1979/1979 1980/1980
v 1.283702 -2.394000 -0.380709
v 1.250898 -2.394000 -0.301513
v 1.250898 -2.348400 -0.301513
v 1.283702 -2.348400 -0.380709
vt 0.250000 0.000000
vt 0.375000 0.000000
vt 0.375000 1.000000
vt 0.250000 1.000000
f 1981/1981 1982/1982 1983/1983 1984/1984
v 1.171702 -2.394000 -0.380709
v 1.250898 -2.394000 -0.301513
v 1.283702 -2.394000 -0.380709
vt 0.000000 0.000000
vt 1.000000 0.000000
vt 1.000000 1.000000
f 1985/1985 1986/1986 1987/1987
v 1.171702 -2.348400 -0.380709
v 1.283702 -2.348400 -0.380709
v 1.250898 -2.348400 -0.301513
vt 0.000000 0.000000
vt 1.000000 0.000000
vt 1.000000 1.000000
f 1988/1988 1989/1989 1990/1990
v 1.250898 -2.394000 -0.301513
v 1.171702 -2.394000 -0.268709
v 1.171702 -2.348400 -0.268709
v 1.250898 -2.348400 -0.301513
vt 0.375000 0.000000
vt 0.500000 0.000000
vt 0.500000 1.000000
vt 0.375000 1.000000
f 1991/1991 1992/1992 1993/1993 1994/1994
v 1.171702 -2.394000 -0.380709
v 1.171702 -2.394000 -0.268709
v 1.250898 -2.394000 -0.301513
vt 0.000000 0.000000
vt 1.000000 0.000000
vt 1.000000 1.000000
f 1995/1995 1996/1996 1997/1997
v 1.171702 -2.348400 -0.380709
v 1.250898 -2.348400 -0.301513
v 1.171702 -2.348400 -0.268709
vt 0.000000 0.000000
vt 1.000000 0.000000
vt 1.000000 1.000000
f 1998/1998 1999/1999 2000/2000
v 1.171702 -2.394000 -0.268709
v 1.092506 -2.394000 -0.301513
v 1.092506 -2.348400 -0.301513
v 1.171702 -2.348400 -0.268709
vt 0.500000 0.000000
vt 0.625000 0.000000
vt 0.625000 1.000000
vt 0.500000 1.000000
f 2001/2001 2002/2002 2003/2003 2004/2004
v 1.171702 -2.394000 -0.380709
v 1.092506 -2.394000 -0.301513
v 1.171702 -2.394000 -0.268709
vt 0.000000 0.000000
vt 1.000000 0.000000
vt 1.000000 1.000000
f 2005/2005 2006/2006 2007/2007
v 1.171702 -2.348400 -0.380709
v 1.171702 -2.348400 -0.268709
v 1.092506 -2.348400 -0.301513
vt 0.000000 0.000000
vt 1.000000 0.000000
vt 1.000000 1.000000
f 2008/2008 2009/2009 2010/2010
v 1.092506 -2.394000 -0.301513
v 1.059702 -2.394000 -0.380709
v 1.059702 -2.348400 -0.380709
v 1.092506 -2.348400 -0.301513
vt 0.625000 0.000000
vt 0.750000 0.000000
vt 0.750000 1.000000
vt 0.625000 1.000000
f 2011/2011 2012/2012 2013/2013 2014/2014
v 1.171702 -2.394000 -0.380709
v 1.059702 -2.394000 -0.380709
v 1.092506 -2.394000 -0.301513
vt 0.000000 0.000000
vt 1.000000 0.000000
vt 1.000000 1.000000
f 2015/2015 2016/2016 2017/2017
v 1.171702 -2.348400 -0.380709
v 1.092506 -2.348400 -0.301513
v 1.059702 -2.348400 -0.380709
vt 0.000000 0.000000
vt 1.000000 0.000000
vt 1.000000 1.000000
f 2018/2018 2019/2019 2020/2020
v 1.059702 -2.394000 -0.380709
v 1.092506 -2.394000 -0.459905
v 1.092506 -2.348400 -0.459905
v 1.059702 -2.348400 -0.380709
vt 0.750000 0.000000
vt 0.875000 0.000000
vt 0.875000 1.000000
vt 0.750000 1.000000
f 2021/2021 2022/2022 2023/2023 2024/2024
v 1.171702 -2.394000 -0.380709
v 1.092506 -2.394000 -0.459905
v 1.059702 -2.394000 -0.380709
vt 0.000000 0.000000
vt 1.000000 0.000000
vt 1.000000 1.000000
f 2025/2025 2026/2026 2027/2027
v 1.171702 -2.348400 -0.380709
v 1.059702 -2.348400 -0.380709
v 1.092506 -2.348400 -0.459905
vt 0.000000 0.000000
vt 1.000000 0.000000
vt 1.000000 1.000000
f 2028/2028 2029/2029 2030/2030
v 1.092506 -2.394000 -0.459905
v 1.171702 -2.394000 -0.492709
v 1.171702 -2.348400 -0.492709
v 1.092506 -2.348400 -0.459905
vt 0.875000 0.000000
vt 1.000000 0.000000
vt 1.000000 1.000000
vt 0.875000 1.000000
f 2031/2031 2032/2032 2033/2033 2034/2034
v 1.171702 -2.394000 -0.380709
v 1.171702 -2.394000 -0.492709
v 1.092506 -2.394000 -0.459905
vt 0.000000 0.000000
vt 1.000000 0.000000
vt 1.000000 1.000000
f 2035/2035 2036/2036 2037/2037
v 1.171702 -2.348400 -0.380709
v 1.092506 -2.348400 -0.459905
v 1.171702 -2.348400 -0.492709
vt 0.000000 0.000000
vt 1.000000 0.000000
vt 1.000000 1.000000
f 2038/2038 2039/2039 2040/2040
v 1.171702 -2.394000 0.268709
v 1.250898 -2.394000 0.301513
v 1.250898 -2.348400 0.301513
v 1.171702 -2.348400 0.268709
vt 0.000000 0.000000
vt 0.125000 0.000000
vt 0.125000 1.000000
vt 0.000000 1.000000
f 2041/2041 2042/2042 2043/2043 2044/2044
v 1.171702 -2.394000 0.380709
v 1.250898 -2.394000 0.301513
v 1.171702 -2.394000 0.268709
vt 0.000000 0.000000
vt 1.000000 0.000000
vt 1.000000 1.000000
f 2045/2045 2046/2046 2047/2047
v 1.171702 -2.348400 0.380709
v 1.171702 -2.348400 0.268709
v 1.250898 -2.348400 0.301513
vt 0.000000 0.000000
vt 1.000000 0.000000
vt 1.000000 1.000000
f 2048/2048 2049/2049 2050/2050
v 1.250898 -2.394000 0.301513
v 1.283702 -2.394000 0.380709
v 1.283702 -2.348400 0.380709
v 1.250898 -2.348400 0.301513
vt 0.125000 0.000000
vt 0.250000 0.000000
vt 0.250000 1.000000
vt 0.125000 1.000000
f 2051/2051 2052/2052 2053/2053 2054/2054
v 1.171702 -2.394000 0.380709
v 1.283702 -2.394000 0.380709
v 1.250898 -2.394000 0.301513
vt 0.000000 0.000000
vt 1.000000 0.000000
vt 1.000000 1.000000
f 2055/2055 2056/2056 2057/2057
v 1.171702 -2.348400 0.380709
v 1.250898 -2.348400 0.301513
v 1.283702 -2.348400 0.380709
vt 0.000000 0.000000
vt 1.000000 0.000000
vt 1.000000 1.000000
f 2058/2058 2059/2059 2060/2060
v 1.283702 -2.394000 0.380709
v 1.250898 -2.394000 0.459905
v 1.250898 -2.348400 0.459905
v 1.283702 -2.348400 0.380709
vt 0.250000 0.000000
vt 0.375000 0.000000
vt 0.375000 1.000000
vt 0.250000 1.000000
f 2061/2061 2062/2062 2063/2063 2064/2064
v 1.171702 -2.394000 0.380709
v 1.250898 -2.394000 0.459905
v 1.283702 -2.394000 0.380709
vt 0.000000 0.000000
vt 1.000000 0.000000
vt 1.000000 1.000000
f 2065/2065 2066/2066 2067/2067
v 1.171702 -2.348400 0.380709
v 1.283702 -2.348400 0.380709
v 1.250898 -2.348400 0.459905
vt 0.000000 0.000000
vt 1.000000 0.000000
vt 1.000000 1.000000
f 2068/2068 2069/2069 2070/2070
v 1.250898 -2.394000 0.459905
v 1.171702 -2.394000 0.492709
v 1.171702 -2.348400 0.492709
v 1.250898 -2.348400 0.459905
vt 0.375000 0.000000
vt 0.500000 0.000000
vt 0.500000 1.000000
vt 0.375000 1.000000
f 2071/2071 2072/2072 2073/2073 2074/2074
v 1.171702 -2.394000 0.380709
v 1.171702 -2.394000 0.492709
v 1.250898 -2.394000 0.459905
vt 0.000000 0.000000
vt 1.000000 0.000000
vt 1.000000 1.000000
f 2075/2075 2076/2076 2077/2077
v 1.171702 -2.348400 0.380709
v 1.250898 -2.348400 0.459905
v 1.171702 -2.348400 0.492709
vt 0.000000 0.000000
vt 1.000000 0.000000
vt 1.000000 1.000000
f 2078/2078 2079/2079 2080/2080
v 1.171702 -2.394000 0.492709
v 1.092506 -2.394000 0.459905
v 1.092506 -2.348400 0.459905
v 1.171702 -2.348400 0.492709
vt 0.500000 0.000000
vt 0.625000 0.000000
vt 0.625000 1.000000
vt 0.500000 1.000000
f 2081/2081 2082/2082 2083/2083 2084/2084
v 1.171702 -2.394000 0.380709
v 1.092506 -2.394000 0.459905
v 1.171702 -2.394000 0.492709
vt 0.000000 0.000000
vt 1.000000 0.000000
vt 1.000000 1.000000
f 2085/2085 2086/2086 2087/2087
v 1.171702 -2.348400 0.380709
v 1.171702 -2.348400 0.492709
v 1.092506 -2.348400 0.459905
vt 0.000000 0.000000
vt 1.000000 0.000000
vt 1.000000 1.000000
f 2088/2088 2089/2089 2090/2090
v 1.092506 -2.394000 0.459905
v 1.059702 -2.394000 0.380709
v 1.059702 -2.348400 0.380709
v 1.092506 -2.348400 0.459905
vt 0.625000 0.000000
vt 0.750000 0.000000
vt 0.750000 1.000000
vt 0.625000 1.000000
f 2091/2091 2092/2092 2093/2093 2094/2094
v 1.171702 -2.394000 0.380709
v 1.059702 -2.394000 0.380709
v 1.092506 -2.394000 0.459905
vt 0.000000 0.000000
vt 1.000000 0.000000
vt 1.000000 1.000000
f 2095/2095 2096/2096 2097/2097
v 1.171702 -2.348400 0.380709
v 1.092506 -2.348400 0.459905
v 1.059702 -2.348400 0.380709
vt 0.000000 0.000000
vt 1.000000 0.000000
vt 1.000000 1.000000
f 2098/2098 2099/2099 2100/2100
v 1.059702 -2.394000 0.380709
v 1.092506 -2.394000 0.301513
v 1.092506 -2.348400 0.301513
v 1.059702 -2.348400 0.380709
vt 0.750000 0.000000
vt 0.875000 0.000000
vt 0.875000 1.000000
vt 0.750000 1.000000
f 2101/2101 2102/2102 2103/2103 2104/2104
v 1.171702 -2.394000 0.380709
v 1.092506 -2.394000 0.301513
v 1.059702 -2.394000 0.380709
vt 0.000000 0.000000
vt 1.000000 0.000000
vt 1.000000 1.000000
f 2105/2105 2106/2106 2107/2107
v 1.171702 -2.348400 0.380709
v 1.059702 -2.348400 0.380709
v 1.092506 -2.348400 0.301513
vt 0.000000 0.000000
vt 1.000000 0.000000
vt 1.000000 1.000000
f 2108/2108 2109/2109 2110/2110
v 1.092506 -2.394000 0.301513
v 1.171702 -2.394000 0.268709
v 1.171702 -2.348400 0.268709
v 1.092506 -2.348400 0.301513
vt 0.875000 0.000000
vt 1.000000 0.000000
vt 1.000000 1.000000
vt 0.875000 1.000000
f 2111/2111 2112/2112 2113/2113 2114/2114
v 1.171702 -2.394000 0.380709
v 1.171702 -2.394000 0.268709
v 1.092506 -2.394000 0.301513
vt 0.000000 0.000000
vt 1.000000 0.000000
vt 1.000000 1.000000
f 2115/2115 2116/2116 2117/2117
v 1.171702 -2.348400 0.380709
v 1.092506 -2.348400 0.301513
v 1.171702 -2.348400 0.268709
vt 0.000000 0.000000
vt 1.000000 0.000000
vt 1.000000 1.000000
f 2118/2118 2119/2119 2120/2120
v 0.724151 -2.394000 0.884709
v 0.803347 -2.394000 0.917513
v 0.803347 -2.348400 0.917513
v 0.724151 -2.348400 0.884709
vt 0.000000 0.000000
vt 0.125000 0.000000
vt 0.125000 1.000000
vt 0.000000 1.000000
f 2121/2121 2122/2122 2123/2123 2124/2124
v 0.724151 -2.394000 0.996709
v 0.803347 -2.394000 0.917513
v 0.724151 -2.394000 0.884709
vt 0.000000 0.000000
vt 1.000000 0.000000
vt 1.000000 1.000000
f 2125/2125 2126/2126 2127/2127
v 0.724151 -2.348400 0.996709
v 0.724151 -2.348400 0.884709
v 0.803347 -2.348400 0.917513
vt 0.000000 0.000000
vt 1.000000 0.000000
vt 1.000000 1.000000
f 2128/2128 2129/2129 2130/2130
v 0.803347 -2.394000 0.917513
v 0.836151 -2.394000 0.996709
v 0.836151 -2.348400 0.996709
v 0.803347 -2.348400 0.917513
vt 0.125000 0.000000
vt 0.250000 0.000000
vt 0.250000 1.000000
vt 0.125000 1.000000
f 2131/2131 2132/2132 2133/2133 2134/2134
v 0.724151 -2.394000 0.996709
v 0.836151 -2.394000 0.996709
v 0.803347 -2.394000 0.917513
vt 0.000000 0.000000
vt 1.000000 0.000000
vt 1.000000 1.000000
f 2135/2135 2136/2136 2137/2137
v 0.724151 -2.348400 0.996709
v 0.803347 -2.348400 0.917513
v 0.836151 -2.348400 0.996709
vt 0.000000 0.000000
vt 1.000000 0.000000
vt 1.000000 1.000000
f 2138/2138 2139/2139 2140/2140
v 0.836151 -2.394000 0.996709
v 0.803347 -2.394000 1.075905
v 0.803347 -2.348400 1.075905
v 0.836151 -2.348400 0.996709
vt 0.250000 0.000000
vt 0.375000 0.000000
vt 0.375000 1.000000
vt 0.250000 1.000000
f 2141/2141 2142/2142 2143/2143 2144/2144
v 0.724151 -2.394000 0.996709
v 0.803347 -2.394000 1.075905
v 0.836151 -2.394000 0.996709
vt 0.000000 0.000000
vt 1.000000 0.000000
vt 1.000000 1.000000
f 2145/2145 2146/2146 2147/2147
v 0.724151 -2.348400 0.996709
v 0.836151 -2.348400 0.996709
v 0.803347 -2.348400 1.075905
vt 0.000000 0.000000
vt 1.000000 0.000000
vt 1.000000 1.000000
f 2148/2148 2149/2149 2150/2150
v 0.803347 -2.394000 1.075905
v 0.724151 -2.394000 1.108709
v 0.724151 -2.348400 1.108709
v 0.803347 -2.348400 1.075905
vt 0.375000 0.000000
vt 0.500000 0.000000
vt 0.500000 1.000000
vt 0.375000 1.000000
f 2151/2151 2152/2152 2153/2153 2154/2154
v 0.724151 -2.394000 0.996709
v 0.724151 -2.394000 1.108709
v 0.803347 -2.394000 1.075905
vt 0.000000 0.000000
vt 1.000000 0.000000
vt 1.000000 1.000000
f 2155/2155 2156/2156 2157/2157
v 0.724151 -2.348400 0.996709
v 0.803347 -2.348400 1.075905
v 0.724151 -2.348400 1.108709
vt 0.000000 0.000000
vt 1.000000 0.000000
vt 1.000000 1.000000
f 2158/2158 2159/2159 2160/2160
v 0.724151 -2.394000 1.108709
v 0.644955 -2.394000 1.075905
v 0.644955 -2.348400 1.075905
v 0.724151 -2.348400 1.108709
vt 0.500000 0.000000
vt 0.625000 0.000000
vt 0.625000 1.000000
vt 0.500000 1.000000
f 2161/2161 2162/2162 2163/2163 2164/2164
v 0.724151 -2.394000 0.996709
v 0.644955 -2.394000 1.075905
v 0.724151 -2.394000 1.108709
vt 0.000000 0.000000
vt 1.000000 0.000000
vt 1.000000 1.000000
f 2165/2165 2166/2166 2167/2167
v 0.724151 -2.348400 0.996709
v 0.724151 -2.348400 1.108709
v 0.644955 -2.348400 1.075905
vt 0.000000 0.000000
vt 1.000000 0.000000
vt 1.000000 1.000000
f 2168/2168 2169/2169 2170/2170
v 0.644955 -2.394000 1.075905
v 0.612151 -2.394000 0.996709
v 0.612151 -2.348400 0.996709
v 0.644955 -2.348400 1.075905
vt 0.625000 0.000000
vt 0.750000 0.000000
vt 0.750000 1.000000
vt 0.625000 1.000000
f 2171/2171 2172/2172 2173/2173 2174/2174
v 0.724151 -2.394000 0.996709
v 0.612151 -2.394000 0.996709
v 0.644955 -2.394000 1.075905
vt 0.000000 0.000000
vt 1.000000 0.000000
vt 1.000000 1.000000
f 2175/2175 2176/2176 2177/2177
v 0.724151 -2.348400 0.996709
v 0.644955 -2.348400 1.075905
v 0.612151 -2.348400 0.996709
vt 0.000000 0.000000
vt 1.000000 0.000000
vt 1.000000 1.000000
f 2178/2178 2179/2179 2180/2180
v 0.612151 -2.394000 0.996709
v 0.644955 -2.394000 0.917513
v 0.644955 -2.348400 0.917513
v 0.612151 -2.348400 0.996709
vt 0.750000 0.000000
vt 0.875000 0.000000
vt 0.875000 1.000000
vt 0.750000 1.000000
f 2181/2181 2182/2182 2183/2183 2184/2184
v 0.724151 -2.394000 0.996709
v 0.644955 -2.394000 0.917513
v 0.612151 -2.394000 0.996709
vt 0.000000 0.000000
vt 1.000000 0.000000
vt 1.000000 1.000000
f 2185/2185 2186/2186 2187/2187
v 0.724151 -2.348400 0.996709
v 0.612151 -2.348400 0.996709
v 0.644955 -2.348400 0.917513
vt 0.000000 0.000000
vt 1.000000 0.000000
vt 1.000000 1.000000
f 2188/2188 2189/2189 2190/2190
v 0.644955 -2.394000 0.917513
v 0.724151 -2.394000 0.884709
v 0.724151 -2.348400 0.884709
v 0.644955 -2.348400 0.917513
vt 0.875000 0.000000
vt 1.000000 0.000000
vt 1.000000 1.000000
vt 0.875000 1.000000
f 2191/2191 2192/2192 2193/2193 2194/2194
v 0.724151 -2.394000 0.996709
v 0.724151 -2.394000 0.884709
v 0.644955 -2.394000 0.917513
vt 0.000000 0.000000
vt 1.000000 0.000000
vt 1.000000 1.000000
f 2195/2195 2196/2196 2197/2197
v 0.724151 -2.348400 0.996709
v 0.644955 -2.348400 0.917513
v 0.724151 -2.348400 0.884709
vt 0.000000 0.000000
vt 1.000000 0.000000
vt 1.000000 1.000000
f 2198/2198 2199/2199 2200/2200
v 0.000000 -2.394000 1.120000
v 0.079196 -2.394000 1.152804
v 0.079196 -2.348400 1.152804
v 0.000000 -2.348400 1.120000
vt 0.000000 0.000000
vt 0.125000 0.000000
vt 0.125000 1.000000
vt 0.000000 1.000000
f 2201/2201 2202/2202 2203/2203 2204/2204
v 0.000000 -2.394000 1.232000
v 0.079196 -2.394000 1.152804
v 0.000000 -2.394000 1.120000
vt 0.000000 0.000000
vt 1.000000 0.000000
vt 1.000000 1.000000
f 2205/2205 2206/2206 2207/2207
v 0.000000 -2.348400 1.232000
v 0.000000 -2.348400 1.120000
v 0.079196 -2.348400 1.152804
vt 0.000000 0.000000
vt 1.000000 0.000000
vt 1.000000 1.000000
f 2208/2208 2209/2209 2210/2210
v 0.079196 -2.394000 1.152804
v 0.112000 -2.394000 1.232000
v 0.112000 -2.348400 1.232000
v 0.079196 -2.348400 1.152804
vt 0.125000 0.000000
vt 0.250000 0.000000
vt 0.250000 1.000000
vt 0.125000 1.000000
f 2211/2211 2212/2212 2213/2213 2214/2214
v 0.000000 -2.394000 1.232000
v 0.112000 -2.394000 1.232000
v 0.079196 -2.394000 1.152804
vt 0.000000 0.000000
vt 1.000000 0.000000
vt 1.000000 1.000000
f 2215/2215 2216/2216 2217/2217
v 0.000000 -2.348400 1.232000
v 0.079196 -2.348400 1.152804
v 0.112000 -2.348400 1.232000
vt 0.000000 0.000000
vt 1.000000 0.000000
vt 1.000000 1.000000
f 2218/2218 2219/2219 2220/2220
v 0.112000 -2.394000 1.232000
v 0.079196 -2.394000 1.311196
v 0.079196 -2.348400 1.311196
v 0.112000 -2.348400 1.232000
vt 0.250000 0.000000
vt 0.375000 0.000000
vt 0.375000 1.000000
vt 0.250000 1.000000
f 2221/2221 2222/2222 2223/2223 2224/2224
v 0.000000 -2.394000 1.232000
v 0.079196 -2.394000 1.311196
v 0.112000 -2.394000 1.232000
vt 0.000000 0.000000
vt 1.000000 0.000000
vt 1.000000 1.000000
f 2225/2225 2226/2226 2227/2227
v 0.000000 -2.348400 1.232000
v 0.112000 -2.348400 1.232000
v 0.079196 -2.348400 1.311196
vt 0.000000 0.000000
vt 1.000000 0.000000
vt 1.000000 1.000000
f 2228/2228 2229/2229 2230/2230
v 0.079196 -2.394000 1.311196
v 0.000000 -2.394000 1.344000
v 0.000000 -2.348400 1.344000
v 0.079196 -2.348400 1.311196
vt 0.375000 0.000000
vt 0.500000 0.000000
vt 0.500000 1.000000
vt 0.375000 1.000000
f 2231/2231 2232/2232 2233/2233 2234/2234
v 0.000000 -2.394000 1.232000
v 0.000000 -2.394000 1.344000
v 0.079196 -2.394000 1.311196
vt 0.000000 0.000000
vt 1.000000 0.000000
vt 1.000000 1.000000
f 2235/2235 2236/2236 2237/2237
v 0.000000 -2.348400 1.232000
v 0.079196 -2.348400 1.311196
v 0.000000 -2.348400 1.344000
vt 0.000000 0.000000
vt 1.000000 0.000000
vt 1.000000 1.000000
f 2238/2238 2239/2239 2240/2240
v 0.000000 -2.394000 1.344000
v -0.079196 -2.394000 1.311196
v -0.079196 -2.348400 1.311196
v 0.000000 -2.348400 1.344000
vt 0.500000 0.000000
vt 0.625000 0.000000
vt 0.625000 1.000000
vt 0.500000 1.000000
f 2241/2241 2242/2242 2243/2243 2244/2244
v 0.000000 -2.394000 1.232000
v -0.079196 -2.394000 1.311196
v 0.000000 -2.394000 1.344000
vt 0.000000 0.000000
vt 1.000000 0.000000
vt 1.000000 1.000000
f 2245/2245 2246/2246 2247/2247
v 0.000000 -2.348400 1.232000
v 0.000000 -2.348400 1.344000
v -0.079196 -2.348400 1.311196
vt 0.000000 0.000000
vt 1.000000 0.000000
vt 1.000000 1.000000
f 2248/2248 2249/2249 2250/2250
v -0.079196 -2.394000 1.311196
v -0.112000 -2.394000 1.232000
v -0.112000 -2.348400 1.232000
v -0.079196 -2.348400 1.311196
vt 0.625000 0.000000
vt 0.750000 0.000000
vt 0.750000 1.000000
vt 0.625000 1.000000
f 2251/2251 2252/2252 2253/2253 2254/2254
v 0.000000 -2.394000 1.232000
v -0.112000 -2.394000 1.232000
v -0.079196 -2.394000 1.311196
vt 0.000000 0.000000
vt 1.000000 0.000000
vt 1.000000 1.000000
f 2255/2255 2256/2256 2257/2257
v 0.000000 -2.348400 1.232000
v -0.079196 -2.348400 1.311196
v -0.112000 -2.348400 1.232000
vt 0.000000 0.000000
vt 1.000000 0.000000
vt 1.000000 1.000000
f 2258/2258 2259/2259 2260/2260
v -0.112000 -2.394000 1.232000
v -0.079196 -2.394000 1.152804
v -0.079196 -2.348400 1.152804
v -0.112000 -2.348400 1.232000
vt 0.750000 0.000000
vt 0.875000 0.000000
vt 0.875000 1.000000
vt 0.750000 1.000000
f 2261/2261 2262/2262 2263/2263 2264/2264
v 0.000000 -2.394000 1.232000
v -0.079196 -2.394000 1.152804
v -0.112000 -2.394000 1.232000
vt 0.000000 0.000000
vt 1.000000 0.000000
vt 1.000000 1.000000
f 2265/2265 2266/2266 2267/2267
v 0.000000 -2.348400 1.232000
v -0.112000 -2.348400 1.232000
v -0.079196 -2.348400 1.152804
vt 0.000000 0.000000
vt 1.000000 0.000000
vt 1.000000 1.000000
f 2268/2268 2269/2269 2270/2270
v -0.079196 -2.394000 1.152804
v 0.000000 -2.394000 1.120000
v 0.000000 -2.348400 1.120000
v -0.079196 -2.348400 1.152804
vt 0.875000 0.000000
vt 1.000000 0.000000
vt 1.000000 1.000000
vt 0.875000 1.000000
f 2271/2271 2272/2272 2273/2273 2274/2274
v 0.000000 -2.394000 1.232000
v 0.000000 -2.394000 1.120000
v -0.079196 -2.394000 1.152804
vt 0.000000 0.000000
vt 1.000000 0.000000
vt 1.000000 1.000000
f 2275/2275 2276/2276 2277/2277
v 0.000000 -2.348400 1.232000
v -0.079196 -2.348400 1.152804
v 0.000000 -2.348400 1.120000
vt 0.000000 0.000000
vt 1.000000 0.000000
vt 1.000000 1.000000
f 2278/2278 2279/2279 2280/2280
v -0.724151 -2.394000 0.884709
v -0.644955 -2.394000 0.917513
v -0.644955 -2.348400 0.917513
v -0.724151 -2.348400 0.884709
vt 0.000000 0.000000
vt 0.125000 0.000000
vt 0.125000 1.000000
vt 0.000000 1.000000
f 2281/2281 2282/2282 2283/2283 2284/2284
v -0.724151 -2.394000 0.996709
v -0.644955 -2.394000 0.917513
v -0.724151 -2.394000 0.884709
vt 0.000000 0.000000
vt 1.000000 0.000000
vt 1.000000 1.000000
f 2285/2285 2286/2286 2287/2287
v -0.724151 -2.348400 0.996709
v -0.724151 -2.348400 0.884709
v -0.644955 -2.348400 0.917513
vt 0.000000 0.000000
vt 1.000000 0.000000
vt 1.000000 1.000000
f 2288/2288 2289/2289 2290/2290
v -0.644955 -2.394000 0.917513
v -0.612151 -2.394000 0.996709
v -0.612151 -2.348400 0.996709
v -0.644955 -2.348400 0.917513
vt 0.125000 0.000000
vt 0.250000 0.000000
vt 0.250000 1.000000
vt 0.125000 1.000000
f 2291/2291 2292/2292 2293/2293 2294/2294
v -0.724151 -2.394000 0.996709
v -0.612151 -2.394000 0.996709
v -0.644955 -2.394000 0.917513
vt 0.000000 0.000000
vt 1.000000 0.000000
vt 1.000000 1.000000
f 2295/2295 2296/2296 2297/2297
v -0.724151 -2.348400 0.996709
v -0.644955 -2.348400 0.917513
v -0.612151 -2.348400 0.996709
vt 0.000000 0.000000
vt 1.000000 0.000000
vt 1.000000 1.000000
f 2298/2298 2299/2299 2300/2300
v -0.612151 -2.394000 0.996709
v -0.644955 -2.394000 1.075905
v -0.644955 -2.348400 1.075905
v -0.612151 -2.348400 0.996709
vt 0.250000 0.000000
vt 0.375000 0.000000
vt 0.375000 1.000000
vt 0.250000 1.000000
f 2301/2301 2302/2302 2303/2303 2304/2304
v -0.724151 -2.394000 0.996709
v -0.644955 -2.394000 1.075905
v -0.612151 -2.394000 0.996709
vt 0.000000 0.000000
vt 1.000000 0.000000
vt 1.000000 1.000000
f 2305/2305 2306/2306 2307/2307
v -0.724151 -2.348400 0.996709
v -0.612151 -2.348400 0.996709
v -0.644955 -2.348400 1.075905
vt 0.000000 0.000000
vt 1.000000 0.000000
vt 1.000000 1.000000
f 2308/2308 2309/2309 2310/2310
v -0.644955 -2.394000 1.075905
v -0.724151 -2.394000 1.108709
v -0.724151 -2.348400 1.108709
v -0.644955 -2.348400 1.075905
vt 0.375000 0.000000
vt 0.500000 0.000000
vt 0.500000 1.000000
vt 0.375000 1.000000
f 2311/2311 2312/2312 2313/2313 2314/2314
v -0.724151 -2.394000 0.996709
v -0.724151 -2.394000 1.108709
v -0.644955 -2.394000 1.075905
vt 0.000000 0.000000
vt 1.000000 0.000000
vt 1.000000 1.000000
f 2315/2315 2316/2316 2317/2317
v -0.724151 -2.348400 0.996709
v -0.644955 -2.348400 1.075905
v -0.724151 -2.348400 1.108709
vt 0.000000 0.000000
vt 1.000000 0.000000
vt 1.000000 1.000000
f 2318/2318 2319/2319 2320/2320
v -0.724151 -2.394000 1.108709
v -0.803347 -2.394000 1.075905
v -0.803347 -2.348400 1.075905
v -0.724151 -2.348400 1.108709
vt 0.500000 0.000000
vt 0.625000 0.000000
vt 0.625000 1.000000
vt 0.500000 1.000000
f 2321/2321 2322/2322 2323/2323 2324/2324
v -0.724151 -2.394000 0.996709
v -0.803347 -2.394000 1.075905
v -0.724151 -2.394000 1.108709
vt 0.000000 0.000000
vt 1.000000 0.000000
vt 1.000000 1.000000
f 2325/2325 2326/2326 2327/2327
v -0.724151 -2.348400 0.996709
v -0.724151 -2.348400 1.108709
v -0.803347 -2.348400 1.075905
vt 0.000000 0.000000
vt 1.000000 0.000000
vt 1.000000 1.000000
f 2328/2328 2329/2329 2330/2330
v -0.803347 -2.394000 1.075905
v -0.836151 -2.394000 0.996709
v -0.836151 -2.348400 0.996709
v -0.803347 -2.348400 1.075905
vt 0.625000 0.000000
vt 0.750000 0.000000
vt 0.750000 1.000000
vt 0.625000 1.000000
f 2331/2331 2332/2332 2333/2333 2334/2334
v -0.724151 -2.394000 0.996709
v -0.836151 -2.394000 0.996709
v -0.803347 -2.394000 1.075905
vt 0.000000 0.000000
vt 1.000000 0.000000
vt 1.000000 1.000000
f 2335/2335 2336/2336 2337/2337
v -0.724151 -2.348400 0.996709
v -0.803347 -2.348400 1.075905
v -0.836151 -2.348400 0.996709
vt 0.000000 0.000000
vt 1.000000 0.000000
vt 1.000000 1.000000
f 2338/2338 2339/2339 2340/2340
v -0.836151 -2.394000 0.996709
v -0.803347 -2.394000 0.917513
v -0.803347 -2.348400 0.917513
v -0.836151 -2.348400 0.996709
vt 0.750000 0.000000
vt 0.875000 0.000000
vt 0.875000 1.000000
vt 0.750000 1.000000
f 2341/2341 2342/2342 2343/2343 2344/2344
v -0.724151 -2.394000 0.996709
v -0.803347 -2.394000 0.917513
v -0.836151 -2.394000 0.996709
vt 0.000000 0.000000
vt 1.000000 0.000000
vt 1.000000 1.000000
f 2345/2345 2346/2346 2347/2347
v -0.724151 -2.348400 0.996709
v -0.836151 -2.348400 0.996709
v -0.803347 -2.348400 0.917513
vt 0.000000 0.000000
vt 1.000000 0.000000
vt 1.000000 1.000000
f 2348/2348 2349/2349 2350/2350
v -0.803347 -2.394000 0.917513
v -0.724151 -2.394000 0.884709
v -0.724151 -2.348400 0.884709
v -0.803347 -2.348400 0.917513
vt 0.875000 0.000000
vt 1.000000 0.000000
vt 1.000000 1.000000
vt 0.875000 1.000000
f 2351/2351 2352/2352 2353/2353 2354/2354
v -0.724151 -2.394000 0.996709
v -0.724151 -2.394000 0.884709
v -0.803347 -2.394000 0.917513
vt 0.000000 0.000000
vt 1.000000 0.000000
vt 1.000000 1.000000
f 2355/2355 2356/2356 2357/2357
v -0.724151 -2.348400 0.996709
v -0.803347 -2.348400 0.917513
v -0.724151 -2.348400 0.884709
vt 0.000000 0.000000
vt 1.000000 0.000000
vt 1.000000 1.000000
f 2358/2358 2359/2359 2360/2360
v -1.171702 -2.394000 0.268709
v -1.092506 -2.394000 0.301513
v -1.092506 -2.348400 0.301513
v -1.171702 -2.348400 0.268709
vt 0.000000 0.000000
vt 0.125000 0.000000
vt 0.125000 1.000000
vt 0.000000 1.000000
f 2361/2361 2362/2362 2363/2363 2364/2364
v -1.171702 -2.394000 0.380709
v -1.092506 -2.394000 0.301513
v -1.171702 -2.394000 0.268709
vt 0.000000 0.000000
vt 1.000000 0.000000
vt 1.000000 1.000000
f 2365/2365 2366/2366 2367/2367
v -1.171702 -2.348400 0.380709
v -1.171702 -2.348400 0.268709
v -1.092506 -2.348400 0.301513
vt 0.000000 0.000000
vt 1.000000 0.000000
vt 1.000000 1.000000
f 2368/2368 2369/2369 2370/2370
v -1.092506 -2.394000 0.301513
v -1.059702 -2.394000 0.380709
v -1.059702 -2.348400 0.380709
v -1.092506 -2.348400 0.301513
vt 0.125000 0.000000
vt 0.250000 0.000000
vt 0.250000 1.000000
vt 0.125000 1.000000
f 2371/2371 2372/2372 2373/2373 2374/2374
v -1.171702 -2.394000 0.380709
v -1.059702 -2.394000 0.380709
v -1.092506 -2.394000 0.301513
vt 0.000000 0.000000
vt 1.000000 0.000000
vt 1.000000 1.000000
f 2375/2375 2376/2376 2377/2377
v -1.171702 -2.348400 0.380709
v -1.092506 -2.348400 0.301513
v -1.059702 -2.348400 0.380709
vt 0.000000 0.000000
vt 1.000000 0.000000
vt 1.000000 1.000000
f 2378/2378 2379/2379 2380/2380
v -1.059702 -2.394000 0.380709
v -1.092506 -2.394000 0.459905
v -1.092506 -2.348400 0.459905
v -1.059702 -2.348400 0.380709
vt 0.250000 0.000000
vt 0.375000 0.000000
vt 0.375000 1.000000
vt 0.250000 1.000000
f 2381/2381 2382/2382 2383/2383 2384/2384
v -1.171702 -2.394000 0.380709
v -1.092506 -2.394000 0.459905
v -1.059702 -2.394000 0.380709
vt 0.000000 0.000000
vt 1.000000 0.000000
vt 1.000000 1.000000
f 2385/2385 2386/2386 2387/2387
v -1.171702 -2.348400 0.380709
v -1.059702 -2.348400 0.380709
v -1.092506 -2.348400 0.459905
vt 0.000000 0.000000
vt 1.000000 0.000000
vt 1.000000 1.000000
f 2388/2388 2389/2389 2390/2390
v -1.092506 -2.394000 0.459905
v -1.171702 -2.394000 0.492709
v -1.171702 -2.348400 0.492709
v -1.092506 -2.348400 0.459905
vt 0.375000 0.000000
vt 0.500000 0.000000
vt 0.500000 1.000000
vt 0.375000 1.000000
f 2391/2391 2392/2392 2393/2393 2394/2394
v -1.171702 -2.394000 0.380709
v -1.171702 -2.394000 0.492709
v -1.092506 -2.394000 0.459905
vt 0.000000 0.000000
vt 1.000000 0.000000
vt 1.000000 1.000000
f 2395/2395 2396/2396 2397/2397
v -1.171702 -2.348400 0.380709
v -1.092506 -2.348400 0.459905
v -1.171702 -2.348400 0.492709
vt 0.000000 0.000000
vt 1.000000 0.000000
vt 1.000000 1.000000
f 2398/2398 2399/2399 2400/2400
v -1.171702 -2.394000 0.492709
v -1.250898 -2.394000 0.459905
v -1.250898 -2.348400 0.459905
v -1.171702 -2.348400 0.492709
vt 0.500000 0.000000
vt 0.625000 0.000000
vt 0.625000 1.000000
vt 0.500000 1.000000
f 2401/2401 2402/2402 2403/2403 2404/2404
v -1.171702 -2.394000 0.380709
v -1.250898 -2.394000 0.459905
v -1.171702 -2.394000 0.492709
vt 0.000000 0.000000
vt 1.000000 0.000000
vt 1.000000 1.000000
f 2405/2405 2406/2406 2407/2407
v -1.171702 -2.348400 0.380709
v -1.171702 -2.348400 0.492709
v -1.250898 -2.348400 0.459905
vt 0.000000 0.000000
vt 1.000000 0.000000
vt 1.000000 1.000000
f 2408/2408 2409/2409 2410/2410
v -1.250898 -2.394000 0.459905
v -1.283702 -2.394000 0.380709
v -1.283702 -2.348400 0.380709
v -1.250898 -2.348400 0.459905
vt 0.625000 0.000000
vt 0.750000 0.000000
vt 0.750000 1.000000
vt 0.625000 1.000000
f 2411/2411 2412/2412 2413/2413 2414/2414
v -1.171702 -2.394000 0.380709
v -1.283702 -2.394000 0.380709
v -1.250898 -2.394000 0.459905
vt 0.000000 0.000000
vt 1.000000 0.000000
vt 1.000000 1.000000
f 2415/2415 2416/2416 2417/2417
v -1.171702 -2.348400 0.380709
v -1.250898 -2.348400 0.459905
v -1.283702 -2.348400 0.380709
vt 0.000000 0.000000
vt 1.000000 0.000000
vt 1.000000 1.000000
f 2418/2418 2419/2419 2420/2420
v -1.283702 -2.394000 0.380709
v -1.250898 -2.394000 0.301513
v -1.250898 -2.348400 0.301513
v -1.283702 -2.348400 0.380709
vt 0.750000 0.000000
vt 0.875000 0.000000
vt 0.875000 1.000000
vt 0.750000 1.000000
f 2421/2421 2422/2422 2423/2423 2424/2424
v -1.171702 -2.394000 0.380709
v -1.250898 -2.394000 0.301513
v -1.283702 -2.394000 0.380709
vt 0.000000 0.000000
vt 1.000000 0.000000
vt 1.000000 1.000000
f 2425/2425 2426/2426 2427/2427
v -1.171702 -2.348400 0.380709
v -1.283702 -2.348400 0.380709
v -1.250898 -2.348400 0.301513
vt 0.000000 0.000000
vt 1.000000 0.000000
vt 1.000000 1.000000
f 2428/2428 2429/2429 2430/2430
v -1.250898 -2.394000 0.301513
v -1.171702 -2.394000 0.268709
v -1.171702 -2.348400 0.268709
v -1.250898 -2.348400 0.301513
vt 0.875000 0.000000
vt 1.000000 0.000000
vt 1.000000 1.000000
vt 0.875000 1.000000
f 2431/2431 2432/2432 2433/2433 2434/2434
v -1.171702 -2.394000 0.380709
v -1.171702 -2.394000 0.268709
v -1.250898 -2.394000 0.301513
vt 0.000000 0.000000
vt 1.000000 0.000000
vt 1.000000 1.000000
f 2435/2435 2436/2436 2437/2437
v -1.171702 -2.348400 0.380709
v -1.250898 -2.348400 0.301513
v -1.171702 -2.348400 0.268709
vt 0.000000 0.000000
vt 1.000000 0.000000
vt 1.000000 1.000000
f 2438/2438 2439/2439 2440/2440
v -1.171702 -2.394000 -0.492709
v -1.092506 -2.394000 -0.459905
v -1.092506 -2.348400 -0.459905
v -1.171702 -2.348400 -0.492709
vt 0.000000 0.000000
vt 0.125000 0.000000
vt 0.125000 1.000000
vt 0.000000 1.000000
f 2441/2441 2442/2442 2443/2443 2444/2444
v -1.171702 -2.394000 -0.380709
v -1.092506 -2.394000 -0.459905
v -1.171702 -2.394000 -0.492709
vt 0.000000 0.000000
vt 1.000000 0.000000
vt 1.000000 1.000000
f 2445/2445 2446/2446 2447/2447
v -1.171702 -2.348400 -0.380709
v -1.171702 -2.348400 -0.492709
v -1.092506 -2.348400 -0.459905
vt 0.000000 0.000000
vt 1.000000 0.000000
vt 1.000000 1.000000
f 2448/2448 2449/2449 2450/2450
v -1.092506 -2.394000 -0.459905
v -1.059702 -2.394000 -0.380709
v -1.059702 -2.348400 -0.380709
v -1.092506 -2.348400 -0.459905
vt 0.125000 0.000000
vt 0.250000 0.000000
vt 0.250000 1.000000
vt 0.125000 1.000000
f 2451/2451 2452/2452 2453/2453 2454/2454
v -1.171702 -2.394000 -0.380709
v -1.059702 -2.394000 -0.380709
v -1.092506 -2.394000 -0.459905
vt 0.000000 0.000000
vt 1.000000 0.000000
vt 1.000000 1.000000
f 2455/2455 2456/2456 2457/2457
v -1.171702 -2.348400 -0.380709
v -1.092506 -2.348400 -0.459905
v -1.059702 -2.348400 -0.380709
vt 0.000000 0.000000
vt 1.000000 0.000000
vt 1.000000 1.000000
f 2458/2458 2459/2459 2460/2460
v -1.059702 -2.394000 -0.380709
v -1.092506 -2.394000 -0.301513
v -1.092506 -2.348400 -0.301513
v -1.059702 -2.348400 -0.380709
vt 0.250000 0.000000
vt 0.375000 0.000000
vt 0.375000 1.000000
vt 0.250000 1.000000
f 2461/2461 2462/2462 2463/2463 2464/2464
v -1.171702 -2.394000 -0.380709
v -1.092506 -2.394000 -0.301513
v -1.059702 -2.394000 -0.380709
vt 0.000000 0.000000
vt 1.000000 0.000000
vt 1.000000 1.000000
f 2465/2465 2466/2466 2467/2467
v -1.171702 -2.348400 -0.380709
v -1.059702 -2.348400 -0.380709
v -1.092506 -2.348400 -0.301513
vt 0.000000 0.000000
vt 1.000000 0.000000
vt 1.000000 1.000000
f 2468/2468 2469/2469 2470/2470
v -1.092506 -2.394000 -0.301513
v -1.171702 -2.394000 -0.268709
v -1.171702 -2.348400 -0.268709
v -1.092506 -2.348400 -0.301513
vt 0.375000 0.000000
vt 0.500000 0.000000
vt 0.500000 1.000000
vt 0.375000 1.000000
f 2471/2471 2472/2472 2473/2473 2474/2474
v -1.171702 -2.394000 -0.380709
v -1.171702 -2.394000 -0.268709
v -1.092506 -2.394000 -0.301513
vt 0.000000 0.000000
vt 1.000000 0.000000
vt 1.000000 1.000000
f 2475/2475 2476/2476 2477/2477
v -1.171702 -2.348400 -0.380709
v -1.092506 -2.348400 -0.301513
v -1.171702 -2.348400 -0.268709
vt 0.000000 0.000000
vt 1.000000 0.000000
vt 1.000000 1.000000
f 2478/2478 2479/2479 2480/2480
v -1.171702 -2.394000 -0.268709
v -1.250898 -2.394000 -0.301513
v -1.250898 -2.348400 -0.301513
v -1.171702 -2.348400 -0.268709
vt 0.500000 0.000000
vt 0.625000 0.000000
vt 0.625000 1.000000
vt 0.500000 1.000000
f 2481/2481 2482/2482 2483/2483 2484/2484
v -1.171702 -2.394000 -0.380709
v -1.250898 -2.394000 -0.301513
v -1.171702 -2.394000 -0.268709
vt 0.000000 0.000000
vt 1.000000 0.000000
vt 1.000000 1.000000
f 2485/2485 2486/2486 2487/2487
v -1.171702 -2.348400 -0.380709
v -1.171702 -2.348400 -0.268709
v -1.250898 -2.348400 -0.301513
vt 0.000000 0.000000
vt 1.000000 0.000000
vt 1.000000 1.000000
f 2488/2488 2489/2489 2490/2490
v -1.250898 -2.394000 -0.301513
v -1.283702 -2.394000 -0.380709
v -1.283702 -2.348400 -0.380709
v -1.250898 -2.348400 -0.301513
vt 0.625000 0.000000
vt 0.750000 0.000000
vt 0.750000 1.000000
vt 0.625000 1.000000
f 2491/2491 2492/2492 2493/2493 2494/2494
v -1.171702 -2.394000 -0.380709
v -1.283702 -2.394000 -0.380709
v -1.250898 -2.394000 -0.301513
vt 0.000000 0.000000
vt 1.000000 0.000000
vt 1.000000 1.000000
f 2495/2495 2496/2496 2497/2497
v -1.171702 -2.348400 -0.380709
v -1.250898 -2.348400 -0.301513
v -1.283702 -2.348400 -0.380709
vt 0.000000 0.000000
vt 1.000000 0.000000
vt 1.000000 1.000000
f 2498/2498 2499/2499 2500/2500
v -1.283702 -2.394000 -0.380709
v -1.250898 -2.394000 -0.459905
v -1.250898 -2.348400 -0.459905
v -1.283702 -2.348400 -0.380709
vt 0.750000 0.000000
vt 0.875000 0.000000
vt 0.875000 1.000000
vt 0.750000 1.000000
f 2501/2501 2502/2502 2503/2503 2504/2504
v -1.171702 -2.394000 -0.380709
v -1.250898 -2.394000 -0.459905
v -1.283702 -2.394000 -0.380709
vt 0.000000 0.000000
vt 1.000000 0.000000
vt 1.000000 1.000000
f 2505/2505 2506/2506 2507/2507
v -1.171702 -2.348400 -0.380709
v -1.283702 -2.348400 -0.380709
v -1.250898 -2.348400 -0.459905
vt 0.000000 0.000000
vt 1.000000 0.000000
vt 1.000000 1.000000
f 2508/2508 2509/2509 2510/2510
v -1.250898 -2.394000 -0.459905
v -1.171702 -2.394000 -0.492709
v -1.171702 -2.348400 -0.492709
v -1.250898 -2.348400 -0.459905
vt 0.875000 0.000000
vt 1.000000 0.000000
vt 1.000000 1.000000
vt 0.875000 1.000000
f 2511/2511 2512/2512 2513/2513 2514/2514
v -1.171702 -2.394000 -0.380709
v -1.171702 -2.394000 -0.492709
v -1.250898 -2.394000 -0.459905
vt 0.000000 0.000000
vt 1.000000 0.000000
vt 1.000000 1.000000
f 2515/2515 2516/2516 2517/2517
v -1.171702 -2.348400 -0.380709
v -1.250898 -2.348400 -0.459905
v -1.171702 -2.348400 -0.492709
vt 0.000000 0.000000
vt 1.000000 0.000000
vt 1.000000 1.000000
f 2518/2518 2519/2519 2520/2520
v -0.724151 -2.394000 -1.108709
v -0.644955 -2.394000 -1.075905
v -0.644955 -2.348400 -1.075905
v -0.724151 -2.348400 -1.108709
vt 0.000000 0.000000
vt 0.125000 0.000000
vt 0.125000 1.000000
vt 0.000000 1.000000
f 2521/2521 2522/2522 2523/2523 2524/2524
v -0.724151 -2.394000 -0.996709
v -0.644955 -2.394000 -1.075905
v -0.724151 -2.394000 -1.108709
vt 0.000000 0.000000
vt 1.000000 0.000000
vt 1.000000 1.000000
f 2525/2525 2526/2526 2527/2527
v -0.724151 -2.348400 -0.996709
v -0.724151 -2.348400 -1.108709
v -0.644955 -2.348400 -1.075905
vt 0.000000 0.000000
vt 1.000000 0.000000
vt 1.000000 1.000000
f 2528/2528 2529/2529 2530/2530
v -0.644955 -2.394000 -1.075905
v -0.612151 -2.394000 -0.996709
v -0.612151 -2.348400 -0.996709
v -0.644955 -2.348400 -1.075905
vt 0.125000 0.000000
vt 0.250000 0.000000
vt 0.250000 1.000000
vt 0.125000 1.000000
f 2531/2531 2532/2532 2533/2533 2534/2534
v -0.724151 -2.394000 -0.996709
v -0.612151 -2.394000 -0.996709
v -0.644955 -2.394000 -1.075905
vt 0.000000 0.000000
vt 1.000000 0.000000
vt 1.000000 1.000000
f 2535/2535 2536/2536 2537/2537
v -0.724151 -2.348400 -0.996709
v -0.644955 -2.348400 -1.075905
v -0.612151 -2.348400 -0.996709
vt 0.000000 0.000000
vt 1.000000 0.000000
vt 1.000000 1.000000
f 2538/2538 2539/2539 2540/2540
v -0.612151 -2.394000 -0.996709
v -0.644955 -2.394000 -0.917513
v -0.644955 -2.348400 -0.917513
v -0.612151 -2.348400 -0.996709
vt 0.250000 0.000000
vt 0.375000 0.000000
vt 0.375000 1.000000
vt 0.250000 1.000000
f 2541/2541 2542/2542 2543/2543 2544/2544
v -0.724151 -2.394000 -0.996709
v -0.644955 -2.394000 -0.917513
v -0.612151 -2.394000 -0.996709
vt 0.000000 0.000000
vt 1.000000 0.000000
vt 1.000000 1.000000
f 2545/2545 2546/2546 2547/2547
v -0.724151 -2.348400 -0.996709
v -0.612151 -2.348400 -0.996709
v -0.644955 -2.348400 -0.917513
vt 0.000000 0.000000
vt 1.000000 0.000000
vt 1.000000 1.000000
f 2548/2548 2549/2549 2550/2550
v -0.644955 -2.394000 -0.917513
v -0.724151 -2.394000 -0.884709
v -0.724151 -2.348400 -0.884709
v -0.644955 -2.348400 -0.917513
vt 0.375000 0.000000
vt 0.500000 0.000000
vt 0.500000 1.000000
vt 0.375000 1.000000
f 2551/2551 2552/2552 2553/2553 2554/2554
v -0.724151 -2.394000 -0.996709
v -0.724151 -2.394000 -0.884709
v -0.644955 -2.394000 -0.917513
vt 0.000000 0.000000
vt 1.000000 0.000000
vt 1.000000 1.000000
f 2555/2555 2556/2556 2557/2557
v -0.724151 -2.348400 -0.996709
v -0.644955 -2.348400 -0.917513
v -0.724151 -2.348400 -0.884709
vt 0.000000 0.000000
vt 1.000000 0.000000
vt 1.000000 1.000000
f 2558/2558 2559/2559 2560/2560
v -0.724151 -2.394000 -0.884709
v -0.803347 -2.394000 -0.917513
v -0.803347 -2.348400 -0.917513
v -0.724151 -2.348400 -0.884709
vt 0.500000 0.000000
vt 0.625000 0.000000
vt 0.625000 1.000000
vt 0.500000 1.000000
f 2561/2561 2562/2562 2563/2563 2564/2564
v -0.724151 -2.394000 -0.996709
v -0.803347 -2.394000 -0.917513
v -0.724151 -2.394000 -0.884709
vt 0.000000 0.000000
vt 1.000000 0.000000
vt 1.000000 1.000000
f 2565/2565 2566/2566 2567/2567
v -0.724151 -2.348400 -0.996709
v -0.724151 -2.348400 -0.884709
v -0.803347 -2.348400 -0.917513
vt 0.000000 0.000000
vt 1.000000 0.000000
vt 1.000000 1.000000
f 2568/2568 2569/2569 2570/2570
v -0.803347 -2.394000 -0.917513
v -0.836151 -2.394000 -0.996709
v -0.836151 -2.348400 -0.996709
v -0.803347 -2.348400 -0.917513
vt 0.625000 0.000000
vt 0.750000 0.000000
vt 0.750000 1.000000
vt 0.625000 1.000000
f 2571/2571 2572/2572 2573/2573 2574/2574
v -0.724151 -2.394000 -0.996709
v -0.836151 -2.394000 -0.996709
v -0.803347 -2.394000 -0.917513
vt 0.000000 0.000000
vt 1.000000 0.000000
vt 1.000000 1.000000
f 2575/2575 2576/2576 2577/2577
v -0.724151 -2.348400 -0.996709
v -0.803347 -2.348400 -0.917513
v -0.836151 -2.348400 -0.996709
vt 0.000000 0.000000
vt 1.000000 0.000000
vt 1.000000 1.000000
f 2578/2578 2579/2579 2580/2580
v -0.836151 -2.394000 -0.996709
v -0.803347 -2.394000 -1.075905
v -0.803347 -2.348400 -1.075905
v -0.836151 -2.348400 -0.996709
vt 0.750000 0.000000
vt 0.875000 0.000000
vt 0.875000 1.000000
vt 0.750000 1.000000
f 2581/2581 2582/2582 2583/2583 2584/2584
v -0.724151 -2.394000 -0.996709
v -0.803347 -2.394000 -1.075905
v -0.836151 -2.394000 -0.996709
vt 0.000000 0.000000
vt 1.000000 0.000000
vt 1.000000 1.000000
f 2585/2585 2586/2586 2587/2587
v -0.724151 -2.348400 -0.996709
v -0.836151 -2.348400 -0.996709
v -0.803347 -2.348400 -1.075905
vt 0.000000 0.000000
vt 1.000000 0.000000
vt 1.000000 1.000000
f 2588/2588 2589/2589 2590/2590
v -0.803347 -2.394000 -1.075905
v -0.724151 -2.394000 -1.108709
v -0.724151 -2.348400 -1.108709
v -0.803347 -2.348400 -1.075905
vt 0.875000 0.000000
vt 1.000000 0.000000
vt 1.000000 1.000000
vt 0.875000 1.000000
f 2591/2591 2592/2592 2593/2593 2594/2594
v -0.724151 -2.394000 -0.996709
v -0.724151 -2.394000 -1.108709
v -0.803347 -2.394000 -1.075905
vt 0.000000 0.000000
vt 1.000000 0.000000
vt 1.000000 1.000000
f 2595/2595 2596/2596 2597/2597
v -0.724151 -2.348400 -0.996709
v -0.803347 -2.348400 -1.075905
v -0.724151 -2.348400 -1.108709
vt 0.000000 0.000000
vt 1.000000 0.000000
vt 1.000000 1.000000
f 2598/2598 2599/2599 2600/2600
