mtllib radar.mtl
o radar
s 1
usemtl dark
v -0.180000 0.000000 -0.180000
v 1.180000 0.000000 -0.180000
v 1.180000 0.180000 -0.180000
v -0.180000 0.180000 -0.180000
vt 0.000000 0.000000
vt 1.000000 0.000000
vt 1.000000 1.000000
vt 0.000000 1.000000
f 1/1 2/2 3/3 4/4
v 1.180000 0.000000 1.180000
v -0.180000 0.000000 1.180000
v -0.180000 0.180000 1.180000
v 1.180000 0.180000 1.180000
vt 0.000000 0.000000
vt 1.000000 0.000000
vt 1.000000 1.000000
vt 0.000000 1.000000
f 5/5 6/6 7/7 8/8
v -0.180000 0.000000 1.180000
v -0.180000 0.000000 -0.180000
v -0.180000 0.180000 -0.180000
v -0.180000 0.180000 1.180000
vt 0.000000 0.000000
vt 1.000000 0.000000
vt 1.000000 1.000000
vt 0.000000 1.000000
f 9/9 10/10 11/11 12/12
v 1.180000 0.000000 -0.180000
v 1.180000 0.000000 1.180000
v 1.180000 0.180000 1.180000
v 1.180000 0.180000 -0.180000
vt 0.000000 0.000000
vt 1.000000 0.000000
vt 1.000000 1.000000
vt 0.000000 1.000000
f 13/13 14/14 15/15 16/16
v -0.180000 0.180000 -0.180000
v 1.180000 0.180000 -0.180000
v 1.180000 0.180000 1.180000
v -0.180000 0.180000 1.180000
vt 0.000000 0.000000
vt 1.000000 0.000000
vt 1.000000 1.000000
vt 0.000000 1.000000
f 17/17 18/18 19/19 20/20
v -0.180000 0.000000 1.180000
v 1.180000 0.000000 1.180000
v 1.180000 0.000000 -0.180000
v -0.180000 0.000000 -0.180000
vt 0.000000 0.000000
vt 1.000000 0.000000
vt 1.000000 1.000000
vt 0.000000 1.000000
f 21/21 22/22 23/23 24/24
usemtl olive
v 0.040000 0.180000 0.040000
v 0.960000 0.180000 0.040000
v 0.960000 0.280000 0.040000
v 0.040000 0.280000 0.040000
vt 0.000000 0.000000
vt 1.000000 0.000000
vt 1.000000 1.000000
vt 0.000000 1.000000
f 25/25 26/26 27/27 28/28
v 0.960000 0.180000 0.960000
v 0.040000 0.180000 0.960000
v 0.040000 0.280000 0.960000
v 0.960000 0.280000 0.960000
vt 0.000000 0.000000
vt 1.000000 0.000000
vt 1.000000 1.000000
vt 0.000000 1.000000
f 29/29 30/30 31/31 32/32
v 0.040000 0.180000 0.960000
v 0.040000 0.180000 0.040000
v 0.040000 0.280000 0.040000
v 0.040000 0.280000 0.960000
vt 0.000000 0.000000
vt 1.000000 0.000000
vt 1.000000 1.000000
vt 0.000000 1.000000
f 33/33 34/34 35/35 36/36
v 0.960000 0.180000 0.040000
v 0.960000 0.180000 0.960000
v 0.960000 0.280000 0.960000
v 0.960000 0.280000 0.040000
vt 0.000000 0.000000
vt 1.000000 0.000000
vt 1.000000 1.000000
vt 0.000000 1.000000
f 37/37 38/38 39/39 40/40
v 0.040000 0.280000 0.040000
v 0.960000 0.280000 0.040000
v 0.960000 0.280000 0.960000
v 0.040000 0.280000 0.960000
vt 0.000000 0.000000
vt 1.000000 0.000000
vt 1.000000 1.000000
vt 0.000000 1.000000
f 41/41 42/42 43/43 44/44
v 0.040000 0.180000 0.960000
v 0.960000 0.180000 0.960000
v 0.960000 0.180000 0.040000
v 0.040000 0.180000 0.040000
vt 0.000000 0.000000
vt 1.000000 0.000000
vt 1.000000 1.000000
vt 0.000000 1.000000
f 45/45 46/46 47/47 48/48
v 0.100000 0.200000 0.100000
v 0.420000 0.200000 0.100000
v 0.420000 0.580000 0.100000
v 0.100000 0.580000 0.100000
vt 0.000000 0.000000
vt 1.000000 0.000000
vt 1.000000 1.000000
vt 0.000000 1.000000
f 49/49 50/50 51/51 52/52
v 0.420000 0.200000 0.420000
v 0.100000 0.200000 0.420000
v 0.100000 0.580000 0.420000
v 0.420000 0.580000 0.420000
vt 0.000000 0.000000
vt 1.000000 0.000000
vt 1.000000 1.000000
vt 0.000000 1.000000
f 53/53 54/54 55/55 56/56
v 0.100000 0.200000 0.420000
v 0.100000 0.200000 0.100000
v 0.100000 0.580000 0.100000
v 0.100000 0.580000 0.420000
vt 0.000000 0.000000
vt 1.000000 0.000000
vt 1.000000 1.000000
vt 0.000000 1.000000
f 57/57 58/58 59/59 60/60
v 0.420000 0.200000 0.100000
v 0.420000 0.200000 0.420000
v 0.420000 0.580000 0.420000
v 0.420000 0.580000 0.100000
vt 0.000000 0.000000
vt 1.000000 0.000000
vt 1.000000 1.000000
vt 0.000000 1.000000
f 61/61 62/62 63/63 64/64
v 0.100000 0.580000 0.100000
v 0.420000 0.580000 0.100000
v 0.420000 0.580000 0.420000
v 0.100000 0.580000 0.420000
vt 0.000000 0.000000
vt 1.000000 0.000000
vt 1.000000 1.000000
vt 0.000000 1.000000
f 65/65 66/66 67/67 68/68
v 0.100000 0.200000 0.420000
v 0.420000 0.200000 0.420000
v 0.420000 0.200000 0.100000
v 0.100000 0.200000 0.100000
vt 0.000000 0.000000
vt 1.000000 0.000000
vt 1.000000 1.000000
vt 0.000000 1.000000
f 69/69 70/70 71/71 72/72
usemtl glass
v 0.140000 0.360000 0.140000
v 0.380000 0.360000 0.140000
v 0.380000 0.540000 0.140000
v 0.140000 0.540000 0.140000
vt 0.000000 0.000000
vt 1.000000 0.000000
vt 1.000000 1.000000
vt 0.000000 1.000000
f 73/73 74/74 75/75 76/76
v 0.380000 0.360000 0.380000
v 0.140000 0.360000 0.380000
v 0.140000 0.540000 0.380000
v 0.380000 0.540000 0.380000
vt 0.000000 0.000000
vt 1.000000 0.000000
vt 1.000000 1.000000
vt 0.000000 1.000000
f 77/77 78/78 79/79 80/80
v 0.140000 0.360000 0.380000
v 0.140000 0.360000 0.140000
v 0.140000 0.540000 0.140000
v 0.140000 0.540000 0.380000
vt 0.000000 0.000000
vt 1.000000 0.000000
vt 1.000000 1.000000
vt 0.000000 1.000000
f 81/81 82/82 83/83 84/84
v 0.380000 0.360000 0.140000
v 0.380000 0.360000 0.380000
v 0.380000 0.540000 0.380000
v 0.380000 0.540000 0.140000
vt 0.000000 0.000000
vt 1.000000 0.000000
vt 1.000000 1.000000
vt 0.000000 1.000000
f 85/85 86/86 87/87 88/88
v 0.140000 0.540000 0.140000
v 0.380000 0.540000 0.140000
v 0.380000 0.540000 0.380000
v 0.140000 0.540000 0.380000
vt 0.000000 0.000000
vt 1.000000 0.000000
vt 1.000000 1.000000
vt 0.000000 1.000000
f 89/89 90/90 91/91 92/92
v 0.140000 0.360000 0.380000
v 0.380000 0.360000 0.380000
v 0.380000 0.360000 0.140000
v 0.140000 0.360000 0.140000
vt 0.000000 0.000000
vt 1.000000 0.000000
vt 1.000000 1.000000
vt 0.000000 1.000000
f 93/93 94/94 95/95 96/96
usemtl body
v 0.500000 0.160000 0.340000
v 0.535603 0.160000 0.344012
v 0.535603 1.420000 0.344012
v 0.500000 1.420000 0.340000
vt 0.000000 0.000000
vt 0.035714 0.000000
vt 0.035714 1.000000
vt 0.000000 1.000000
f 97/97 98/98 99/99 100/100
v 0.500000 0.160000 0.500000
v 0.535603 0.160000 0.344012
v 0.500000 0.160000 0.340000
vt 0.000000 0.000000
vt 1.000000 0.000000
vt 1.000000 1.000000
f 101/101 102/102 103/103
v 0.500000 1.420000 0.500000
v 0.500000 1.420000 0.340000
v 0.535603 1.420000 0.344012
vt 0.000000 0.000000
vt 1.000000 0.000000
vt 1.000000 1.000000
f 104/104 105/105 106/106
v 0.535603 0.160000 0.344012
v 0.569421 0.160000 0.355845
v 0.569421 1.420000 0.355845
v 0.535603 1.420000 0.344012
vt 0.035714 0.000000
vt 0.071429 0.000000
vt 0.071429 1.000000
vt 0.035714 1.000000
f 107/107 108/108 109/109 110/110
v 0.500000 0.160000 0.500000
v 0.569421 0.160000 0.355845
v 0.535603 0.160000 0.344012
vt 0.000000 0.000000
vt 1.000000 0.000000
vt 1.000000 1.000000
f 111/111 112/112 113/113
v 0.500000 1.420000 0.500000
v 0.535603 1.420000 0.344012
v 0.569421 1.420000 0.355845
vt 0.000000 0.000000
vt 1.000000 0.000000
vt 1.000000 1.000000
f 114/114 115/115 116/116
v 0.569421 0.160000 0.355845
v 0.599758 0.160000 0.374907
v 0.599758 1.420000 0.374907
v 0.569421 1.420000 0.355845
vt 0.071429 0.000000
vt 0.107143 0.000000
vt 0.107143 1.000000
vt 0.071429 1.000000
f 117/117 118/118 119/119 120/120
v 0.500000 0.160000 0.500000
v 0.599758 0.160000 0.374907
v 0.569421 0.160000 0.355845
vt 0.000000 0.000000
vt 1.000000 0.000000
vt 1.000000 1.000000
f 121/121 122/122 123/123
v 0.500000 1.420000 0.500000
v 0.569421 1.420000 0.355845
v 0.599758 1.420000 0.374907
vt 0.000000 0.000000
vt 1.000000 0.000000
vt 1.000000 1.000000
f 124/124 125/125 126/126
v 0.599758 0.160000 0.374907
v 0.625093 0.160000 0.400242
v 0.625093 1.420000 0.400242
v 0.599758 1.420000 0.374907
vt 0.107143 0.000000
vt 0.142857 0.000000
vt 0.142857 1.000000
vt 0.107143 1.000000
f 127/127 128/128 129/129 130/130
v 0.500000 0.160000 0.500000
v 0.625093 0.160000 0.400242
v 0.599758 0.160000 0.374907
vt 0.000000 0.000000
vt 1.000000 0.000000
vt 1.000000 1.000000
f 131/131 132/132 133/133
v 0.500000 1.420000 0.500000
v 0.599758 1.420000 0.374907
v 0.625093 1.420000 0.400242
vt 0.000000 0.000000
vt 1.000000 0.000000
vt 1.000000 1.000000
f 134/134 135/135 136/136
v 0.625093 0.160000 0.400242
v 0.644155 0.160000 0.430579
v 0.644155 1.420000 0.430579
v 0.625093 1.420000 0.400242
vt 0.142857 0.000000
vt 0.178571 0.000000
vt 0.178571 1.000000
vt 0.142857 1.000000
f 137/137 138/138 139/139 140/140
v 0.500000 0.160000 0.500000
v 0.644155 0.160000 0.430579
v 0.625093 0.160000 0.400242
vt 0.000000 0.000000
vt 1.000000 0.000000
vt 1.000000 1.000000
f 141/141 142/142 143/143
v 0.500000 1.420000 0.500000
v 0.625093 1.420000 0.400242
v 0.644155 1.420000 0.430579
vt 0.000000 0.000000
vt 1.000000 0.000000
vt 1.000000 1.000000
f 144/144 145/145 146/146
v 0.644155 0.160000 0.430579
v 0.655988 0.160000 0.464397
v 0.655988 1.420000 0.464397
v 0.644155 1.420000 0.430579
vt 0.178571 0.000000
vt 0.214286 0.000000
vt 0.214286 1.000000
vt 0.178571 1.000000
f 147/147 148/148 149/149 150/150
v 0.500000 0.160000 0.500000
v 0.655988 0.160000 0.464397
v 0.644155 0.160000 0.430579
vt 0.000000 0.000000
vt 1.000000 0.000000
vt 1.000000 1.000000
f 151/151 152/152 153/153
v 0.500000 1.420000 0.500000
v 0.644155 1.420000 0.430579
v 0.655988 1.420000 0.464397
vt 0.000000 0.000000
vt 1.000000 0.000000
vt 1.000000 1.000000
f 154/154 155/155 156/156
v 0.655988 0.160000 0.464397
v 0.660000 0.160000 0.500000
v 0.660000 1.420000 0.500000
v 0.655988 1.420000 0.464397
vt 0.214286 0.000000
vt 0.250000 0.000000
vt 0.250000 1.000000
vt 0.214286 1.000000
f 157/157 158/158 159/159 160/160
v 0.500000 0.160000 0.500000
v 0.660000 0.160000 0.500000
v 0.655988 0.160000 0.464397
vt 0.000000 0.000000
vt 1.000000 0.000000
vt 1.000000 1.000000
f 161/161 162/162 163/163
v 0.500000 1.420000 0.500000
v 0.655988 1.420000 0.464397
v 0.660000 1.420000 0.500000
vt 0.000000 0.000000
vt 1.000000 0.000000
vt 1.000000 1.000000
f 164/164 165/165 166/166
v 0.660000 0.160000 0.500000
v 0.655988 0.160000 0.535603
v 0.655988 1.420000 0.535603
v 0.660000 1.420000 0.500000
vt 0.250000 0.000000
vt 0.285714 0.000000
vt 0.285714 1.000000
vt 0.250000 1.000000
f 167/167 168/168 169/169 170/170
v 0.500000 0.160000 0.500000
v 0.655988 0.160000 0.535603
v 0.660000 0.160000 0.500000
vt 0.000000 0.000000
vt 1.000000 0.000000
vt 1.000000 1.000000
f 171/171 172/172 173/173
v 0.500000 1.420000 0.500000
v 0.660000 1.420000 0.500000
v 0.655988 1.420000 0.535603
vt 0.000000 0.000000
vt 1.000000 0.000000
vt 1.000000 1.000000
f 174/174 175/175 176/176
v 0.655988 0.160000 0.535603
v 0.644155 0.160000 0.569421
v 0.644155 1.420000 0.569421
v 0.655988 1.420000 0.535603
vt 0.285714 0.000000
vt 0.321429 0.000000
vt 0.321429 1.000000
vt 0.285714 1.000000
f 177/177 178/178 179/179 180/180
v 0.500000 0.160000 0.500000
v 0.644155 0.160000 0.569421
v 0.655988 0.160000 0.535603
vt 0.000000 0.000000
vt 1.000000 0.000000
vt 1.000000 1.000000
f 181/181 182/182 183/183
v 0.500000 1.420000 0.500000
v 0.655988 1.420000 0.535603
v 0.644155 1.420000 0.569421
vt 0.000000 0.000000
vt 1.000000 0.000000
vt 1.000000 1.000000
f 184/184 185/185 186/186
v 0.644155 0.160000 0.569421
v 0.625093 0.160000 0.599758
v 0.625093 1.420000 0.599758
v 0.644155 1.420000 0.569421
vt 0.321429 0.000000
vt 0.357143 0.000000
vt 0.357143 1.000000
vt 0.321429 1.000000
f 187/187 188/188 189/189 190/190
v 0.500000 0.160000 0.500000
v 0.625093 0.160000 0.599758
v 0.644155 0.160000 0.569421
vt 0.000000 0.000000
vt 1.000000 0.000000
vt 1.000000 1.000000
f 191/191 192/192 193/193
v 0.500000 1.420000 0.500000
v 0.644155 1.420000 0.569421
v 0.625093 1.420000 0.599758
vt 0.000000 0.000000
vt 1.000000 0.000000
vt 1.000000 1.000000
f 194/194 195/195 196/196
v 0.625093 0.160000 0.599758
v 0.599758 0.160000 0.625093
v 0.599758 1.420000 0.625093
v 0.625093 1.420000 0.599758
vt 0.357143 0.000000
vt 0.392857 0.000000
vt 0.392857 1.000000
vt 0.357143 1.000000
f 197/197 198/198 199/199 200/200
v 0.500000 0.160000 0.500000
v 0.599758 0.160000 0.625093
v 0.625093 0.160000 0.599758
vt 0.000000 0.000000
vt 1.000000 0.000000
vt 1.000000 1.000000
f 201/201 202/202 203/203
v 0.500000 1.420000 0.500000
v 0.625093 1.420000 0.599758
v 0.599758 1.420000 0.625093
vt 0.000000 0.000000
vt 1.000000 0.000000
vt 1.000000 1.000000
f 204/204 205/205 206/206
v 0.599758 0.160000 0.625093
v 0.569421 0.160000 0.644155
v 0.569421 1.420000 0.644155
v 0.599758 1.420000 0.625093
vt 0.392857 0.000000
vt 0.428571 0.000000
vt 0.428571 1.000000
vt 0.392857 1.000000
f 207/207 208/208 209/209 210/210
v 0.500000 0.160000 0.500000
v 0.569421 0.160000 0.644155
v 0.599758 0.160000 0.625093
vt 0.000000 0.000000
vt 1.000000 0.000000
vt 1.000000 1.000000
f 211/211 212/212 213/213
v 0.500000 1.420000 0.500000
v 0.599758 1.420000 0.625093
v 0.569421 1.420000 0.644155
vt 0.000000 0.000000
vt 1.000000 0.000000
vt 1.000000 1.000000
f 214/214 215/215 216/216
v 0.569421 0.160000 0.644155
v 0.535603 0.160000 0.655988
v 0.535603 1.420000 0.655988
v 0.569421 1.420000 0.644155
vt 0.428571 0.000000
vt 0.464286 0.000000
vt 0.464286 1.000000
vt 0.428571 1.000000
f 217/217 218/218 219/219 220/220
v 0.500000 0.160000 0.500000
v 0.535603 0.160000 0.655988
v 0.569421 0.160000 0.644155
vt 0.000000 0.000000
vt 1.000000 0.000000
vt 1.000000 1.000000
f 221/221 222/222 223/223
v 0.500000 1.420000 0.500000
v 0.569421 1.420000 0.644155
v 0.535603 1.420000 0.655988
vt 0.000000 0.000000
vt 1.000000 0.000000
vt 1.000000 1.000000
f 224/224 225/225 226/226
v 0.535603 0.160000 0.655988
v 0.500000 0.160000 0.660000
v 0.500000 1.420000 0.660000
v 0.535603 1.420000 0.655988
vt 0.464286 0.000000
vt 0.500000 0.000000
vt 0.500000 1.000000
vt 0.464286 1.000000
f 227/227 228/228 229/229 230/230
v 0.500000 0.160000 0.500000
v 0.500000 0.160000 0.660000
v 0.535603 0.160000 0.655988
vt 0.000000 0.000000
vt 1.000000 0.000000
vt 1.000000 1.000000
f 231/231 232/232 233/233
v 0.500000 1.420000 0.500000
v 0.535603 1.420000 0.655988
v 0.500000 1.420000 0.660000
vt 0.000000 0.000000
vt 1.000000 0.000000
vt 1.000000 1.000000
f 234/234 235/235 236/236
v 0.500000 0.160000 0.660000
v 0.464397 0.160000 0.655988
v 0.464397 1.420000 0.655988
v 0.500000 1.420000 0.660000
vt 0.500000 0.000000
vt 0.535714 0.000000
vt 0.535714 1.000000
vt 0.500000 1.000000
f 237/237 238/238 239/239 240/240
v 0.500000 0.160000 0.500000
v 0.464397 0.160000 0.655988
v 0.500000 0.160000 0.660000
vt 0.000000 0.000000
vt 1.000000 0.000000
vt 1.000000 1.000000
f 241/241 242/242 243/243
v 0.500000 1.420000 0.500000
v 0.500000 1.420000 0.660000
v 0.464397 1.420000 0.655988
vt 0.000000 0.000000
vt 1.000000 0.000000
vt 1.000000 1.000000
f 244/244 245/245 246/246
v 0.464397 0.160000 0.655988
v 0.430579 0.160000 0.644155
v 0.430579 1.420000 0.644155
v 0.464397 1.420000 0.655988
vt 0.535714 0.000000
vt 0.571429 0.000000
vt 0.571429 1.000000
vt 0.535714 1.000000
f 247/247 248/248 249/249 250/250
v 0.500000 0.160000 0.500000
v 0.430579 0.160000 0.644155
v 0.464397 0.160000 0.655988
vt 0.000000 0.000000
vt 1.000000 0.000000
vt 1.000000 1.000000
f 251/251 252/252 253/253
v 0.500000 1.420000 0.500000
v 0.464397 1.420000 0.655988
v 0.430579 1.420000 0.644155
vt 0.000000 0.000000
vt 1.000000 0.000000
vt 1.000000 1.000000
f 254/254 255/255 256/256
v 0.430579 0.160000 0.644155
v 0.400242 0.160000 0.625093
v 0.400242 1.420000 0.625093
v 0.430579 1.420000 0.644155
vt 0.571429 0.000000
vt 0.607143 0.000000
vt 0.607143 1.000000
vt 0.571429 1.000000
f 257/257 258/258 259/259 260/260
v 0.500000 0.160000 0.500000
v 0.400242 0.160000 0.625093
v 0.430579 0.160000 0.644155
vt 0.000000 0.000000
vt 1.000000 0.000000
vt 1.000000 1.000000
f 261/261 262/262 263/263
v 0.500000 1.420000 0.500000
v 0.430579 1.420000 0.644155
v 0.400242 1.420000 0.625093
vt 0.000000 0.000000
vt 1.000000 0.000000
vt 1.000000 1.000000
f 264/264 265/265 266/266
v 0.400242 0.160000 0.625093
v 0.374907 0.160000 0.599758
v 0.374907 1.420000 0.599758
v 0.400242 1.420000 0.625093
vt 0.607143 0.000000
vt 0.642857 0.000000
vt 0.642857 1.000000
vt 0.607143 1.000000
f 267/267 268/268 269/269 270/270
v 0.500000 0.160000 0.500000
v 0.374907 0.160000 0.599758
v 0.400242 0.160000 0.625093
vt 0.000000 0.000000
vt 1.000000 0.000000
vt 1.000000 1.000000
f 271/271 272/272 273/273
v 0.500000 1.420000 0.500000
v 0.400242 1.420000 0.625093
v 0.374907 1.420000 0.599758
vt 0.000000 0.000000
vt 1.000000 0.000000
vt 1.000000 1.000000
f 274/274 275/275 276/276
v 0.374907 0.160000 0.599758
v 0.355845 0.160000 0.569421
v 0.355845 1.420000 0.569421
v 0.374907 1.420000 0.599758
vt 0.642857 0.000000
vt 0.678571 0.000000
vt 0.678571 1.000000
vt 0.642857 1.000000
f 277/277 278/278 279/279 280/280
v 0.500000 0.160000 0.500000
v 0.355845 0.160000 0.569421
v 0.374907 0.160000 0.599758
vt 0.000000 0.000000
vt 1.000000 0.000000
vt 1.000000 1.000000
f 281/281 282/282 283/283
v 0.500000 1.420000 0.500000
v 0.374907 1.420000 0.599758
v 0.355845 1.420000 0.569421
vt 0.000000 0.000000
vt 1.000000 0.000000
vt 1.000000 1.000000
f 284/284 285/285 286/286
v 0.355845 0.160000 0.569421
v 0.344012 0.160000 0.535603
v 0.344012 1.420000 0.535603
v 0.355845 1.420000 0.569421
vt 0.678571 0.000000
vt 0.714286 0.000000
vt 0.714286 1.000000
vt 0.678571 1.000000
f 287/287 288/288 289/289 290/290
v 0.500000 0.160000 0.500000
v 0.344012 0.160000 0.535603
v 0.355845 0.160000 0.569421
vt 0.000000 0.000000
vt 1.000000 0.000000
vt 1.000000 1.000000
f 291/291 292/292 293/293
v 0.500000 1.420000 0.500000
v 0.355845 1.420000 0.569421
v 0.344012 1.420000 0.535603
vt 0.000000 0.000000
vt 1.000000 0.000000
vt 1.000000 1.000000
f 294/294 295/295 296/296
v 0.344012 0.160000 0.535603
v 0.340000 0.160000 0.500000
v 0.340000 1.420000 0.500000
v 0.344012 1.420000 0.535603
vt 0.714286 0.000000
vt 0.750000 0.000000
vt 0.750000 1.000000
vt 0.714286 1.000000
f 297/297 298/298 299/299 300/300
v 0.500000 0.160000 0.500000
v 0.340000 0.160000 0.500000
v 0.344012 0.160000 0.535603
vt 0.000000 0.000000
vt 1.000000 0.000000
vt 1.000000 1.000000
f 301/301 302/302 303/303
v 0.500000 1.420000 0.500000
v 0.344012 1.420000 0.535603
v 0.340000 1.420000 0.500000
vt 0.000000 0.000000
vt 1.000000 0.000000
vt 1.000000 1.000000
f 304/304 305/305 306/306
v 0.340000 0.160000 0.500000
v 0.344012 0.160000 0.464397
v 0.344012 1.420000 0.464397
v 0.340000 1.420000 0.500000
vt 0.750000 0.000000
vt 0.785714 0.000000
vt 0.785714 1.000000
vt 0.750000 1.000000
f 307/307 308/308 309/309 310/310
v 0.500000 0.160000 0.500000
v 0.344012 0.160000 0.464397
v 0.340000 0.160000 0.500000
vt 0.000000 0.000000
vt 1.000000 0.000000
vt 1.000000 1.000000
f 311/311 312/312 313/313
v 0.500000 1.420000 0.500000
v 0.340000 1.420000 0.500000
v 0.344012 1.420000 0.464397
vt 0.000000 0.000000
vt 1.000000 0.000000
vt 1.000000 1.000000
f 314/314 315/315 316/316
v 0.344012 0.160000 0.464397
v 0.355845 0.160000 0.430579
v 0.355845 1.420000 0.430579
v 0.344012 1.420000 0.464397
vt 0.785714 0.000000
vt 0.821429 0.000000
vt 0.821429 1.000000
vt 0.785714 1.000000
f 317/317 318/318 319/319 320/320
v 0.500000 0.160000 0.500000
v 0.355845 0.160000 0.430579
v 0.344012 0.160000 0.464397
vt 0.000000 0.000000
vt 1.000000 0.000000
vt 1.000000 1.000000
f 321/321 322/322 323/323
v 0.500000 1.420000 0.500000
v 0.344012 1.420000 0.464397
v 0.355845 1.420000 0.430579
vt 0.000000 0.000000
vt 1.000000 0.000000
vt 1.000000 1.000000
f 324/324 325/325 326/326
v 0.355845 0.160000 0.430579
v 0.374907 0.160000 0.400242
v 0.374907 1.420000 0.400242
v 0.355845 1.420000 0.430579
vt 0.821429 0.000000
vt 0.857143 0.000000
vt 0.857143 1.000000
vt 0.821429 1.000000
f 327/327 328/328 329/329 330/330
v 0.500000 0.160000 0.500000
v 0.374907 0.160000 0.400242
v 0.355845 0.160000 0.430579
vt 0.000000 0.000000
vt 1.000000 0.000000
vt 1.000000 1.000000
f 331/331 332/332 333/333
v 0.500000 1.420000 0.500000
v 0.355845 1.420000 0.430579
v 0.374907 1.420000 0.400242
vt 0.000000 0.000000
vt 1.000000 0.000000
vt 1.000000 1.000000
f 334/334 335/335 336/336
v 0.374907 0.160000 0.400242
v 0.400242 0.160000 0.374907
v 0.400242 1.420000 0.374907
v 0.374907 1.420000 0.400242
vt 0.857143 0.000000
vt 0.892857 0.000000
vt 0.892857 1.000000
vt 0.857143 1.000000
f 337/337 338/338 339/339 340/340
v 0.500000 0.160000 0.500000
v 0.400242 0.160000 0.374907
v 0.374907 0.160000 0.400242
vt 0.000000 0.000000
vt 1.000000 0.000000
vt 1.000000 1.000000
f 341/341 342/342 343/343
v 0.500000 1.420000 0.500000
v 0.374907 1.420000 0.400242
v 0.400242 1.420000 0.374907
vt 0.000000 0.000000
vt 1.000000 0.000000
vt 1.000000 1.000000
f 344/344 345/345 346/346
v 0.400242 0.160000 0.374907
v 0.430579 0.160000 0.355845
v 0.430579 1.420000 0.355845
v 0.400242 1.420000 0.374907
vt 0.892857 0.000000
vt 0.928571 0.000000
vt 0.928571 1.000000
vt 0.892857 1.000000
f 347/347 348/348 349/349 350/350
v 0.500000 0.160000 0.500000
v 0.430579 0.160000 0.355845
v 0.400242 0.160000 0.374907
vt 0.000000 0.000000
vt 1.000000 0.000000
vt 1.000000 1.000000
f 351/351 352/352 353/353
v 0.500000 1.420000 0.500000
v 0.400242 1.420000 0.374907
v 0.430579 1.420000 0.355845
vt 0.000000 0.000000
vt 1.000000 0.000000
vt 1.000000 1.000000
f 354/354 355/355 356/356
v 0.430579 0.160000 0.355845
v 0.464397 0.160000 0.344012
v 0.464397 1.420000 0.344012
v 0.430579 1.420000 0.355845
vt 0.928571 0.000000
vt 0.964286 0.000000
vt 0.964286 1.000000
vt 0.928571 1.000000
f 357/357 358/358 359/359 360/360
v 0.500000 0.160000 0.500000
v 0.464397 0.160000 0.344012
v 0.430579 0.160000 0.355845
vt 0.000000 0.000000
vt 1.000000 0.000000
vt 1.000000 1.000000
f 361/361 362/362 363/363
v 0.500000 1.420000 0.500000
v 0.430579 1.420000 0.355845
v 0.464397 1.420000 0.344012
vt 0.000000 0.000000
vt 1.000000 0.000000
vt 1.000000 1.000000
f 364/364 365/365 366/366
v 0.464397 0.160000 0.344012
v 0.500000 0.160000 0.340000
v 0.500000 1.420000 0.340000
v 0.464397 1.420000 0.344012
vt 0.964286 0.000000
vt 1.000000 0.000000
vt 1.000000 1.000000
vt 0.964286 1.000000
f 367/367 368/368 369/369 370/370
v 0.500000 0.160000 0.500000
v 0.500000 0.160000 0.340000
v 0.464397 0.160000 0.344012
vt 0.000000 0.000000
vt 1.000000 0.000000
vt 1.000000 1.000000
f 371/371 372/372 373/373
v 0.500000 1.420000 0.500000
v 0.464397 1.420000 0.344012
v 0.500000 1.420000 0.340000
vt 0.000000 0.000000
vt 1.000000 0.000000
vt 1.000000 1.000000
f 374/374 375/375 376/376
usemtl dark
v 0.500000 1.380000 0.200000
v 0.558527 1.380000 0.205764
v 0.558527 1.580000 0.205764
v 0.500000 1.580000 0.200000
vt 0.000000 0.000000
vt 0.031250 0.000000
vt 0.031250 1.000000
vt 0.000000 1.000000
f 377/377 378/378 379/379 380/380
v 0.500000 1.380000 0.500000
v 0.558527 1.380000 0.205764
v 0.500000 1.380000 0.200000
vt 0.000000 0.000000
vt 1.000000 0.000000
vt 1.000000 1.000000
f 381/381 382/382 383/383
v 0.500000 1.580000 0.500000
v 0.500000 1.580000 0.200000
v 0.558527 1.580000 0.205764
vt 0.000000 0.000000
vt 1.000000 0.000000
vt 1.000000 1.000000
f 384/384 385/385 386/386
v 0.558527 1.380000 0.205764
v 0.614805 1.380000 0.222836
v 0.614805 1.580000 0.222836
v 0.558527 1.580000 0.205764
vt 0.031250 0.000000
vt 0.062500 0.000000
vt 0.062500 1.000000
vt 0.031250 1.000000
f 387/387 388/388 389/389 390/390
v 0.500000 1.380000 0.500000
v 0.614805 1.380000 0.222836
v 0.558527 1.380000 0.205764
vt 0.000000 0.000000
vt 1.000000 0.000000
vt 1.000000 1.000000
f 391/391 392/392 393/393
v 0.500000 1.580000 0.500000
v 0.558527 1.580000 0.205764
v 0.614805 1.580000 0.222836
vt 0.000000 0.000000
vt 1.000000 0.000000
vt 1.000000 1.000000
f 394/394 395/395 396/396
v 0.614805 1.380000 0.222836
v 0.666671 1.380000 0.250559
v 0.666671 1.580000 0.250559
v 0.614805 1.580000 0.222836
vt 0.062500 0.000000
vt 0.093750 0.000000
vt 0.093750 1.000000
vt 0.062500 1.000000
f 397/397 398/398 399/399 400/400
v 0.500000 1.380000 0.500000
v 0.666671 1.380000 0.250559
v 0.614805 1.380000 0.222836
vt 0.000000 0.000000
vt 1.000000 0.000000
vt 1.000000 1.000000
f 401/401 402/402 403/403
v 0.500000 1.580000 0.500000
v 0.614805 1.580000 0.222836
v 0.666671 1.580000 0.250559
vt 0.000000 0.000000
vt 1.000000 0.000000
vt 1.000000 1.000000
f 404/404 405/405 406/406
v 0.666671 1.380000 0.250559
v 0.712132 1.380000 0.287868
v 0.712132 1.580000 0.287868
v 0.666671 1.580000 0.250559
vt 0.093750 0.000000
vt 0.125000 0.000000
vt 0.125000 1.000000
vt 0.093750 1.000000
f 407/407 408/408 409/409 410/410
v 0.500000 1.380000 0.500000
v 0.712132 1.380000 0.287868
v 0.666671 1.380000 0.250559
vt 0.000000 0.000000
vt 1.000000 0.000000
vt 1.000000 1.000000
f 411/411 412/412 413/413
v 0.500000 1.580000 0.500000
v 0.666671 1.580000 0.250559
v 0.712132 1.580000 0.287868
vt 0.000000 0.000000
vt 1.000000 0.000000
vt 1.000000 1.000000
f 414/414 415/415 416/416
v 0.712132 1.380000 0.287868
v 0.749441 1.380000 0.333329
v 0.749441 1.580000 0.333329
v 0.712132 1.580000 0.287868
vt 0.125000 0.000000
vt 0.156250 0.000000
vt 0.156250 1.000000
vt 0.125000 1.000000
f 417/417 418/418 419/419 420/420
v 0.500000 1.380000 0.500000
v 0.749441 1.380000 0.333329
v 0.712132 1.380000 0.287868
vt 0.000000 0.000000
vt 1.000000 0.000000
vt 1.000000 1.000000
f 421/421 422/422 423/423
v 0.500000 1.580000 0.500000
v 0.712132 1.580000 0.287868
v 0.749441 1.580000 0.333329
vt 0.000000 0.000000
vt 1.000000 0.000000
vt 1.000000 1.000000
f 424/424 425/425 426/426
v 0.749441 1.380000 0.333329
v 0.777164 1.380000 0.385195
v 0.777164 1.580000 0.385195
v 0.749441 1.580000 0.333329
vt 0.156250 0.000000
vt 0.187500 0.000000
vt 0.187500 1.000000
vt 0.156250 1.000000
f 427/427 428/428 429/429 430/430
v 0.500000 1.380000 0.500000
v 0.777164 1.380000 0.385195
v 0.749441 1.380000 0.333329
vt 0.000000 0.000000
vt 1.000000 0.000000
vt 1.000000 1.000000
f 431/431 432/432 433/433
v 0.500000 1.580000 0.500000
v 0.749441 1.580000 0.333329
v 0.777164 1.580000 0.385195
vt 0.000000 0.000000
vt 1.000000 0.000000
vt 1.000000 1.000000
f 434/434 435/435 436/436
v 0.777164 1.380000 0.385195
v 0.794236 1.380000 0.441473
v 0.794236 1.580000 0.441473
v 0.777164 1.580000 0.385195
vt 0.187500 0.000000
vt 0.218750 0.000000
vt 0.218750 1.000000
vt 0.187500 1.000000
f 437/437 438/438 439/439 440/440
v 0.500000 1.380000 0.500000
v 0.794236 1.380000 0.441473
v 0.777164 1.380000 0.385195
vt 0.000000 0.000000
vt 1.000000 0.000000
vt 1.000000 1.000000
f 441/441 442/442 443/443
v 0.500000 1.580000 0.500000
v 0.777164 1.580000 0.385195
v 0.794236 1.580000 0.441473
vt 0.000000 0.000000
vt 1.000000 0.000000
vt 1.000000 1.000000
f 444/444 445/445 446/446
v 0.794236 1.380000 0.441473
v 0.800000 1.380000 0.500000
v 0.800000 1.580000 0.500000
v 0.794236 1.580000 0.441473
vt 0.218750 0.000000
vt 0.250000 0.000000
vt 0.250000 1.000000
vt 0.218750 1.000000
f 447/447 448/448 449/449 450/450
v 0.500000 1.380000 0.500000
v 0.800000 1.380000 0.500000
v 0.794236 1.380000 0.441473
vt 0.000000 0.000000
vt 1.000000 0.000000
vt 1.000000 1.000000
f 451/451 452/452 453/453
v 0.500000 1.580000 0.500000
v 0.794236 1.580000 0.441473
v 0.800000 1.580000 0.500000
vt 0.000000 0.000000
vt 1.000000 0.000000
vt 1.000000 1.000000
f 454/454 455/455 456/456
v 0.800000 1.380000 0.500000
v 0.794236 1.380000 0.558527
v 0.794236 1.580000 0.558527
v 0.800000 1.580000 0.500000
vt 0.250000 0.000000
vt 0.281250 0.000000
vt 0.281250 1.000000
vt 0.250000 1.000000
f 457/457 458/458 459/459 460/460
v 0.500000 1.380000 0.500000
v 0.794236 1.380000 0.558527
v 0.800000 1.380000 0.500000
vt 0.000000 0.000000
vt 1.000000 0.000000
vt 1.000000 1.000000
f 461/461 462/462 463/463
v 0.500000 1.580000 0.500000
v 0.800000 1.580000 0.500000
v 0.794236 1.580000 0.558527
vt 0.000000 0.000000
vt 1.000000 0.000000
vt 1.000000 1.000000
f 464/464 465/465 466/466
v 0.794236 1.380000 0.558527
v 0.777164 1.380000 0.614805
v 0.777164 1.580000 0.614805
v 0.794236 1.580000 0.558527
vt 0.281250 0.000000
vt 0.312500 0.000000
vt 0.312500 1.000000
vt 0.281250 1.000000
f 467/467 468/468 469/469 470/470
v 0.500000 1.380000 0.500000
v 0.777164 1.380000 0.614805
v 0.794236 1.380000 0.558527
vt 0.000000 0.000000
vt 1.000000 0.000000
vt 1.000000 1.000000
f 471/471 472/472 473/473
v 0.500000 1.580000 0.500000
v 0.794236 1.580000 0.558527
v 0.777164 1.580000 0.614805
vt 0.000000 0.000000
vt 1.000000 0.000000
vt 1.000000 1.000000
f 474/474 475/475 476/476
v 0.777164 1.380000 0.614805
v 0.749441 1.380000 0.666671
v 0.749441 1.580000 0.666671
v 0.777164 1.580000 0.614805
vt 0.312500 0.000000
vt 0.343750 0.000000
vt 0.343750 1.000000
vt 0.312500 1.000000
f 477/477 478/478 479/479 480/480
v 0.500000 1.380000 0.500000
v 0.749441 1.380000 0.666671
v 0.777164 1.380000 0.614805
vt 0.000000 0.000000
vt 1.000000 0.000000
vt 1.000000 1.000000
f 481/481 482/482 483/483
v 0.500000 1.580000 0.500000
v 0.777164 1.580000 0.614805
v 0.749441 1.580000 0.666671
vt 0.000000 0.000000
vt 1.000000 0.000000
vt 1.000000 1.000000
f 484/484 485/485 486/486
v 0.749441 1.380000 0.666671
v 0.712132 1.380000 0.712132
v 0.712132 1.580000 0.712132
v 0.749441 1.580000 0.666671
vt 0.343750 0.000000
vt 0.375000 0.000000
vt 0.375000 1.000000
vt 0.343750 1.000000
f 487/487 488/488 489/489 490/490
v 0.500000 1.380000 0.500000
v 0.712132 1.380000 0.712132
v 0.749441 1.380000 0.666671
vt 0.000000 0.000000
vt 1.000000 0.000000
vt 1.000000 1.000000
f 491/491 492/492 493/493
v 0.500000 1.580000 0.500000
v 0.749441 1.580000 0.666671
v 0.712132 1.580000 0.712132
vt 0.000000 0.000000
vt 1.000000 0.000000
vt 1.000000 1.000000
f 494/494 495/495 496/496
v 0.712132 1.380000 0.712132
v 0.666671 1.380000 0.749441
v 0.666671 1.580000 0.749441
v 0.712132 1.580000 0.712132
vt 0.375000 0.000000
vt 0.406250 0.000000
vt 0.406250 1.000000
vt 0.375000 1.000000
f 497/497 498/498 499/499 500/500
v 0.500000 1.380000 0.500000
v 0.666671 1.380000 0.749441
v 0.712132 1.380000 0.712132
vt 0.000000 0.000000
vt 1.000000 0.000000
vt 1.000000 1.000000
f 501/501 502/502 503/503
v 0.500000 1.580000 0.500000
v 0.712132 1.580000 0.712132
v 0.666671 1.580000 0.749441
vt 0.000000 0.000000
vt 1.000000 0.000000
vt 1.000000 1.000000
f 504/504 505/505 506/506
v 0.666671 1.380000 0.749441
v 0.614805 1.380000 0.777164
v 0.614805 1.580000 0.777164
v 0.666671 1.580000 0.749441
vt 0.406250 0.000000
vt 0.437500 0.000000
vt 0.437500 1.000000
vt 0.406250 1.000000
f 507/507 508/508 509/509 510/510
v 0.500000 1.380000 0.500000
v 0.614805 1.380000 0.777164
v 0.666671 1.380000 0.749441
vt 0.000000 0.000000
vt 1.000000 0.000000
vt 1.000000 1.000000
f 511/511 512/512 513/513
v 0.500000 1.580000 0.500000
v 0.666671 1.580000 0.749441
v 0.614805 1.580000 0.777164
vt 0.000000 0.000000
vt 1.000000 0.000000
vt 1.000000 1.000000
f 514/514 515/515 516/516
v 0.614805 1.380000 0.777164
v 0.558527 1.380000 0.794236
v 0.558527 1.580000 0.794236
v 0.614805 1.580000 0.777164
vt 0.437500 0.000000
vt 0.468750 0.000000
vt 0.468750 1.000000
vt 0.437500 1.000000
f 517/517 518/518 519/519 520/520
v 0.500000 1.380000 0.500000
v 0.558527 1.380000 0.794236
v 0.614805 1.380000 0.777164
vt 0.000000 0.000000
vt 1.000000 0.000000
vt 1.000000 1.000000
f 521/521 522/522 523/523
v 0.500000 1.580000 0.500000
v 0.614805 1.580000 0.777164
v 0.558527 1.580000 0.794236
vt 0.000000 0.000000
vt 1.000000 0.000000
vt 1.000000 1.000000
f 524/524 525/525 526/526
v 0.558527 1.380000 0.794236
v 0.500000 1.380000 0.800000
v 0.500000 1.580000 0.800000
v 0.558527 1.580000 0.794236
vt 0.468750 0.000000
vt 0.500000 0.000000
vt 0.500000 1.000000
vt 0.468750 1.000000
f 527/527 528/528 529/529 530/530
v 0.500000 1.380000 0.500000
v 0.500000 1.380000 0.800000
v 0.558527 1.380000 0.794236
vt 0.000000 0.000000
vt 1.000000 0.000000
vt 1.000000 1.000000
f 531/531 532/532 533/533
v 0.500000 1.580000 0.500000
v 0.558527 1.580000 0.794236
v 0.500000 1.580000 0.800000
vt 0.000000 0.000000
vt 1.000000 0.000000
vt 1.000000 1.000000
f 534/534 535/535 536/536
v 0.500000 1.380000 0.800000
v 0.441473 1.380000 0.794236
v 0.441473 1.580000 0.794236
v 0.500000 1.580000 0.800000
vt 0.500000 0.000000
vt 0.531250 0.000000
vt 0.531250 1.000000
vt 0.500000 1.000000
f 537/537 538/538 539/539 540/540
v 0.500000 1.380000 0.500000
v 0.441473 1.380000 0.794236
v 0.500000 1.380000 0.800000
vt 0.000000 0.000000
vt 1.000000 0.000000
vt 1.000000 1.000000
f 541/541 542/542 543/543
v 0.500000 1.580000 0.500000
v 0.500000 1.580000 0.800000
v 0.441473 1.580000 0.794236
vt 0.000000 0.000000
vt 1.000000 0.000000
vt 1.000000 1.000000
f 544/544 545/545 546/546
v 0.441473 1.380000 0.794236
v 0.385195 1.380000 0.777164
v 0.385195 1.580000 0.777164
v 0.441473 1.580000 0.794236
vt 0.531250 0.000000
vt 0.562500 0.000000
vt 0.562500 1.000000
vt 0.531250 1.000000
f 547/547 548/548 549/549 550/550
v 0.500000 1.380000 0.500000
v 0.385195 1.380000 0.777164
v 0.441473 1.380000 0.794236
vt 0.000000 0.000000
vt 1.000000 0.000000
vt 1.000000 1.000000
f 551/551 552/552 553/553
v 0.500000 1.580000 0.500000
v 0.441473 1.580000 0.794236
v 0.385195 1.580000 0.777164
vt 0.000000 0.000000
vt 1.000000 0.000000
vt 1.000000 1.000000
f 554/554 555/555 556/556
v 0.385195 1.380000 0.777164
v 0.333329 1.380000 0.749441
v 0.333329 1.580000 0.749441
v 0.385195 1.580000 0.777164
vt 0.562500 0.000000
vt 0.593750 0.000000
vt 0.593750 1.000000
vt 0.562500 1.000000
f 557/557 558/558 559/559 560/560
v 0.500000 1.380000 0.500000
v 0.333329 1.380000 0.749441
v 0.385195 1.380000 0.777164
vt 0.000000 0.000000
vt 1.000000 0.000000
vt 1.000000 1.000000
f 561/561 562/562 563/563
v 0.500000 1.580000 0.500000
v 0.385195 1.580000 0.777164
v 0.333329 1.580000 0.749441
vt 0.000000 0.000000
vt 1.000000 0.000000
vt 1.000000 1.000000
f 564/564 565/565 566/566
v 0.333329 1.380000 0.749441
v 0.287868 1.380000 0.712132
v 0.287868 1.580000 0.712132
v 0.333329 1.580000 0.749441
vt 0.593750 0.000000
vt 0.625000 0.000000
vt 0.625000 1.000000
vt 0.593750 1.000000
f 567/567 568/568 569/569 570/570
v 0.500000 1.380000 0.500000
v 0.287868 1.380000 0.712132
v 0.333329 1.380000 0.749441
vt 0.000000 0.000000
vt 1.000000 0.000000
vt 1.000000 1.000000
f 571/571 572/572 573/573
v 0.500000 1.580000 0.500000
v 0.333329 1.580000 0.749441
v 0.287868 1.580000 0.712132
vt 0.000000 0.000000
vt 1.000000 0.000000
vt 1.000000 1.000000
f 574/574 575/575 576/576
v 0.287868 1.380000 0.712132
v 0.250559 1.380000 0.666671
v 0.250559 1.580000 0.666671
v 0.287868 1.580000 0.712132
vt 0.625000 0.000000
vt 0.656250 0.000000
vt 0.656250 1.000000
vt 0.625000 1.000000
f 577/577 578/578 579/579 580/580
v 0.500000 1.380000 0.500000
v 0.250559 1.380000 0.666671
v 0.287868 1.380000 0.712132
vt 0.000000 0.000000
vt 1.000000 0.000000
vt 1.000000 1.000000
f 581/581 582/582 583/583
v 0.500000 1.580000 0.500000
v 0.287868 1.580000 0.712132
v 0.250559 1.580000 0.666671
vt 0.000000 0.000000
vt 1.000000 0.000000
vt 1.000000 1.000000
f 584/584 585/585 586/586
v 0.250559 1.380000 0.666671
v 0.222836 1.380000 0.614805
v 0.222836 1.580000 0.614805
v 0.250559 1.580000 0.666671
vt 0.656250 0.000000
vt 0.687500 0.000000
vt 0.687500 1.000000
vt 0.656250 1.000000
f 587/587 588/588 589/589 590/590
v 0.500000 1.380000 0.500000
v 0.222836 1.380000 0.614805
v 0.250559 1.380000 0.666671
vt 0.000000 0.000000
vt 1.000000 0.000000
vt 1.000000 1.000000
f 591/591 592/592 593/593
v 0.500000 1.580000 0.500000
v 0.250559 1.580000 0.666671
v 0.222836 1.580000 0.614805
vt 0.000000 0.000000
vt 1.000000 0.000000
vt 1.000000 1.000000
f 594/594 595/595 596/596
v 0.222836 1.380000 0.614805
v 0.205764 1.380000 0.558527
v 0.205764 1.580000 0.558527
v 0.222836 1.580000 0.614805
vt 0.687500 0.000000
vt 0.718750 0.000000
vt 0.718750 1.000000
vt 0.687500 1.000000
f 597/597 598/598 599/599 600/600
v 0.500000 1.380000 0.500000
v 0.205764 1.380000 0.558527
v 0.222836 1.380000 0.614805
vt 0.000000 0.000000
vt 1.000000 0.000000
vt 1.000000 1.000000
f 601/601 602/602 603/603
v 0.500000 1.580000 0.500000
v 0.222836 1.580000 0.614805
v 0.205764 1.580000 0.558527
vt 0.000000 0.000000
vt 1.000000 0.000000
vt 1.000000 1.000000
f 604/604 605/605 606/606
v 0.205764 1.380000 0.558527
v 0.200000 1.380000 0.500000
v 0.200000 1.580000 0.500000
v 0.205764 1.580000 0.558527
vt 0.718750 0.000000
vt 0.750000 0.000000
vt 0.750000 1.000000
vt 0.718750 1.000000
f 607/607 608/608 609/609 610/610
v 0.500000 1.380000 0.500000
v 0.200000 1.380000 0.500000
v 0.205764 1.380000 0.558527
vt 0.000000 0.000000
vt 1.000000 0.000000
vt 1.000000 1.000000
f 611/611 612/612 613/613
v 0.500000 1.580000 0.500000
v 0.205764 1.580000 0.558527
v 0.200000 1.580000 0.500000
vt 0.000000 0.000000
vt 1.000000 0.000000
vt 1.000000 1.000000
f 614/614 615/615 616/616
v 0.200000 1.380000 0.500000
v 0.205764 1.380000 0.441473
v 0.205764 1.580000 0.441473
v 0.200000 1.580000 0.500000
vt 0.750000 0.000000
vt 0.781250 0.000000
vt 0.781250 1.000000
vt 0.750000 1.000000
f 617/617 618/618 619/619 620/620
v 0.500000 1.380000 0.500000
v 0.205764 1.380000 0.441473
v 0.200000 1.380000 0.500000
vt 0.000000 0.000000
vt 1.000000 0.000000
vt 1.000000 1.000000
f 621/621 622/622 623/623
v 0.500000 1.580000 0.500000
v 0.200000 1.580000 0.500000
v 0.205764 1.580000 0.441473
vt 0.000000 0.000000
vt 1.000000 0.000000
vt 1.000000 1.000000
f 624/624 625/625 626/626
v 0.205764 1.380000 0.441473
v 0.222836 1.380000 0.385195
v 0.222836 1.580000 0.385195
v 0.205764 1.580000 0.441473
vt 0.781250 0.000000
vt 0.812500 0.000000
vt 0.812500 1.000000
vt 0.781250 1.000000
f 627/627 628/628 629/629 630/630
v 0.500000 1.380000 0.500000
v 0.222836 1.380000 0.385195
v 0.205764 1.380000 0.441473
vt 0.000000 0.000000
vt 1.000000 0.000000
vt 1.000000 1.000000
f 631/631 632/632 633/633
v 0.500000 1.580000 0.500000
v 0.205764 1.580000 0.441473
v 0.222836 1.580000 0.385195
vt 0.000000 0.000000
vt 1.000000 0.000000
vt 1.000000 1.000000
f 634/634 635/635 636/636
v 0.222836 1.380000 0.385195
v 0.250559 1.380000 0.333329
v 0.250559 1.580000 0.333329
v 0.222836 1.580000 0.385195
vt 0.812500 0.000000
vt 0.843750 0.000000
vt 0.843750 1.000000
vt 0.812500 1.000000
f 637/637 638/638 639/639 640/640
v 0.500000 1.380000 0.500000
v 0.250559 1.380000 0.333329
v 0.222836 1.380000 0.385195
vt 0.000000 0.000000
vt 1.000000 0.000000
vt 1.000000 1.000000
f 641/641 642/642 643/643
v 0.500000 1.580000 0.500000
v 0.222836 1.580000 0.385195
v 0.250559 1.580000 0.333329
vt 0.000000 0.000000
vt 1.000000 0.000000
vt 1.000000 1.000000
f 644/644 645/645 646/646
v 0.250559 1.380000 0.333329
v 0.287868 1.380000 0.287868
v 0.287868 1.580000 0.287868
v 0.250559 1.580000 0.333329
vt 0.843750 0.000000
vt 0.875000 0.000000
vt 0.875000 1.000000
vt 0.843750 1.000000
f 647/647 648/648 649/649 650/650
v 0.500000 1.380000 0.500000
v 0.287868 1.380000 0.287868
v 0.250559 1.380000 0.333329
vt 0.000000 0.000000
vt 1.000000 0.000000
vt 1.000000 1.000000
f 651/651 652/652 653/653
v 0.500000 1.580000 0.500000
v 0.250559 1.580000 0.333329
v 0.287868 1.580000 0.287868
vt 0.000000 0.000000
vt 1.000000 0.000000
vt 1.000000 1.000000
f 654/654 655/655 656/656
v 0.287868 1.380000 0.287868
v 0.333329 1.380000 0.250559
v 0.333329 1.580000 0.250559
v 0.287868 1.580000 0.287868
vt 0.875000 0.000000
vt 0.906250 0.000000
vt 0.906250 1.000000
vt 0.875000 1.000000
f 657/657 658/658 659/659 660/660
v 0.500000 1.380000 0.500000
v 0.333329 1.380000 0.250559
v 0.287868 1.380000 0.287868
vt 0.000000 0.000000
vt 1.000000 0.000000
vt 1.000000 1.000000
f 661/661 662/662 663/663
v 0.500000 1.580000 0.500000
v 0.287868 1.580000 0.287868
v 0.333329 1.580000 0.250559
vt 0.000000 0.000000
vt 1.000000 0.000000
vt 1.000000 1.000000
f 664/664 665/665 666/666
v 0.333329 1.380000 0.250559
v 0.385195 1.380000 0.222836
v 0.385195 1.580000 0.222836
v 0.333329 1.580000 0.250559
vt 0.906250 0.000000
vt 0.937500 0.000000
vt 0.937500 1.000000
vt 0.906250 1.000000
f 667/667 668/668 669/669 670/670
v 0.500000 1.380000 0.500000
v 0.385195 1.380000 0.222836
v 0.333329 1.380000 0.250559
vt 0.000000 0.000000
vt 1.000000 0.000000
vt 1.000000 1.000000
f 671/671 672/672 673/673
v 0.500000 1.580000 0.500000
v 0.333329 1.580000 0.250559
v 0.385195 1.580000 0.222836
vt 0.000000 0.000000
vt 1.000000 0.000000
vt 1.000000 1.000000
f 674/674 675/675 676/676
v 0.385195 1.380000 0.222836
v 0.441473 1.380000 0.205764
v 0.441473 1.580000 0.205764
v 0.385195 1.580000 0.222836
vt 0.937500 0.000000
vt 0.968750 0.000000
vt 0.968750 1.000000
vt 0.937500 1.000000
f 677/677 678/678 679/679 680/680
v 0.500000 1.380000 0.500000
v 0.441473 1.380000 0.205764
v 0.385195 1.380000 0.222836
vt 0.000000 0.000000
vt 1.000000 0.000000
vt 1.000000 1.000000
f 681/681 682/682 683/683
v 0.500000 1.580000 0.500000
v 0.385195 1.580000 0.222836
v 0.441473 1.580000 0.205764
vt 0.000000 0.000000
vt 1.000000 0.000000
vt 1.000000 1.000000
f 684/684 685/685 686/686
v 0.441473 1.380000 0.205764
v 0.500000 1.380000 0.200000
v 0.500000 1.580000 0.200000
v 0.441473 1.580000 0.205764
vt 0.968750 0.000000
vt 1.000000 0.000000
vt 1.000000 1.000000
vt 0.968750 1.000000
f 687/687 688/688 689/689 690/690
v 0.500000 1.380000 0.500000
v 0.500000 1.380000 0.200000
v 0.441473 1.380000 0.205764
vt 0.000000 0.000000
vt 1.000000 0.000000
vt 1.000000 1.000000
f 691/691 692/692 693/693
v 0.500000 1.580000 0.500000
v 0.441473 1.580000 0.205764
v 0.500000 1.580000 0.200000
vt 0.000000 0.000000
vt 1.000000 0.000000
vt 1.000000 1.000000
f 694/694 695/695 696/696
usemtl yellow
v 0.380000 1.540000 0.380000
v 0.620000 1.540000 0.380000
v 0.620000 1.700000 0.380000
v 0.380000 1.700000 0.380000
vt 0.000000 0.000000
vt 1.000000 0.000000
vt 1.000000 1.000000
vt 0.000000 1.000000
f 697/697 698/698 699/699 700/700
v 0.620000 1.540000 0.620000
v 0.380000 1.540000 0.620000
v 0.380000 1.700000 0.620000
v 0.620000 1.700000 0.620000
vt 0.000000 0.000000
vt 1.000000 0.000000
vt 1.000000 1.000000
vt 0.000000 1.000000
f 701/701 702/702 703/703 704/704
v 0.380000 1.540000 0.620000
v 0.380000 1.540000 0.380000
v 0.380000 1.700000 0.380000
v 0.380000 1.700000 0.620000
vt 0.000000 0.000000
vt 1.000000 0.000000
vt 1.000000 1.000000
vt 0.000000 1.000000
f 705/705 706/706 707/707 708/708
v 0.620000 1.540000 0.380000
v 0.620000 1.540000 0.620000
v 0.620000 1.700000 0.620000
v 0.620000 1.700000 0.380000
vt 0.000000 0.000000
vt 1.000000 0.000000
vt 1.000000 1.000000
vt 0.000000 1.000000
f 709/709 710/710 711/711 712/712
v 0.380000 1.700000 0.380000
v 0.620000 1.700000 0.380000
v 0.620000 1.700000 0.620000
v 0.380000 1.700000 0.620000
vt 0.000000 0.000000
vt 1.000000 0.000000
vt 1.000000 1.000000
vt 0.000000 1.000000
f 713/713 714/714 715/715 716/716
v 0.380000 1.540000 0.620000
v 0.620000 1.540000 0.620000
v 0.620000 1.540000 0.380000
v 0.380000 1.540000 0.380000
vt 0.000000 0.000000
vt 1.000000 0.000000
vt 1.000000 1.000000
vt 0.000000 1.000000
f 717/717 718/718 719/719 720/720
usemtl dark
v 0.960000 0.180000 0.910000
v 0.985000 0.180000 0.916699
v 0.985000 0.820000 0.916699
v 0.960000 0.820000 0.910000
vt 0.000000 0.000000
vt 0.083333 0.000000
vt 0.083333 1.000000
vt 0.000000 1.000000
f 721/721 722/722 723/723 724/724
v 0.960000 0.180000 0.960000
v 0.985000 0.180000 0.916699
v 0.960000 0.180000 0.910000
vt 0.000000 0.000000
vt 1.000000 0.000000
vt 1.000000 1.000000
f 725/725 726/726 727/727
v 0.960000 0.820000 0.960000
v 0.960000 0.820000 0.910000
v 0.985000 0.820000 0.916699
vt 0.000000 0.000000
vt 1.000000 0.000000
vt 1.000000 1.000000
f 728/728 729/729 730/730
v 0.985000 0.180000 0.916699
v 1.003301 0.180000 0.935000
v 1.003301 0.820000 0.935000
v 0.985000 0.820000 0.916699
vt 0.083333 0.000000
vt 0.166667 0.000000
vt 0.166667 1.000000
vt 0.083333 1.000000
f 731/731 732/732 733/733 734/734
v 0.960000 0.180000 0.960000
v 1.003301 0.180000 0.935000
v 0.985000 0.180000 0.916699
vt 0.000000 0.000000
vt 1.000000 0.000000
vt 1.000000 1.000000
f 735/735 736/736 737/737
v 0.960000 0.820000 0.960000
v 0.985000 0.820000 0.916699
v 1.003301 0.820000 0.935000
vt 0.000000 0.000000
vt 1.000000 0.000000
vt 1.000000 1.000000
f 738/738 739/739 740/740
v 1.003301 0.180000 0.935000
v 1.010000 0.180000 0.960000
v 1.010000 0.820000 0.960000
v 1.003301 0.820000 0.935000
vt 0.166667 0.000000
vt 0.250000 0.000000
vt 0.250000 1.000000
vt 0.166667 1.000000
f 741/741 742/742 743/743 744/744
v 0.960000 0.180000 0.960000
v 1.010000 0.180000 0.960000
v 1.003301 0.180000 0.935000
vt 0.000000 0.000000
vt 1.000000 0.000000
vt 1.000000 1.000000
f 745/745 746/746 747/747
v 0.960000 0.820000 0.960000
v 1.003301 0.820000 0.935000
v 1.010000 0.820000 0.960000
vt 0.000000 0.000000
vt 1.000000 0.000000
vt 1.000000 1.000000
f 748/748 749/749 750/750
v 1.010000 0.180000 0.960000
v 1.003301 0.180000 0.985000
v 1.003301 0.820000 0.985000
v 1.010000 0.820000 0.960000
vt 0.250000 0.000000
vt 0.333333 0.000000
vt 0.333333 1.000000
vt 0.250000 1.000000
f 751/751 752/752 753/753 754/754
v 0.960000 0.180000 0.960000
v 1.003301 0.180000 0.985000
v 1.010000 0.180000 0.960000
vt 0.000000 0.000000
vt 1.000000 0.000000
vt 1.000000 1.000000
f 755/755 756/756 757/757
v 0.960000 0.820000 0.960000
v 1.010000 0.820000 0.960000
v 1.003301 0.820000 0.985000
vt 0.000000 0.000000
vt 1.000000 0.000000
vt 1.000000 1.000000
f 758/758 759/759 760/760
v 1.003301 0.180000 0.985000
v 0.985000 0.180000 1.003301
v 0.985000 0.820000 1.003301
v 1.003301 0.820000 0.985000
vt 0.333333 0.000000
vt 0.416667 0.000000
vt 0.416667 1.000000
vt 0.333333 1.000000
f 761/761 762/762 763/763 764/764
v 0.960000 0.180000 0.960000
v 0.985000 0.180000 1.003301
v 1.003301 0.180000 0.985000
vt 0.000000 0.000000
vt 1.000000 0.000000
vt 1.000000 1.000000
f 765/765 766/766 767/767
v 0.960000 0.820000 0.960000
v 1.003301 0.820000 0.985000
v 0.985000 0.820000 1.003301
vt 0.000000 0.000000
vt 1.000000 0.000000
vt 1.000000 1.000000
f 768/768 769/769 770/770
v 0.985000 0.180000 1.003301
v 0.960000 0.180000 1.010000
v 0.960000 0.820000 1.010000
v 0.985000 0.820000 1.003301
vt 0.416667 0.000000
vt 0.500000 0.000000
vt 0.500000 1.000000
vt 0.416667 1.000000
f 771/771 772/772 773/773 774/774
v 0.960000 0.180000 0.960000
v 0.960000 0.180000 1.010000
v 0.985000 0.180000 1.003301
vt 0.000000 0.000000
vt 1.000000 0.000000
vt 1.000000 1.000000
f 775/775 776/776 777/777
v 0.960000 0.820000 0.960000
v 0.985000 0.820000 1.003301
v 0.960000 0.820000 1.010000
vt 0.000000 0.000000
vt 1.000000 0.000000
vt 1.000000 1.000000
f 778/778 779/779 780/780
v 0.960000 0.180000 1.010000
v 0.935000 0.180000 1.003301
v 0.935000 0.820000 1.003301
v 0.960000 0.820000 1.010000
vt 0.500000 0.000000
vt 0.583333 0.000000
vt 0.583333 1.000000
vt 0.500000 1.000000
f 781/781 782/782 783/783 784/784
v 0.960000 0.180000 0.960000
v 0.935000 0.180000 1.003301
v 0.960000 0.180000 1.010000
vt 0.000000 0.000000
vt 1.000000 0.000000
vt 1.000000 1.000000
f 785/785 786/786 787/787
v 0.960000 0.820000 0.960000
v 0.960000 0.820000 1.010000
v 0.935000 0.820000 1.003301
vt 0.000000 0.000000
vt 1.000000 0.000000
vt 1.000000 1.000000
f 788/788 789/789 790/790
v 0.935000 0.180000 1.003301
v 0.916699 0.180000 0.985000
v 0.916699 0.820000 0.985000
v 0.935000 0.820000 1.003301
vt 0.583333 0.000000
vt 0.666667 0.000000
vt 0.666667 1.000000
vt 0.583333 1.000000
f 791/791 792/792 793/793 794/794
v 0.960000 0.180000 0.960000
v 0.916699 0.180000 0.985000
v 0.935000 0.180000 1.003301
vt 0.000000 0.000000
vt 1.000000 0.000000
vt 1.000000 1.000000
f 795/795 796/796 797/797
v 0.960000 0.820000 0.960000
v 0.935000 0.820000 1.003301
v 0.916699 0.820000 0.985000
vt 0.000000 0.000000
vt 1.000000 0.000000
vt 1.000000 1.000000
f 798/798 799/799 800/800
v 0.916699 0.180000 0.985000
v 0.910000 0.180000 0.960000
v 0.910000 0.820000 0.960000
v 0.916699 0.820000 0.985000
vt 0.666667 0.000000
vt 0.750000 0.000000
vt 0.750000 1.000000
vt 0.666667 1.000000
f 801/801 802/802 803/803 804/804
v 0.960000 0.180000 0.960000
v 0.910000 0.180000 0.960000
v 0.916699 0.180000 0.985000
vt 0.000000 0.000000
vt 1.000000 0.000000
vt 1.000000 1.000000
f 805/805 806/806 807/807
v 0.960000 0.820000 0.960000
v 0.916699 0.820000 0.985000
v 0.910000 0.820000 0.960000
vt 0.000000 0.000000
vt 1.000000 0.000000
vt 1.000000 1.000000
f 808/808 809/809 810/810
v 0.910000 0.180000 0.960000
v 0.916699 0.180000 0.935000
v 0.916699 0.820000 0.935000
v 0.910000 0.820000 0.960000
vt 0.750000 0.000000
vt 0.833333 0.000000
vt 0.833333 1.000000
vt 0.750000 1.000000
f 811/811 812/812 813/813 814/814
v 0.960000 0.180000 0.960000
v 0.916699 0.180000 0.935000
v 0.910000 0.180000 0.960000
vt 0.000000 0.000000
vt 1.000000 0.000000
vt 1.000000 1.000000
f 815/815 816/816 817/817
v 0.960000 0.820000 0.960000
v 0.910000 0.820000 0.960000
v 0.916699 0.820000 0.935000
vt 0.000000 0.000000
vt 1.000000 0.000000
vt 1.000000 1.000000
f 818/818 819/819 820/820
v 0.916699 0.180000 0.935000
v 0.935000 0.180000 0.916699
v 0.935000 0.820000 0.916699
v 0.916699 0.820000 0.935000
vt 0.833333 0.000000
vt 0.916667 0.000000
vt 0.916667 1.000000
vt 0.833333 1.000000
f 821/821 822/822 823/823 824/824
v 0.960000 0.180000 0.960000
v 0.935000 0.180000 0.916699
v 0.916699 0.180000 0.935000
vt 0.000000 0.000000
vt 1.000000 0.000000
vt 1.000000 1.000000
f 825/825 826/826 827/827
v 0.960000 0.820000 0.960000
v 0.916699 0.820000 0.935000
v 0.935000 0.820000 0.916699
vt 0.000000 0.000000
vt 1.000000 0.000000
vt 1.000000 1.000000
f 828/828 829/829 830/830
v 0.935000 0.180000 0.916699
v 0.960000 0.180000 0.910000
v 0.960000 0.820000 0.910000
v 0.935000 0.820000 0.916699
vt 0.916667 0.000000
vt 1.000000 0.000000
vt 1.000000 1.000000
vt 0.916667 1.000000
f 831/831 832/832 833/833 834/834
v 0.960000 0.180000 0.960000
v 0.960000 0.180000 0.910000
v 0.935000 0.180000 0.916699
vt 0.000000 0.000000
vt 1.000000 0.000000
vt 1.000000 1.000000
f 835/835 836/836 837/837
v 0.960000 0.820000 0.960000
v 0.935000 0.820000 0.916699
v 0.960000 0.820000 0.910000
vt 0.000000 0.000000
vt 1.000000 0.000000
vt 1.000000 1.000000
f 838/838 839/839 840/840
usemtl body
v 0.700000 0.180000 0.700000
v 1.120000 0.180000 0.700000
v 1.120000 0.400000 0.700000
v 0.700000 0.400000 0.700000
vt 0.000000 0.000000
vt 1.000000 0.000000
vt 1.000000 1.000000
vt 0.000000 1.000000
f 841/841 842/842 843/843 844/844
v 1.120000 0.180000 1.120000
v 0.700000 0.180000 1.120000
v 0.700000 0.400000 1.120000
v 1.120000 0.400000 1.120000
vt 0.000000 0.000000
vt 1.000000 0.000000
vt 1.000000 1.000000
vt 0.000000 1.000000
f 845/845 846/846 847/847 848/848
v 0.700000 0.180000 1.120000
v 0.700000 0.180000 0.700000
v 0.700000 0.400000 0.700000
v 0.700000 0.400000 1.120000
vt 0.000000 0.000000
vt 1.000000 0.000000
vt 1.000000 1.000000
vt 0.000000 1.000000
f 849/849 850/850 851/851 852/852
v 1.120000 0.180000 0.700000
v 1.120000 0.180000 1.120000
v 1.120000 0.400000 1.120000
v 1.120000 0.400000 0.700000
vt 0.000000 0.000000
vt 1.000000 0.000000
vt 1.000000 1.000000
vt 0.000000 1.000000
f 853/853 854/854 855/855 856/856
v 0.700000 0.400000 0.700000
v 1.120000 0.400000 0.700000
v 1.120000 0.400000 1.120000
v 0.700000 0.400000 1.120000
vt 0.000000 0.000000
vt 1.000000 0.000000
vt 1.000000 1.000000
vt 0.000000 1.000000
f 857/857 858/858 859/859 860/860
v 0.700000 0.180000 1.120000
v 1.120000 0.180000 1.120000
v 1.120000 0.180000 0.700000
v 0.700000 0.180000 0.700000
vt 0.000000 0.000000
vt 1.000000 0.000000
vt 1.000000 1.000000
vt 0.000000 1.000000
f 861/861 862/862 863/863 864/864
usemtl yellow
v 0.500000 0.180000 -0.036000
v 0.511314 0.180000 -0.031314
v 0.511314 0.205600 -0.031314
v 0.500000 0.205600 -0.036000
vt 0.000000 0.000000
vt 0.125000 0.000000
vt 0.125000 1.000000
vt 0.000000 1.000000
f 865/865 866/866 867/867 868/868
v 0.500000 0.180000 -0.020000
v 0.511314 0.180000 -0.031314
v 0.500000 0.180000 -0.036000
vt 0.000000 0.000000
vt 1.000000 0.000000
vt 1.000000 1.000000
f 869/869 870/870 871/871
v 0.500000 0.205600 -0.020000
v 0.500000 0.205600 -0.036000
v 0.511314 0.205600 -0.031314
vt 0.000000 0.000000
vt 1.000000 0.000000
vt 1.000000 1.000000
f 872/872 873/873 874/874
v 0.511314 0.180000 -0.031314
v 0.516000 0.180000 -0.020000
v 0.516000 0.205600 -0.020000
v 0.511314 0.205600 -0.031314
vt 0.125000 0.000000
vt 0.250000 0.000000
vt 0.250000 1.000000
vt 0.125000 1.000000
f 875/875 876/876 877/877 878/878
v 0.500000 0.180000 -0.020000
v 0.516000 0.180000 -0.020000
v 0.511314 0.180000 -0.031314
vt 0.000000 0.000000
vt 1.000000 0.000000
vt 1.000000 1.000000
f 879/879 880/880 881/881
v 0.500000 0.205600 -0.020000
v 0.511314 0.205600 -0.031314
v 0.516000 0.205600 -0.020000
vt 0.000000 0.000000
vt 1.000000 0.000000
vt 1.000000 1.000000
f 882/882 883/883 884/884
v 0.516000 0.180000 -0.020000
v 0.511314 0.180000 -0.008686
v 0.511314 0.205600 -0.008686
v 0.516000 0.205600 -0.020000
vt 0.250000 0.000000
vt 0.375000 0.000000
vt 0.375000 1.000000
vt 0.250000 1.000000
f 885/885 886/886 887/887 888/888
v 0.500000 0.180000 -0.020000
v 0.511314 0.180000 -0.008686
v 0.516000 0.180000 -0.020000
vt 0.000000 0.000000
vt 1.000000 0.000000
vt 1.000000 1.000000
f 889/889 890/890 891/891
v 0.500000 0.205600 -0.020000
v 0.516000 0.205600 -0.020000
v 0.511314 0.205600 -0.008686
vt 0.000000 0.000000
vt 1.000000 0.000000
vt 1.000000 1.000000
f 892/892 893/893 894/894
v 0.511314 0.180000 -0.008686
v 0.500000 0.180000 -0.004000
v 0.500000 0.205600 -0.004000
v 0.511314 0.205600 -0.008686
vt 0.375000 0.000000
vt 0.500000 0.000000
vt 0.500000 1.000000
vt 0.375000 1.000000
f 895/895 896/896 897/897 898/898
v 0.500000 0.180000 -0.020000
v 0.500000 0.180000 -0.004000
v 0.511314 0.180000 -0.008686
vt 0.000000 0.000000
vt 1.000000 0.000000
vt 1.000000 1.000000
f 899/899 900/900 901/901
v 0.500000 0.205600 -0.020000
v 0.511314 0.205600 -0.008686
v 0.500000 0.205600 -0.004000
vt 0.000000 0.000000
vt 1.000000 0.000000
vt 1.000000 1.000000
f 902/902 903/903 904/904
v 0.500000 0.180000 -0.004000
v 0.488686 0.180000 -0.008686
v 0.488686 0.205600 -0.008686
v 0.500000 0.205600 -0.004000
vt 0.500000 0.000000
vt 0.625000 0.000000
vt 0.625000 1.000000
vt 0.500000 1.000000
f 905/905 906/906 907/907 908/908
v 0.500000 0.180000 -0.020000
v 0.488686 0.180000 -0.008686
v 0.500000 0.180000 -0.004000
vt 0.000000 0.000000
vt 1.000000 0.000000
vt 1.000000 1.000000
f 909/909 910/910 911/911
v 0.500000 0.205600 -0.020000
v 0.500000 0.205600 -0.004000
v 0.488686 0.205600 -0.008686
vt 0.000000 0.000000
vt 1.000000 0.000000
vt 1.000000 1.000000
f 912/912 913/913 914/914
v 0.488686 0.180000 -0.008686
v 0.484000 0.180000 -0.020000
v 0.484000 0.205600 -0.020000
v 0.488686 0.205600 -0.008686
vt 0.625000 0.000000
vt 0.750000 0.000000
vt 0.750000 1.000000
vt 0.625000 1.000000
f 915/915 916/916 917/917 918/918
v 0.500000 0.180000 -0.020000
v 0.484000 0.180000 -0.020000
v 0.488686 0.180000 -0.008686
vt 0.000000 0.000000
vt 1.000000 0.000000
vt 1.000000 1.000000
f 919/919 920/920 921/921
v 0.500000 0.205600 -0.020000
v 0.488686 0.205600 -0.008686
v 0.484000 0.205600 -0.020000
vt 0.000000 0.000000
vt 1.000000 0.000000
vt 1.000000 1.000000
f 922/922 923/923 924/924
v 0.484000 0.180000 -0.020000
v 0.488686 0.180000 -0.031314
v 0.488686 0.205600 -0.031314
v 0.484000 0.205600 -0.020000
vt 0.750000 0.000000
vt 0.875000 0.000000
vt 0.875000 1.000000
vt 0.750000 1.000000
f 925/925 926/926 927/927 928/928
v 0.500000 0.180000 -0.020000
v 0.488686 0.180000 -0.031314
v 0.484000 0.180000 -0.020000
vt 0.000000 0.000000
vt 1.000000 0.000000
vt 1.000000 1.000000
f 929/929 930/930 931/931
v 0.500000 0.205600 -0.020000
v 0.484000 0.205600 -0.020000
v 0.488686 0.205600 -0.031314
vt 0.000000 0.000000
vt 1.000000 0.000000
vt 1.000000 1.000000
f 932/932 933/933 934/934
v 0.488686 0.180000 -0.031314
v 0.500000 0.180000 -0.036000
v 0.500000 0.205600 -0.036000
v 0.488686 0.205600 -0.031314
vt 0.875000 0.000000
vt 1.000000 0.000000
vt 1.000000 1.000000
vt 0.875000 1.000000
f 935/935 936/936 937/937 938/938
v 0.500000 0.180000 -0.020000
v 0.500000 0.180000 -0.036000
v 0.488686 0.180000 -0.031314
vt 0.000000 0.000000
vt 1.000000 0.000000
vt 1.000000 1.000000
f 939/939 940/940 941/941
v 0.500000 0.205600 -0.020000
v 0.488686 0.205600 -0.031314
v 0.500000 0.205600 -0.036000
vt 0.000000 0.000000
vt 1.000000 0.000000
vt 1.000000 1.000000
f 942/942 943/943 944/944
v 0.760000 0.180000 0.033667
v 0.771314 0.180000 0.038353
v 0.771314 0.205600 0.038353
v 0.760000 0.205600 0.033667
vt 0.000000 0.000000
vt 0.125000 0.000000
vt 0.125000 1.000000
vt 0.000000 1.000000
f 945/945 946/946 947/947 948/948
v 0.760000 0.180000 0.049667
v 0.771314 0.180000 0.038353
v 0.760000 0.180000 0.033667
vt 0.000000 0.000000
vt 1.000000 0.000000
vt 1.000000 1.000000
f 949/949 950/950 951/951
v 0.760000 0.205600 0.049667
v 0.760000 0.205600 0.033667
v 0.771314 0.205600 0.038353
vt 0.000000 0.000000
vt 1.000000 0.000000
vt 1.000000 1.000000
f 952/952 953/953 954/954
v 0.771314 0.180000 0.038353
v 0.776000 0.180000 0.049667
v 0.776000 0.205600 0.049667
v 0.771314 0.205600 0.038353
vt 0.125000 0.000000
vt 0.250000 0.000000
vt 0.250000 1.000000
vt 0.125000 1.000000
f 955/955 956/956 957/957 958/958
v 0.760000 0.180000 0.049667
v 0.776000 0.180000 0.049667
v 0.771314 0.180000 0.038353
vt 0.000000 0.000000
vt 1.000000 0.000000
vt 1.000000 1.000000
f 959/959 960/960 961/961
v 0.760000 0.205600 0.049667
v 0.771314 0.205600 0.038353
v 0.776000 0.205600 0.049667
vt 0.000000 0.000000
vt 1.000000 0.000000
vt 1.000000 1.000000
f 962/962 963/963 964/964
v 0.776000 0.180000 0.049667
v 0.771314 0.180000 0.060980
v 0.771314 0.205600 0.060980
v 0.776000 0.205600 0.049667
vt 0.250000 0.000000
vt 0.375000 0.000000
vt 0.375000 1.000000
vt 0.250000 1.000000
f 965/965 966/966 967/967 968/968
v 0.760000 0.180000 0.049667
v 0.771314 0.180000 0.060980
v 0.776000 0.180000 0.049667
vt 0.000000 0.000000
vt 1.000000 0.000000
vt 1.000000 1.000000
f 969/969 970/970 971/971
v 0.760000 0.205600 0.049667
v 0.776000 0.205600 0.049667
v 0.771314 0.205600 0.060980
vt 0.000000 0.000000
vt 1.000000 0.000000
vt 1.000000 1.000000
f 972/972 973/973 974/974
v 0.771314 0.180000 0.060980
v 0.760000 0.180000 0.065667
v 0.760000 0.205600 0.065667
v 0.771314 0.205600 0.060980
vt 0.375000 0.000000
vt 0.500000 0.000000
vt 0.500000 1.000000
vt 0.375000 1.000000
f 975/975 976/976 977/977 978/978
v 0.760000 0.180000 0.049667
v 0.760000 0.180000 0.065667
v 0.771314 0.180000 0.060980
vt 0.000000 0.000000
vt 1.000000 0.000000
vt 1.000000 1.000000
f 979/979 980/980 981/981
v 0.760000 0.205600 0.049667
v 0.771314 0.205600 0.060980
v 0.760000 0.205600 0.065667
vt 0.000000 0.000000
vt 1.000000 0.000000
vt 1.000000 1.000000
f 982/982 983/983 984/984
v 0.760000 0.180000 0.065667
v 0.748686 0.180000 0.060980
v 0.748686 0.205600 0.060980
v 0.760000 0.205600 0.065667
vt 0.500000 0.000000
vt 0.625000 0.000000
vt 0.625000 1.000000
vt 0.500000 1.000000
f 985/985 986/986 987/987 988/988
v 0.760000 0.180000 0.049667
v 0.748686 0.180000 0.060980
v 0.760000 0.180000 0.065667
vt 0.000000 0.000000
vt 1.000000 0.000000
vt 1.000000 1.000000
f 989/989 990/990 991/991
v 0.760000 0.205600 0.049667
v 0.760000 0.205600 0.065667
v 0.748686 0.205600 0.060980
vt 0.000000 0.000000
vt 1.000000 0.000000
vt 1.000000 1.000000
f 992/992 993/993 994/994
v 0.748686 0.180000 0.060980
v 0.744000 0.180000 0.049667
v 0.744000 0.205600 0.049667
v 0.748686 0.205600 0.060980
vt 0.625000 0.000000
vt 0.750000 0.000000
vt 0.750000 1.000000
vt 0.625000 1.000000
f 995/995 996/996 997/997 998/998
v 0.760000 0.180000 0.049667
v 0.744000 0.180000 0.049667
v 0.748686 0.180000 0.060980
vt 0.000000 0.000000
vt 1.000000 0.000000
vt 1.000000 1.000000
f 999/999 1000/1000 1001/1001
v 0.760000 0.205600 0.049667
v 0.748686 0.205600 0.060980
v 0.744000 0.205600 0.049667
vt 0.000000 0.000000
vt 1.000000 0.000000
vt 1.000000 1.000000
f 1002/1002 1003/1003 1004/1004
v 0.744000 0.180000 0.049667
v 0.748686 0.180000 0.038353
v 0.748686 0.205600 0.038353
v 0.744000 0.205600 0.049667
vt 0.750000 0.000000
vt 0.875000 0.000000
vt 0.875000 1.000000
vt 0.750000 1.000000
f 1005/1005 1006/1006 1007/1007 1008/1008
v 0.760000 0.180000 0.049667
v 0.748686 0.180000 0.038353
v 0.744000 0.180000 0.049667
vt 0.000000 0.000000
vt 1.000000 0.000000
vt 1.000000 1.000000
f 1009/1009 1010/1010 1011/1011
v 0.760000 0.205600 0.049667
v 0.744000 0.205600 0.049667
v 0.748686 0.205600 0.038353
vt 0.000000 0.000000
vt 1.000000 0.000000
vt 1.000000 1.000000
f 1012/1012 1013/1013 1014/1014
v 0.748686 0.180000 0.038353
v 0.760000 0.180000 0.033667
v 0.760000 0.205600 0.033667
v 0.748686 0.205600 0.038353
vt 0.875000 0.000000
vt 1.000000 0.000000
vt 1.000000 1.000000
vt 0.875000 1.000000
f 1015/1015 1016/1016 1017/1017 1018/1018
v 0.760000 0.180000 0.049667
v 0.760000 0.180000 0.033667
v 0.748686 0.180000 0.038353
vt 0.000000 0.000000
vt 1.000000 0.000000
vt 1.000000 1.000000
f 1019/1019 1020/1020 1021/1021
v 0.760000 0.205600 0.049667
v 0.748686 0.205600 0.038353
v 0.760000 0.205600 0.033667
vt 0.000000 0.000000
vt 1.000000 0.000000
vt 1.000000 1.000000
f 1022/1022 1023/1023 1024/1024
v 0.950333 0.180000 0.224000
v 0.961647 0.180000 0.228686
v 0.961647 0.205600 0.228686
v 0.950333 0.205600 0.224000
vt 0.000000 0.000000
vt 0.125000 0.000000
vt 0.125000 1.000000
vt 0.000000 1.000000
f 1025/1025 1026/1026 1027/1027 1028/1028
v 0.950333 0.180000 0.240000
v 0.961647 0.180000 0.228686
v 0.950333 0.180000 0.224000
vt 0.000000 0.000000
vt 1.000000 0.000000
vt 1.000000 1.000000
f 1029/1029 1030/1030 1031/1031
v 0.950333 0.205600 0.240000
v 0.950333 0.205600 0.224000
v 0.961647 0.205600 0.228686
vt 0.000000 0.000000
vt 1.000000 0.000000
vt 1.000000 1.000000
f 1032/1032 1033/1033 1034/1034
v 0.961647 0.180000 0.228686
v 0.966333 0.180000 0.240000
v 0.966333 0.205600 0.240000
v 0.961647 0.205600 0.228686
vt 0.125000 0.000000
vt 0.250000 0.000000
vt 0.250000 1.000000
vt 0.125000 1.000000
f 1035/1035 1036/1036 1037/1037 1038/1038
v 0.950333 0.180000 0.240000
v 0.966333 0.180000 0.240000
v 0.961647 0.180000 0.228686
vt 0.000000 0.000000
vt 1.000000 0.000000
vt 1.000000 1.000000
f 1039/1039 1040/1040 1041/1041
v 0.950333 0.205600 0.240000
v 0.961647 0.205600 0.228686
v 0.966333 0.205600 0.240000
vt 0.000000 0.000000
vt 1.000000 0.000000
vt 1.000000 1.000000
f 1042/1042 1043/1043 1044/1044
v 0.966333 0.180000 0.240000
v 0.961647 0.180000 0.251314
v 0.961647 0.205600 0.251314
v 0.966333 0.205600 0.240000
vt 0.250000 0.000000
vt 0.375000 0.000000
vt 0.375000 1.000000
vt 0.250000 1.000000
f 1045/1045 1046/1046 1047/1047 1048/1048
v 0.950333 0.180000 0.240000
v 0.961647 0.180000 0.251314
v 0.966333 0.180000 0.240000
vt 0.000000 0.000000
vt 1.000000 0.000000
vt 1.000000 1.000000
f 1049/1049 1050/1050 1051/1051
v 0.950333 0.205600 0.240000
v 0.966333 0.205600 0.240000
v 0.961647 0.205600 0.251314
vt 0.000000 0.000000
vt 1.000000 0.000000
vt 1.000000 1.000000
f 1052/1052 1053/1053 1054/1054
v 0.961647 0.180000 0.251314
v 0.950333 0.180000 0.256000
v 0.950333 0.205600 0.256000
v 0.961647 0.205600 0.251314
vt 0.375000 0.000000
vt 0.500000 0.000000
vt 0.500000 1.000000
vt 0.375000 1.000000
f 1055/1055 1056/1056 1057/1057 1058/1058
v 0.950333 0.180000 0.240000
v 0.950333 0.180000 0.256000
v 0.961647 0.180000 0.251314
vt 0.000000 0.000000
vt 1.000000 0.000000
vt 1.000000 1.000000
f 1059/1059 1060/1060 1061/1061
v 0.950333 0.205600 0.240000
v 0.961647 0.205600 0.251314
v 0.950333 0.205600 0.256000
vt 0.000000 0.000000
vt 1.000000 0.000000
vt 1.000000 1.000000
f 1062/1062 1063/1063 1064/1064
v 0.950333 0.180000 0.256000
v 0.939020 0.180000 0.251314
v 0.939020 0.205600 0.251314
v 0.950333 0.205600 0.256000
vt 0.500000 0.000000
vt 0.625000 0.000000
vt 0.625000 1.000000
vt 0.500000 1.000000
f 1065/1065 1066/1066 1067/1067 1068/1068
v 0.950333 0.180000 0.240000
v 0.939020 0.180000 0.251314
v 0.950333 0.180000 0.256000
vt 0.000000 0.000000
vt 1.000000 0.000000
vt 1.000000 1.000000
f 1069/1069 1070/1070 1071/1071
v 0.950333 0.205600 0.240000
v 0.950333 0.205600 0.256000
v 0.939020 0.205600 0.251314
vt 0.000000 0.000000
vt 1.000000 0.000000
vt 1.000000 1.000000
f 1072/1072 1073/1073 1074/1074
v 0.939020 0.180000 0.251314
v 0.934333 0.180000 0.240000
v 0.934333 0.205600 0.240000
v 0.939020 0.205600 0.251314
vt 0.625000 0.000000
vt 0.750000 0.000000
vt 0.750000 1.000000
vt 0.625000 1.000000
f 1075/1075 1076/1076 1077/1077 1078/1078
v 0.950333 0.180000 0.240000
v 0.934333 0.180000 0.240000
v 0.939020 0.180000 0.251314
vt 0.000000 0.000000
vt 1.000000 0.000000
vt 1.000000 1.000000
f 1079/1079 1080/1080 1081/1081
v 0.950333 0.205600 0.240000
v 0.939020 0.205600 0.251314
v 0.934333 0.205600 0.240000
vt 0.000000 0.000000
vt 1.000000 0.000000
vt 1.000000 1.000000
f 1082/1082 1083/1083 1084/1084
v 0.934333 0.180000 0.240000
v 0.939020 0.180000 0.228686
v 0.939020 0.205600 0.228686
v 0.934333 0.205600 0.240000
vt 0.750000 0.000000
vt 0.875000 0.000000
vt 0.875000 1.000000
vt 0.750000 1.000000
f 1085/1085 1086/1086 1087/1087 1088/1088
v 0.950333 0.180000 0.240000
v 0.939020 0.180000 0.228686
v 0.934333 0.180000 0.240000
vt 0.000000 0.000000
vt 1.000000 0.000000
vt 1.000000 1.000000
f 1089/1089 1090/1090 1091/1091
v 0.950333 0.205600 0.240000
v 0.934333 0.205600 0.240000
v 0.939020 0.205600 0.228686
vt 0.000000 0.000000
vt 1.000000 0.000000
vt 1.000000 1.000000
f 1092/1092 1093/1093 1094/1094
v 0.939020 0.180000 0.228686
v 0.950333 0.180000 0.224000
v 0.950333 0.205600 0.224000
v 0.939020 0.205600 0.228686
vt 0.875000 0.000000
vt 1.000000 0.000000
vt 1.000000 1.000000
vt 0.875000 1.000000
f 1095/1095 1096/1096 1097/1097 1098/1098
v 0.950333 0.180000 0.240000
v 0.950333 0.180000 0.224000
v 0.939020 0.180000 0.228686
vt 0.000000 0.000000
vt 1.000000 0.000000
vt 1.000000 1.000000
f 1099/1099 1100/1100 1101/1101
v 0.950333 0.205600 0.240000
v 0.939020 0.205600 0.228686
v 0.950333 0.205600 0.224000
vt 0.000000 0.000000
vt 1.000000 0.000000
vt 1.000000 1.000000
f 1102/1102 1103/1103 1104/1104
v 1.020000 0.180000 0.484000
v 1.031314 0.180000 0.488686
v 1.031314 0.205600 0.488686
v 1.020000 0.205600 0.484000
vt 0.000000 0.000000
vt 0.125000 0.000000
vt 0.125000 1.000000
vt 0.000000 1.000000
f 1105/1105 1106/1106 1107/1107 1108/1108
v 1.020000 0.180000 0.500000
v 1.031314 0.180000 0.488686
v 1.020000 0.180000 0.484000
vt 0.000000 0.000000
vt 1.000000 0.000000
vt 1.000000 1.000000
f 1109/1109 1110/1110 1111/1111
v 1.020000 0.205600 0.500000
v 1.020000 0.205600 0.484000
v 1.031314 0.205600 0.488686
vt 0.000000 0.000000
vt 1.000000 0.000000
vt 1.000000 1.000000
f 1112/1112 1113/1113 1114/1114
v 1.031314 0.180000 0.488686
v 1.036000 0.180000 0.500000
v 1.036000 0.205600 0.500000
v 1.031314 0.205600 0.488686
vt 0.125000 0.000000
vt 0.250000 0.000000
vt 0.250000 1.000000
vt 0.125000 1.000000
f 1115/1115 1116/1116 1117/1117 1118/1118
v 1.020000 0.180000 0.500000
v 1.036000 0.180000 0.500000
v 1.031314 0.180000 0.488686
vt 0.000000 0.000000
vt 1.000000 0.000000
vt 1.000000 1.000000
f 1119/1119 1120/1120 1121/1121
v 1.020000 0.205600 0.500000
v 1.031314 0.205600 0.488686
v 1.036000 0.205600 0.500000
vt 0.000000 0.000000
vt 1.000000 0.000000
vt 1.000000 1.000000
f 1122/1122 1123/1123 1124/1124
v 1.036000 0.180000 0.500000
v 1.031314 0.180000 0.511314
v 1.031314 0.205600 0.511314
v 1.036000 0.205600 0.500000
vt 0.250000 0.000000
vt 0.375000 0.000000
vt 0.375000 1.000000
vt 0.250000 1.000000
f 1125/1125 1126/1126 1127/1127 1128/1128
v 1.020000 0.180000 0.500000
v 1.031314 0.180000 0.511314
v 1.036000 0.180000 0.500000
vt 0.000000 0.000000
vt 1.000000 0.000000
vt 1.000000 1.000000
f 1129/1129 1130/1130 1131/1131
v 1.020000 0.205600 0.500000
v 1.036000 0.205600 0.500000
v 1.031314 0.205600 0.511314
vt 0.000000 0.000000
vt 1.000000 0.000000
vt 1.000000 1.000000
f 1132/1132 1133/1133 1134/1134
v 1.031314 0.180000 0.511314
v 1.020000 0.180000 0.516000
v 1.020000 0.205600 0.516000
v 1.031314 0.205600 0.511314
vt 0.375000 0.000000
vt 0.500000 0.000000
vt 0.500000 1.000000
vt 0.375000 1.000000
f 1135/1135 1136/1136 1137/1137 1138/1138
v 1.020000 0.180000 0.500000
v 1.020000 0.180000 0.516000
v 1.031314 0.180000 0.511314
vt 0.000000 0.000000
vt 1.000000 0.000000
vt 1.000000 1.000000
f 1139/1139 1140/1140 1141/1141
v 1.020000 0.205600 0.500000
v 1.031314 0.205600 0.511314
v 1.020000 0.205600 0.516000
vt 0.000000 0.000000
vt 1.000000 0.000000
vt 1.000000 1.000000
f 1142/1142 1143/1143 1144/1144
v 1.020000 0.180000 0.516000
v 1.008686 0.180000 0.511314
v 1.008686 0.205600 0.511314
v 1.020000 0.205600 0.516000
vt 0.500000 0.000000
vt 0.625000 0.000000
vt 0.625000 1.000000
vt 0.500000 1.000000
f 1145/1145 1146/1146 1147/1147 1148/1148
v 1.020000 0.180000 0.500000
v 1.008686 0.180000 0.511314
v 1.020000 0.180000 0.516000
vt 0.000000 0.000000
vt 1.000000 0.000000
vt 1.000000 1.000000
f 1149/1149 1150/1150 1151/1151
v 1.020000 0.205600 0.500000
v 1.020000 0.205600 0.516000
v 1.008686 0.205600 0.511314
vt 0.000000 0.000000
vt 1.000000 0.000000
vt 1.000000 1.000000
f 1152/1152 1153/1153 1154/1154
v 1.008686 0.180000 0.511314
v 1.004000 0.180000 0.500000
v 1.004000 0.205600 0.500000
v 1.008686 0.205600 0.511314
vt 0.625000 0.000000
vt 0.750000 0.000000
vt 0.750000 1.000000
vt 0.625000 1.000000
f 1155/1155 1156/1156 1157/1157 1158/1158
v 1.020000 0.180000 0.500000
v 1.004000 0.180000 0.500000
v 1.008686 0.180000 0.511314
vt 0.000000 0.000000
vt 1.000000 0.000000
vt 1.000000 1.000000
f 1159/1159 1160/1160 1161/1161
v 1.020000 0.205600 0.500000
v 1.008686 0.205600 0.511314
v 1.004000 0.205600 0.500000
vt 0.000000 0.000000
vt 1.000000 0.000000
vt 1.000000 1.000000
f 1162/1162 1163/1163 1164/1164
v 1.004000 0.180000 0.500000
v 1.008686 0.180000 0.488686
v 1.008686 0.205600 0.488686
v 1.004000 0.205600 0.500000
vt 0.750000 0.000000
vt 0.875000 0.000000
vt 0.875000 1.000000
vt 0.750000 1.000000
f 1165/1165 1166/1166 1167/1167 1168/1168
v 1.020000 0.180000 0.500000
v 1.008686 0.180000 0.488686
v 1.004000 0.180000 0.500000
vt 0.000000 0.000000
vt 1.000000 0.000000
vt 1.000000 1.000000
f 1169/1169 1170/1170 1171/1171
v 1.020000 0.205600 0.500000
v 1.004000 0.205600 0.500000
v 1.008686 0.205600 0.488686
vt 0.000000 0.000000
vt 1.000000 0.000000
vt 1.000000 1.000000
f 1172/1172 1173/1173 1174/1174
v 1.008686 0.180000 0.488686
v 1.020000 0.180000 0.484000
v 1.020000 0.205600 0.484000
v 1.008686 0.205600 0.488686
vt 0.875000 0.000000
vt 1.000000 0.000000
vt 1.000000 1.000000
vt 0.875000 1.000000
f 1175/1175 1176/1176 1177/1177 1178/1178
v 1.020000 0.180000 0.500000
v 1.020000 0.180000 0.484000
v 1.008686 0.180000 0.488686
vt 0.000000 0.000000
vt 1.000000 0.000000
vt 1.000000 1.000000
f 1179/1179 1180/1180 1181/1181
v 1.020000 0.205600 0.500000
v 1.008686 0.205600 0.488686
v 1.020000 0.205600 0.484000
vt 0.000000 0.000000
vt 1.000000 0.000000
vt 1.000000 1.000000
f 1182/1182 1183/1183 1184/1184
v 0.950333 0.180000 0.744000
v 0.961647 0.180000 0.748686
v 0.961647 0.205600 0.748686
v 0.950333 0.205600 0.744000
vt 0.000000 0.000000
vt 0.125000 0.000000
vt 0.125000 1.000000
vt 0.000000 1.000000
f 1185/1185 1186/1186 1187/1187 1188/1188
v 0.950333 0.180000 0.760000
v 0.961647 0.180000 0.748686
v 0.950333 0.180000 0.744000
vt 0.000000 0.000000
vt 1.000000 0.000000
vt 1.000000 1.000000
f 1189/1189 1190/1190 1191/1191
v 0.950333 0.205600 0.760000
v 0.950333 0.205600 0.744000
v 0.961647 0.205600 0.748686
vt 0.000000 0.000000
vt 1.000000 0.000000
vt 1.000000 1.000000
f 1192/1192 1193/1193 1194/1194
v 0.961647 0.180000 0.748686
v 0.966333 0.180000 0.760000
v 0.966333 0.205600 0.760000
v 0.961647 0.205600 0.748686
vt 0.125000 0.000000
vt 0.250000 0.000000
vt 0.250000 1.000000
vt 0.125000 1.000000
f 1195/1195 1196/1196 1197/1197 1198/1198
v 0.950333 0.180000 0.760000
v 0.966333 0.180000 0.760000
v 0.961647 0.180000 0.748686
vt 0.000000 0.000000
vt 1.000000 0.000000
vt 1.000000 1.000000
f 1199/1199 1200/1200 1201/1201
v 0.950333 0.205600 0.760000
v 0.961647 0.205600 0.748686
v 0.966333 0.205600 0.760000
vt 0.000000 0.000000
vt 1.000000 0.000000
vt 1.000000 1.000000
f 1202/1202 1203/1203 1204/1204
v 0.966333 0.180000 0.760000
v 0.961647 0.180000 0.771314
v 0.961647 0.205600 0.771314
v 0.966333 0.205600 0.760000
vt 0.250000 0.000000
vt 0.375000 0.000000
vt 0.375000 1.000000
vt 0.250000 1.000000
f 1205/1205 1206/1206 1207/1207 1208/1208
v 0.950333 0.180000 0.760000
v 0.961647 0.180000 0.771314
v 0.966333 0.180000 0.760000
vt 0.000000 0.000000
vt 1.000000 0.000000
vt 1.000000 1.000000
f 1209/1209 1210/1210 1211/1211
v 0.950333 0.205600 0.760000
v 0.966333 0.205600 0.760000
v 0.961647 0.205600 0.771314
vt 0.000000 0.000000
vt 1.000000 0.000000
vt 1.000000 1.000000
f 1212/1212 1213/1213 1214/1214
v 0.961647 0.180000 0.771314
v 0.950333 0.180000 0.776000
v 0.950333 0.205600 0.776000
v 0.961647 0.205600 0.771314
vt 0.375000 0.000000
vt 0.500000 0.000000
vt 0.500000 1.000000
vt 0.375000 1.000000
f 1215/1215 1216/1216 1217/1217 1218/1218
v 0.950333 0.180000 0.760000
v 0.950333 0.180000 0.776000
v 0.961647 0.180000 0.771314
vt 0.000000 0.000000
vt 1.000000 0.000000
vt 1.000000 1.000000
f 1219/1219 1220/1220 1221/1221
v 0.950333 0.205600 0.760000
v 0.961647 0.205600 0.771314
v 0.950333 0.205600 0.776000
vt 0.000000 0.000000
vt 1.000000 0.000000
vt 1.000000 1.000000
f 1222/1222 1223/1223 1224/1224
v 0.950333 0.180000 0.776000
v 0.939020 0.180000 0.771314
v 0.939020 0.205600 0.771314
v 0.950333 0.205600 0.776000
vt 0.500000 0.000000
vt 0.625000 0.000000
vt 0.625000 1.000000
vt 0.500000 1.000000
f 1225/1225 1226/1226 1227/1227 1228/1228
v 0.950333 0.180000 0.760000
v 0.939020 0.180000 0.771314
v 0.950333 0.180000 0.776000
vt 0.000000 0.000000
vt 1.000000 0.000000
vt 1.000000 1.000000
f 1229/1229 1230/1230 1231/1231
v 0.950333 0.205600 0.760000
v 0.950333 0.205600 0.776000
v 0.939020 0.205600 0.771314
vt 0.000000 0.000000
vt 1.000000 0.000000
vt 1.000000 1.000000
f 1232/1232 1233/1233 1234/1234
v 0.939020 0.180000 0.771314
v 0.934333 0.180000 0.760000
v 0.934333 0.205600 0.760000
v 0.939020 0.205600 0.771314
vt 0.625000 0.000000
vt 0.750000 0.000000
vt 0.750000 1.000000
vt 0.625000 1.000000
f 1235/1235 1236/1236 1237/1237 1238/1238
v 0.950333 0.180000 0.760000
v 0.934333 0.180000 0.760000
v 0.939020 0.180000 0.771314
vt 0.000000 0.000000
vt 1.000000 0.000000
vt 1.000000 1.000000
f 1239/1239 1240/1240 1241/1241
v 0.950333 0.205600 0.760000
v 0.939020 0.205600 0.771314
v 0.934333 0.205600 0.760000
vt 0.000000 0.000000
vt 1.000000 0.000000
vt 1.000000 1.000000
f 1242/1242 1243/1243 1244/1244
v 0.934333 0.180000 0.760000
v 0.939020 0.180000 0.748686
v 0.939020 0.205600 0.748686
v 0.934333 0.205600 0.760000
vt 0.750000 0.000000
vt 0.875000 0.000000
vt 0.875000 1.000000
vt 0.750000 1.000000
f 1245/1245 1246/1246 1247/1247 1248/1248
v 0.950333 0.180000 0.760000
v 0.939020 0.180000 0.748686
v 0.934333 0.180000 0.760000
vt 0.000000 0.000000
vt 1.000000 0.000000
vt 1.000000 1.000000
f 1249/1249 1250/1250 1251/1251
v 0.950333 0.205600 0.760000
v 0.934333 0.205600 0.760000
v 0.939020 0.205600 0.748686
vt 0.000000 0.000000
vt 1.000000 0.000000
vt 1.000000 1.000000
f 1252/1252 1253/1253 1254/1254
v 0.939020 0.180000 0.748686
v 0.950333 0.180000 0.744000
v 0.950333 0.205600 0.744000
v 0.939020 0.205600 0.748686
vt 0.875000 0.000000
vt 1.000000 0.000000
vt 1.000000 1.000000
vt 0.875000 1.000000
f 1255/1255 1256/1256 1257/1257 1258/1258
v 0.950333 0.180000 0.760000
v 0.950333 0.180000 0.744000
v 0.939020 0.180000 0.748686
vt 0.000000 0.000000
vt 1.000000 0.000000
vt 1.000000 1.000000
f 1259/1259 1260/1260 1261/1261
v 0.950333 0.205600 0.760000
v 0.939020 0.205600 0.748686
v 0.950333 0.205600 0.744000
vt 0.000000 0.000000
vt 1.000000 0.000000
vt 1.000000 1.000000
f 1262/1262 1263/1263 1264/1264
v 0.760000 0.180000 0.934333
v 0.771314 0.180000 0.939020
v 0.771314 0.205600 0.939020
v 0.760000 0.205600 0.934333
vt 0.000000 0.000000
vt 0.125000 0.000000
vt 0.125000 1.000000
vt 0.000000 1.000000
f 1265/1265 1266/1266 1267/1267 1268/1268
v 0.760000 0.180000 0.950333
v 0.771314 0.180000 0.939020
v 0.760000 0.180000 0.934333
vt 0.000000 0.000000
vt 1.000000 0.000000
vt 1.000000 1.000000
f 1269/1269 1270/1270 1271/1271
v 0.760000 0.205600 0.950333
v 0.760000 0.205600 0.934333
v 0.771314 0.205600 0.939020
vt 0.000000 0.000000
vt 1.000000 0.000000
vt 1.000000 1.000000
f 1272/1272 1273/1273 1274/1274
v 0.771314 0.180000 0.939020
v 0.776000 0.180000 0.950333
v 0.776000 0.205600 0.950333
v 0.771314 0.205600 0.939020
vt 0.125000 0.000000
vt 0.250000 0.000000
vt 0.250000 1.000000
vt 0.125000 1.000000
f 1275/1275 1276/1276 1277/1277 1278/1278
v 0.760000 0.180000 0.950333
v 0.776000 0.180000 0.950333
v 0.771314 0.180000 0.939020
vt 0.000000 0.000000
vt 1.000000 0.000000
vt 1.000000 1.000000
f 1279/1279 1280/1280 1281/1281
v 0.760000 0.205600 0.950333
v 0.771314 0.205600 0.939020
v 0.776000 0.205600 0.950333
vt 0.000000 0.000000
vt 1.000000 0.000000
vt 1.000000 1.000000
f 1282/1282 1283/1283 1284/1284
v 0.776000 0.180000 0.950333
v 0.771314 0.180000 0.961647
v 0.771314 0.205600 0.961647
v 0.776000 0.205600 0.950333
vt 0.250000 0.000000
vt 0.375000 0.000000
vt 0.375000 1.000000
vt 0.250000 1.000000
f 1285/1285 1286/1286 1287/1287 1288/1288
v 0.760000 0.180000 0.950333
v 0.771314 0.180000 0.961647
v 0.776000 0.180000 0.950333
vt 0.000000 0.000000
vt 1.000000 0.000000
vt 1.000000 1.000000
f 1289/1289 1290/1290 1291/1291
v 0.760000 0.205600 0.950333
v 0.776000 0.205600 0.950333
v 0.771314 0.205600 0.961647
vt 0.000000 0.000000
vt 1.000000 0.000000
vt 1.000000 1.000000
f 1292/1292 1293/1293 1294/1294
v 0.771314 0.180000 0.961647
v 0.760000 0.180000 0.966333
v 0.760000 0.205600 0.966333
v 0.771314 0.205600 0.961647
vt 0.375000 0.000000
vt 0.500000 0.000000
vt 0.500000 1.000000
vt 0.375000 1.000000
f 1295/1295 1296/1296 1297/1297 1298/1298
v 0.760000 0.180000 0.950333
v 0.760000 0.180000 0.966333
v 0.771314 0.180000 0.961647
vt 0.000000 0.000000
vt 1.000000 0.000000
vt 1.000000 1.000000
f 1299/1299 1300/1300 1301/1301
v 0.760000 0.205600 0.950333
v 0.771314 0.205600 0.961647
v 0.760000 0.205600 0.966333
vt 0.000000 0.000000
vt 1.000000 0.000000
vt 1.000000 1.000000
f 1302/1302 1303/1303 1304/1304
v 0.760000 0.180000 0.966333
v 0.748686 0.180000 0.961647
v 0.748686 0.205600 0.961647
v 0.760000 0.205600 0.966333
vt 0.500000 0.000000
vt 0.625000 0.000000
vt 0.625000 1.000000
vt 0.500000 1.000000
f 1305/1305 1306/1306 1307/1307 1308/1308
v 0.760000 0.180000 0.950333
v 0.748686 0.180000 0.961647
v 0.760000 0.180000 0.966333
vt 0.000000 0.000000
vt 1.000000 0.000000
vt 1.000000 1.000000
f 1309/1309 1310/1310 1311/1311
v 0.760000 0.205600 0.950333
v 0.760000 0.205600 0.966333
v 0.748686 0.205600 0.961647
vt 0.000000 0.000000
vt 1.000000 0.000000
vt 1.000000 1.000000
f 1312/1312 1313/1313 1314/1314
v 0.748686 0.180000 0.961647
v 0.744000 0.180000 0.950333
v 0.744000 0.205600 0.950333
v 0.748686 0.205600 0.961647
vt 0.625000 0.000000
vt 0.750000 0.000000
vt 0.750000 1.000000
vt 0.625000 1.000000
f 1315/1315 1316/1316 1317/1317 1318/1318
v 0.760000 0.180000 0.950333
v 0.744000 0.180000 0.950333
v 0.748686 0.180000 0.961647
vt 0.000000 0.000000
vt 1.000000 0.000000
vt 1.000000 1.000000
f 1319/1319 1320/1320 1321/1321
v 0.760000 0.205600 0.950333
v 0.748686 0.205600 0.961647
v 0.744000 0.205600 0.950333
vt 0.000000 0.000000
vt 1.000000 0.000000
vt 1.000000 1.000000
f 1322/1322 1323/1323 1324/1324
v 0.744000 0.180000 0.950333
v 0.748686 0.180000 0.939020
v 0.748686 0.205600 0.939020
v 0.744000 0.205600 0.950333
vt 0.750000 0.000000
vt 0.875000 0.000000
vt 0.875000 1.000000
vt 0.750000 1.000000
f 1325/1325 1326/1326 1327/1327 1328/1328
v 0.760000 0.180000 0.950333
v 0.748686 0.180000 0.939020
v 0.744000 0.180000 0.950333
vt 0.000000 0.000000
vt 1.000000 0.000000
vt 1.000000 1.000000
f 1329/1329 1330/1330 1331/1331
v 0.760000 0.205600 0.950333
v 0.744000 0.205600 0.950333
v 0.748686 0.205600 0.939020
vt 0.000000 0.000000
vt 1.000000 0.000000
vt 1.000000 1.000000
f 1332/1332 1333/1333 1334/1334
v 0.748686 0.180000 0.939020
v 0.760000 0.180000 0.934333
v 0.760000 0.205600 0.934333
v 0.748686 0.205600 0.939020
vt 0.875000 0.000000
vt 1.000000 0.000000
vt 1.000000 1.000000
vt 0.875000 1.000000
f 1335/1335 1336/1336 1337/1337 1338/1338
v 0.760000 0.180000 0.950333
v 0.760000 0.180000 0.934333
v 0.748686 0.180000 0.939020
vt 0.000000 0.000000
vt 1.000000 0.000000
vt 1.000000 1.000000
f 1339/1339 1340/1340 1341/1341
v 0.760000 0.205600 0.950333
v 0.748686 0.205600 0.939020
v 0.760000 0.205600 0.934333
vt 0.000000 0.000000
vt 1.000000 0.000000
vt 1.000000 1.000000
f 1342/1342 1343/1343 1344/1344
v 0.500000 0.180000 1.004000
v 0.511314 0.180000 1.008686
v 0.511314 0.205600 1.008686
v 0.500000 0.205600 1.004000
vt 0.000000 0.000000
vt 0.125000 0.000000
vt 0.125000 1.000000
vt 0.000000 1.000000
f 1345/1345 1346/1346 1347/1347 1348/1348
v 0.500000 0.180000 1.020000
v 0.511314 0.180000 1.008686
v 0.500000 0.180000 1.004000
vt 0.000000 0.000000
vt 1.000000 0.000000
vt 1.000000 1.000000
f 1349/1349 1350/1350 1351/1351
v 0.500000 0.205600 1.020000
v 0.500000 0.205600 1.004000
v 0.511314 0.205600 1.008686
vt 0.000000 0.000000
vt 1.000000 0.000000
vt 1.000000 1.000000
f 1352/1352 1353/1353 1354/1354
v 0.511314 0.180000 1.008686
v 0.516000 0.180000 1.020000
v 0.516000 0.205600 1.020000
v 0.511314 0.205600 1.008686
vt 0.125000 0.000000
vt 0.250000 0.000000
vt 0.250000 1.000000
vt 0.125000 1.000000
f 1355/1355 1356/1356 1357/1357 1358/1358
v 0.500000 0.180000 1.020000
v 0.516000 0.180000 1.020000
v 0.511314 0.180000 1.008686
vt 0.000000 0.000000
vt 1.000000 0.000000
vt 1.000000 1.000000
f 1359/1359 1360/1360 1361/1361
v 0.500000 0.205600 1.020000
v 0.511314 0.205600 1.008686
v 0.516000 0.205600 1.020000
vt 0.000000 0.000000
vt 1.000000 0.000000
vt 1.000000 1.000000
f 1362/1362 1363/1363 1364/1364
v 0.516000 0.180000 1.020000
v 0.511314 0.180000 1.031314
v 0.511314 0.205600 1.031314
v 0.516000 0.205600 1.020000
vt 0.250000 0.000000
vt 0.375000 0.000000
vt 0.375000 1.000000
vt 0.250000 1.000000
f 1365/1365 1366/1366 1367/1367 1368/1368
v 0.500000 0.180000 1.020000
v 0.511314 0.180000 1.031314
v 0.516000 0.180000 1.020000
vt 0.000000 0.000000
vt 1.000000 0.000000
vt 1.000000 1.000000
f 1369/1369 1370/1370 1371/1371
v 0.500000 0.205600 1.020000
v 0.516000 0.205600 1.020000
v 0.511314 0.205600 1.031314
vt 0.000000 0.000000
vt 1.000000 0.000000
vt 1.000000 1.000000
f 1372/1372 1373/1373 1374/1374
v 0.511314 0.180000 1.031314
v 0.500000 0.180000 1.036000
v 0.500000 0.205600 1.036000
v 0.511314 0.205600 1.031314
vt 0.375000 0.000000
vt 0.500000 0.000000
vt 0.500000 1.000000
vt 0.375000 1.000000
f 1375/1375 1376/1376 1377/1377 1378/1378
v 0.500000 0.180000 1.020000
v 0.500000 0.180000 1.036000
v 0.511314 0.180000 1.031314
vt 0.000000 0.000000
vt 1.000000 0.000000
vt 1.000000 1.000000
f 1379/1379 1380/1380 1381/1381
v 0.500000 0.205600 1.020000
v 0.511314 0.205600 1.031314
v 0.500000 0.205600 1.036000
vt 0.000000 0.000000
vt 1.000000 0.000000
vt 1.000000 1.000000
f 1382/1382 1383/1383 1384/1384
v 0.500000 0.180000 1.036000
v 0.488686 0.180000 1.031314
v 0.488686 0.205600 1.031314
v 0.500000 0.205600 1.036000
vt 0.500000 0.000000
vt 0.625000 0.000000
vt 0.625000 1.000000
vt 0.500000 1.000000
f 1385/1385 1386/1386 1387/1387 1388/1388
v 0.500000 0.180000 1.020000
v 0.488686 0.180000 1.031314
v 0.500000 0.180000 1.036000
vt 0.000000 0.000000
vt 1.000000 0.000000
vt 1.000000 1.000000
f 1389/1389 1390/1390 1391/1391
v 0.500000 0.205600 1.020000
v 0.500000 0.205600 1.036000
v 0.488686 0.205600 1.031314
vt 0.000000 0.000000
vt 1.000000 0.000000
vt 1.000000 1.000000
f 1392/1392 1393/1393 1394/1394
v 0.488686 0.180000 1.031314
v 0.484000 0.180000 1.020000
v 0.484000 0.205600 1.020000
v 0.488686 0.205600 1.031314
vt 0.625000 0.000000
vt 0.750000 0.000000
vt 0.750000 1.000000
vt 0.625000 1.000000
f 1395/1395 1396/1396 1397/1397 1398/1398
v 0.500000 0.180000 1.020000
v 0.484000 0.180000 1.020000
v 0.488686 0.180000 1.031314
vt 0.000000 0.000000
vt 1.000000 0.000000
vt 1.000000 1.000000
f 1399/1399 1400/1400 1401/1401
v 0.500000 0.205600 1.020000
v 0.488686 0.205600 1.031314
v 0.484000 0.205600 1.020000
vt 0.000000 0.000000
vt 1.000000 0.000000
vt 1.000000 1.000000
f 1402/1402 1403/1403 1404/1404
v 0.484000 0.180000 1.020000
v 0.488686 0.180000 1.008686
v 0.488686 0.205600 1.008686
v 0.484000 0.205600 1.020000
vt 0.750000 0.000000
vt 0.875000 0.000000
vt 0.875000 1.000000
vt 0.750000 1.000000
f 1405/1405 1406/1406 1407/1407 1408/1408
v 0.500000 0.180000 1.020000
v 0.488686 0.180000 1.008686
v 0.484000 0.180000 1.020000
vt 0.000000 0.000000
vt 1.000000 0.000000
vt 1.000000 1.000000
f 1409/1409 1410/1410 1411/1411
v 0.500000 0.205600 1.020000
v 0.484000 0.205600 1.020000
v 0.488686 0.205600 1.008686
vt 0.000000 0.000000
vt 1.000000 0.000000
vt 1.000000 1.000000
f 1412/1412 1413/1413 1414/1414
v 0.488686 0.180000 1.008686
v 0.500000 0.180000 1.004000
v 0.500000 0.205600 1.004000
v 0.488686 0.205600 1.008686
vt 0.875000 0.000000
vt 1.000000 0.000000
vt 1.000000 1.000000
vt 0.875000 1.000000
f 1415/1415 1416/1416 1417/1417 1418/1418
v 0.500000 0.180000 1.020000
v 0.500000 0.180000 1.004000
v 0.488686 0.180000 1.008686
vt 0.000000 0.000000
vt 1.000000 0.000000
vt 1.000000 1.000000
f 1419/1419 1420/1420 1421/1421
v 0.500000 0.205600 1.020000
v 0.488686 0.205600 1.008686
v 0.500000 0.205600 1.004000
vt 0.000000 0.000000
vt 1.000000 0.000000
vt 1.000000 1.000000
f 1422/1422 1423/1423 1424/1424
v 0.240000 0.180000 0.934333
v 0.251314 0.180000 0.939020
v 0.251314 0.205600 0.939020
v 0.240000 0.205600 0.934333
vt 0.000000 0.000000
vt 0.125000 0.000000
vt 0.125000 1.000000
vt 0.000000 1.000000
f 1425/1425 1426/1426 1427/1427 1428/1428
v 0.240000 0.180000 0.950333
v 0.251314 0.180000 0.939020
v 0.240000 0.180000 0.934333
vt 0.000000 0.000000
vt 1.000000 0.000000
vt 1.000000 1.000000
f 1429/1429 1430/1430 1431/1431
v 0.240000 0.205600 0.950333
v 0.240000 0.205600 0.934333
v 0.251314 0.205600 0.939020
vt 0.000000 0.000000
vt 1.000000 0.000000
vt 1.000000 1.000000
f 1432/1432 1433/1433 1434/1434
v 0.251314 0.180000 0.939020
v 0.256000 0.180000 0.950333
v 0.256000 0.205600 0.950333
v 0.251314 0.205600 0.939020
vt 0.125000 0.000000
vt 0.250000 0.000000
vt 0.250000 1.000000
vt 0.125000 1.000000
f 1435/1435 1436/1436 1437/1437 1438/1438
v 0.240000 0.180000 0.950333
v 0.256000 0.180000 0.950333
v 0.251314 0.180000 0.939020
vt 0.000000 0.000000
vt 1.000000 0.000000
vt 1.000000 1.000000
f 1439/1439 1440/1440 1441/1441
v 0.240000 0.205600 0.950333
v 0.251314 0.205600 0.939020
v 0.256000 0.205600 0.950333
vt 0.000000 0.000000
vt 1.000000 0.000000
vt 1.000000 1.000000
f 1442/1442 1443/1443 1444/1444
v 0.256000 0.180000 0.950333
v 0.251314 0.180000 0.961647
v 0.251314 0.205600 0.961647
v 0.256000 0.205600 0.950333
vt 0.250000 0.000000
vt 0.375000 0.000000
vt 0.375000 1.000000
vt 0.250000 1.000000
f 1445/1445 1446/1446 1447/1447 1448/1448
v 0.240000 0.180000 0.950333
v 0.251314 0.180000 0.961647
v 0.256000 0.180000 0.950333
vt 0.000000 0.000000
vt 1.000000 0.000000
vt 1.000000 1.000000
f 1449/1449 1450/1450 1451/1451
v 0.240000 0.205600 0.950333
v 0.256000 0.205600 0.950333
v 0.251314 0.205600 0.961647
vt 0.000000 0.000000
vt 1.000000 0.000000
vt 1.000000 1.000000
f 1452/1452 1453/1453 1454/1454
v 0.251314 0.180000 0.961647
v 0.240000 0.180000 0.966333
v 0.240000 0.205600 0.966333
v 0.251314 0.205600 0.961647
vt 0.375000 0.000000
vt 0.500000 0.000000
vt 0.500000 1.000000
vt 0.375000 1.000000
f 1455/1455 1456/1456 1457/1457 1458/1458
v 0.240000 0.180000 0.950333
v 0.240000 0.180000 0.966333
v 0.251314 0.180000 0.961647
vt 0.000000 0.000000
vt 1.000000 0.000000
vt 1.000000 1.000000
f 1459/1459 1460/1460 1461/1461
v 0.240000 0.205600 0.950333
v 0.251314 0.205600 0.961647
v 0.240000 0.205600 0.966333
vt 0.000000 0.000000
vt 1.000000 0.000000
vt 1.000000 1.000000
f 1462/1462 1463/1463 1464/1464
v 0.240000 0.180000 0.966333
v 0.228686 0.180000 0.961647
v 0.228686 0.205600 0.961647
v 0.240000 0.205600 0.966333
vt 0.500000 0.000000
vt 0.625000 0.000000
vt 0.625000 1.000000
vt 0.500000 1.000000
f 1465/1465 1466/1466 1467/1467 1468/1468
v 0.240000 0.180000 0.950333
v 0.228686 0.180000 0.961647
v 0.240000 0.180000 0.966333
vt 0.000000 0.000000
vt 1.000000 0.000000
vt 1.000000 1.000000
f 1469/1469 1470/1470 1471/1471
v 0.240000 0.205600 0.950333
v 0.240000 0.205600 0.966333
v 0.228686 0.205600 0.961647
vt 0.000000 0.000000
vt 1.000000 0.000000
vt 1.000000 1.000000
f 1472/1472 1473/1473 1474/1474
v 0.228686 0.180000 0.961647
v 0.224000 0.180000 0.950333
v 0.224000 0.205600 0.950333
v 0.228686 0.205600 0.961647
vt 0.625000 0.000000
vt 0.750000 0.000000
vt 0.750000 1.000000
vt 0.625000 1.000000
f 1475/1475 1476/1476 1477/1477 1478/1478
v 0.240000 0.180000 0.950333
v 0.224000 0.180000 0.950333
v 0.228686 0.180000 0.961647
vt 0.000000 0.000000
vt 1.000000 0.000000
vt 1.000000 1.000000
f 1479/1479 1480/1480 1481/1481
v 0.240000 0.205600 0.950333
v 0.228686 0.205600 0.961647
v 0.224000 0.205600 0.950333
vt 0.000000 0.000000
vt 1.000000 0.000000
vt 1.000000 1.000000
f 1482/1482 1483/1483 1484/1484
v 0.224000 0.180000 0.950333
v 0.228686 0.180000 0.939020
v 0.228686 0.205600 0.939020
v 0.224000 0.205600 0.950333
vt 0.750000 0.000000
vt 0.875000 0.000000
vt 0.875000 1.000000
vt 0.750000 1.000000
f 1485/1485 1486/1486 1487/1487 1488/1488
v 0.240000 0.180000 0.950333
v 0.228686 0.180000 0.939020
v 0.224000 0.180000 0.950333
vt 0.000000 0.000000
vt 1.000000 0.000000
vt 1.000000 1.000000
f 1489/1489 1490/1490 1491/1491
v 0.240000 0.205600 0.950333
v 0.224000 0.205600 0.950333
v 0.228686 0.205600 0.939020
vt 0.000000 0.000000
vt 1.000000 0.000000
vt 1.000000 1.000000
f 1492/1492 1493/1493 1494/1494
v 0.228686 0.180000 0.939020
v 0.240000 0.180000 0.934333
v 0.240000 0.205600 0.934333
v 0.228686 0.205600 0.939020
vt 0.875000 0.000000
vt 1.000000 0.000000
vt 1.000000 1.000000
vt 0.875000 1.000000
f 1495/1495 1496/1496 1497/1497 1498/1498
v 0.240000 0.180000 0.950333
v 0.240000 0.180000 0.934333
v 0.228686 0.180000 0.939020
vt 0.000000 0.000000
vt 1.000000 0.000000
vt 1.000000 1.000000
f 1499/1499 1500/1500 1501/1501
v 0.240000 0.205600 0.950333
v 0.228686 0.205600 0.939020
v 0.240000 0.205600 0.934333
vt 0.000000 0.000000
vt 1.000000 0.000000
vt 1.000000 1.000000
f 1502/1502 1503/1503 1504/1504
v 0.049667 0.180000 0.744000
v 0.060980 0.180000 0.748686
v 0.060980 0.205600 0.748686
v 0.049667 0.205600 0.744000
vt 0.000000 0.000000
vt 0.125000 0.000000
vt 0.125000 1.000000
vt 0.000000 1.000000
f 1505/1505 1506/1506 1507/1507 1508/1508
v 0.049667 0.180000 0.760000
v 0.060980 0.180000 0.748686
v 0.049667 0.180000 0.744000
vt 0.000000 0.000000
vt 1.000000 0.000000
vt 1.000000 1.000000
f 1509/1509 1510/1510 1511/1511
v 0.049667 0.205600 0.760000
v 0.049667 0.205600 0.744000
v 0.060980 0.205600 0.748686
vt 0.000000 0.000000
vt 1.000000 0.000000
vt 1.000000 1.000000
f 1512/1512 1513/1513 1514/1514
v 0.060980 0.180000 0.748686
v 0.065667 0.180000 0.760000
v 0.065667 0.205600 0.760000
v 0.060980 0.205600 0.748686
vt 0.125000 0.000000
vt 0.250000 0.000000
vt 0.250000 1.000000
vt 0.125000 1.000000
f 1515/1515 1516/1516 1517/1517 1518/1518
v 0.049667 0.180000 0.760000
v 0.065667 0.180000 0.760000
v 0.060980 0.180000 0.748686
vt 0.000000 0.000000
vt 1.000000 0.000000
vt 1.000000 1.000000
f 1519/1519 1520/1520 1521/1521
v 0.049667 0.205600 0.760000
v 0.060980 0.205600 0.748686
v 0.065667 0.205600 0.760000
vt 0.000000 0.000000
vt 1.000000 0.000000
vt 1.000000 1.000000
f 1522/1522 1523/1523 1524/1524
v 0.065667 0.180000 0.760000
v 0.060980 0.180000 0.771314
v 0.060980 0.205600 0.771314
v 0.065667 0.205600 0.760000
vt 0.250000 0.000000
vt 0.375000 0.000000
vt 0.375000 1.000000
vt 0.250000 1.000000
f 1525/1525 1526/1526 1527/1527 1528/1528
v 0.049667 0.180000 0.760000
v 0.060980 0.180000 0.771314
v 0.065667 0.180000 0.760000
vt 0.000000 0.000000
vt 1.000000 0.000000
vt 1.000000 1.000000
f 1529/1529 1530/1530 1531/1531
v 0.049667 0.205600 0.760000
v 0.065667 0.205600 0.760000
v 0.060980 0.205600 0.771314
vt 0.000000 0.000000
vt 1.000000 0.000000
vt 1.000000 1.000000
f 1532/1532 1533/1533 1534/1534
v 0.060980 0.180000 0.771314
v 0.049667 0.180000 0.776000
v 0.049667 0.205600 0.776000
v 0.060980 0.205600 0.771314
vt 0.375000 0.000000
vt 0.500000 0.000000
vt 0.500000 1.000000
vt 0.375000 1.000000
f 1535/1535 1536/1536 1537/1537 1538/1538
v 0.049667 0.180000 0.760000
v 0.049667 0.180000 0.776000
v 0.060980 0.180000 0.771314
vt 0.000000 0.000000
vt 1.000000 0.000000
vt 1.000000 1.000000
f 1539/1539 1540/1540 1541/1541
v 0.049667 0.205600 0.760000
v 0.060980 0.205600 0.771314
v 0.049667 0.205600 0.776000
vt 0.000000 0.000000
vt 1.000000 0.000000
vt 1.000000 1.000000
f 1542/1542 1543/1543 1544/1544
v 0.049667 0.180000 0.776000
v 0.038353 0.180000 0.771314
v 0.038353 0.205600 0.771314
v 0.049667 0.205600 0.776000
vt 0.500000 0.000000
vt 0.625000 0.000000
vt 0.625000 1.000000
vt 0.500000 1.000000
f 1545/1545 1546/1546 1547/1547 1548/1548
v 0.049667 0.180000 0.760000
v 0.038353 0.180000 0.771314
v 0.049667 0.180000 0.776000
vt 0.000000 0.000000
vt 1.000000 0.000000
vt 1.000000 1.000000
f 1549/1549 1550/1550 1551/1551
v 0.049667 0.205600 0.760000
v 0.049667 0.205600 0.776000
v 0.038353 0.205600 0.771314
vt 0.000000 0.000000
vt 1.000000 0.000000
vt 1.000000 1.000000
f 1552/1552 1553/1553 1554/1554
v 0.038353 0.180000 0.771314
v 0.033667 0.180000 0.760000
v 0.033667 0.205600 0.760000
v 0.038353 0.205600 0.771314
vt 0.625000 0.000000
vt 0.750000 0.000000
vt 0.750000 1.000000
vt 0.625000 1.000000
f 1555/1555 1556/1556 1557/1557 1558/1558
v 0.049667 0.180000 0.760000
v 0.033667 0.180000 0.760000
v 0.038353 0.180000 0.771314
vt 0.000000 0.000000
vt 1.000000 0.000000
vt 1.000000 1.000000
f 1559/1559 1560/1560 1561/1561
v 0.049667 0.205600 0.760000
v 0.038353 0.205600 0.771314
v 0.033667 0.205600 0.760000
vt 0.000000 0.000000
vt 1.000000 0.000000
vt 1.000000 1.000000
f 1562/1562 1563/1563 1564/1564
v 0.033667 0.180000 0.760000
v 0.038353 0.180000 0.748686
v 0.038353 0.205600 0.748686
v 0.033667 0.205600 0.760000
vt 0.750000 0.000000
vt 0.875000 0.000000
vt 0.875000 1.000000
vt 0.750000 1.000000
f 1565/1565 1566/1566 1567/1567 1568/1568
v 0.049667 0.180000 0.760000
v 0.038353 0.180000 0.748686
v 0.033667 0.180000 0.760000
vt 0.000000 0.000000
vt 1.000000 0.000000
vt 1.000000 1.000000
f 1569/1569 1570/1570 1571/1571
v 0.049667 0.205600 0.760000
v 0.033667 0.205600 0.760000
v 0.038353 0.205600 0.748686
vt 0.000000 0.000000
vt 1.000000 0.000000
vt 1.000000 1.000000
f 1572/1572 1573/1573 1574/1574
v 0.038353 0.180000 0.748686
v 0.049667 0.180000 0.744000
v 0.049667 0.205600 0.744000
v 0.038353 0.205600 0.748686
vt 0.875000 0.000000
vt 1.000000 0.000000
vt 1.000000 1.000000
vt 0.875000 1.000000
f 1575/1575 1576/1576 1577/1577 1578/1578
v 0.049667 0.180000 0.760000
v 0.049667 0.180000 0.744000
v 0.038353 0.180000 0.748686
vt 0.000000 0.000000
vt 1.000000 0.000000
vt 1.000000 1.000000
f 1579/1579 1580/1580 1581/1581
v 0.049667 0.205600 0.760000
v 0.038353 0.205600 0.748686
v 0.049667 0.205600 0.744000
vt 0.000000 0.000000
vt 1.000000 0.000000
vt 1.000000 1.000000
f 1582/1582 1583/1583 1584/1584
v -0.020000 0.180000 0.484000
v -0.008686 0.180000 0.488686
v -0.008686 0.205600 0.488686
v -0.020000 0.205600 0.484000
vt 0.000000 0.000000
vt 0.125000 0.000000
vt 0.125000 1.000000
vt 0.000000 1.000000
f 1585/1585 1586/1586 1587/1587 1588/1588
v -0.020000 0.180000 0.500000
v -0.008686 0.180000 0.488686
v -0.020000 0.180000 0.484000
vt 0.000000 0.000000
vt 1.000000 0.000000
vt 1.000000 1.000000
f 1589/1589 1590/1590 1591/1591
v -0.020000 0.205600 0.500000
v -0.020000 0.205600 0.484000
v -0.008686 0.205600 0.488686
vt 0.000000 0.000000
vt 1.000000 0.000000
vt 1.000000 1.000000
f 1592/1592 1593/1593 1594/1594
v -0.008686 0.180000 0.488686
v -0.004000 0.180000 0.500000
v -0.004000 0.205600 0.500000
v -0.008686 0.205600 0.488686
vt 0.125000 0.000000
vt 0.250000 0.000000
vt 0.250000 1.000000
vt 0.125000 1.000000
f 1595/1595 1596/1596 1597/1597 1598/1598
v -0.020000 0.180000 0.500000
v -0.004000 0.180000 0.500000
v -0.008686 0.180000 0.488686
vt 0.000000 0.000000
vt 1.000000 0.000000
vt 1.000000 1.000000
f 1599/1599 1600/1600 1601/1601
v -0.020000 0.205600 0.500000
v -0.008686 0.205600 0.488686
v -0.004000 0.205600 0.500000
vt 0.000000 0.000000
vt 1.000000 0.000000
vt 1.000000 1.000000
f 1602/1602 1603/1603 1604/1604
v -0.004000 0.180000 0.500000
v -0.008686 0.180000 0.511314
v -0.008686 0.205600 0.511314
v -0.004000 0.205600 0.500000
vt 0.250000 0.000000
vt 0.375000 0.000000
vt 0.375000 1.000000
vt 0.250000 1.000000
f 1605/1605 1606/1606 1607/1607 1608/1608
v -0.020000 0.180000 0.500000
v -0.008686 0.180000 0.511314
v -0.004000 0.180000 0.500000
vt 0.000000 0.000000
vt 1.000000 0.000000
vt 1.000000 1.000000
f 1609/1609 1610/1610 1611/1611
v -0.020000 0.205600 0.500000
v -0.004000 0.205600 0.500000
v -0.008686 0.205600 0.511314
vt 0.000000 0.000000
vt 1.000000 0.000000
vt 1.000000 1.000000
f 1612/1612 1613/1613 1614/1614
v -0.008686 0.180000 0.511314
v -0.020000 0.180000 0.516000
v -0.020000 0.205600 0.516000
v -0.008686 0.205600 0.511314
vt 0.375000 0.000000
vt 0.500000 0.000000
vt 0.500000 1.000000
vt 0.375000 1.000000
f 1615/1615 1616/1616 1617/1617 1618/1618
v -0.020000 0.180000 0.500000
v -0.020000 0.180000 0.516000
v -0.008686 0.180000 0.511314
vt 0.000000 0.000000
vt 1.000000 0.000000
vt 1.000000 1.000000
f 1619/1619 1620/1620 1621/1621
v -0.020000 0.205600 0.500000
v -0.008686 0.205600 0.511314
v -0.020000 0.205600 0.516000
vt 0.000000 0.000000
vt 1.000000 0.000000
vt 1.000000 1.000000
f 1622/1622 1623/1623 1624/1624
v -0.020000 0.180000 0.516000
v -0.031314 0.180000 0.511314
v -0.031314 0.205600 0.511314
v -0.020000 0.205600 0.516000
vt 0.500000 0.000000
vt 0.625000 0.000000
vt 0.625000 1.000000
vt 0.500000 1.000000
f 1625/1625 1626/1626 1627/1627 1628/1628
v -0.020000 0.180000 0.500000
v -0.031314 0.180000 0.511314
v -0.020000 0.180000 0.516000
vt 0.000000 0.000000
vt 1.000000 0.000000
vt 1.000000 1.000000
f 1629/1629 1630/1630 1631/1631
v -0.020000 0.205600 0.500000
v -0.020000 0.205600 0.516000
v -0.031314 0.205600 0.511314
vt 0.000000 0.000000
vt 1.000000 0.000000
vt 1.000000 1.000000
f 1632/1632 1633/1633 1634/1634
v -0.031314 0.180000 0.511314
v -0.036000 0.180000 0.500000
v -0.036000 0.205600 0.500000
v -0.031314 0.205600 0.511314
vt 0.625000 0.000000
vt 0.750000 0.000000
vt 0.750000 1.000000
vt 0.625000 1.000000
f 1635/1635 1636/1636 1637/1637 1638/1638
v -0.020000 0.180000 0.500000
v -0.036000 0.180000 0.500000
v -0.031314 0.180000 0.511314
vt 0.000000 0.000000
vt 1.000000 0.000000
vt 1.000000 1.000000
f 1639/1639 1640/1640 1641/1641
v -0.020000 0.205600 0.500000
v -0.031314 0.205600 0.511314
v -0.036000 0.205600 0.500000
vt 0.000000 0.000000
vt 1.000000 0.000000
vt 1.000000 1.000000
f 1642/1642 1643/1643 1644/1644
v -0.036000 0.180000 0.500000
v -0.031314 0.180000 0.488686
v -0.031314 0.205600 0.488686
v -0.036000 0.205600 0.500000
vt 0.750000 0.000000
vt 0.875000 0.000000
vt 0.875000 1.000000
vt 0.750000 1.000000
f 1645/1645 1646/1646 1647/1647 1648/1648
v -0.020000 0.180000 0.500000
v -0.031314 0.180000 0.488686
v -0.036000 0.180000 0.500000
vt 0.000000 0.000000
vt 1.000000 0.000000
vt 1.000000 1.000000
f 1649/1649 1650/1650 1651/1651
v -0.020000 0.205600 0.500000
v -0.036000 0.205600 0.500000
v -0.031314 0.205600 0.488686
vt 0.000000 0.000000
vt 1.000000 0.000000
vt 1.000000 1.000000
f 1652/1652 1653/1653 1654/1654
v -0.031314 0.180000 0.488686
v -0.020000 0.180000 0.484000
v -0.020000 0.205600 0.484000
v -0.031314 0.205600 0.488686
vt 0.875000 0.000000
vt 1.000000 0.000000
vt 1.000000 1.000000
vt 0.875000 1.000000
f 1655/1655 1656/1656 1657/1657 1658/1658
v -0.020000 0.180000 0.500000
v -0.020000 0.180000 0.484000
v -0.031314 0.180000 0.488686
vt 0.000000 0.000000
vt 1.000000 0.000000
vt 1.000000 1.000000
f 1659/1659 1660/1660 1661/1661
v -0.020000 0.205600 0.500000
v -0.031314 0.205600 0.488686
v -0.020000 0.205600 0.484000
vt 0.000000 0.000000
vt 1.000000 0.000000
vt 1.000000 1.000000
f 1662/1662 1663/1663 1664/1664
v 0.049667 0.180000 0.224000
v 0.060980 0.180000 0.228686
v 0.060980 0.205600 0.228686
v 0.049667 0.205600 0.224000
vt 0.000000 0.000000
vt 0.125000 0.000000
vt 0.125000 1.000000
vt 0.000000 1.000000
f 1665/1665 1666/1666 1667/1667 1668/1668
v 0.049667 0.180000 0.240000
v 0.060980 0.180000 0.228686
v 0.049667 0.180000 0.224000
vt 0.000000 0.000000
vt 1.000000 0.000000
vt 1.000000 1.000000
f 1669/1669 1670/1670 1671/1671
v 0.049667 0.205600 0.240000
v 0.049667 0.205600 0.224000
v 0.060980 0.205600 0.228686
vt 0.000000 0.000000
vt 1.000000 0.000000
vt 1.000000 1.000000
f 1672/1672 1673/1673 1674/1674
v 0.060980 0.180000 0.228686
v 0.065667 0.180000 0.240000
v 0.065667 0.205600 0.240000
v 0.060980 0.205600 0.228686
vt 0.125000 0.000000
vt 0.250000 0.000000
vt 0.250000 1.000000
vt 0.125000 1.000000
f 1675/1675 1676/1676 1677/1677 1678/1678
v 0.049667 0.180000 0.240000
v 0.065667 0.180000 0.240000
v 0.060980 0.180000 0.228686
vt 0.000000 0.000000
vt 1.000000 0.000000
vt 1.000000 1.000000
f 1679/1679 1680/1680 1681/1681
v 0.049667 0.205600 0.240000
v 0.060980 0.205600 0.228686
v 0.065667 0.205600 0.240000
vt 0.000000 0.000000
vt 1.000000 0.000000
vt 1.000000 1.000000
f 1682/1682 1683/1683 1684/1684
v 0.065667 0.180000 0.240000
v 0.060980 0.180000 0.251314
v 0.060980 0.205600 0.251314
v 0.065667 0.205600 0.240000
vt 0.250000 0.000000
vt 0.375000 0.000000
vt 0.375000 1.000000
vt 0.250000 1.000000
f 1685/1685 1686/1686 1687/1687 1688/1688
v 0.049667 0.180000 0.240000
v 0.060980 0.180000 0.251314
v 0.065667 0.180000 0.240000
vt 0.000000 0.000000
vt 1.000000 0.000000
vt 1.000000 1.000000
f 1689/1689 1690/1690 1691/1691
v 0.049667 0.205600 0.240000
v 0.065667 0.205600 0.240000
v 0.060980 0.205600 0.251314
vt 0.000000 0.000000
vt 1.000000 0.000000
vt 1.000000 1.000000
f 1692/1692 1693/1693 1694/1694
v 0.060980 0.180000 0.251314
v 0.049667 0.180000 0.256000
v 0.049667 0.205600 0.256000
v 0.060980 0.205600 0.251314
vt 0.375000 0.000000
vt 0.500000 0.000000
vt 0.500000 1.000000
vt 0.375000 1.000000
f 1695/1695 1696/1696 1697/1697 1698/1698
v 0.049667 0.180000 0.240000
v 0.049667 0.180000 0.256000
v 0.060980 0.180000 0.251314
vt 0.000000 0.000000
vt 1.000000 0.000000
vt 1.000000 1.000000
f 1699/1699 1700/1700 1701/1701
v 0.049667 0.205600 0.240000
v 0.060980 0.205600 0.251314
v 0.049667 0.205600 0.256000
vt 0.000000 0.000000
vt 1.000000 0.000000
vt 1.000000 1.000000
f 1702/1702 1703/1703 1704/1704
v 0.049667 0.180000 0.256000
v 0.038353 0.180000 0.251314
v 0.038353 0.205600 0.251314
v 0.049667 0.205600 0.256000
vt 0.500000 0.000000
vt 0.625000 0.000000
vt 0.625000 1.000000
vt 0.500000 1.000000
f 1705/1705 1706/1706 1707/1707 1708/1708
v 0.049667 0.180000 0.240000
v 0.038353 0.180000 0.251314
v 0.049667 0.180000 0.256000
vt 0.000000 0.000000
vt 1.000000 0.000000
vt 1.000000 1.000000
f 1709/1709 1710/1710 1711/1711
v 0.049667 0.205600 0.240000
v 0.049667 0.205600 0.256000
v 0.038353 0.205600 0.251314
vt 0.000000 0.000000
vt 1.000000 0.000000
vt 1.000000 1.000000
f 1712/1712 1713/1713 1714/1714
v 0.038353 0.180000 0.251314
v 0.033667 0.180000 0.240000
v 0.033667 0.205600 0.240000
v 0.038353 0.205600 0.251314
vt 0.625000 0.000000
vt 0.750000 0.000000
vt 0.750000 1.000000
vt 0.625000 1.000000
f 1715/1715 1716/1716 1717/1717 1718/1718
v 0.049667 0.180000 0.240000
v 0.033667 0.180000 0.240000
v 0.038353 0.180000 0.251314
vt 0.000000 0.000000
vt 1.000000 0.000000
vt 1.000000 1.000000
f 1719/1719 1720/1720 1721/1721
v 0.049667 0.205600 0.240000
v 0.038353 0.205600 0.251314
v 0.033667 0.205600 0.240000
vt 0.000000 0.000000
vt 1.000000 0.000000
vt 1.000000 1.000000
f 1722/1722 1723/1723 1724/1724
v 0.033667 0.180000 0.240000
v 0.038353 0.180000 0.228686
v 0.038353 0.205600 0.228686
v 0.033667 0.205600 0.240000
vt 0.750000 0.000000
vt 0.875000 0.000000
vt 0.875000 1.000000
vt 0.750000 1.000000
f 1725/1725 1726/1726 1727/1727 1728/1728
v 0.049667 0.180000 0.240000
v 0.038353 0.180000 0.228686
v 0.033667 0.180000 0.240000
vt 0.000000 0.000000
vt 1.000000 0.000000
vt 1.000000 1.000000
f 1729/1729 1730/1730 1731/1731
v 0.049667 0.205600 0.240000
v 0.033667 0.205600 0.240000
v 0.038353 0.205600 0.228686
vt 0.000000 0.000000
vt 1.000000 0.000000
vt 1.000000 1.000000
f 1732/1732 1733/1733 1734/1734
v 0.038353 0.180000 0.228686
v 0.049667 0.180000 0.224000
v 0.049667 0.205600 0.224000
v 0.038353 0.205600 0.228686
vt 0.875000 0.000000
vt 1.000000 0.000000
vt 1.000000 1.000000
vt 0.875000 1.000000
f 1735/1735 1736/1736 1737/1737 1738/1738
v 0.049667 0.180000 0.240000
v 0.049667 0.180000 0.224000
v 0.038353 0.180000 0.228686
vt 0.000000 0.000000
vt 1.000000 0.000000
vt 1.000000 1.000000
f 1739/1739 1740/1740 1741/1741
v 0.049667 0.205600 0.240000
v 0.038353 0.205600 0.228686
v 0.049667 0.205600 0.224000
vt 0.000000 0.000000
vt 1.000000 0.000000
vt 1.000000 1.000000
f 1742/1742 1743/1743 1744/1744
v 0.240000 0.180000 0.033667
v 0.251314 0.180000 0.038353
v 0.251314 0.205600 0.038353
v 0.240000 0.205600 0.033667
vt 0.000000 0.000000
vt 0.125000 0.000000
vt 0.125000 1.000000
vt 0.000000 1.000000
f 1745/1745 1746/1746 1747/1747 1748/1748
v 0.240000 0.180000 0.049667
v 0.251314 0.180000 0.038353
v 0.240000 0.180000 0.033667
vt 0.000000 0.000000
vt 1.000000 0.000000
vt 1.000000 1.000000
f 1749/1749 1750/1750 1751/1751
v 0.240000 0.205600 0.049667
v 0.240000 0.205600 0.033667
v 0.251314 0.205600 0.038353
vt 0.000000 0.000000
vt 1.000000 0.000000
vt 1.000000 1.000000
f 1752/1752 1753/1753 1754/1754
v 0.251314 0.180000 0.038353
v 0.256000 0.180000 0.049667
v 0.256000 0.205600 0.049667
v 0.251314 0.205600 0.038353
vt 0.125000 0.000000
vt 0.250000 0.000000
vt 0.250000 1.000000
vt 0.125000 1.000000
f 1755/1755 1756/1756 1757/1757 1758/1758
v 0.240000 0.180000 0.049667
v 0.256000 0.180000 0.049667
v 0.251314 0.180000 0.038353
vt 0.000000 0.000000
vt 1.000000 0.000000
vt 1.000000 1.000000
f 1759/1759 1760/1760 1761/1761
v 0.240000 0.205600 0.049667
v 0.251314 0.205600 0.038353
v 0.256000 0.205600 0.049667
vt 0.000000 0.000000
vt 1.000000 0.000000
vt 1.000000 1.000000
f 1762/1762 1763/1763 1764/1764
v 0.256000 0.180000 0.049667
v 0.251314 0.180000 0.060980
v 0.251314 0.205600 0.060980
v 0.256000 0.205600 0.049667
vt 0.250000 0.000000
vt 0.375000 0.000000
vt 0.375000 1.000000
vt 0.250000 1.000000
f 1765/1765 1766/1766 1767/1767 1768/1768
v 0.240000 0.180000 0.049667
v 0.251314 0.180000 0.060980
v 0.256000 0.180000 0.049667
vt 0.000000 0.000000
vt 1.000000 0.000000
vt 1.000000 1.000000
f 1769/1769 1770/1770 1771/1771
v 0.240000 0.205600 0.049667
v 0.256000 0.205600 0.049667
v 0.251314 0.205600 0.060980
vt 0.000000 0.000000
vt 1.000000 0.000000
vt 1.000000 1.000000
f 1772/1772 1773/1773 1774/1774
v 0.251314 0.180000 0.060980
v 0.240000 0.180000 0.065667
v 0.240000 0.205600 0.065667
v 0.251314 0.205600 0.060980
vt 0.375000 0.000000
vt 0.500000 0.000000
vt 0.500000 1.000000
vt 0.375000 1.000000
f 1775/1775 1776/1776 1777/1777 1778/1778
v 0.240000 0.180000 0.049667
v 0.240000 0.180000 0.065667
v 0.251314 0.180000 0.060980
vt 0.000000 0.000000
vt 1.000000 0.000000
vt 1.000000 1.000000
f 1779/1779 1780/1780 1781/1781
v 0.240000 0.205600 0.049667
v 0.251314 0.205600 0.060980
v 0.240000 0.205600 0.065667
vt 0.000000 0.000000
vt 1.000000 0.000000
vt 1.000000 1.000000
f 1782/1782 1783/1783 1784/1784
v 0.240000 0.180000 0.065667
v 0.228686 0.180000 0.060980
v 0.228686 0.205600 0.060980
v 0.240000 0.205600 0.065667
vt 0.500000 0.000000
vt 0.625000 0.000000
vt 0.625000 1.000000
vt 0.500000 1.000000
f 1785/1785 1786/1786 1787/1787 1788/1788
v 0.240000 0.180000 0.049667
v 0.228686 0.180000 0.060980
v 0.240000 0.180000 0.065667
vt 0.000000 0.000000
vt 1.000000 0.000000
vt 1.000000 1.000000
f 1789/1789 1790/1790 1791/1791
v 0.240000 0.205600 0.049667
v 0.240000 0.205600 0.065667
v 0.228686 0.205600 0.060980
vt 0.000000 0.000000
vt 1.000000 0.000000
vt 1.000000 1.000000
f 1792/1792 1793/1793 1794/1794
v 0.228686 0.180000 0.060980
v 0.224000 0.180000 0.049667
v 0.224000 0.205600 0.049667
v 0.228686 0.205600 0.060980
vt 0.625000 0.000000
vt 0.750000 0.000000
vt 0.750000 1.000000
vt 0.625000 1.000000
f 1795/1795 1796/1796 1797/1797 1798/1798
v 0.240000 0.180000 0.049667
v 0.224000 0.180000 0.049667
v 0.228686 0.180000 0.060980
vt 0.000000 0.000000
vt 1.000000 0.000000
vt 1.000000 1.000000
f 1799/1799 1800/1800 1801/1801
v 0.240000 0.205600 0.049667
v 0.228686 0.205600 0.060980
v 0.224000 0.205600 0.049667
vt 0.000000 0.000000
vt 1.000000 0.000000
vt 1.000000 1.000000
f 1802/1802 1803/1803 1804/1804
v 0.224000 0.180000 0.049667
v 0.228686 0.180000 0.038353
v 0.228686 0.205600 0.038353
v 0.224000 0.205600 0.049667
vt 0.750000 0.000000
vt 0.875000 0.000000
vt 0.875000 1.000000
vt 0.750000 1.000000
f 1805/1805 1806/1806 1807/1807 1808/1808
v 0.240000 0.180000 0.049667
v 0.228686 0.180000 0.038353
v 0.224000 0.180000 0.049667
vt 0.000000 0.000000
vt 1.000000 0.000000
vt 1.000000 1.000000
f 1809/1809 1810/1810 1811/1811
v 0.240000 0.205600 0.049667
v 0.224000 0.205600 0.049667
v 0.228686 0.205600 0.038353
vt 0.000000 0.000000
vt 1.000000 0.000000
vt 1.000000 1.000000
f 1812/1812 1813/1813 1814/1814
v 0.228686 0.180000 0.038353
v 0.240000 0.180000 0.033667
v 0.240000 0.205600 0.033667
v 0.228686 0.205600 0.038353
vt 0.875000 0.000000
vt 1.000000 0.000000
vt 1.000000 1.000000
vt 0.875000 1.000000
f 1815/1815 1816/1816 1817/1817 1818/1818
v 0.240000 0.180000 0.049667
v 0.240000 0.180000 0.033667
v 0.228686 0.180000 0.038353
vt 0.000000 0.000000
vt 1.000000 0.000000
vt 1.000000 1.000000
f 1819/1819 1820/1820 1821/1821
v 0.240000 0.205600 0.049667
v 0.228686 0.205600 0.038353
v 0.240000 0.205600 0.033667
vt 0.000000 0.000000
vt 1.000000 0.000000
vt 1.000000 1.000000
f 1822/1822 1823/1823 1824/1824
usemtl white
v 0.500000 1.620000 0.500000
v 0.500000 1.620000 0.500000
v 0.540328 1.626104 0.499548
v 0.540743 1.620764 0.501806
vt 0.000000 0.000000
vt 1.000000 0.000000
vt 1.000000 1.000000
vt 0.000000 1.000000
f 1825/1825 1826/1826 1827/1827 1828/1828
usemtl dark
v 0.540743 1.620764 0.501806
v 0.540328 1.626104 0.499548
v 0.500000 1.620000 0.500000
v 0.500000 1.620000 0.500000
vt 0.000000 0.000000
vt 1.000000 0.000000
vt 1.000000 1.000000
vt 0.000000 1.000000
f 1829/1829 1830/1830 1831/1831 1832/1832
usemtl white
v 0.500000 1.620000 0.500000
v 0.500000 1.620000 0.500000
v 0.539092 1.631336 0.497336
v 0.540328 1.626104 0.499548
vt 0.000000 0.000000
vt 1.000000 0.000000
vt 1.000000 1.000000
vt 0.000000 1.000000
f 1833/1833 1834/1834 1835/1835 1836/1836
usemtl dark
v 0.540328 1.626104 0.499548
v 0.539092 1.631336 0.497336
v 0.500000 1.620000 0.500000
v 0.500000 1.620000 0.500000
vt 0.000000 0.000000
vt 1.000000 0.000000
vt 1.000000 1.000000
vt 0.000000 1.000000
f 1837/1837 1838/1838 1839/1839 1840/1840
usemtl white
v 0.500000 1.620000 0.500000
v 0.500000 1.620000 0.500000
v 0.537061 1.636353 0.495215
v 0.539092 1.631336 0.497336
vt 0.000000 0.000000
vt 1.000000 0.000000
vt 1.000000 1.000000
vt 0.000000 1.000000
f 1841/1841 1842/1842 1843/1843 1844/1844
usemtl dark
v 0.539092 1.631336 0.497336
v 0.537061 1.636353 0.495215
v 0.500000 1.620000 0.500000
v 0.500000 1.620000 0.500000
vt 0.000000 0.000000
vt 1.000000 0.000000
vt 1.000000 1.000000
vt 0.000000 1.000000
f 1845/1845 1846/1846 1847/1847 1848/1848
usemtl white
v 0.500000 1.620000 0.500000
v 0.500000 1.620000 0.500000
v 0.534275 1.641052 0.493229
v 0.537061 1.636353 0.495215
vt 0.000000 0.000000
vt 1.000000 0.000000
vt 1.000000 1.000000
vt 0.000000 1.000000
f 1849/1849 1850/1850 1851/1851 1852/1852
usemtl dark
v 0.537061 1.636353 0.495215
v 0.534275 1.641052 0.493229
v 0.500000 1.620000 0.500000
v 0.500000 1.620000 0.500000
vt 0.000000 0.000000
vt 1.000000 0.000000
vt 1.000000 1.000000
vt 0.000000 1.000000
f 1853/1853 1854/1854 1855/1855 1856/1856
usemtl white
v 0.500000 1.620000 0.500000
v 0.500000 1.620000 0.500000
v 0.530791 1.645338 0.491416
v 0.534275 1.641052 0.493229
vt 0.000000 0.000000
vt 1.000000 0.000000
vt 1.000000 1.000000
vt 0.000000 1.000000
f 1857/1857 1858/1858 1859/1859 1860/1860
usemtl dark
v 0.534275 1.641052 0.493229
v 0.530791 1.645338 0.491416
v 0.500000 1.620000 0.500000
v 0.500000 1.620000 0.500000
vt 0.000000 0.000000
vt 1.000000 0.000000
vt 1.000000 1.000000
vt 0.000000 1.000000
f 1861/1861 1862/1862 1863/1863 1864/1864
usemtl white
v 0.500000 1.620000 0.500000
v 0.500000 1.620000 0.500000
v 0.526681 1.649124 0.489816
v 0.530791 1.645338 0.491416
vt 0.000000 0.000000
vt 1.000000 0.000000
vt 1.000000 1.000000
vt 0.000000 1.000000
f 1865/1865 1866/1866 1867/1867 1868/1868
usemtl dark
v 0.530791 1.645338 0.491416
v 0.526681 1.649124 0.489816
v 0.500000 1.620000 0.500000
v 0.500000 1.620000 0.500000
vt 0.000000 0.000000
vt 1.000000 0.000000
vt 1.000000 1.000000
vt 0.000000 1.000000
f 1869/1869 1870/1870 1871/1871 1872/1872
usemtl white
v 0.500000 1.620000 0.500000
v 0.500000 1.620000 0.500000
v 0.522027 1.652333 0.488459
v 0.526681 1.649124 0.489816
vt 0.000000 0.000000
vt 1.000000 0.000000
vt 1.000000 1.000000
vt 0.000000 1.000000
f 1873/1873 1874/1874 1875/1875 1876/1876
usemtl dark
v 0.526681 1.649124 0.489816
v 0.522027 1.652333 0.488459
v 0.500000 1.620000 0.500000
v 0.500000 1.620000 0.500000
vt 0.000000 0.000000
vt 1.000000 0.000000
vt 1.000000 1.000000
vt 0.000000 1.000000
f 1877/1877 1878/1878 1879/1879 1880/1880
usemtl white
v 0.500000 1.620000 0.500000
v 0.500000 1.620000 0.500000
v 0.516925 1.654899 0.487374
v 0.522027 1.652333 0.488459
vt 0.000000 0.000000
vt 1.000000 0.000000
vt 1.000000 1.000000
vt 0.000000 1.000000
f 1881/1881 1882/1882 1883/1883 1884/1884
usemtl dark
v 0.522027 1.652333 0.488459
v 0.516925 1.654899 0.487374
v 0.500000 1.620000 0.500000
v 0.500000 1.620000 0.500000
vt 0.000000 0.000000
vt 1.000000 0.000000
vt 1.000000 1.000000
vt 0.000000 1.000000
f 1885/1885 1886/1886 1887/1887 1888/1888
usemtl white
v 0.500000 1.620000 0.500000
v 0.500000 1.620000 0.500000
v 0.511479 1.656770 0.486583
v 0.516925 1.654899 0.487374
vt 0.000000 0.000000
vt 1.000000 0.000000
vt 1.000000 1.000000
vt 0.000000 1.000000
f 1889/1889 1890/1890 1891/1891 1892/1892
usemtl dark
v 0.516925 1.654899 0.487374
v 0.511479 1.656770 0.486583
v 0.500000 1.620000 0.500000
v 0.500000 1.620000 0.500000
vt 0.000000 0.000000
vt 1.000000 0.000000
vt 1.000000 1.000000
vt 0.000000 1.000000
f 1893/1893 1894/1894 1895/1895 1896/1896
usemtl white
v 0.500000 1.620000 0.500000
v 0.500000 1.620000 0.500000
v 0.505798 1.657908 0.486102
v 0.511479 1.656770 0.486583
vt 0.000000 0.000000
vt 1.000000 0.000000
vt 1.000000 1.000000
vt 0.000000 1.000000
f 1897/1897 1898/1898 1899/1899 1900/1900
usemtl dark
v 0.511479 1.656770 0.486583
v 0.505798 1.657908 0.486102
v 0.500000 1.620000 0.500000
v 0.500000 1.620000 0.500000
vt 0.000000 0.000000
vt 1.000000 0.000000
vt 1.000000 1.000000
vt 0.000000 1.000000
f 1901/1901 1902/1902 1903/1903 1904/1904
usemtl white
v 0.500000 1.620000 0.500000
v 0.500000 1.620000 0.500000
v 0.500000 1.658290 0.485940
v 0.505798 1.657908 0.486102
vt 0.000000 0.000000
vt 1.000000 0.000000
vt 1.000000 1.000000
vt 0.000000 1.000000
f 1905/1905 1906/1906 1907/1907 1908/1908
usemtl dark
v 0.505798 1.657908 0.486102
v 0.500000 1.658290 0.485940
v 0.500000 1.620000 0.500000
v 0.500000 1.620000 0.500000
vt 0.000000 0.000000
vt 1.000000 0.000000
vt 1.000000 1.000000
vt 0.000000 1.000000
f 1909/1909 1910/1910 1911/1911 1912/1912
usemtl white
v 0.500000 1.620000 0.500000
v 0.500000 1.620000 0.500000
v 0.494202 1.657908 0.486102
v 0.500000 1.658290 0.485940
vt 0.000000 0.000000
vt 1.000000 0.000000
vt 1.000000 1.000000
vt 0.000000 1.000000
f 1913/1913 1914/1914 1915/1915 1916/1916
usemtl dark
v 0.500000 1.658290 0.485940
v 0.494202 1.657908 0.486102
v 0.500000 1.620000 0.500000
v 0.500000 1.620000 0.500000
vt 0.000000 0.000000
vt 1.000000 0.000000
vt 1.000000 1.000000
vt 0.000000 1.000000
f 1917/1917 1918/1918 1919/1919 1920/1920
usemtl white
v 0.500000 1.620000 0.500000
v 0.500000 1.620000 0.500000
v 0.488521 1.656770 0.486583
v 0.494202 1.657908 0.486102
vt 0.000000 0.000000
vt 1.000000 0.000000
vt 1.000000 1.000000
vt 0.000000 1.000000
f 1921/1921 1922/1922 1923/1923 1924/1924
usemtl dark
v 0.494202 1.657908 0.486102
v 0.488521 1.656770 0.486583
v 0.500000 1.620000 0.500000
v 0.500000 1.620000 0.500000
vt 0.000000 0.000000
vt 1.000000 0.000000
vt 1.000000 1.000000
vt 0.000000 1.000000
f 1925/1925 1926/1926 1927/1927 1928/1928
usemtl white
v 0.500000 1.620000 0.500000
v 0.500000 1.620000 0.500000
v 0.483075 1.654899 0.487374
v 0.488521 1.656770 0.486583
vt 0.000000 0.000000
vt 1.000000 0.000000
vt 1.000000 1.000000
vt 0.000000 1.000000
f 1929/1929 1930/1930 1931/1931 1932/1932
usemtl dark
v 0.488521 1.656770 0.486583
v 0.483075 1.654899 0.487374
v 0.500000 1.620000 0.500000
v 0.500000 1.620000 0.500000
vt 0.000000 0.000000
vt 1.000000 0.000000
vt 1.000000 1.000000
vt 0.000000 1.000000
f 1933/1933 1934/1934 1935/1935 1936/1936
usemtl white
v 0.500000 1.620000 0.500000
v 0.500000 1.620000 0.500000
v 0.477973 1.652333 0.488459
v 0.483075 1.654899 0.487374
vt 0.000000 0.000000
vt 1.000000 0.000000
vt 1.000000 1.000000
vt 0.000000 1.000000
f 1937/1937 1938/1938 1939/1939 1940/1940
usemtl dark
v 0.483075 1.654899 0.487374
v 0.477973 1.652333 0.488459
v 0.500000 1.620000 0.500000
v 0.500000 1.620000 0.500000
vt 0.000000 0.000000
vt 1.000000 0.000000
vt 1.000000 1.000000
vt 0.000000 1.000000
f 1941/1941 1942/1942 1943/1943 1944/1944
usemtl white
v 0.500000 1.620000 0.500000
v 0.500000 1.620000 0.500000
v 0.473319 1.649124 0.489816
v 0.477973 1.652333 0.488459
vt 0.000000 0.000000
vt 1.000000 0.000000
vt 1.000000 1.000000
vt 0.000000 1.000000
f 1945/1945 1946/1946 1947/1947 1948/1948
usemtl dark
v 0.477973 1.652333 0.488459
v 0.473319 1.649124 0.489816
v 0.500000 1.620000 0.500000
v 0.500000 1.620000 0.500000
vt 0.000000 0.000000
vt 1.000000 0.000000
vt 1.000000 1.000000
vt 0.000000 1.000000
f 1949/1949 1950/1950 1951/1951 1952/1952
usemtl white
v 0.500000 1.620000 0.500000
v 0.500000 1.620000 0.500000
v 0.469209 1.645338 0.491416
v 0.473319 1.649124 0.489816
vt 0.000000 0.000000
vt 1.000000 0.000000
vt 1.000000 1.000000
vt 0.000000 1.000000
f 1953/1953 1954/1954 1955/1955 1956/1956
usemtl dark
v 0.473319 1.649124 0.489816
v 0.469209 1.645338 0.491416
v 0.500000 1.620000 0.500000
v 0.500000 1.620000 0.500000
vt 0.000000 0.000000
vt 1.000000 0.000000
vt 1.000000 1.000000
vt 0.000000 1.000000
f 1957/1957 1958/1958 1959/1959 1960/1960
usemtl white
v 0.500000 1.620000 0.500000
v 0.500000 1.620000 0.500000
v 0.465725 1.641052 0.493229
v 0.469209 1.645338 0.491416
vt 0.000000 0.000000
vt 1.000000 0.000000
vt 1.000000 1.000000
vt 0.000000 1.000000
f 1961/1961 1962/1962 1963/1963 1964/1964
usemtl dark
v 0.469209 1.645338 0.491416
v 0.465725 1.641052 0.493229
v 0.500000 1.620000 0.500000
v 0.500000 1.620000 0.500000
vt 0.000000 0.000000
vt 1.000000 0.000000
vt 1.000000 1.000000
vt 0.000000 1.000000
f 1965/1965 1966/1966 1967/1967 1968/1968
usemtl white
v 0.500000 1.620000 0.500000
v 0.500000 1.620000 0.500000
v 0.462939 1.636353 0.495215
v 0.465725 1.641052 0.493229
vt 0.000000 0.000000
vt 1.000000 0.000000
vt 1.000000 1.000000
vt 0.000000 1.000000
f 1969/1969 1970/1970 1971/1971 1972/1972
usemtl dark
v 0.465725 1.641052 0.493229
v 0.462939 1.636353 0.495215
v 0.500000 1.620000 0.500000
v 0.500000 1.620000 0.500000
vt 0.000000 0.000000
vt 1.000000 0.000000
vt 1.000000 1.000000
vt 0.000000 1.000000
f 1973/1973 1974/1974 1975/1975 1976/1976
usemtl white
v 0.500000 1.620000 0.500000
v 0.500000 1.620000 0.500000
v 0.460908 1.631336 0.497336
v 0.462939 1.636353 0.495215
vt 0.000000 0.000000
vt 1.000000 0.000000
vt 1.000000 1.000000
vt 0.000000 1.000000
f 1977/1977 1978/1978 1979/1979 1980/1980
usemtl dark
v 0.462939 1.636353 0.495215
v 0.460908 1.631336 0.497336
v 0.500000 1.620000 0.500000
v 0.500000 1.620000 0.500000
vt 0.000000 0.000000
vt 1.000000 0.000000
vt 1.000000 1.000000
vt 0.000000 1.000000
f 1981/1981 1982/1982 1983/1983 1984/1984
usemtl white
v 0.500000 1.620000 0.500000
v 0.500000 1.620000 0.500000
v 0.459672 1.626104 0.499548
v 0.460908 1.631336 0.497336
vt 0.000000 0.000000
vt 1.000000 0.000000
vt 1.000000 1.000000
vt 0.000000 1.000000
f 1985/1985 1986/1986 1987/1987 1988/1988
usemtl dark
v 0.460908 1.631336 0.497336
v 0.459672 1.626104 0.499548
v 0.500000 1.620000 0.500000
v 0.500000 1.620000 0.500000
vt 0.000000 0.000000
vt 1.000000 0.000000
vt 1.000000 1.000000
vt 0.000000 1.000000
f 1989/1989 1990/1990 1991/1991 1992/1992
usemtl white
v 0.500000 1.620000 0.500000
v 0.500000 1.620000 0.500000
v 0.459257 1.620764 0.501806
v 0.459672 1.626104 0.499548
vt 0.000000 0.000000
vt 1.000000 0.000000
vt 1.000000 1.000000
vt 0.000000 1.000000
f 1993/1993 1994/1994 1995/1995 1996/1996
usemtl dark
v 0.459672 1.626104 0.499548
v 0.459257 1.620764 0.501806
v 0.500000 1.620000 0.500000
v 0.500000 1.620000 0.500000
vt 0.000000 0.000000
vt 1.000000 0.000000
vt 1.000000 1.000000
vt 0.000000 1.000000
f 1997/1997 1998/1998 1999/1999 2000/2000
usemtl white
v 0.500000 1.620000 0.500000
v 0.500000 1.620000 0.500000
v 0.459672 1.615423 0.504064
v 0.459257 1.620764 0.501806
vt 0.000000 0.000000
vt 1.000000 0.000000
vt 1.000000 1.000000
vt 0.000000 1.000000
f 2001/2001 2002/2002 2003/2003 2004/2004
usemtl dark
v 0.459257 1.620764 0.501806
v 0.459672 1.615423 0.504064
v 0.500000 1.620000 0.500000
v 0.500000 1.620000 0.500000
vt 0.000000 0.000000
vt 1.000000 0.000000
vt 1.000000 1.000000
vt 0.000000 1.000000
f 2005/2005 2006/2006 2007/2007 2008/2008
usemtl white
v 0.500000 1.620000 0.500000
v 0.500000 1.620000 0.500000
v 0.460908 1.610191 0.506276
v 0.459672 1.615423 0.504064
vt 0.000000 0.000000
vt 1.000000 0.000000
vt 1.000000 1.000000
vt 0.000000 1.000000
f 2009/2009 2010/2010 2011/2011 2012/2012
usemtl dark
v 0.459672 1.615423 0.504064
v 0.460908 1.610191 0.506276
v 0.500000 1.620000 0.500000
v 0.500000 1.620000 0.500000
vt 0.000000 0.000000
vt 1.000000 0.000000
vt 1.000000 1.000000
vt 0.000000 1.000000
f 2013/2013 2014/2014 2015/2015 2016/2016
usemtl white
v 0.500000 1.620000 0.500000
v 0.500000 1.620000 0.500000
v 0.462939 1.605175 0.508397
v 0.460908 1.610191 0.506276
vt 0.000000 0.000000
vt 1.000000 0.000000
vt 1.000000 1.000000
vt 0.000000 1.000000
f 2017/2017 2018/2018 2019/2019 2020/2020
usemtl dark
v 0.460908 1.610191 0.506276
v 0.462939 1.605175 0.508397
v 0.500000 1.620000 0.500000
v 0.500000 1.620000 0.500000
vt 0.000000 0.000000
vt 1.000000 0.000000
vt 1.000000 1.000000
vt 0.000000 1.000000
f 2021/2021 2022/2022 2023/2023 2024/2024
usemtl white
v 0.500000 1.620000 0.500000
v 0.500000 1.620000 0.500000
v 0.465725 1.600475 0.510384
v 0.462939 1.605175 0.508397
vt 0.000000 0.000000
vt 1.000000 0.000000
vt 1.000000 1.000000
vt 0.000000 1.000000
f 2025/2025 2026/2026 2027/2027 2028/2028
usemtl dark
v 0.462939 1.605175 0.508397
v 0.465725 1.600475 0.510384
v 0.500000 1.620000 0.500000
v 0.500000 1.620000 0.500000
vt 0.000000 0.000000
vt 1.000000 0.000000
vt 1.000000 1.000000
vt 0.000000 1.000000
f 2029/2029 2030/2030 2031/2031 2032/2032
usemtl white
v 0.500000 1.620000 0.500000
v 0.500000 1.620000 0.500000
v 0.469209 1.596189 0.512196
v 0.465725 1.600475 0.510384
vt 0.000000 0.000000
vt 1.000000 0.000000
vt 1.000000 1.000000
vt 0.000000 1.000000
f 2033/2033 2034/2034 2035/2035 2036/2036
usemtl dark
v 0.465725 1.600475 0.510384
v 0.469209 1.596189 0.512196
v 0.500000 1.620000 0.500000
v 0.500000 1.620000 0.500000
vt 0.000000 0.000000
vt 1.000000 0.000000
vt 1.000000 1.000000
vt 0.000000 1.000000
f 2037/2037 2038/2038 2039/2039 2040/2040
usemtl white
v 0.500000 1.620000 0.500000
v 0.500000 1.620000 0.500000
v 0.473319 1.592403 0.513797
v 0.469209 1.596189 0.512196
vt 0.000000 0.000000
vt 1.000000 0.000000
vt 1.000000 1.000000
vt 0.000000 1.000000
f 2041/2041 2042/2042 2043/2043 2044/2044
usemtl dark
v 0.469209 1.596189 0.512196
v 0.473319 1.592403 0.513797
v 0.500000 1.620000 0.500000
v 0.500000 1.620000 0.500000
vt 0.000000 0.000000
vt 1.000000 0.000000
vt 1.000000 1.000000
vt 0.000000 1.000000
f 2045/2045 2046/2046 2047/2047 2048/2048
usemtl white
v 0.500000 1.620000 0.500000
v 0.500000 1.620000 0.500000
v 0.477973 1.589194 0.515154
v 0.473319 1.592403 0.513797
vt 0.000000 0.000000
vt 1.000000 0.000000
vt 1.000000 1.000000
vt 0.000000 1.000000
f 2049/2049 2050/2050 2051/2051 2052/2052
usemtl dark
v 0.473319 1.592403 0.513797
v 0.477973 1.589194 0.515154
v 0.500000 1.620000 0.500000
v 0.500000 1.620000 0.500000
vt 0.000000 0.000000
vt 1.000000 0.000000
vt 1.000000 1.000000
vt 0.000000 1.000000
f 2053/2053 2054/2054 2055/2055 2056/2056
usemtl white
v 0.500000 1.620000 0.500000
v 0.500000 1.620000 0.500000
v 0.483075 1.586628 0.516239
v 0.477973 1.589194 0.515154
vt 0.000000 0.000000
vt 1.000000 0.000000
vt 1.000000 1.000000
vt 0.000000 1.000000
f 2057/2057 2058/2058 2059/2059 2060/2060
usemtl dark
v 0.477973 1.589194 0.515154
v 0.483075 1.586628 0.516239
v 0.500000 1.620000 0.500000
v 0.500000 1.620000 0.500000
vt 0.000000 0.000000
vt 1.000000 0.000000
vt 1.000000 1.000000
vt 0.000000 1.000000
f 2061/2061 2062/2062 2063/2063 2064/2064
usemtl white
v 0.500000 1.620000 0.500000
v 0.500000 1.620000 0.500000
v 0.488521 1.584757 0.517030
v 0.483075 1.586628 0.516239
vt 0.000000 0.000000
vt 1.000000 0.000000
vt 1.000000 1.000000
vt 0.000000 1.000000
f 2065/2065 2066/2066 2067/2067 2068/2068
usemtl dark
v 0.483075 1.586628 0.516239
v 0.488521 1.584757 0.517030
v 0.500000 1.620000 0.500000
v 0.500000 1.620000 0.500000
vt 0.000000 0.000000
vt 1.000000 0.000000
vt 1.000000 1.000000
vt 0.000000 1.000000
f 2069/2069 2070/2070 2071/2071 2072/2072
usemtl white
v 0.500000 1.620000 0.500000
v 0.500000 1.620000 0.500000
v 0.494202 1.583619 0.517511
v 0.488521 1.584757 0.517030
vt 0.000000 0.000000
vt 1.000000 0.000000
vt 1.000000 1.000000
vt 0.000000 1.000000
f 2073/2073 2074/2074 2075/2075 2076/2076
usemtl dark
v 0.488521 1.584757 0.517030
v 0.494202 1.583619 0.517511
v 0.500000 1.620000 0.500000
v 0.500000 1.620000 0.500000
vt 0.000000 0.000000
vt 1.000000 0.000000
vt 1.000000 1.000000
vt 0.000000 1.000000
f 2077/2077 2078/2078 2079/2079 2080/2080
usemtl white
v 0.500000 1.620000 0.500000
v 0.500000 1.620000 0.500000
v 0.500000 1.583237 0.517672
v 0.494202 1.583619 0.517511
vt 0.000000 0.000000
vt 1.000000 0.000000
vt 1.000000 1.000000
vt 0.000000 1.000000
f 2081/2081 2082/2082 2083/2083 2084/2084
usemtl dark
v 0.494202 1.583619 0.517511
v 0.500000 1.583237 0.517672
v 0.500000 1.620000 0.500000
v 0.500000 1.620000 0.500000
vt 0.000000 0.000000
vt 1.000000 0.000000
vt 1.000000 1.000000
vt 0.000000 1.000000
f 2085/2085 2086/2086 2087/2087 2088/2088
usemtl white
v 0.500000 1.620000 0.500000
v 0.500000 1.620000 0.500000
v 0.505798 1.583619 0.517511
v 0.500000 1.583237 0.517672
vt 0.000000 0.000000
vt 1.000000 0.000000
vt 1.000000 1.000000
vt 0.000000 1.000000
f 2089/2089 2090/2090 2091/2091 2092/2092
usemtl dark
v 0.500000 1.583237 0.517672
v 0.505798 1.583619 0.517511
v 0.500000 1.620000 0.500000
v 0.500000 1.620000 0.500000
vt 0.000000 0.000000
vt 1.000000 0.000000
vt 1.000000 1.000000
vt 0.000000 1.000000
f 2093/2093 2094/2094 2095/2095 2096/2096
usemtl white
v 0.500000 1.620000 0.500000
v 0.500000 1.620000 0.500000
v 0.511479 1.584757 0.517030
v 0.505798 1.583619 0.517511
vt 0.000000 0.000000
vt 1.000000 0.000000
vt 1.000000 1.000000
vt 0.000000 1.000000
f 2097/2097 2098/2098 2099/2099 2100/2100
usemtl dark
v 0.505798 1.583619 0.517511
v 0.511479 1.584757 0.517030
v 0.500000 1.620000 0.500000
v 0.500000 1.620000 0.500000
vt 0.000000 0.000000
vt 1.000000 0.000000
vt 1.000000 1.000000
vt 0.000000 1.000000
f 2101/2101 2102/2102 2103/2103 2104/2104
usemtl white
v 0.500000 1.620000 0.500000
v 0.500000 1.620000 0.500000
v 0.516925 1.586628 0.516239
v 0.511479 1.584757 0.517030
vt 0.000000 0.000000
vt 1.000000 0.000000
vt 1.000000 1.000000
vt 0.000000 1.000000
f 2105/2105 2106/2106 2107/2107 2108/2108
usemtl dark
v 0.511479 1.584757 0.517030
v 0.516925 1.586628 0.516239
v 0.500000 1.620000 0.500000
v 0.500000 1.620000 0.500000
vt 0.000000 0.000000
vt 1.000000 0.000000
vt 1.000000 1.000000
vt 0.000000 1.000000
f 2109/2109 2110/2110 2111/2111 2112/2112
usemtl white
v 0.500000 1.620000 0.500000
v 0.500000 1.620000 0.500000
v 0.522027 1.589194 0.515154
v 0.516925 1.586628 0.516239
vt 0.000000 0.000000
vt 1.000000 0.000000
vt 1.000000 1.000000
vt 0.000000 1.000000
f 2113/2113 2114/2114 2115/2115 2116/2116
usemtl dark
v 0.516925 1.586628 0.516239
v 0.522027 1.589194 0.515154
v 0.500000 1.620000 0.500000
v 0.500000 1.620000 0.500000
vt 0.000000 0.000000
vt 1.000000 0.000000
vt 1.000000 1.000000
vt 0.000000 1.000000
f 2117/2117 2118/2118 2119/2119 2120/2120
usemtl white
v 0.500000 1.620000 0.500000
v 0.500000 1.620000 0.500000
v 0.526681 1.592403 0.513797
v 0.522027 1.589194 0.515154
vt 0.000000 0.000000
vt 1.000000 0.000000
vt 1.000000 1.000000
vt 0.000000 1.000000
f 2121/2121 2122/2122 2123/2123 2124/2124
usemtl dark
v 0.522027 1.589194 0.515154
v 0.526681 1.592403 0.513797
v 0.500000 1.620000 0.500000
v 0.500000 1.620000 0.500000
vt 0.000000 0.000000
vt 1.000000 0.000000
vt 1.000000 1.000000
vt 0.000000 1.000000
f 2125/2125 2126/2126 2127/2127 2128/2128
usemtl white
v 0.500000 1.620000 0.500000
v 0.500000 1.620000 0.500000
v 0.530791 1.596189 0.512196
v 0.526681 1.592403 0.513797
vt 0.000000 0.000000
vt 1.000000 0.000000
vt 1.000000 1.000000
vt 0.000000 1.000000
f 2129/2129 2130/2130 2131/2131 2132/2132
usemtl dark
v 0.526681 1.592403 0.513797
v 0.530791 1.596189 0.512196
v 0.500000 1.620000 0.500000
v 0.500000 1.620000 0.500000
vt 0.000000 0.000000
vt 1.000000 0.000000
vt 1.000000 1.000000
vt 0.000000 1.000000
f 2133/2133 2134/2134 2135/2135 2136/2136
usemtl white
v 0.500000 1.620000 0.500000
v 0.500000 1.620000 0.500000
v 0.534275 1.600475 0.510384
v 0.530791 1.596189 0.512196
vt 0.000000 0.000000
vt 1.000000 0.000000
vt 1.000000 1.000000
vt 0.000000 1.000000
f 2137/2137 2138/2138 2139/2139 2140/2140
usemtl dark
v 0.530791 1.596189 0.512196
v 0.534275 1.600475 0.510384
v 0.500000 1.620000 0.500000
v 0.500000 1.620000 0.500000
vt 0.000000 0.000000
vt 1.000000 0.000000
vt 1.000000 1.000000
vt 0.000000 1.000000
f 2141/2141 2142/2142 2143/2143 2144/2144
usemtl white
v 0.500000 1.620000 0.500000
v 0.500000 1.620000 0.500000
v 0.537061 1.605175 0.508397
v 0.534275 1.600475 0.510384
vt 0.000000 0.000000
vt 1.000000 0.000000
vt 1.000000 1.000000
vt 0.000000 1.000000
f 2145/2145 2146/2146 2147/2147 2148/2148
usemtl dark
v 0.534275 1.600475 0.510384
v 0.537061 1.605175 0.508397
v 0.500000 1.620000 0.500000
v 0.500000 1.620000 0.500000
vt 0.000000 0.000000
vt 1.000000 0.000000
vt 1.000000 1.000000
vt 0.000000 1.000000
f 2149/2149 2150/2150 2151/2151 2152/2152
usemtl white
v 0.500000 1.620000 0.500000
v 0.500000 1.620000 0.500000
v 0.539092 1.610191 0.506276
v 0.537061 1.605175 0.508397
vt 0.000000 0.000000
vt 1.000000 0.000000
vt 1.000000 1.000000
vt 0.000000 1.000000
f 2153/2153 2154/2154 2155/2155 2156/2156
usemtl dark
v 0.537061 1.605175 0.508397
v 0.539092 1.610191 0.506276
v 0.500000 1.620000 0.500000
v 0.500000 1.620000 0.500000
vt 0.000000 0.000000
vt 1.000000 0.000000
vt 1.000000 1.000000
vt 0.000000 1.000000
f 2157/2157 2158/2158 2159/2159 2160/2160
usemtl white
v 0.500000 1.620000 0.500000
v 0.500000 1.620000 0.500000
v 0.540328 1.615423 0.504064
v 0.539092 1.610191 0.506276
vt 0.000000 0.000000
vt 1.000000 0.000000
vt 1.000000 1.000000
vt 0.000000 1.000000
f 2161/2161 2162/2162 2163/2163 2164/2164
usemtl dark
v 0.539092 1.610191 0.506276
v 0.540328 1.615423 0.504064
v 0.500000 1.620000 0.500000
v 0.500000 1.620000 0.500000
vt 0.000000 0.000000
vt 1.000000 0.000000
vt 1.000000 1.000000
vt 0.000000 1.000000
f 2165/2165 2166/2166 2167/2167 2168/2168
usemtl white
v 0.500000 1.620000 0.500000
v 0.500000 1.620000 0.500000
v 0.540743 1.620764 0.501806
v 0.540328 1.615423 0.504064
vt 0.000000 0.000000
vt 1.000000 0.000000
vt 1.000000 1.000000
vt 0.000000 1.000000
f 2169/2169 2170/2170 2171/2171 2172/2172
usemtl dark
v 0.540328 1.615423 0.504064
v 0.540743 1.620764 0.501806
v 0.500000 1.620000 0.500000
v 0.500000 1.620000 0.500000
vt 0.000000 0.000000
vt 1.000000 0.000000
vt 1.000000 1.000000
vt 0.000000 1.000000
f 2173/2173 2174/2174 2175/2175 2176/2176
usemtl white
v 0.540743 1.620764 0.501806
v 0.540328 1.626104 0.499548
v 0.580656 1.633736 0.502710
v 0.581486 1.623055 0.507226
vt 0.000000 0.000000
vt 1.000000 0.000000
vt 1.000000 1.000000
vt 0.000000 1.000000
f 2177/2177 2178/2178 2179/2179 2180/2180
usemtl dark
v 0.581486 1.623055 0.507226
v 0.580656 1.633736 0.502710
v 0.540328 1.626104 0.499548
v 0.540743 1.620764 0.501806
vt 0.000000 0.000000
vt 1.000000 0.000000
vt 1.000000 1.000000
vt 0.000000 1.000000
f 2181/2181 2182/2182 2183/2183 2184/2184
usemtl white
v 0.540328 1.626104 0.499548
v 0.539092 1.631336 0.497336
v 0.578185 1.644200 0.498286
v 0.580656 1.633736 0.502710
vt 0.000000 0.000000
vt 1.000000 0.000000
vt 1.000000 1.000000
vt 0.000000 1.000000
f 2185/2185 2186/2186 2187/2187 2188/2188
usemtl dark
v 0.580656 1.633736 0.502710
v 0.578185 1.644200 0.498286
v 0.539092 1.631336 0.497336
v 0.540328 1.626104 0.499548
vt 0.000000 0.000000
vt 1.000000 0.000000
vt 1.000000 1.000000
vt 0.000000 1.000000
f 2189/2189 2190/2190 2191/2191 2192/2192
usemtl white
v 0.539092 1.631336 0.497336
v 0.537061 1.636353 0.495215
v 0.574122 1.654233 0.494044
v 0.578185 1.644200 0.498286
vt 0.000000 0.000000
vt 1.000000 0.000000
vt 1.000000 1.000000
vt 0.000000 1.000000
f 2193/2193 2194/2194 2195/2195 2196/2196
usemtl dark
v 0.578185 1.644200 0.498286
v 0.574122 1.654233 0.494044
v 0.537061 1.636353 0.495215
v 0.539092 1.631336 0.497336
vt 0.000000 0.000000
vt 1.000000 0.000000
vt 1.000000 1.000000
vt 0.000000 1.000000
f 2197/2197 2198/2198 2199/2199 2200/2200
usemtl white
v 0.537061 1.636353 0.495215
v 0.534275 1.641052 0.493229
v 0.568550 1.663632 0.490070
v 0.574122 1.654233 0.494044
vt 0.000000 0.000000
vt 1.000000 0.000000
vt 1.000000 1.000000
vt 0.000000 1.000000
f 2201/2201 2202/2202 2203/2203 2204/2204
usemtl dark
v 0.574122 1.654233 0.494044
v 0.568550 1.663632 0.490070
v 0.534275 1.641052 0.493229
v 0.537061 1.636353 0.495215
vt 0.000000 0.000000
vt 1.000000 0.000000
vt 1.000000 1.000000
vt 0.000000 1.000000
f 2205/2205 2206/2206 2207/2207 2208/2208
usemtl white
v 0.534275 1.641052 0.493229
v 0.530791 1.645338 0.491416
v 0.561583 1.672204 0.486446
v 0.568550 1.663632 0.490070
vt 0.000000 0.000000
vt 1.000000 0.000000
vt 1.000000 1.000000
vt 0.000000 1.000000
f 2209/2209 2210/2210 2211/2211 2212/2212
usemtl dark
v 0.568550 1.663632 0.490070
v 0.561583 1.672204 0.486446
v 0.530791 1.645338 0.491416
v 0.534275 1.641052 0.493229
vt 0.000000 0.000000
vt 1.000000 0.000000
vt 1.000000 1.000000
vt 0.000000 1.000000
f 2213/2213 2214/2214 2215/2215 2216/2216
usemtl white
v 0.530791 1.645338 0.491416
v 0.526681 1.649124 0.489816
v 0.553362 1.679776 0.483244
v 0.561583 1.672204 0.486446
vt 0.000000 0.000000
vt 1.000000 0.000000
vt 1.000000 1.000000
vt 0.000000 1.000000
f 2217/2217 2218/2218 2219/2219 2220/2220
usemtl dark
v 0.561583 1.672204 0.486446
v 0.553362 1.679776 0.483244
v 0.526681 1.649124 0.489816
v 0.530791 1.645338 0.491416
vt 0.000000 0.000000
vt 1.000000 0.000000
vt 1.000000 1.000000
vt 0.000000 1.000000
f 2221/2221 2222/2222 2223/2223 2224/2224
usemtl white
v 0.526681 1.649124 0.489816
v 0.522027 1.652333 0.488459
v 0.544055 1.686194 0.480531
v 0.553362 1.679776 0.483244
vt 0.000000 0.000000
vt 1.000000 0.000000
vt 1.000000 1.000000
vt 0.000000 1.000000
f 2225/2225 2226/2226 2227/2227 2228/2228
usemtl dark
v 0.553362 1.679776 0.483244
v 0.544055 1.686194 0.480531
v 0.522027 1.652333 0.488459
v 0.526681 1.649124 0.489816
vt 0.000000 0.000000
vt 1.000000 0.000000
vt 1.000000 1.000000
vt 0.000000 1.000000
f 2229/2229 2230/2230 2231/2231 2232/2232
usemtl white
v 0.522027 1.652333 0.488459
v 0.516925 1.654899 0.487374
v 0.533850 1.691326 0.478361
v 0.544055 1.686194 0.480531
vt 0.000000 0.000000
vt 1.000000 0.000000
vt 1.000000 1.000000
vt 0.000000 1.000000
f 2233/2233 2234/2234 2235/2235 2236/2236
usemtl dark
v 0.544055 1.686194 0.480531
v 0.533850 1.691326 0.478361
v 0.516925 1.654899 0.487374
v 0.522027 1.652333 0.488459
vt 0.000000 0.000000
vt 1.000000 0.000000
vt 1.000000 1.000000
vt 0.000000 1.000000
f 2237/2237 2238/2238 2239/2239 2240/2240
usemtl white
v 0.516925 1.654899 0.487374
v 0.511479 1.656770 0.486583
v 0.522957 1.695068 0.476779
v 0.533850 1.691326 0.478361
vt 0.000000 0.000000
vt 1.000000 0.000000
vt 1.000000 1.000000
vt 0.000000 1.000000
f 2241/2241 2242/2242 2243/2243 2244/2244
usemtl dark
v 0.533850 1.691326 0.478361
v 0.522957 1.695068 0.476779
v 0.511479 1.656770 0.486583
v 0.516925 1.654899 0.487374
vt 0.000000 0.000000
vt 1.000000 0.000000
vt 1.000000 1.000000
vt 0.000000 1.000000
f 2245/2245 2246/2246 2247/2247 2248/2248
usemtl white
v 0.511479 1.656770 0.486583
v 0.505798 1.657908 0.486102
v 0.511597 1.697344 0.475817
v 0.522957 1.695068 0.476779
vt 0.000000 0.000000
vt 1.000000 0.000000
vt 1.000000 1.000000
vt 0.000000 1.000000
f 2249/2249 2250/2250 2251/2251 2252/2252
usemtl dark
v 0.522957 1.695068 0.476779
v 0.511597 1.697344 0.475817
v 0.505798 1.657908 0.486102
v 0.511479 1.656770 0.486583
vt 0.000000 0.000000
vt 1.000000 0.000000
vt 1.000000 1.000000
vt 0.000000 1.000000
f 2253/2253 2254/2254 2255/2255 2256/2256
usemtl white
v 0.505798 1.657908 0.486102
v 0.500000 1.658290 0.485940
v 0.500000 1.698108 0.475494
v 0.511597 1.697344 0.475817
vt 0.000000 0.000000
vt 1.000000 0.000000
vt 1.000000 1.000000
vt 0.000000 1.000000
f 2257/2257 2258/2258 2259/2259 2260/2260
usemtl dark
v 0.511597 1.697344 0.475817
v 0.500000 1.698108 0.475494
v 0.500000 1.658290 0.485940
v 0.505798 1.657908 0.486102
vt 0.000000 0.000000
vt 1.000000 0.000000
vt 1.000000 1.000000
vt 0.000000 1.000000
f 2261/2261 2262/2262 2263/2263 2264/2264
usemtl white
v 0.500000 1.658290 0.485940
v 0.494202 1.657908 0.486102
v 0.488403 1.697344 0.475817
v 0.500000 1.698108 0.475494
vt 0.000000 0.000000
vt 1.000000 0.000000
vt 1.000000 1.000000
vt 0.000000 1.000000
f 2265/2265 2266/2266 2267/2267 2268/2268
usemtl dark
v 0.500000 1.698108 0.475494
v 0.488403 1.697344 0.475817
v 0.494202 1.657908 0.486102
v 0.500000 1.658290 0.485940
vt 0.000000 0.000000
vt 1.000000 0.000000
vt 1.000000 1.000000
vt 0.000000 1.000000
f 2269/2269 2270/2270 2271/2271 2272/2272
usemtl white
v 0.494202 1.657908 0.486102
v 0.488521 1.656770 0.486583
v 0.477043 1.695068 0.476779
v 0.488403 1.697344 0.475817
vt 0.000000 0.000000
vt 1.000000 0.000000
vt 1.000000 1.000000
vt 0.000000 1.000000
f 2273/2273 2274/2274 2275/2275 2276/2276
usemtl dark
v 0.488403 1.697344 0.475817
v 0.477043 1.695068 0.476779
v 0.488521 1.656770 0.486583
v 0.494202 1.657908 0.486102
vt 0.000000 0.000000
vt 1.000000 0.000000
vt 1.000000 1.000000
vt 0.000000 1.000000
f 2277/2277 2278/2278 2279/2279 2280/2280
usemtl white
v 0.488521 1.656770 0.486583
v 0.483075 1.654899 0.487374
v 0.466150 1.691326 0.478361
v 0.477043 1.695068 0.476779
vt 0.000000 0.000000
vt 1.000000 0.000000
vt 1.000000 1.000000
vt 0.000000 1.000000
f 2281/2281 2282/2282 2283/2283 2284/2284
usemtl dark
v 0.477043 1.695068 0.476779
v 0.466150 1.691326 0.478361
v 0.483075 1.654899 0.487374
v 0.488521 1.656770 0.486583
vt 0.000000 0.000000
vt 1.000000 0.000000
vt 1.000000 1.000000
vt 0.000000 1.000000
f 2285/2285 2286/2286 2287/2287 2288/2288
usemtl white
v 0.483075 1.654899 0.487374
v 0.477973 1.652333 0.488459
v 0.455945 1.686194 0.480531
v 0.466150 1.691326 0.478361
vt 0.000000 0.000000
vt 1.000000 0.000000
vt 1.000000 1.000000
vt 0.000000 1.000000
f 2289/2289 2290/2290 2291/2291 2292/2292
usemtl dark
v 0.466150 1.691326 0.478361
v 0.455945 1.686194 0.480531
v 0.477973 1.652333 0.488459
v 0.483075 1.654899 0.487374
vt 0.000000 0.000000
vt 1.000000 0.000000
vt 1.000000 1.000000
vt 0.000000 1.000000
f 2293/2293 2294/2294 2295/2295 2296/2296
usemtl white
v 0.477973 1.652333 0.488459
v 0.473319 1.649124 0.489816
v 0.446638 1.679776 0.483244
v 0.455945 1.686194 0.480531
vt 0.000000 0.000000
vt 1.000000 0.000000
vt 1.000000 1.000000
vt 0.000000 1.000000
f 2297/2297 2298/2298 2299/2299 2300/2300
usemtl dark
v 0.455945 1.686194 0.480531
v 0.446638 1.679776 0.483244
v 0.473319 1.649124 0.489816
v 0.477973 1.652333 0.488459
vt 0.000000 0.000000
vt 1.000000 0.000000
vt 1.000000 1.000000
vt 0.000000 1.000000
f 2301/2301 2302/2302 2303/2303 2304/2304
usemtl white
v 0.473319 1.649124 0.489816
v 0.469209 1.645338 0.491416
v 0.438417 1.672204 0.486446
v 0.446638 1.679776 0.483244
vt 0.000000 0.000000
vt 1.000000 0.000000
vt 1.000000 1.000000
vt 0.000000 1.000000
f 2305/2305 2306/2306 2307/2307 2308/2308
usemtl dark
v 0.446638 1.679776 0.483244
v 0.438417 1.672204 0.486446
v 0.469209 1.645338 0.491416
v 0.473319 1.649124 0.489816
vt 0.000000 0.000000
vt 1.000000 0.000000
vt 1.000000 1.000000
vt 0.000000 1.000000
f 2309/2309 2310/2310 2311/2311 2312/2312
usemtl white
v 0.469209 1.645338 0.491416
v 0.465725 1.641052 0.493229
v 0.431450 1.663632 0.490070
v 0.438417 1.672204 0.486446
vt 0.000000 0.000000
vt 1.000000 0.000000
vt 1.000000 1.000000
vt 0.000000 1.000000
f 2313/2313 2314/2314 2315/2315 2316/2316
usemtl dark
v 0.438417 1.672204 0.486446
v 0.431450 1.663632 0.490070
v 0.465725 1.641052 0.493229
v 0.469209 1.645338 0.491416
vt 0.000000 0.000000
vt 1.000000 0.000000
vt 1.000000 1.000000
vt 0.000000 1.000000
f 2317/2317 2318/2318 2319/2319 2320/2320
usemtl white
v 0.465725 1.641052 0.493229
v 0.462939 1.636353 0.495215
v 0.425878 1.654233 0.494044
v 0.431450 1.663632 0.490070
vt 0.000000 0.000000
vt 1.000000 0.000000
vt 1.000000 1.000000
vt 0.000000 1.000000
f 2321/2321 2322/2322 2323/2323 2324/2324
usemtl dark
v 0.431450 1.663632 0.490070
v 0.425878 1.654233 0.494044
v 0.462939 1.636353 0.495215
v 0.465725 1.641052 0.493229
vt 0.000000 0.000000
vt 1.000000 0.000000
vt 1.000000 1.000000
vt 0.000000 1.000000
f 2325/2325 2326/2326 2327/2327 2328/2328
usemtl white
v 0.462939 1.636353 0.495215
v 0.460908 1.631336 0.497336
v 0.421815 1.644200 0.498286
v 0.425878 1.654233 0.494044
vt 0.000000 0.000000
vt 1.000000 0.000000
vt 1.000000 1.000000
vt 0.000000 1.000000
f 2329/2329 2330/2330 2331/2331 2332/2332
usemtl dark
v 0.425878 1.654233 0.494044
v 0.421815 1.644200 0.498286
v 0.460908 1.631336 0.497336
v 0.462939 1.636353 0.495215
vt 0.000000 0.000000
vt 1.000000 0.000000
vt 1.000000 1.000000
vt 0.000000 1.000000
f 2333/2333 2334/2334 2335/2335 2336/2336
usemtl white
v 0.460908 1.631336 0.497336
v 0.459672 1.626104 0.499548
v 0.419344 1.633736 0.502710
v 0.421815 1.644200 0.498286
vt 0.000000 0.000000
vt 1.000000 0.000000
vt 1.000000 1.000000
vt 0.000000 1.000000
f 2337/2337 2338/2338 2339/2339 2340/2340
usemtl dark
v 0.421815 1.644200 0.498286
v 0.419344 1.633736 0.502710
v 0.459672 1.626104 0.499548
v 0.460908 1.631336 0.497336
vt 0.000000 0.000000
vt 1.000000 0.000000
vt 1.000000 1.000000
vt 0.000000 1.000000
f 2341/2341 2342/2342 2343/2343 2344/2344
usemtl white
v 0.459672 1.626104 0.499548
v 0.459257 1.620764 0.501806
v 0.418514 1.623055 0.507226
v 0.419344 1.633736 0.502710
vt 0.000000 0.000000
vt 1.000000 0.000000
vt 1.000000 1.000000
vt 0.000000 1.000000
f 2345/2345 2346/2346 2347/2347 2348/2348
usemtl dark
v 0.419344 1.633736 0.502710
v 0.418514 1.623055 0.507226
v 0.459257 1.620764 0.501806
v 0.459672 1.626104 0.499548
vt 0.000000 0.000000
vt 1.000000 0.000000
vt 1.000000 1.000000
vt 0.000000 1.000000
f 2349/2349 2350/2350 2351/2351 2352/2352
usemtl white
v 0.459257 1.620764 0.501806
v 0.459672 1.615423 0.504064
v 0.419344 1.612374 0.511742
v 0.418514 1.623055 0.507226
vt 0.000000 0.000000
vt 1.000000 0.000000
vt 1.000000 1.000000
vt 0.000000 1.000000
f 2353/2353 2354/2354 2355/2355 2356/2356
usemtl dark
v 0.418514 1.623055 0.507226
v 0.419344 1.612374 0.511742
v 0.459672 1.615423 0.504064
v 0.459257 1.620764 0.501806
vt 0.000000 0.000000
vt 1.000000 0.000000
vt 1.000000 1.000000
vt 0.000000 1.000000
f 2357/2357 2358/2358 2359/2359 2360/2360
usemtl white
v 0.459672 1.615423 0.504064
v 0.460908 1.610191 0.506276
v 0.421815 1.601910 0.516166
v 0.419344 1.612374 0.511742
vt 0.000000 0.000000
vt 1.000000 0.000000
vt 1.000000 1.000000
vt 0.000000 1.000000
f 2361/2361 2362/2362 2363/2363 2364/2364
usemtl dark
v 0.419344 1.612374 0.511742
v 0.421815 1.601910 0.516166
v 0.460908 1.610191 0.506276
v 0.459672 1.615423 0.504064
vt 0.000000 0.000000
vt 1.000000 0.000000
vt 1.000000 1.000000
vt 0.000000 1.000000
f 2365/2365 2366/2366 2367/2367 2368/2368
usemtl white
v 0.460908 1.610191 0.506276
v 0.462939 1.605175 0.508397
v 0.425878 1.591877 0.520408
v 0.421815 1.601910 0.516166
vt 0.000000 0.000000
vt 1.000000 0.000000
vt 1.000000 1.000000
vt 0.000000 1.000000
f 2369/2369 2370/2370 2371/2371 2372/2372
usemtl dark
v 0.421815 1.601910 0.516166
v 0.425878 1.591877 0.520408
v 0.462939 1.605175 0.508397
v 0.460908 1.610191 0.506276
vt 0.000000 0.000000
vt 1.000000 0.000000
vt 1.000000 1.000000
vt 0.000000 1.000000
f 2373/2373 2374/2374 2375/2375 2376/2376
usemtl white
v 0.462939 1.605175 0.508397
v 0.465725 1.600475 0.510384
v 0.431450 1.582478 0.524381
v 0.425878 1.591877 0.520408
vt 0.000000 0.000000
vt 1.000000 0.000000
vt 1.000000 1.000000
vt 0.000000 1.000000
f 2377/2377 2378/2378 2379/2379 2380/2380
usemtl dark
v 0.425878 1.591877 0.520408
v 0.431450 1.582478 0.524381
v 0.465725 1.600475 0.510384
v 0.462939 1.605175 0.508397
vt 0.000000 0.000000
vt 1.000000 0.000000
vt 1.000000 1.000000
vt 0.000000 1.000000
f 2381/2381 2382/2382 2383/2383 2384/2384
usemtl white
v 0.465725 1.600475 0.510384
v 0.469209 1.596189 0.512196
v 0.438417 1.573905 0.528006
v 0.431450 1.582478 0.524381
vt 0.000000 0.000000
vt 1.000000 0.000000
vt 1.000000 1.000000
vt 0.000000 1.000000
f 2385/2385 2386/2386 2387/2387 2388/2388
usemtl dark
v 0.431450 1.582478 0.524381
v 0.438417 1.573905 0.528006
v 0.469209 1.596189 0.512196
v 0.465725 1.600475 0.510384
vt 0.000000 0.000000
vt 1.000000 0.000000
vt 1.000000 1.000000
vt 0.000000 1.000000
f 2389/2389 2390/2390 2391/2391 2392/2392
usemtl white
v 0.469209 1.596189 0.512196
v 0.473319 1.592403 0.513797
v 0.446638 1.566333 0.531207
v 0.438417 1.573905 0.528006
vt 0.000000 0.000000
vt 1.000000 0.000000
vt 1.000000 1.000000
vt 0.000000 1.000000
f 2393/2393 2394/2394 2395/2395 2396/2396
usemtl dark
v 0.438417 1.573905 0.528006
v 0.446638 1.566333 0.531207
v 0.473319 1.592403 0.513797
v 0.469209 1.596189 0.512196
vt 0.000000 0.000000
vt 1.000000 0.000000
vt 1.000000 1.000000
vt 0.000000 1.000000
f 2397/2397 2398/2398 2399/2399 2400/2400
usemtl white
v 0.473319 1.592403 0.513797
v 0.477973 1.589194 0.515154
v 0.455945 1.559916 0.533920
v 0.446638 1.566333 0.531207
vt 0.000000 0.000000
vt 1.000000 0.000000
vt 1.000000 1.000000
vt 0.000000 1.000000
f 2401/2401 2402/2402 2403/2403 2404/2404
usemtl dark
v 0.446638 1.566333 0.531207
v 0.455945 1.559916 0.533920
v 0.477973 1.589194 0.515154
v 0.473319 1.592403 0.513797
vt 0.000000 0.000000
vt 1.000000 0.000000
vt 1.000000 1.000000
vt 0.000000 1.000000
f 2405/2405 2406/2406 2407/2407 2408/2408
usemtl white
v 0.477973 1.589194 0.515154
v 0.483075 1.586628 0.516239
v 0.466150 1.554784 0.536090
v 0.455945 1.559916 0.533920
vt 0.000000 0.000000
vt 1.000000 0.000000
vt 1.000000 1.000000
vt 0.000000 1.000000
f 2409/2409 2410/2410 2411/2411 2412/2412
usemtl dark
v 0.455945 1.559916 0.533920
v 0.466150 1.554784 0.536090
v 0.483075 1.586628 0.516239
v 0.477973 1.589194 0.515154
vt 0.000000 0.000000
vt 1.000000 0.000000
vt 1.000000 1.000000
vt 0.000000 1.000000
f 2413/2413 2414/2414 2415/2415 2416/2416
usemtl white
v 0.483075 1.586628 0.516239
v 0.488521 1.584757 0.517030
v 0.477043 1.551042 0.537672
v 0.466150 1.554784 0.536090
vt 0.000000 0.000000
vt 1.000000 0.000000
vt 1.000000 1.000000
vt 0.000000 1.000000
f 2417/2417 2418/2418 2419/2419 2420/2420
usemtl dark
v 0.466150 1.554784 0.536090
v 0.477043 1.551042 0.537672
v 0.488521 1.584757 0.517030
v 0.483075 1.586628 0.516239
vt 0.000000 0.000000
vt 1.000000 0.000000
vt 1.000000 1.000000
vt 0.000000 1.000000
f 2421/2421 2422/2422 2423/2423 2424/2424
usemtl white
v 0.488521 1.584757 0.517030
v 0.494202 1.583619 0.517511
v 0.488403 1.548766 0.538635
v 0.477043 1.551042 0.537672
vt 0.000000 0.000000
vt 1.000000 0.000000
vt 1.000000 1.000000
vt 0.000000 1.000000
f 2425/2425 2426/2426 2427/2427 2428/2428
usemtl dark
v 0.477043 1.551042 0.537672
v 0.488403 1.548766 0.538635
v 0.494202 1.583619 0.517511
v 0.488521 1.584757 0.517030
vt 0.000000 0.000000
vt 1.000000 0.000000
vt 1.000000 1.000000
vt 0.000000 1.000000
f 2429/2429 2430/2430 2431/2431 2432/2432
usemtl white
v 0.494202 1.583619 0.517511
v 0.500000 1.583237 0.517672
v 0.500000 1.548002 0.538958
v 0.488403 1.548766 0.538635
vt 0.000000 0.000000
vt 1.000000 0.000000
vt 1.000000 1.000000
vt 0.000000 1.000000
f 2433/2433 2434/2434 2435/2435 2436/2436
usemtl dark
v 0.488403 1.548766 0.538635
v 0.500000 1.548002 0.538958
v 0.500000 1.583237 0.517672
v 0.494202 1.583619 0.517511
vt 0.000000 0.000000
vt 1.000000 0.000000
vt 1.000000 1.000000
vt 0.000000 1.000000
f 2437/2437 2438/2438 2439/2439 2440/2440
usemtl white
v 0.500000 1.583237 0.517672
v 0.505798 1.583619 0.517511
v 0.511597 1.548766 0.538635
v 0.500000 1.548002 0.538958
vt 0.000000 0.000000
vt 1.000000 0.000000
vt 1.000000 1.000000
vt 0.000000 1.000000
f 2441/2441 2442/2442 2443/2443 2444/2444
usemtl dark
v 0.500000 1.548002 0.538958
v 0.511597 1.548766 0.538635
v 0.505798 1.583619 0.517511
v 0.500000 1.583237 0.517672
vt 0.000000 0.000000
vt 1.000000 0.000000
vt 1.000000 1.000000
vt 0.000000 1.000000
f 2445/2445 2446/2446 2447/2447 2448/2448
usemtl white
v 0.505798 1.583619 0.517511
v 0.511479 1.584757 0.517030
v 0.522957 1.551042 0.537672
v 0.511597 1.548766 0.538635
vt 0.000000 0.000000
vt 1.000000 0.000000
vt 1.000000 1.000000
vt 0.000000 1.000000
f 2449/2449 2450/2450 2451/2451 2452/2452
usemtl dark
v 0.511597 1.548766 0.538635
v 0.522957 1.551042 0.537672
v 0.511479 1.584757 0.517030
v 0.505798 1.583619 0.517511
vt 0.000000 0.000000
vt 1.000000 0.000000
vt 1.000000 1.000000
vt 0.000000 1.000000
f 2453/2453 2454/2454 2455/2455 2456/2456
usemtl white
v 0.511479 1.584757 0.517030
v 0.516925 1.586628 0.516239
v 0.533850 1.554784 0.536090
v 0.522957 1.551042 0.537672
vt 0.000000 0.000000
vt 1.000000 0.000000
vt 1.000000 1.000000
vt 0.000000 1.000000
f 2457/2457 2458/2458 2459/2459 2460/2460
usemtl dark
v 0.522957 1.551042 0.537672
v 0.533850 1.554784 0.536090
v 0.516925 1.586628 0.516239
v 0.511479 1.584757 0.517030
vt 0.000000 0.000000
vt 1.000000 0.000000
vt 1.000000 1.000000
vt 0.000000 1.000000
f 2461/2461 2462/2462 2463/2463 2464/2464
usemtl white
v 0.516925 1.586628 0.516239
v 0.522027 1.589194 0.515154
v 0.544055 1.559916 0.533920
v 0.533850 1.554784 0.536090
vt 0.000000 0.000000
vt 1.000000 0.000000
vt 1.000000 1.000000
vt 0.000000 1.000000
f 2465/2465 2466/2466 2467/2467 2468/2468
usemtl dark
v 0.533850 1.554784 0.536090
v 0.544055 1.559916 0.533920
v 0.522027 1.589194 0.515154
v 0.516925 1.586628 0.516239
vt 0.000000 0.000000
vt 1.000000 0.000000
vt 1.000000 1.000000
vt 0.000000 1.000000
f 2469/2469 2470/2470 2471/2471 2472/2472
usemtl white
v 0.522027 1.589194 0.515154
v 0.526681 1.592403 0.513797
v 0.553362 1.566333 0.531207
v 0.544055 1.559916 0.533920
vt 0.000000 0.000000
vt 1.000000 0.000000
vt 1.000000 1.000000
vt 0.000000 1.000000
f 2473/2473 2474/2474 2475/2475 2476/2476
usemtl dark
v 0.544055 1.559916 0.533920
v 0.553362 1.566333 0.531207
v 0.526681 1.592403 0.513797
v 0.522027 1.589194 0.515154
vt 0.000000 0.000000
vt 1.000000 0.000000
vt 1.000000 1.000000
vt 0.000000 1.000000
f 2477/2477 2478/2478 2479/2479 2480/2480
usemtl white
v 0.526681 1.592403 0.513797
v 0.530791 1.596189 0.512196
v 0.561583 1.573905 0.528006
v 0.553362 1.566333 0.531207
vt 0.000000 0.000000
vt 1.000000 0.000000
vt 1.000000 1.000000
vt 0.000000 1.000000
f 2481/2481 2482/2482 2483/2483 2484/2484
usemtl dark
v 0.553362 1.566333 0.531207
v 0.561583 1.573905 0.528006
v 0.530791 1.596189 0.512196
v 0.526681 1.592403 0.513797
vt 0.000000 0.000000
vt 1.000000 0.000000
vt 1.000000 1.000000
vt 0.000000 1.000000
f 2485/2485 2486/2486 2487/2487 2488/2488
usemtl white
v 0.530791 1.596189 0.512196
v 0.534275 1.600475 0.510384
v 0.568550 1.582478 0.524381
v 0.561583 1.573905 0.528006
vt 0.000000 0.000000
vt 1.000000 0.000000
vt 1.000000 1.000000
vt 0.000000 1.000000
f 2489/2489 2490/2490 2491/2491 2492/2492
usemtl dark
v 0.561583 1.573905 0.528006
v 0.568550 1.582478 0.524381
v 0.534275 1.600475 0.510384
v 0.530791 1.596189 0.512196
vt 0.000000 0.000000
vt 1.000000 0.000000
vt 1.000000 1.000000
vt 0.000000 1.000000
f 2493/2493 2494/2494 2495/2495 2496/2496
usemtl white
v 0.534275 1.600475 0.510384
v 0.537061 1.605175 0.508397
v 0.574122 1.591877 0.520408
v 0.568550 1.582478 0.524381
vt 0.000000 0.000000
vt 1.000000 0.000000
vt 1.000000 1.000000
vt 0.000000 1.000000
f 2497/2497 2498/2498 2499/2499 2500/2500
usemtl dark
v 0.568550 1.582478 0.524381
v 0.574122 1.591877 0.520408
v 0.537061 1.605175 0.508397
v 0.534275 1.600475 0.510384
vt 0.000000 0.000000
vt 1.000000 0.000000
vt 1.000000 1.000000
vt 0.000000 1.000000
f 2501/2501 2502/2502 2503/2503 2504/2504
usemtl white
v 0.537061 1.605175 0.508397
v 0.539092 1.610191 0.506276
v 0.578185 1.601910 0.516166
v 0.574122 1.591877 0.520408
vt 0.000000 0.000000
vt 1.000000 0.000000
vt 1.000000 1.000000
vt 0.000000 1.000000
f 2505/2505 2506/2506 2507/2507 2508/2508
usemtl dark
v 0.574122 1.591877 0.520408
v 0.578185 1.601910 0.516166
v 0.539092 1.610191 0.506276
v 0.537061 1.605175 0.508397
vt 0.000000 0.000000
vt 1.000000 0.000000
vt 1.000000 1.000000
vt 0.000000 1.000000
f 2509/2509 2510/2510 2511/2511 2512/2512
usemtl white
v 0.539092 1.610191 0.506276
v 0.540328 1.615423 0.504064
v 0.580656 1.612374 0.511742
v 0.578185 1.601910 0.516166
vt 0.000000 0.000000
vt 1.000000 0.000000
vt 1.000000 1.000000
vt 0.000000 1.000000
f 2513/2513 2514/2514 2515/2515 2516/2516
usemtl dark
v 0.578185 1.601910 0.516166
v 0.580656 1.612374 0.511742
v 0.540328 1.615423 0.504064
v 0.539092 1.610191 0.506276
vt 0.000000 0.000000
vt 1.000000 0.000000
vt 1.000000 1.000000
vt 0.000000 1.000000
f 2517/2517 2518/2518 2519/2519 2520/2520
usemtl white
v 0.540328 1.615423 0.504064
v 0.540743 1.620764 0.501806
v 0.581486 1.623055 0.507226
v 0.580656 1.612374 0.511742
vt 0.000000 0.000000
vt 1.000000 0.000000
vt 1.000000 1.000000
vt 0.000000 1.000000
f 2521/2521 2522/2522 2523/2523 2524/2524
usemtl dark
v 0.580656 1.612374 0.511742
v 0.581486 1.623055 0.507226
v 0.540743 1.620764 0.501806
v 0.540328 1.615423 0.504064
vt 0.000000 0.000000
vt 1.000000 0.000000
vt 1.000000 1.000000
vt 0.000000 1.000000
f 2525/2525 2526/2526 2527/2527 2528/2528
usemtl white
v 0.581486 1.623055 0.507226
v 0.580656 1.633736 0.502710
v 0.620984 1.642895 0.509484
v 0.622229 1.626874 0.516258
vt 0.000000 0.000000
vt 1.000000 0.000000
vt 1.000000 1.000000
vt 0.000000 1.000000
f 2529/2529 2530/2530 2531/2531 2532/2532
usemtl dark
v 0.622229 1.626874 0.516258
v 0.620984 1.642895 0.509484
v 0.580656 1.633736 0.502710
v 0.581486 1.623055 0.507226
vt 0.000000 0.000000
vt 1.000000 0.000000
vt 1.000000 1.000000
vt 0.000000 1.000000
f 2533/2533 2534/2534 2535/2535 2536/2536
usemtl white
v 0.580656 1.633736 0.502710
v 0.578185 1.644200 0.498286
v 0.617277 1.658591 0.502848
v 0.620984 1.642895 0.509484
vt 0.000000 0.000000
vt 1.000000 0.000000
vt 1.000000 1.000000
vt 0.000000 1.000000
f 2537/2537 2538/2538 2539/2539 2540/2540
usemtl dark
v 0.620984 1.642895 0.509484
v 0.617277 1.658591 0.502848
v 0.578185 1.644200 0.498286
v 0.580656 1.633736 0.502710
vt 0.000000 0.000000
vt 1.000000 0.000000
vt 1.000000 1.000000
vt 0.000000 1.000000
f 2541/2541 2542/2542 2543/2543 2544/2544
usemtl white
v 0.578185 1.644200 0.498286
v 0.574122 1.654233 0.494044
v 0.611183 1.673641 0.496485
v 0.617277 1.658591 0.502848
vt 0.000000 0.000000
vt 1.000000 0.000000
vt 1.000000 1.000000
vt 0.000000 1.000000
f 2545/2545 2546/2546 2547/2547 2548/2548
usemtl dark
v 0.617277 1.658591 0.502848
v 0.611183 1.673641 0.496485
v 0.574122 1.654233 0.494044
v 0.578185 1.644200 0.498286
vt 0.000000 0.000000
vt 1.000000 0.000000
vt 1.000000 1.000000
vt 0.000000 1.000000
f 2549/2549 2550/2550 2551/2551 2552/2552
usemtl white
v 0.574122 1.654233 0.494044
v 0.568550 1.663632 0.490070
v 0.602825 1.687739 0.490524
v 0.611183 1.673641 0.496485
vt 0.000000 0.000000
vt 1.000000 0.000000
vt 1.000000 1.000000
vt 0.000000 1.000000
f 2553/2553 2554/2554 2555/2555 2556/2556
usemtl dark
v 0.611183 1.673641 0.496485
v 0.602825 1.687739 0.490524
v 0.568550 1.663632 0.490070
v 0.574122 1.654233 0.494044
vt 0.000000 0.000000
vt 1.000000 0.000000
vt 1.000000 1.000000
vt 0.000000 1.000000
f 2557/2557 2558/2558 2559/2559 2560/2560
usemtl white
v 0.568550 1.663632 0.490070
v 0.561583 1.672204 0.486446
v 0.592374 1.700598 0.485088
v 0.602825 1.687739 0.490524
vt 0.000000 0.000000
vt 1.000000 0.000000
vt 1.000000 1.000000
vt 0.000000 1.000000
f 2561/2561 2562/2562 2563/2563 2564/2564
usemtl dark
v 0.602825 1.687739 0.490524
v 0.592374 1.700598 0.485088
v 0.561583 1.672204 0.486446
v 0.568550 1.663632 0.490070
vt 0.000000 0.000000
vt 1.000000 0.000000
vt 1.000000 1.000000
vt 0.000000 1.000000
f 2565/2565 2566/2566 2567/2567 2568/2568
usemtl white
v 0.561583 1.672204 0.486446
v 0.553362 1.679776 0.483244
v 0.580043 1.711956 0.480285
v 0.592374 1.700598 0.485088
vt 0.000000 0.000000
vt 1.000000 0.000000
vt 1.000000 1.000000
vt 0.000000 1.000000
f 2569/2569 2570/2570 2571/2571 2572/2572
usemtl dark
v 0.592374 1.700598 0.485088
v 0.580043 1.711956 0.480285
v 0.553362 1.679776 0.483244
v 0.561583 1.672204 0.486446
vt 0.000000 0.000000
vt 1.000000 0.000000
vt 1.000000 1.000000
vt 0.000000 1.000000
f 2573/2573 2574/2574 2575/2575 2576/2576
usemtl white
v 0.553362 1.679776 0.483244
v 0.544055 1.686194 0.480531
v 0.566082 1.721582 0.476216
v 0.580043 1.711956 0.480285
vt 0.000000 0.000000
vt 1.000000 0.000000
vt 1.000000 1.000000
vt 0.000000 1.000000
f 2577/2577 2578/2578 2579/2579 2580/2580
usemtl dark
v 0.580043 1.711956 0.480285
v 0.566082 1.721582 0.476216
v 0.544055 1.686194 0.480531
v 0.553362 1.679776 0.483244
vt 0.000000 0.000000
vt 1.000000 0.000000
vt 1.000000 1.000000
vt 0.000000 1.000000
f 2581/2581 2582/2582 2583/2583 2584/2584
usemtl white
v 0.544055 1.686194 0.480531
v 0.533850 1.691326 0.478361
v 0.550776 1.729280 0.472961
v 0.566082 1.721582 0.476216
vt 0.000000 0.000000
vt 1.000000 0.000000
vt 1.000000 1.000000
vt 0.000000 1.000000
f 2585/2585 2586/2586 2587/2587 2588/2588
usemtl dark
v 0.566082 1.721582 0.476216
v 0.550776 1.729280 0.472961
v 0.533850 1.691326 0.478361
v 0.544055 1.686194 0.480531
vt 0.000000 0.000000
vt 1.000000 0.000000
vt 1.000000 1.000000
vt 0.000000 1.000000
f 2589/2589 2590/2590 2591/2591 2592/2592
usemtl white
v 0.533850 1.691326 0.478361
v 0.522957 1.695068 0.476779
v 0.534436 1.734893 0.470588
v 0.550776 1.729280 0.472961
vt 0.000000 0.000000
vt 1.000000 0.000000
vt 1.000000 1.000000
vt 0.000000 1.000000
f 2593/2593 2594/2594 2595/2595 2596/2596
usemtl dark
v 0.550776 1.729280 0.472961
v 0.534436 1.734893 0.470588
v 0.522957 1.695068 0.476779
v 0.533850 1.691326 0.478361
vt 0.000000 0.000000
vt 1.000000 0.000000
vt 1.000000 1.000000
vt 0.000000 1.000000
f 2597/2597 2598/2598 2599/2599 2600/2600
usemtl white
v 0.522957 1.695068 0.476779
v 0.511597 1.697344 0.475817
v 0.517395 1.738308 0.469144
v 0.534436 1.734893 0.470588
vt 0.000000 0.000000
vt 1.000000 0.000000
vt 1.000000 1.000000
vt 0.000000 1.000000
f 2601/2601 2602/2602 2603/2603 2604/2604
usemtl dark
v 0.534436 1.734893 0.470588
v 0.517395 1.738308 0.469144
v 0.511597 1.697344 0.475817
v 0.522957 1.695068 0.476779
vt 0.000000 0.000000
vt 1.000000 0.000000
vt 1.000000 1.000000
vt 0.000000 1.000000
f 2605/2605 2606/2606 2607/2607 2608/2608
usemtl white
v 0.511597 1.697344 0.475817
v 0.500000 1.698108 0.475494
v 0.500000 1.739454 0.468660
v 0.517395 1.738308 0.469144
vt 0.000000 0.000000
vt 1.000000 0.000000
vt 1.000000 1.000000
vt 0.000000 1.000000
f 2609/2609 2610/2610 2611/2611 2612/2612
usemtl dark
v 0.517395 1.738308 0.469144
v 0.500000 1.739454 0.468660
v 0.500000 1.698108 0.475494
v 0.511597 1.697344 0.475817
vt 0.000000 0.000000
vt 1.000000 0.000000
vt 1.000000 1.000000
vt 0.000000 1.000000
f 2613/2613 2614/2614 2615/2615 2616/2616
usemtl white
v 0.500000 1.698108 0.475494
v 0.488403 1.697344 0.475817
v 0.482605 1.738308 0.469144
v 0.500000 1.739454 0.468660
vt 0.000000 0.000000
vt 1.000000 0.000000
vt 1.000000 1.000000
vt 0.000000 1.000000
f 2617/2617 2618/2618 2619/2619 2620/2620
usemtl dark
v 0.500000 1.739454 0.468660
v 0.482605 1.738308 0.469144
v 0.488403 1.697344 0.475817
v 0.500000 1.698108 0.475494
vt 0.000000 0.000000
vt 1.000000 0.000000
vt 1.000000 1.000000
vt 0.000000 1.000000
f 2621/2621 2622/2622 2623/2623 2624/2624
usemtl white
v 0.488403 1.697344 0.475817
v 0.477043 1.695068 0.476779
v 0.465564 1.734893 0.470588
v 0.482605 1.738308 0.469144
vt 0.000000 0.000000
vt 1.000000 0.000000
vt 1.000000 1.000000
vt 0.000000 1.000000
f 2625/2625 2626/2626 2627/2627 2628/2628
usemtl dark
v 0.482605 1.738308 0.469144
v 0.465564 1.734893 0.470588
v 0.477043 1.695068 0.476779
v 0.488403 1.697344 0.475817
vt 0.000000 0.000000
vt 1.000000 0.000000
vt 1.000000 1.000000
vt 0.000000 1.000000
f 2629/2629 2630/2630 2631/2631 2632/2632
usemtl white
v 0.477043 1.695068 0.476779
v 0.466150 1.691326 0.478361
v 0.449224 1.729280 0.472961
v 0.465564 1.734893 0.470588
vt 0.000000 0.000000
vt 1.000000 0.000000
vt 1.000000 1.000000
vt 0.000000 1.000000
f 2633/2633 2634/2634 2635/2635 2636/2636
usemtl dark
v 0.465564 1.734893 0.470588
v 0.449224 1.729280 0.472961
v 0.466150 1.691326 0.478361
v 0.477043 1.695068 0.476779
vt 0.000000 0.000000
vt 1.000000 0.000000
vt 1.000000 1.000000
vt 0.000000 1.000000
f 2637/2637 2638/2638 2639/2639 2640/2640
usemtl white
v 0.466150 1.691326 0.478361
v 0.455945 1.686194 0.480531
v 0.433918 1.721582 0.476216
v 0.449224 1.729280 0.472961
vt 0.000000 0.000000
vt 1.000000 0.000000
vt 1.000000 1.000000
vt 0.000000 1.000000
f 2641/2641 2642/2642 2643/2643 2644/2644
usemtl dark
v 0.449224 1.729280 0.472961
v 0.433918 1.721582 0.476216
v 0.455945 1.686194 0.480531
v 0.466150 1.691326 0.478361
vt 0.000000 0.000000
vt 1.000000 0.000000
vt 1.000000 1.000000
vt 0.000000 1.000000
f 2645/2645 2646/2646 2647/2647 2648/2648
usemtl white
v 0.455945 1.686194 0.480531
v 0.446638 1.679776 0.483244
v 0.419957 1.711956 0.480285
v 0.433918 1.721582 0.476216
vt 0.000000 0.000000
vt 1.000000 0.000000
vt 1.000000 1.000000
vt 0.000000 1.000000
f 2649/2649 2650/2650 2651/2651 2652/2652
usemtl dark
v 0.433918 1.721582 0.476216
v 0.419957 1.711956 0.480285
v 0.446638 1.679776 0.483244
v 0.455945 1.686194 0.480531
vt 0.000000 0.000000
vt 1.000000 0.000000
vt 1.000000 1.000000
vt 0.000000 1.000000
f 2653/2653 2654/2654 2655/2655 2656/2656
usemtl white
v 0.446638 1.679776 0.483244
v 0.438417 1.672204 0.486446
v 0.407626 1.700598 0.485088
v 0.419957 1.711956 0.480285
vt 0.000000 0.000000
vt 1.000000 0.000000
vt 1.000000 1.000000
vt 0.000000 1.000000
f 2657/2657 2658/2658 2659/2659 2660/2660
usemtl dark
v 0.419957 1.711956 0.480285
v 0.407626 1.700598 0.485088
v 0.438417 1.672204 0.486446
v 0.446638 1.679776 0.483244
vt 0.000000 0.000000
vt 1.000000 0.000000
vt 1.000000 1.000000
vt 0.000000 1.000000
f 2661/2661 2662/2662 2663/2663 2664/2664
usemtl white
v 0.438417 1.672204 0.486446
v 0.431450 1.663632 0.490070
v 0.397175 1.687739 0.490524
v 0.407626 1.700598 0.485088
vt 0.000000 0.000000
vt 1.000000 0.000000
vt 1.000000 1.000000
vt 0.000000 1.000000
f 2665/2665 2666/2666 2667/2667 2668/2668
usemtl dark
v 0.407626 1.700598 0.485088
v 0.397175 1.687739 0.490524
v 0.431450 1.663632 0.490070
v 0.438417 1.672204 0.486446
vt 0.000000 0.000000
vt 1.000000 0.000000
vt 1.000000 1.000000
vt 0.000000 1.000000
f 2669/2669 2670/2670 2671/2671 2672/2672
usemtl white
v 0.431450 1.663632 0.490070
v 0.425878 1.654233 0.494044
v 0.388817 1.673641 0.496485
v 0.397175 1.687739 0.490524
vt 0.000000 0.000000
vt 1.000000 0.000000
vt 1.000000 1.000000
vt 0.000000 1.000000
f 2673/2673 2674/2674 2675/2675 2676/2676
usemtl dark
v 0.397175 1.687739 0.490524
v 0.388817 1.673641 0.496485
v 0.425878 1.654233 0.494044
v 0.431450 1.663632 0.490070
vt 0.000000 0.000000
vt 1.000000 0.000000
vt 1.000000 1.000000
vt 0.000000 1.000000
f 2677/2677 2678/2678 2679/2679 2680/2680
usemtl white
v 0.425878 1.654233 0.494044
v 0.421815 1.644200 0.498286
v 0.382723 1.658591 0.502848
v 0.388817 1.673641 0.496485
vt 0.000000 0.000000
vt 1.000000 0.000000
vt 1.000000 1.000000
vt 0.000000 1.000000
f 2681/2681 2682/2682 2683/2683 2684/2684
usemtl dark
v 0.388817 1.673641 0.496485
v 0.382723 1.658591 0.502848
v 0.421815 1.644200 0.498286
v 0.425878 1.654233 0.494044
vt 0.000000 0.000000
vt 1.000000 0.000000
vt 1.000000 1.000000
vt 0.000000 1.000000
f 2685/2685 2686/2686 2687/2687 2688/2688
usemtl white
v 0.421815 1.644200 0.498286
v 0.419344 1.633736 0.502710
v 0.379016 1.642895 0.509484
v 0.382723 1.658591 0.502848
vt 0.000000 0.000000
vt 1.000000 0.000000
vt 1.000000 1.000000
vt 0.000000 1.000000
f 2689/2689 2690/2690 2691/2691 2692/2692
usemtl dark
v 0.382723 1.658591 0.502848
v 0.379016 1.642895 0.509484
v 0.419344 1.633736 0.502710
v 0.421815 1.644200 0.498286
vt 0.000000 0.000000
vt 1.000000 0.000000
vt 1.000000 1.000000
vt 0.000000 1.000000
f 2693/2693 2694/2694 2695/2695 2696/2696
usemtl white
v 0.419344 1.633736 0.502710
v 0.418514 1.623055 0.507226
v 0.377771 1.626874 0.516258
v 0.379016 1.642895 0.509484
vt 0.000000 0.000000
vt 1.000000 0.000000
vt 1.000000 1.000000
vt 0.000000 1.000000
f 2697/2697 2698/2698 2699/2699 2700/2700
usemtl dark
v 0.379016 1.642895 0.509484
v 0.377771 1.626874 0.516258
v 0.418514 1.623055 0.507226
v 0.419344 1.633736 0.502710
vt 0.000000 0.000000
vt 1.000000 0.000000
vt 1.000000 1.000000
vt 0.000000 1.000000
f 2701/2701 2702/2702 2703/2703 2704/2704
usemtl white
v 0.418514 1.623055 0.507226
v 0.419344 1.612374 0.511742
v 0.379016 1.610852 0.523032
v 0.377771 1.626874 0.516258
vt 0.000000 0.000000
vt 1.000000 0.000000
vt 1.000000 1.000000
vt 0.000000 1.000000
f 2705/2705 2706/2706 2707/2707 2708/2708
usemtl dark
v 0.377771 1.626874 0.516258
v 0.379016 1.610852 0.523032
v 0.419344 1.612374 0.511742
v 0.418514 1.623055 0.507226
vt 0.000000 0.000000
vt 1.000000 0.000000
vt 1.000000 1.000000
vt 0.000000 1.000000
f 2709/2709 2710/2710 2711/2711 2712/2712
usemtl white
v 0.419344 1.612374 0.511742
v 0.421815 1.601910 0.516166
v 0.382723 1.595156 0.529668
v 0.379016 1.610852 0.523032
vt 0.000000 0.000000
vt 1.000000 0.000000
vt 1.000000 1.000000
vt 0.000000 1.000000
f 2713/2713 2714/2714 2715/2715 2716/2716
usemtl dark
v 0.379016 1.610852 0.523032
v 0.382723 1.595156 0.529668
v 0.421815 1.601910 0.516166
v 0.419344 1.612374 0.511742
vt 0.000000 0.000000
vt 1.000000 0.000000
vt 1.000000 1.000000
vt 0.000000 1.000000
f 2717/2717 2718/2718 2719/2719 2720/2720
usemtl white
v 0.421815 1.601910 0.516166
v 0.425878 1.591877 0.520408
v 0.388817 1.580106 0.536031
v 0.382723 1.595156 0.529668
vt 0.000000 0.000000
vt 1.000000 0.000000
vt 1.000000 1.000000
vt 0.000000 1.000000
f 2721/2721 2722/2722 2723/2723 2724/2724
usemtl dark
v 0.382723 1.595156 0.529668
v 0.388817 1.580106 0.536031
v 0.425878 1.591877 0.520408
v 0.421815 1.601910 0.516166
vt 0.000000 0.000000
vt 1.000000 0.000000
vt 1.000000 1.000000
vt 0.000000 1.000000
f 2725/2725 2726/2726 2727/2727 2728/2728
usemtl white
v 0.425878 1.591877 0.520408
v 0.431450 1.582478 0.524381
v 0.397175 1.566008 0.541991
v 0.388817 1.580106 0.536031
vt 0.000000 0.000000
vt 1.000000 0.000000
vt 1.000000 1.000000
vt 0.000000 1.000000
f 2729/2729 2730/2730 2731/2731 2732/2732
usemtl dark
v 0.388817 1.580106 0.536031
v 0.397175 1.566008 0.541991
v 0.431450 1.582478 0.524381
v 0.425878 1.591877 0.520408
vt 0.000000 0.000000
vt 1.000000 0.000000
vt 1.000000 1.000000
vt 0.000000 1.000000
f 2733/2733 2734/2734 2735/2735 2736/2736
usemtl white
v 0.431450 1.582478 0.524381
v 0.438417 1.573905 0.528006
v 0.407626 1.553149 0.547428
v 0.397175 1.566008 0.541991
vt 0.000000 0.000000
vt 1.000000 0.000000
vt 1.000000 1.000000
vt 0.000000 1.000000
f 2737/2737 2738/2738 2739/2739 2740/2740
usemtl dark
v 0.397175 1.566008 0.541991
v 0.407626 1.553149 0.547428
v 0.438417 1.573905 0.528006
v 0.431450 1.582478 0.524381
vt 0.000000 0.000000
vt 1.000000 0.000000
vt 1.000000 1.000000
vt 0.000000 1.000000
f 2741/2741 2742/2742 2743/2743 2744/2744
usemtl white
v 0.438417 1.573905 0.528006
v 0.446638 1.566333 0.531207
v 0.419957 1.541791 0.552230
v 0.407626 1.553149 0.547428
vt 0.000000 0.000000
vt 1.000000 0.000000
vt 1.000000 1.000000
vt 0.000000 1.000000
f 2745/2745 2746/2746 2747/2747 2748/2748
usemtl dark
v 0.407626 1.553149 0.547428
v 0.419957 1.541791 0.552230
v 0.446638 1.566333 0.531207
v 0.438417 1.573905 0.528006
vt 0.000000 0.000000
vt 1.000000 0.000000
vt 1.000000 1.000000
vt 0.000000 1.000000
f 2749/2749 2750/2750 2751/2751 2752/2752
usemtl white
v 0.446638 1.566333 0.531207
v 0.455945 1.559916 0.533920
v 0.433918 1.532165 0.556300
v 0.419957 1.541791 0.552230
vt 0.000000 0.000000
vt 1.000000 0.000000
vt 1.000000 1.000000
vt 0.000000 1.000000
f 2753/2753 2754/2754 2755/2755 2756/2756
usemtl dark
v 0.419957 1.541791 0.552230
v 0.433918 1.532165 0.556300
v 0.455945 1.559916 0.533920
v 0.446638 1.566333 0.531207
vt 0.000000 0.000000
vt 1.000000 0.000000
vt 1.000000 1.000000
vt 0.000000 1.000000
f 2757/2757 2758/2758 2759/2759 2760/2760
usemtl white
v 0.455945 1.559916 0.533920
v 0.466150 1.554784 0.536090
v 0.449224 1.524467 0.559554
v 0.433918 1.532165 0.556300
vt 0.000000 0.000000
vt 1.000000 0.000000
vt 1.000000 1.000000
vt 0.000000 1.000000
f 2761/2761 2762/2762 2763/2763 2764/2764
usemtl dark
v 0.433918 1.532165 0.556300
v 0.449224 1.524467 0.559554
v 0.466150 1.554784 0.536090
v 0.455945 1.559916 0.533920
vt 0.000000 0.000000
vt 1.000000 0.000000
vt 1.000000 1.000000
vt 0.000000 1.000000
f 2765/2765 2766/2766 2767/2767 2768/2768
usemtl white
v 0.466150 1.554784 0.536090
v 0.477043 1.551042 0.537672
v 0.465564 1.518854 0.561928
v 0.449224 1.524467 0.559554
vt 0.000000 0.000000
vt 1.000000 0.000000
vt 1.000000 1.000000
vt 0.000000 1.000000
f 2769/2769 2770/2770 2771/2771 2772/2772
usemtl dark
v 0.449224 1.524467 0.559554
v 0.465564 1.518854 0.561928
v 0.477043 1.551042 0.537672
v 0.466150 1.554784 0.536090
vt 0.000000 0.000000
vt 1.000000 0.000000
vt 1.000000 1.000000
vt 0.000000 1.000000
f 2773/2773 2774/2774 2775/2775 2776/2776
usemtl white
v 0.477043 1.551042 0.537672
v 0.488403 1.548766 0.538635
v 0.482605 1.515440 0.563371
v 0.465564 1.518854 0.561928
vt 0.000000 0.000000
vt 1.000000 0.000000
vt 1.000000 1.000000
vt 0.000000 1.000000
f 2777/2777 2778/2778 2779/2779 2780/2780
usemtl dark
v 0.465564 1.518854 0.561928
v 0.482605 1.515440 0.563371
v 0.488403 1.548766 0.538635
v 0.477043 1.551042 0.537672
vt 0.000000 0.000000
vt 1.000000 0.000000
vt 1.000000 1.000000
vt 0.000000 1.000000
f 2781/2781 2782/2782 2783/2783 2784/2784
usemtl white
v 0.488403 1.548766 0.538635
v 0.500000 1.548002 0.538958
v 0.500000 1.514294 0.563856
v 0.482605 1.515440 0.563371
vt 0.000000 0.000000
vt 1.000000 0.000000
vt 1.000000 1.000000
vt 0.000000 1.000000
f 2785/2785 2786/2786 2787/2787 2788/2788
usemtl dark
v 0.482605 1.515440 0.563371
v 0.500000 1.514294 0.563856
v 0.500000 1.548002 0.538958
v 0.488403 1.548766 0.538635
vt 0.000000 0.000000
vt 1.000000 0.000000
vt 1.000000 1.000000
vt 0.000000 1.000000
f 2789/2789 2790/2790 2791/2791 2792/2792
usemtl white
v 0.500000 1.548002 0.538958
v 0.511597 1.548766 0.538635
v 0.517395 1.515440 0.563371
v 0.500000 1.514294 0.563856
vt 0.000000 0.000000
vt 1.000000 0.000000
vt 1.000000 1.000000
vt 0.000000 1.000000
f 2793/2793 2794/2794 2795/2795 2796/2796
usemtl dark
v 0.500000 1.514294 0.563856
v 0.517395 1.515440 0.563371
v 0.511597 1.548766 0.538635
v 0.500000 1.548002 0.538958
vt 0.000000 0.000000
vt 1.000000 0.000000
vt 1.000000 1.000000
vt 0.000000 1.000000
f 2797/2797 2798/2798 2799/2799 2800/2800
usemtl white
v 0.511597 1.548766 0.538635
v 0.522957 1.551042 0.537672
v 0.534436 1.518854 0.561928
v 0.517395 1.515440 0.563371
vt 0.000000 0.000000
vt 1.000000 0.000000
vt 1.000000 1.000000
vt 0.000000 1.000000
f 2801/2801 2802/2802 2803/2803 2804/2804
usemtl dark
v 0.517395 1.515440 0.563371
v 0.534436 1.518854 0.561928
v 0.522957 1.551042 0.537672
v 0.511597 1.548766 0.538635
vt 0.000000 0.000000
vt 1.000000 0.000000
vt 1.000000 1.000000
vt 0.000000 1.000000
f 2805/2805 2806/2806 2807/2807 2808/2808
usemtl white
v 0.522957 1.551042 0.537672
v 0.533850 1.554784 0.536090
v 0.550776 1.524467 0.559554
v 0.534436 1.518854 0.561928
vt 0.000000 0.000000
vt 1.000000 0.000000
vt 1.000000 1.000000
vt 0.000000 1.000000
f 2809/2809 2810/2810 2811/2811 2812/2812
usemtl dark
v 0.534436 1.518854 0.561928
v 0.550776 1.524467 0.559554
v 0.533850 1.554784 0.536090
v 0.522957 1.551042 0.537672
vt 0.000000 0.000000
vt 1.000000 0.000000
vt 1.000000 1.000000
vt 0.000000 1.000000
f 2813/2813 2814/2814 2815/2815 2816/2816
usemtl white
v 0.533850 1.554784 0.536090
v 0.544055 1.559916 0.533920
v 0.566082 1.532165 0.556300
v 0.550776 1.524467 0.559554
vt 0.000000 0.000000
vt 1.000000 0.000000
vt 1.000000 1.000000
vt 0.000000 1.000000
f 2817/2817 2818/2818 2819/2819 2820/2820
usemtl dark
v 0.550776 1.524467 0.559554
v 0.566082 1.532165 0.556300
v 0.544055 1.559916 0.533920
v 0.533850 1.554784 0.536090
vt 0.000000 0.000000
vt 1.000000 0.000000
vt 1.000000 1.000000
vt 0.000000 1.000000
f 2821/2821 2822/2822 2823/2823 2824/2824
usemtl white
v 0.544055 1.559916 0.533920
v 0.553362 1.566333 0.531207
v 0.580043 1.541791 0.552230
v 0.566082 1.532165 0.556300
vt 0.000000 0.000000
vt 1.000000 0.000000
vt 1.000000 1.000000
vt 0.000000 1.000000
f 2825/2825 2826/2826 2827/2827 2828/2828
usemtl dark
v 0.566082 1.532165 0.556300
v 0.580043 1.541791 0.552230
v 0.553362 1.566333 0.531207
v 0.544055 1.559916 0.533920
vt 0.000000 0.000000
vt 1.000000 0.000000
vt 1.000000 1.000000
vt 0.000000 1.000000
f 2829/2829 2830/2830 2831/2831 2832/2832
usemtl white
v 0.553362 1.566333 0.531207
v 0.561583 1.573905 0.528006
v 0.592374 1.553149 0.547428
v 0.580043 1.541791 0.552230
vt 0.000000 0.000000
vt 1.000000 0.000000
vt 1.000000 1.000000
vt 0.000000 1.000000
f 2833/2833 2834/2834 2835/2835 2836/2836
usemtl dark
v 0.580043 1.541791 0.552230
v 0.592374 1.553149 0.547428
v 0.561583 1.573905 0.528006
v 0.553362 1.566333 0.531207
vt 0.000000 0.000000
vt 1.000000 0.000000
vt 1.000000 1.000000
vt 0.000000 1.000000
f 2837/2837 2838/2838 2839/2839 2840/2840
usemtl white
v 0.561583 1.573905 0.528006
v 0.568550 1.582478 0.524381
v 0.602825 1.566008 0.541991
v 0.592374 1.553149 0.547428
vt 0.000000 0.000000
vt 1.000000 0.000000
vt 1.000000 1.000000
vt 0.000000 1.000000
f 2841/2841 2842/2842 2843/2843 2844/2844
usemtl dark
v 0.592374 1.553149 0.547428
v 0.602825 1.566008 0.541991
v 0.568550 1.582478 0.524381
v 0.561583 1.573905 0.528006
vt 0.000000 0.000000
vt 1.000000 0.000000
vt 1.000000 1.000000
vt 0.000000 1.000000
f 2845/2845 2846/2846 2847/2847 2848/2848
usemtl white
v 0.568550 1.582478 0.524381
v 0.574122 1.591877 0.520408
v 0.611183 1.580106 0.536031
v 0.602825 1.566008 0.541991
vt 0.000000 0.000000
vt 1.000000 0.000000
vt 1.000000 1.000000
vt 0.000000 1.000000
f 2849/2849 2850/2850 2851/2851 2852/2852
usemtl dark
v 0.602825 1.566008 0.541991
v 0.611183 1.580106 0.536031
v 0.574122 1.591877 0.520408
v 0.568550 1.582478 0.524381
vt 0.000000 0.000000
vt 1.000000 0.000000
vt 1.000000 1.000000
vt 0.000000 1.000000
f 2853/2853 2854/2854 2855/2855 2856/2856
usemtl white
v 0.574122 1.591877 0.520408
v 0.578185 1.601910 0.516166
v 0.617277 1.595156 0.529668
v 0.611183 1.580106 0.536031
vt 0.000000 0.000000
vt 1.000000 0.000000
vt 1.000000 1.000000
vt 0.000000 1.000000
f 2857/2857 2858/2858 2859/2859 2860/2860
usemtl dark
v 0.611183 1.580106 0.536031
v 0.617277 1.595156 0.529668
v 0.578185 1.601910 0.516166
v 0.574122 1.591877 0.520408
vt 0.000000 0.000000
vt 1.000000 0.000000
vt 1.000000 1.000000
vt 0.000000 1.000000
f 2861/2861 2862/2862 2863/2863 2864/2864
usemtl white
v 0.578185 1.601910 0.516166
v 0.580656 1.612374 0.511742
v 0.620984 1.610852 0.523032
v 0.617277 1.595156 0.529668
vt 0.000000 0.000000
vt 1.000000 0.000000
vt 1.000000 1.000000
vt 0.000000 1.000000
f 2865/2865 2866/2866 2867/2867 2868/2868
usemtl dark
v 0.617277 1.595156 0.529668
v 0.620984 1.610852 0.523032
v 0.580656 1.612374 0.511742
v 0.578185 1.601910 0.516166
vt 0.000000 0.000000
vt 1.000000 0.000000
vt 1.000000 1.000000
vt 0.000000 1.000000
f 2869/2869 2870/2870 2871/2871 2872/2872
usemtl white
v 0.580656 1.612374 0.511742
v 0.581486 1.623055 0.507226
v 0.622229 1.626874 0.516258
v 0.620984 1.610852 0.523032
vt 0.000000 0.000000
vt 1.000000 0.000000
vt 1.000000 1.000000
vt 0.000000 1.000000
f 2873/2873 2874/2874 2875/2875 2876/2876
usemtl dark
v 0.620984 1.610852 0.523032
v 0.622229 1.626874 0.516258
v 0.581486 1.623055 0.507226
v 0.580656 1.612374 0.511742
vt 0.000000 0.000000
vt 1.000000 0.000000
vt 1.000000 1.000000
vt 0.000000 1.000000
f 2877/2877 2878/2878 2879/2879 2880/2880
usemtl white
v 0.622229 1.626874 0.516258
v 0.620984 1.642895 0.509484
v 0.661313 1.653582 0.519871
v 0.662971 1.632220 0.528903
vt 0.000000 0.000000
vt 1.000000 0.000000
vt 1.000000 1.000000
vt 0.000000 1.000000
f 2881/2881 2882/2882 2883/2883 2884/2884
usemtl dark
v 0.662971 1.632220 0.528903
v 0.661313 1.653582 0.519871
v 0.620984 1.642895 0.509484
v 0.622229 1.626874 0.516258
vt 0.000000 0.000000
vt 1.000000 0.000000
vt 1.000000 1.000000
vt 0.000000 1.000000
f 2885/2885 2886/2886 2887/2887 2888/2888
usemtl white
v 0.620984 1.642895 0.509484
v 0.617277 1.658591 0.502848
v 0.656370 1.674510 0.511023
v 0.661313 1.653582 0.519871
vt 0.000000 0.000000
vt 1.000000 0.000000
vt 1.000000 1.000000
vt 0.000000 1.000000
f 2889/2889 2890/2890 2891/2891 2892/2892
usemtl dark
v 0.661313 1.653582 0.519871
v 0.656370 1.674510 0.511023
v 0.617277 1.658591 0.502848
v 0.620984 1.642895 0.509484
vt 0.000000 0.000000
vt 1.000000 0.000000
vt 1.000000 1.000000
vt 0.000000 1.000000
f 2893/2893 2894/2894 2895/2895 2896/2896
usemtl white
v 0.617277 1.658591 0.502848
v 0.611183 1.673641 0.496485
v 0.648244 1.694576 0.502539
v 0.656370 1.674510 0.511023
vt 0.000000 0.000000
vt 1.000000 0.000000
vt 1.000000 1.000000
vt 0.000000 1.000000
f 2897/2897 2898/2898 2899/2899 2900/2900
usemtl dark
v 0.656370 1.674510 0.511023
v 0.648244 1.694576 0.502539
v 0.611183 1.673641 0.496485
v 0.617277 1.658591 0.502848
vt 0.000000 0.000000
vt 1.000000 0.000000
vt 1.000000 1.000000
vt 0.000000 1.000000
f 2901/2901 2902/2902 2903/2903 2904/2904
usemtl white
v 0.611183 1.673641 0.496485
v 0.602825 1.687739 0.490524
v 0.637100 1.713374 0.494591
v 0.648244 1.694576 0.502539
vt 0.000000 0.000000
vt 1.000000 0.000000
vt 1.000000 1.000000
vt 0.000000 1.000000
f 2905/2905 2906/2906 2907/2907 2908/2908
usemtl dark
v 0.648244 1.694576 0.502539
v 0.637100 1.713374 0.494591
v 0.602825 1.687739 0.490524
v 0.611183 1.673641 0.496485
vt 0.000000 0.000000
vt 1.000000 0.000000
vt 1.000000 1.000000
vt 0.000000 1.000000
f 2909/2909 2910/2910 2911/2911 2912/2912
usemtl white
v 0.602825 1.687739 0.490524
v 0.592374 1.700598 0.485088
v 0.623166 1.730519 0.487342
v 0.637100 1.713374 0.494591
vt 0.000000 0.000000
vt 1.000000 0.000000
vt 1.000000 1.000000
vt 0.000000 1.000000
f 2913/2913 2914/2914 2915/2915 2916/2916
usemtl dark
v 0.637100 1.713374 0.494591
v 0.623166 1.730519 0.487342
v 0.592374 1.700598 0.485088
v 0.602825 1.687739 0.490524
vt 0.000000 0.000000
vt 1.000000 0.000000
vt 1.000000 1.000000
vt 0.000000 1.000000
f 2917/2917 2918/2918 2919/2919 2920/2920
usemtl white
v 0.592374 1.700598 0.485088
v 0.580043 1.711956 0.480285
v 0.606724 1.745663 0.480940
v 0.623166 1.730519 0.487342
vt 0.000000 0.000000
vt 1.000000 0.000000
vt 1.000000 1.000000
vt 0.000000 1.000000
f 2921/2921 2922/2922 2923/2923 2924/2924
usemtl dark
v 0.623166 1.730519 0.487342
v 0.606724 1.745663 0.480940
v 0.580043 1.711956 0.480285
v 0.592374 1.700598 0.485088
vt 0.000000 0.000000
vt 1.000000 0.000000
vt 1.000000 1.000000
vt 0.000000 1.000000
f 2925/2925 2926/2926 2927/2927 2928/2928
usemtl white
v 0.580043 1.711956 0.480285
v 0.566082 1.721582 0.476216
v 0.588109 1.758498 0.475513
v 0.606724 1.745663 0.480940
vt 0.000000 0.000000
vt 1.000000 0.000000
vt 1.000000 1.000000
vt 0.000000 1.000000
f 2929/2929 2930/2930 2931/2931 2932/2932
usemtl dark
v 0.606724 1.745663 0.480940
v 0.588109 1.758498 0.475513
v 0.566082 1.721582 0.476216
v 0.580043 1.711956 0.480285
vt 0.000000 0.000000
vt 1.000000 0.000000
vt 1.000000 1.000000
vt 0.000000 1.000000
f 2933/2933 2934/2934 2935/2935 2936/2936
usemtl white
v 0.566082 1.721582 0.476216
v 0.550776 1.729280 0.472961
v 0.567701 1.768762 0.471174
v 0.588109 1.758498 0.475513
vt 0.000000 0.000000
vt 1.000000 0.000000
vt 1.000000 1.000000
vt 0.000000 1.000000
f 2937/2937 2938/2938 2939/2939 2940/2940
usemtl dark
v 0.588109 1.758498 0.475513
v 0.567701 1.768762 0.471174
v 0.550776 1.729280 0.472961
v 0.566082 1.721582 0.476216
vt 0.000000 0.000000
vt 1.000000 0.000000
vt 1.000000 1.000000
vt 0.000000 1.000000
f 2941/2941 2942/2942 2943/2943 2944/2944
usemtl white
v 0.550776 1.729280 0.472961
v 0.534436 1.734893 0.470588
v 0.545914 1.776246 0.468009
v 0.567701 1.768762 0.471174
vt 0.000000 0.000000
vt 1.000000 0.000000
vt 1.000000 1.000000
vt 0.000000 1.000000
f 2945/2945 2946/2946 2947/2947 2948/2948
usemtl dark
v 0.567701 1.768762 0.471174
v 0.545914 1.776246 0.468009
v 0.534436 1.734893 0.470588
v 0.550776 1.729280 0.472961
vt 0.000000 0.000000
vt 1.000000 0.000000
vt 1.000000 1.000000
vt 0.000000 1.000000
f 2949/2949 2950/2950 2951/2951 2952/2952
usemtl white
v 0.534436 1.734893 0.470588
v 0.517395 1.738308 0.469144
v 0.523193 1.780799 0.466084
v 0.545914 1.776246 0.468009
vt 0.000000 0.000000
vt 1.000000 0.000000
vt 1.000000 1.000000
vt 0.000000 1.000000
f 2953/2953 2954/2954 2955/2955 2956/2956
usemtl dark
v 0.545914 1.776246 0.468009
v 0.523193 1.780799 0.466084
v 0.517395 1.738308 0.469144
v 0.534436 1.734893 0.470588
vt 0.000000 0.000000
vt 1.000000 0.000000
vt 1.000000 1.000000
vt 0.000000 1.000000
f 2957/2957 2958/2958 2959/2959 2960/2960
usemtl white
v 0.517395 1.738308 0.469144
v 0.500000 1.739454 0.468660
v 0.500000 1.782326 0.465438
v 0.523193 1.780799 0.466084
vt 0.000000 0.000000
vt 1.000000 0.000000
vt 1.000000 1.000000
vt 0.000000 1.000000
f 2961/2961 2962/2962 2963/2963 2964/2964
usemtl dark
v 0.523193 1.780799 0.466084
v 0.500000 1.782326 0.465438
v 0.500000 1.739454 0.468660
v 0.517395 1.738308 0.469144
vt 0.000000 0.000000
vt 1.000000 0.000000
vt 1.000000 1.000000
vt 0.000000 1.000000
f 2965/2965 2966/2966 2967/2967 2968/2968
usemtl white
v 0.500000 1.739454 0.468660
v 0.482605 1.738308 0.469144
v 0.476807 1.780799 0.466084
v 0.500000 1.782326 0.465438
vt 0.000000 0.000000
vt 1.000000 0.000000
vt 1.000000 1.000000
vt 0.000000 1.000000
f 2969/2969 2970/2970 2971/2971 2972/2972
usemtl dark
v 0.500000 1.782326 0.465438
v 0.476807 1.780799 0.466084
v 0.482605 1.738308 0.469144
v 0.500000 1.739454 0.468660
vt 0.000000 0.000000
vt 1.000000 0.000000
vt 1.000000 1.000000
vt 0.000000 1.000000
f 2973/2973 2974/2974 2975/2975 2976/2976
usemtl white
v 0.482605 1.738308 0.469144
v 0.465564 1.734893 0.470588
v 0.454086 1.776246 0.468009
v 0.476807 1.780799 0.466084
vt 0.000000 0.000000
vt 1.000000 0.000000
vt 1.000000 1.000000
vt 0.000000 1.000000
f 2977/2977 2978/2978 2979/2979 2980/2980
usemtl dark
v 0.476807 1.780799 0.466084
v 0.454086 1.776246 0.468009
v 0.465564 1.734893 0.470588
v 0.482605 1.738308 0.469144
vt 0.000000 0.000000
vt 1.000000 0.000000
vt 1.000000 1.000000
vt 0.000000 1.000000
f 2981/2981 2982/2982 2983/2983 2984/2984
usemtl white
v 0.465564 1.734893 0.470588
v 0.449224 1.729280 0.472961
v 0.432299 1.768762 0.471174
v 0.454086 1.776246 0.468009
vt 0.000000 0.000000
vt 1.000000 0.000000
vt 1.000000 1.000000
vt 0.000000 1.000000
f 2985/2985 2986/2986 2987/2987 2988/2988
usemtl dark
v 0.454086 1.776246 0.468009
v 0.432299 1.768762 0.471174
v 0.449224 1.729280 0.472961
v 0.465564 1.734893 0.470588
vt 0.000000 0.000000
vt 1.000000 0.000000
vt 1.000000 1.000000
vt 0.000000 1.000000
f 2989/2989 2990/2990 2991/2991 2992/2992
usemtl white
v 0.449224 1.729280 0.472961
v 0.433918 1.721582 0.476216
v 0.411891 1.758498 0.475513
v 0.432299 1.768762 0.471174
vt 0.000000 0.000000
vt 1.000000 0.000000
vt 1.000000 1.000000
vt 0.000000 1.000000
f 2993/2993 2994/2994 2995/2995 2996/2996
usemtl dark
v 0.432299 1.768762 0.471174
v 0.411891 1.758498 0.475513
v 0.433918 1.721582 0.476216
v 0.449224 1.729280 0.472961
vt 0.000000 0.000000
vt 1.000000 0.000000
vt 1.000000 1.000000
vt 0.000000 1.000000
f 2997/2997 2998/2998 2999/2999 3000/3000
usemtl white
v 0.433918 1.721582 0.476216
v 0.419957 1.711956 0.480285
v 0.393276 1.745663 0.480940
v 0.411891 1.758498 0.475513
vt 0.000000 0.000000
vt 1.000000 0.000000
vt 1.000000 1.000000
vt 0.000000 1.000000
f 3001/3001 3002/3002 3003/3003 3004/3004
usemtl dark
v 0.411891 1.758498 0.475513
v 0.393276 1.745663 0.480940
v 0.419957 1.711956 0.480285
v 0.433918 1.721582 0.476216
vt 0.000000 0.000000
vt 1.000000 0.000000
vt 1.000000 1.000000
vt 0.000000 1.000000
f 3005/3005 3006/3006 3007/3007 3008/3008
usemtl white
v 0.419957 1.711956 0.480285
v 0.407626 1.700598 0.485088
v 0.376834 1.730519 0.487342
v 0.393276 1.745663 0.480940
vt 0.000000 0.000000
vt 1.000000 0.000000
vt 1.000000 1.000000
vt 0.000000 1.000000
f 3009/3009 3010/3010 3011/3011 3012/3012
usemtl dark
v 0.393276 1.745663 0.480940
v 0.376834 1.730519 0.487342
v 0.407626 1.700598 0.485088
v 0.419957 1.711956 0.480285
vt 0.000000 0.000000
vt 1.000000 0.000000
vt 1.000000 1.000000
vt 0.000000 1.000000
f 3013/3013 3014/3014 3015/3015 3016/3016
usemtl white
v 0.407626 1.700598 0.485088
v 0.397175 1.687739 0.490524
v 0.362900 1.713374 0.494591
v 0.376834 1.730519 0.487342
vt 0.000000 0.000000
vt 1.000000 0.000000
vt 1.000000 1.000000
vt 0.000000 1.000000
f 3017/3017 3018/3018 3019/3019 3020/3020
usemtl dark
v 0.376834 1.730519 0.487342
v 0.362900 1.713374 0.494591
v 0.397175 1.687739 0.490524
v 0.407626 1.700598 0.485088
vt 0.000000 0.000000
vt 1.000000 0.000000
vt 1.000000 1.000000
vt 0.000000 1.000000
f 3021/3021 3022/3022 3023/3023 3024/3024
usemtl white
v 0.397175 1.687739 0.490524
v 0.388817 1.673641 0.496485
v 0.351756 1.694576 0.502539
v 0.362900 1.713374 0.494591
vt 0.000000 0.000000
vt 1.000000 0.000000
vt 1.000000 1.000000
vt 0.000000 1.000000
f 3025/3025 3026/3026 3027/3027 3028/3028
usemtl dark
v 0.362900 1.713374 0.494591
v 0.351756 1.694576 0.502539
v 0.388817 1.673641 0.496485
v 0.397175 1.687739 0.490524
vt 0.000000 0.000000
vt 1.000000 0.000000
vt 1.000000 1.000000
vt 0.000000 1.000000
f 3029/3029 3030/3030 3031/3031 3032/3032
usemtl white
v 0.388817 1.673641 0.496485
v 0.382723 1.658591 0.502848
v 0.343630 1.674510 0.511023
v 0.351756 1.694576 0.502539
vt 0.000000 0.000000
vt 1.000000 0.000000
vt 1.000000 1.000000
vt 0.000000 1.000000
f 3033/3033 3034/3034 3035/3035 3036/3036
usemtl dark
v 0.351756 1.694576 0.502539
v 0.343630 1.674510 0.511023
v 0.382723 1.658591 0.502848
v 0.388817 1.673641 0.496485
vt 0.000000 0.000000
vt 1.000000 0.000000
vt 1.000000 1.000000
vt 0.000000 1.000000
f 3037/3037 3038/3038 3039/3039 3040/3040
usemtl white
v 0.382723 1.658591 0.502848
v 0.379016 1.642895 0.509484
v 0.338687 1.653582 0.519871
v 0.343630 1.674510 0.511023
vt 0.000000 0.000000
vt 1.000000 0.000000
vt 1.000000 1.000000
vt 0.000000 1.000000
f 3041/3041 3042/3042 3043/3043 3044/3044
usemtl dark
v 0.343630 1.674510 0.511023
v 0.338687 1.653582 0.519871
v 0.379016 1.642895 0.509484
v 0.382723 1.658591 0.502848
vt 0.000000 0.000000
vt 1.000000 0.000000
vt 1.000000 1.000000
vt 0.000000 1.000000
f 3045/3045 3046/3046 3047/3047 3048/3048
usemtl white
v 0.379016 1.642895 0.509484
v 0.377771 1.626874 0.516258
v 0.337029 1.632220 0.528903
v 0.338687 1.653582 0.519871
vt 0.000000 0.000000
vt 1.000000 0.000000
vt 1.000000 1.000000
vt 0.000000 1.000000
f 3049/3049 3050/3050 3051/3051 3052/3052
usemtl dark
v 0.338687 1.653582 0.519871
v 0.337029 1.632220 0.528903
v 0.377771 1.626874 0.516258
v 0.379016 1.642895 0.509484
vt 0.000000 0.000000
vt 1.000000 0.000000
vt 1.000000 1.000000
vt 0.000000 1.000000
f 3053/3053 3054/3054 3055/3055 3056/3056
usemtl white
v 0.377771 1.626874 0.516258
v 0.379016 1.610852 0.523032
v 0.338687 1.610857 0.537934
v 0.337029 1.632220 0.528903
vt 0.000000 0.000000
vt 1.000000 0.000000
vt 1.000000 1.000000
vt 0.000000 1.000000
f 3057/3057 3058/3058 3059/3059 3060/3060
usemtl dark
v 0.337029 1.632220 0.528903
v 0.338687 1.610857 0.537934
v 0.379016 1.610852 0.523032
v 0.377771 1.626874 0.516258
vt 0.000000 0.000000
vt 1.000000 0.000000
vt 1.000000 1.000000
vt 0.000000 1.000000
f 3061/3061 3062/3062 3063/3063 3064/3064
usemtl white
v 0.379016 1.610852 0.523032
v 0.382723 1.595156 0.529668
v 0.343630 1.589930 0.546782
v 0.338687 1.610857 0.537934
vt 0.000000 0.000000
vt 1.000000 0.000000
vt 1.000000 1.000000
vt 0.000000 1.000000
f 3065/3065 3066/3066 3067/3067 3068/3068
usemtl dark
v 0.338687 1.610857 0.537934
v 0.343630 1.589930 0.546782
v 0.382723 1.595156 0.529668
v 0.379016 1.610852 0.523032
vt 0.000000 0.000000
vt 1.000000 0.000000
vt 1.000000 1.000000
vt 0.000000 1.000000
f 3069/3069 3070/3070 3071/3071 3072/3072
usemtl white
v 0.382723 1.595156 0.529668
v 0.388817 1.580106 0.536031
v 0.351756 1.569863 0.555266
v 0.343630 1.589930 0.546782
vt 0.000000 0.000000
vt 1.000000 0.000000
vt 1.000000 1.000000
vt 0.000000 1.000000
f 3073/3073 3074/3074 3075/3075 3076/3076
usemtl dark
v 0.343630 1.589930 0.546782
v 0.351756 1.569863 0.555266
v 0.388817 1.580106 0.536031
v 0.382723 1.595156 0.529668
vt 0.000000 0.000000
vt 1.000000 0.000000
vt 1.000000 1.000000
vt 0.000000 1.000000
f 3077/3077 3078/3078 3079/3079 3080/3080
usemtl white
v 0.388817 1.580106 0.536031
v 0.397175 1.566008 0.541991
v 0.362900 1.551066 0.563214
v 0.351756 1.569863 0.555266
vt 0.000000 0.000000
vt 1.000000 0.000000
vt 1.000000 1.000000
vt 0.000000 1.000000
f 3081/3081 3082/3082 3083/3083 3084/3084
usemtl dark
v 0.351756 1.569863 0.555266
v 0.362900 1.551066 0.563214
v 0.397175 1.566008 0.541991
v 0.388817 1.580106 0.536031
vt 0.000000 0.000000
vt 1.000000 0.000000
vt 1.000000 1.000000
vt 0.000000 1.000000
f 3085/3085 3086/3086 3087/3087 3088/3088
usemtl white
v 0.397175 1.566008 0.541991
v 0.407626 1.553149 0.547428
v 0.376834 1.533921 0.570463
v 0.362900 1.551066 0.563214
vt 0.000000 0.000000
vt 1.000000 0.000000
vt 1.000000 1.000000
vt 0.000000 1.000000
f 3089/3089 3090/3090 3091/3091 3092/3092
usemtl dark
v 0.362900 1.551066 0.563214
v 0.376834 1.533921 0.570463
v 0.407626 1.553149 0.547428
v 0.397175 1.566008 0.541991
vt 0.000000 0.000000
vt 1.000000 0.000000
vt 1.000000 1.000000
vt 0.000000 1.000000
f 3093/3093 3094/3094 3095/3095 3096/3096
usemtl white
v 0.407626 1.553149 0.547428
v 0.419957 1.541791 0.552230
v 0.393276 1.518777 0.576865
v 0.376834 1.533921 0.570463
vt 0.000000 0.000000
vt 1.000000 0.000000
vt 1.000000 1.000000
vt 0.000000 1.000000
f 3097/3097 3098/3098 3099/3099 3100/3100
usemtl dark
v 0.376834 1.533921 0.570463
v 0.393276 1.518777 0.576865
v 0.419957 1.541791 0.552230
v 0.407626 1.553149 0.547428
vt 0.000000 0.000000
vt 1.000000 0.000000
vt 1.000000 1.000000
vt 0.000000 1.000000
f 3101/3101 3102/3102 3103/3103 3104/3104
usemtl white
v 0.419957 1.541791 0.552230
v 0.433918 1.532165 0.556300
v 0.411891 1.505942 0.582292
v 0.393276 1.518777 0.576865
vt 0.000000 0.000000
vt 1.000000 0.000000
vt 1.000000 1.000000
vt 0.000000 1.000000
f 3105/3105 3106/3106 3107/3107 3108/3108
usemtl dark
v 0.393276 1.518777 0.576865
v 0.411891 1.505942 0.582292
v 0.433918 1.532165 0.556300
v 0.419957 1.541791 0.552230
vt 0.000000 0.000000
vt 1.000000 0.000000
vt 1.000000 1.000000
vt 0.000000 1.000000
f 3109/3109 3110/3110 3111/3111 3112/3112
usemtl white
v 0.433918 1.532165 0.556300
v 0.449224 1.524467 0.559554
v 0.432299 1.495678 0.586631
v 0.411891 1.505942 0.582292
vt 0.000000 0.000000
vt 1.000000 0.000000
vt 1.000000 1.000000
vt 0.000000 1.000000
f 3113/3113 3114/3114 3115/3115 3116/3116
usemtl dark
v 0.411891 1.505942 0.582292
v 0.432299 1.495678 0.586631
v 0.449224 1.524467 0.559554
v 0.433918 1.532165 0.556300
vt 0.000000 0.000000
vt 1.000000 0.000000
vt 1.000000 1.000000
vt 0.000000 1.000000
f 3117/3117 3118/3118 3119/3119 3120/3120
usemtl white
v 0.449224 1.524467 0.559554
v 0.465564 1.518854 0.561928
v 0.454086 1.488194 0.589796
v 0.432299 1.495678 0.586631
vt 0.000000 0.000000
vt 1.000000 0.000000
vt 1.000000 1.000000
vt 0.000000 1.000000
f 3121/3121 3122/3122 3123/3123 3124/3124
usemtl dark
v 0.432299 1.495678 0.586631
v 0.454086 1.488194 0.589796
v 0.465564 1.518854 0.561928
v 0.449224 1.524467 0.559554
vt 0.000000 0.000000
vt 1.000000 0.000000
vt 1.000000 1.000000
vt 0.000000 1.000000
f 3125/3125 3126/3126 3127/3127 3128/3128
usemtl white
v 0.465564 1.518854 0.561928
v 0.482605 1.515440 0.563371
v 0.476807 1.483641 0.591721
v 0.454086 1.488194 0.589796
vt 0.000000 0.000000
vt 1.000000 0.000000
vt 1.000000 1.000000
vt 0.000000 1.000000
f 3129/3129 3130/3130 3131/3131 3132/3132
usemtl dark
v 0.454086 1.488194 0.589796
v 0.476807 1.483641 0.591721
v 0.482605 1.515440 0.563371
v 0.465564 1.518854 0.561928
vt 0.000000 0.000000
vt 1.000000 0.000000
vt 1.000000 1.000000
vt 0.000000 1.000000
f 3133/3133 3134/3134 3135/3135 3136/3136
usemtl white
v 0.482605 1.515440 0.563371
v 0.500000 1.514294 0.563856
v 0.500000 1.482113 0.592367
v 0.476807 1.483641 0.591721
vt 0.000000 0.000000
vt 1.000000 0.000000
vt 1.000000 1.000000
vt 0.000000 1.000000
f 3137/3137 3138/3138 3139/3139 3140/3140
usemtl dark
v 0.476807 1.483641 0.591721
v 0.500000 1.482113 0.592367
v 0.500000 1.514294 0.563856
v 0.482605 1.515440 0.563371
vt 0.000000 0.000000
vt 1.000000 0.000000
vt 1.000000 1.000000
vt 0.000000 1.000000
f 3141/3141 3142/3142 3143/3143 3144/3144
usemtl white
v 0.500000 1.514294 0.563856
v 0.517395 1.515440 0.563371
v 0.523193 1.483641 0.591721
v 0.500000 1.482113 0.592367
vt 0.000000 0.000000
vt 1.000000 0.000000
vt 1.000000 1.000000
vt 0.000000 1.000000
f 3145/3145 3146/3146 3147/3147 3148/3148
usemtl dark
v 0.500000 1.482113 0.592367
v 0.523193 1.483641 0.591721
v 0.517395 1.515440 0.563371
v 0.500000 1.514294 0.563856
vt 0.000000 0.000000
vt 1.000000 0.000000
vt 1.000000 1.000000
vt 0.000000 1.000000
f 3149/3149 3150/3150 3151/3151 3152/3152
usemtl white
v 0.517395 1.515440 0.563371
v 0.534436 1.518854 0.561928
v 0.545914 1.488194 0.589796
v 0.523193 1.483641 0.591721
vt 0.000000 0.000000
vt 1.000000 0.000000
vt 1.000000 1.000000
vt 0.000000 1.000000
f 3153/3153 3154/3154 3155/3155 3156/3156
usemtl dark
v 0.523193 1.483641 0.591721
v 0.545914 1.488194 0.589796
v 0.534436 1.518854 0.561928
v 0.517395 1.515440 0.563371
vt 0.000000 0.000000
vt 1.000000 0.000000
vt 1.000000 1.000000
vt 0.000000 1.000000
f 3157/3157 3158/3158 3159/3159 3160/3160
usemtl white
v 0.534436 1.518854 0.561928
v 0.550776 1.524467 0.559554
v 0.567701 1.495678 0.586631
v 0.545914 1.488194 0.589796
vt 0.000000 0.000000
vt 1.000000 0.000000
vt 1.000000 1.000000
vt 0.000000 1.000000
f 3161/3161 3162/3162 3163/3163 3164/3164
usemtl dark
v 0.545914 1.488194 0.589796
v 0.567701 1.495678 0.586631
v 0.550776 1.524467 0.559554
v 0.534436 1.518854 0.561928
vt 0.000000 0.000000
vt 1.000000 0.000000
vt 1.000000 1.000000
vt 0.000000 1.000000
f 3165/3165 3166/3166 3167/3167 3168/3168
usemtl white
v 0.550776 1.524467 0.559554
v 0.566082 1.532165 0.556300
v 0.588109 1.505942 0.582292
v 0.567701 1.495678 0.586631
vt 0.000000 0.000000
vt 1.000000 0.000000
vt 1.000000 1.000000
vt 0.000000 1.000000
f 3169/3169 3170/3170 3171/3171 3172/3172
usemtl dark
v 0.567701 1.495678 0.586631
v 0.588109 1.505942 0.582292
v 0.566082 1.532165 0.556300
v 0.550776 1.524467 0.559554
vt 0.000000 0.000000
vt 1.000000 0.000000
vt 1.000000 1.000000
vt 0.000000 1.000000
f 3173/3173 3174/3174 3175/3175 3176/3176
usemtl white
v 0.566082 1.532165 0.556300
v 0.580043 1.541791 0.552230
v 0.606724 1.518777 0.576865
v 0.588109 1.505942 0.582292
vt 0.000000 0.000000
vt 1.000000 0.000000
vt 1.000000 1.000000
vt 0.000000 1.000000
f 3177/3177 3178/3178 3179/3179 3180/3180
usemtl dark
v 0.588109 1.505942 0.582292
v 0.606724 1.518777 0.576865
v 0.580043 1.541791 0.552230
v 0.566082 1.532165 0.556300
vt 0.000000 0.000000
vt 1.000000 0.000000
vt 1.000000 1.000000
vt 0.000000 1.000000
f 3181/3181 3182/3182 3183/3183 3184/3184
usemtl white
v 0.580043 1.541791 0.552230
v 0.592374 1.553149 0.547428
v 0.623166 1.533921 0.570463
v 0.606724 1.518777 0.576865
vt 0.000000 0.000000
vt 1.000000 0.000000
vt 1.000000 1.000000
vt 0.000000 1.000000
f 3185/3185 3186/3186 3187/3187 3188/3188
usemtl dark
v 0.606724 1.518777 0.576865
v 0.623166 1.533921 0.570463
v 0.592374 1.553149 0.547428
v 0.580043 1.541791 0.552230
vt 0.000000 0.000000
vt 1.000000 0.000000
vt 1.000000 1.000000
vt 0.000000 1.000000
f 3189/3189 3190/3190 3191/3191 3192/3192
usemtl white
v 0.592374 1.553149 0.547428
v 0.602825 1.566008 0.541991
v 0.637100 1.551066 0.563214
v 0.623166 1.533921 0.570463
vt 0.000000 0.000000
vt 1.000000 0.000000
vt 1.000000 1.000000
vt 0.000000 1.000000
f 3193/3193 3194/3194 3195/3195 3196/3196
usemtl dark
v 0.623166 1.533921 0.570463
v 0.637100 1.551066 0.563214
v 0.602825 1.566008 0.541991
v 0.592374 1.553149 0.547428
vt 0.000000 0.000000
vt 1.000000 0.000000
vt 1.000000 1.000000
vt 0.000000 1.000000
f 3197/3197 3198/3198 3199/3199 3200/3200
usemtl white
v 0.602825 1.566008 0.541991
v 0.611183 1.580106 0.536031
v 0.648244 1.569863 0.555266
v 0.637100 1.551066 0.563214
vt 0.000000 0.000000
vt 1.000000 0.000000
vt 1.000000 1.000000
vt 0.000000 1.000000
f 3201/3201 3202/3202 3203/3203 3204/3204
usemtl dark
v 0.637100 1.551066 0.563214
v 0.648244 1.569863 0.555266
v 0.611183 1.580106 0.536031
v 0.602825 1.566008 0.541991
vt 0.000000 0.000000
vt 1.000000 0.000000
vt 1.000000 1.000000
vt 0.000000 1.000000
f 3205/3205 3206/3206 3207/3207 3208/3208
usemtl white
v 0.611183 1.580106 0.536031
v 0.617277 1.595156 0.529668
v 0.656370 1.589930 0.546782
v 0.648244 1.569863 0.555266
vt 0.000000 0.000000
vt 1.000000 0.000000
vt 1.000000 1.000000
vt 0.000000 1.000000
f 3209/3209 3210/3210 3211/3211 3212/3212
usemtl dark
v 0.648244 1.569863 0.555266
v 0.656370 1.589930 0.546782
v 0.617277 1.595156 0.529668
v 0.611183 1.580106 0.536031
vt 0.000000 0.000000
vt 1.000000 0.000000
vt 1.000000 1.000000
vt 0.000000 1.000000
f 3213/3213 3214/3214 3215/3215 3216/3216
usemtl white
v 0.617277 1.595156 0.529668
v 0.620984 1.610852 0.523032
v 0.661313 1.610857 0.537934
v 0.656370 1.589930 0.546782
vt 0.000000 0.000000
vt 1.000000 0.000000
vt 1.000000 1.000000
vt 0.000000 1.000000
f 3217/3217 3218/3218 3219/3219 3220/3220
usemtl dark
v 0.656370 1.589930 0.546782
v 0.661313 1.610857 0.537934
v 0.620984 1.610852 0.523032
v 0.617277 1.595156 0.529668
vt 0.000000 0.000000
vt 1.000000 0.000000
vt 1.000000 1.000000
vt 0.000000 1.000000
f 3221/3221 3222/3222 3223/3223 3224/3224
usemtl white
v 0.620984 1.610852 0.523032
v 0.622229 1.626874 0.516258
v 0.662971 1.632220 0.528903
v 0.661313 1.610857 0.537934
vt 0.000000 0.000000
vt 1.000000 0.000000
vt 1.000000 1.000000
vt 0.000000 1.000000
f 3225/3225 3226/3226 3227/3227 3228/3228
usemtl dark
v 0.661313 1.610857 0.537934
v 0.662971 1.632220 0.528903
v 0.622229 1.626874 0.516258
v 0.620984 1.610852 0.523032
vt 0.000000 0.000000
vt 1.000000 0.000000
vt 1.000000 1.000000
vt 0.000000 1.000000
f 3229/3229 3230/3230 3231/3231 3232/3232
usemtl white
v 0.662971 1.632220 0.528903
v 0.661313 1.653582 0.519871
v 0.701641 1.665796 0.533870
v 0.703714 1.639093 0.545160
vt 0.000000 0.000000
vt 1.000000 0.000000
vt 1.000000 1.000000
vt 0.000000 1.000000
f 3233/3233 3234/3234 3235/3235 3236/3236
usemtl dark
v 0.703714 1.639093 0.545160
v 0.701641 1.665796 0.533870
v 0.661313 1.653582 0.519871
v 0.662971 1.632220 0.528903
vt 0.000000 0.000000
vt 1.000000 0.000000
vt 1.000000 1.000000
vt 0.000000 1.000000
f 3237/3237 3238/3238 3239/3239 3240/3240
usemtl white
v 0.661313 1.653582 0.519871
v 0.656370 1.674510 0.511023
v 0.695462 1.691956 0.522810
v 0.701641 1.665796 0.533870
vt 0.000000 0.000000
vt 1.000000 0.000000
vt 1.000000 1.000000
vt 0.000000 1.000000
f 3241/3241 3242/3242 3243/3243 3244/3244
usemtl dark
v 0.701641 1.665796 0.533870
v 0.695462 1.691956 0.522810
v 0.656370 1.674510 0.511023
v 0.661313 1.653582 0.519871
vt 0.000000 0.000000
vt 1.000000 0.000000
vt 1.000000 1.000000
vt 0.000000 1.000000
f 3245/3245 3246/3246 3247/3247 3248/3248
usemtl white
v 0.656370 1.674510 0.511023
v 0.648244 1.694576 0.502539
v 0.685305 1.717039 0.512205
v 0.695462 1.691956 0.522810
vt 0.000000 0.000000
vt 1.000000 0.000000
vt 1.000000 1.000000
vt 0.000000 1.000000
f 3249/3249 3250/3250 3251/3251 3252/3252
usemtl dark
v 0.695462 1.691956 0.522810
v 0.685305 1.717039 0.512205
v 0.648244 1.694576 0.502539
v 0.656370 1.674510 0.511023
vt 0.000000 0.000000
vt 1.000000 0.000000
vt 1.000000 1.000000
vt 0.000000 1.000000
f 3253/3253 3254/3254 3255/3255 3256/3256
usemtl white
v 0.648244 1.694576 0.502539
v 0.637100 1.713374 0.494591
v 0.671375 1.740536 0.502271
v 0.685305 1.717039 0.512205
vt 0.000000 0.000000
vt 1.000000 0.000000
vt 1.000000 1.000000
vt 0.000000 1.000000
f 3257/3257 3258/3258 3259/3259 3260/3260
usemtl dark
v 0.685305 1.717039 0.512205
v 0.671375 1.740536 0.502271
v 0.637100 1.713374 0.494591
v 0.648244 1.694576 0.502539
vt 0.000000 0.000000
vt 1.000000 0.000000
vt 1.000000 1.000000
vt 0.000000 1.000000
f 3261/3261 3262/3262 3263/3263 3264/3264
usemtl white
v 0.637100 1.713374 0.494591
v 0.623166 1.730519 0.487342
v 0.653957 1.761967 0.493210
v 0.671375 1.740536 0.502271
vt 0.000000 0.000000
vt 1.000000 0.000000
vt 1.000000 1.000000
vt 0.000000 1.000000
f 3265/3265 3266/3266 3267/3267 3268/3268
usemtl dark
v 0.671375 1.740536 0.502271
v 0.653957 1.761967 0.493210
v 0.623166 1.730519 0.487342
v 0.637100 1.713374 0.494591
vt 0.000000 0.000000
vt 1.000000 0.000000
vt 1.000000 1.000000
vt 0.000000 1.000000
f 3269/3269 3270/3270 3271/3271 3272/3272
usemtl white
v 0.623166 1.730519 0.487342
v 0.606724 1.745663 0.480940
v 0.633404 1.780897 0.485207
v 0.653957 1.761967 0.493210
vt 0.000000 0.000000
vt 1.000000 0.000000
vt 1.000000 1.000000
vt 0.000000 1.000000
f 3273/3273 3274/3274 3275/3275 3276/3276
usemtl dark
v 0.653957 1.761967 0.493210
v 0.633404 1.780897 0.485207
v 0.606724 1.745663 0.480940
v 0.623166 1.730519 0.487342
vt 0.000000 0.000000
vt 1.000000 0.000000
vt 1.000000 1.000000
vt 0.000000 1.000000
f 3277/3277 3278/3278 3279/3279 3280/3280
usemtl white
v 0.606724 1.745663 0.480940
v 0.588109 1.758498 0.475513
v 0.610136 1.796941 0.478423
v 0.633404 1.780897 0.485207
vt 0.000000 0.000000
vt 1.000000 0.000000
vt 1.000000 1.000000
vt 0.000000 1.000000
f 3281/3281 3282/3282 3283/3283 3284/3284
usemtl dark
v 0.633404 1.780897 0.485207
v 0.610136 1.796941 0.478423
v 0.588109 1.758498 0.475513
v 0.606724 1.745663 0.480940
vt 0.000000 0.000000
vt 1.000000 0.000000
vt 1.000000 1.000000
vt 0.000000 1.000000
f 3285/3285 3286/3286 3287/3287 3288/3288
usemtl white
v 0.588109 1.758498 0.475513
v 0.567701 1.768762 0.471174
v 0.584626 1.809771 0.472999
v 0.610136 1.796941 0.478423
vt 0.000000 0.000000
vt 1.000000 0.000000
vt 1.000000 1.000000
vt 0.000000 1.000000
f 3289/3289 3290/3290 3291/3291 3292/3292
usemtl dark
v 0.610136 1.796941 0.478423
v 0.584626 1.809771 0.472999
v 0.567701 1.768762 0.471174
v 0.588109 1.758498 0.475513
vt 0.000000 0.000000
vt 1.000000 0.000000
vt 1.000000 1.000000
vt 0.000000 1.000000
f 3293/3293 3294/3294 3295/3295 3296/3296
usemtl white
v 0.567701 1.768762 0.471174
v 0.545914 1.776246 0.468009
v 0.557393 1.819126 0.469044
v 0.584626 1.809771 0.472999
vt 0.000000 0.000000
vt 1.000000 0.000000
vt 1.000000 1.000000
vt 0.000000 1.000000
f 3297/3297 3298/3298 3299/3299 3300/3300
usemtl dark
v 0.584626 1.809771 0.472999
v 0.557393 1.819126 0.469044
v 0.545914 1.776246 0.468009
v 0.567701 1.768762 0.471174
vt 0.000000 0.000000
vt 1.000000 0.000000
vt 1.000000 1.000000
vt 0.000000 1.000000
f 3301/3301 3302/3302 3303/3303 3304/3304
usemtl white
v 0.545914 1.776246 0.468009
v 0.523193 1.780799 0.466084
v 0.528992 1.824817 0.466638
v 0.557393 1.819126 0.469044
vt 0.000000 0.000000
vt 1.000000 0.000000
vt 1.000000 1.000000
vt 0.000000 1.000000
f 3305/3305 3306/3306 3307/3307 3308/3308
usemtl dark
v 0.557393 1.819126 0.469044
v 0.528992 1.824817 0.466638
v 0.523193 1.780799 0.466084
v 0.545914 1.776246 0.468009
vt 0.000000 0.000000
vt 1.000000 0.000000
vt 1.000000 1.000000
vt 0.000000 1.000000
f 3309/3309 3310/3310 3311/3311 3312/3312
usemtl white
v 0.523193 1.780799 0.466084
v 0.500000 1.782326 0.465438
v 0.500000 1.826727 0.465830
v 0.528992 1.824817 0.466638
vt 0.000000 0.000000
vt 1.000000 0.000000
vt 1.000000 1.000000
vt 0.000000 1.000000
f 3313/3313 3314/3314 3315/3315 3316/3316
usemtl dark
v 0.528992 1.824817 0.466638
v 0.500000 1.826727 0.465830
v 0.500000 1.782326 0.465438
v 0.523193 1.780799 0.466084
vt 0.000000 0.000000
vt 1.000000 0.000000
vt 1.000000 1.000000
vt 0.000000 1.000000
f 3317/3317 3318/3318 3319/3319 3320/3320
usemtl white
v 0.500000 1.782326 0.465438
v 0.476807 1.780799 0.466084
v 0.471008 1.824817 0.466638
v 0.500000 1.826727 0.465830
vt 0.000000 0.000000
vt 1.000000 0.000000
vt 1.000000 1.000000
vt 0.000000 1.000000
f 3321/3321 3322/3322 3323/3323 3324/3324
usemtl dark
v 0.500000 1.826727 0.465830
v 0.471008 1.824817 0.466638
v 0.476807 1.780799 0.466084
v 0.500000 1.782326 0.465438
vt 0.000000 0.000000
vt 1.000000 0.000000
vt 1.000000 1.000000
vt 0.000000 1.000000
f 3325/3325 3326/3326 3327/3327 3328/3328
usemtl white
v 0.476807 1.780799 0.466084
v 0.454086 1.776246 0.468009
v 0.442607 1.819126 0.469044
v 0.471008 1.824817 0.466638
vt 0.000000 0.000000
vt 1.000000 0.000000
vt 1.000000 1.000000
vt 0.000000 1.000000
f 3329/3329 3330/3330 3331/3331 3332/3332
usemtl dark
v 0.471008 1.824817 0.466638
v 0.442607 1.819126 0.469044
v 0.454086 1.776246 0.468009
v 0.476807 1.780799 0.466084
vt 0.000000 0.000000
vt 1.000000 0.000000
vt 1.000000 1.000000
vt 0.000000 1.000000
f 3333/3333 3334/3334 3335/3335 3336/3336
usemtl white
v 0.454086 1.776246 0.468009
v 0.432299 1.768762 0.471174
v 0.415374 1.809771 0.472999
v 0.442607 1.819126 0.469044
vt 0.000000 0.000000
vt 1.000000 0.000000
vt 1.000000 1.000000
vt 0.000000 1.000000
f 3337/3337 3338/3338 3339/3339 3340/3340
usemtl dark
v 0.442607 1.819126 0.469044
v 0.415374 1.809771 0.472999
v 0.432299 1.768762 0.471174
v 0.454086 1.776246 0.468009
vt 0.000000 0.000000
vt 1.000000 0.000000
vt 1.000000 1.000000
vt 0.000000 1.000000
f 3341/3341 3342/3342 3343/3343 3344/3344
usemtl white
v 0.432299 1.768762 0.471174
v 0.411891 1.758498 0.475513
v 0.389864 1.796941 0.478423
v 0.415374 1.809771 0.472999
vt 0.000000 0.000000
vt 1.000000 0.000000
vt 1.000000 1.000000
vt 0.000000 1.000000
f 3345/3345 3346/3346 3347/3347 3348/3348
usemtl dark
v 0.415374 1.809771 0.472999
v 0.389864 1.796941 0.478423
v 0.411891 1.758498 0.475513
v 0.432299 1.768762 0.471174
vt 0.000000 0.000000
vt 1.000000 0.000000
vt 1.000000 1.000000
vt 0.000000 1.000000
f 3349/3349 3350/3350 3351/3351 3352/3352
usemtl white
v 0.411891 1.758498 0.475513
v 0.393276 1.745663 0.480940
v 0.366596 1.780897 0.485207
v 0.389864 1.796941 0.478423
vt 0.000000 0.000000
vt 1.000000 0.000000
vt 1.000000 1.000000
vt 0.000000 1.000000
f 3353/3353 3354/3354 3355/3355 3356/3356
usemtl dark
v 0.389864 1.796941 0.478423
v 0.366596 1.780897 0.485207
v 0.393276 1.745663 0.480940
v 0.411891 1.758498 0.475513
vt 0.000000 0.000000
vt 1.000000 0.000000
vt 1.000000 1.000000
vt 0.000000 1.000000
f 3357/3357 3358/3358 3359/3359 3360/3360
usemtl white
v 0.393276 1.745663 0.480940
v 0.376834 1.730519 0.487342
v 0.346043 1.761967 0.493210
v 0.366596 1.780897 0.485207
vt 0.000000 0.000000
vt 1.000000 0.000000
vt 1.000000 1.000000
vt 0.000000 1.000000
f 3361/3361 3362/3362 3363/3363 3364/3364
usemtl dark
v 0.366596 1.780897 0.485207
v 0.346043 1.761967 0.493210
v 0.376834 1.730519 0.487342
v 0.393276 1.745663 0.480940
vt 0.000000 0.000000
vt 1.000000 0.000000
vt 1.000000 1.000000
vt 0.000000 1.000000
f 3365/3365 3366/3366 3367/3367 3368/3368
usemtl white
v 0.376834 1.730519 0.487342
v 0.362900 1.713374 0.494591
v 0.328625 1.740536 0.502271
v 0.346043 1.761967 0.493210
vt 0.000000 0.000000
vt 1.000000 0.000000
vt 1.000000 1.000000
vt 0.000000 1.000000
f 3369/3369 3370/3370 3371/3371 3372/3372
usemtl dark
v 0.346043 1.761967 0.493210
v 0.328625 1.740536 0.502271
v 0.362900 1.713374 0.494591
v 0.376834 1.730519 0.487342
vt 0.000000 0.000000
vt 1.000000 0.000000
vt 1.000000 1.000000
vt 0.000000 1.000000
f 3373/3373 3374/3374 3375/3375 3376/3376
usemtl white
v 0.362900 1.713374 0.494591
v 0.351756 1.694576 0.502539
v 0.314695 1.717039 0.512205
v 0.328625 1.740536 0.502271
vt 0.000000 0.000000
vt 1.000000 0.000000
vt 1.000000 1.000000
vt 0.000000 1.000000
f 3377/3377 3378/3378 3379/3379 3380/3380
usemtl dark
v 0.328625 1.740536 0.502271
v 0.314695 1.717039 0.512205
v 0.351756 1.694576 0.502539
v 0.362900 1.713374 0.494591
vt 0.000000 0.000000
vt 1.000000 0.000000
vt 1.000000 1.000000
vt 0.000000 1.000000
f 3381/3381 3382/3382 3383/3383 3384/3384
usemtl white
v 0.351756 1.694576 0.502539
v 0.343630 1.674510 0.511023
v 0.304538 1.691956 0.522810
v 0.314695 1.717039 0.512205
vt 0.000000 0.000000
vt 1.000000 0.000000
vt 1.000000 1.000000
vt 0.000000 1.000000
f 3385/3385 3386/3386 3387/3387 3388/3388
usemtl dark
v 0.314695 1.717039 0.512205
v 0.304538 1.691956 0.522810
v 0.343630 1.674510 0.511023
v 0.351756 1.694576 0.502539
vt 0.000000 0.000000
vt 1.000000 0.000000
vt 1.000000 1.000000
vt 0.000000 1.000000
f 3389/3389 3390/3390 3391/3391 3392/3392
usemtl white
v 0.343630 1.674510 0.511023
v 0.338687 1.653582 0.519871
v 0.298359 1.665796 0.533870
v 0.304538 1.691956 0.522810
vt 0.000000 0.000000
vt 1.000000 0.000000
vt 1.000000 1.000000
vt 0.000000 1.000000
f 3393/3393 3394/3394 3395/3395 3396/3396
usemtl dark
v 0.304538 1.691956 0.522810
v 0.298359 1.665796 0.533870
v 0.338687 1.653582 0.519871
v 0.343630 1.674510 0.511023
vt 0.000000 0.000000
vt 1.000000 0.000000
vt 1.000000 1.000000
vt 0.000000 1.000000
f 3397/3397 3398/3398 3399/3399 3400/3400
usemtl white
v 0.338687 1.653582 0.519871
v 0.337029 1.632220 0.528903
v 0.296286 1.639093 0.545160
v 0.298359 1.665796 0.533870
vt 0.000000 0.000000
vt 1.000000 0.000000
vt 1.000000 1.000000
vt 0.000000 1.000000
f 3401/3401 3402/3402 3403/3403 3404/3404
usemtl dark
v 0.298359 1.665796 0.533870
v 0.296286 1.639093 0.545160
v 0.337029 1.632220 0.528903
v 0.338687 1.653582 0.519871
vt 0.000000 0.000000
vt 1.000000 0.000000
vt 1.000000 1.000000
vt 0.000000 1.000000
f 3405/3405 3406/3406 3407/3407 3408/3408
usemtl white
v 0.337029 1.632220 0.528903
v 0.338687 1.610857 0.537934
v 0.298359 1.612390 0.556450
v 0.296286 1.639093 0.545160
vt 0.000000 0.000000
vt 1.000000 0.000000
vt 1.000000 1.000000
vt 0.000000 1.000000
f 3409/3409 3410/3410 3411/3411 3412/3412
usemtl dark
v 0.296286 1.639093 0.545160
v 0.298359 1.612390 0.556450
v 0.338687 1.610857 0.537934
v 0.337029 1.632220 0.528903
vt 0.000000 0.000000
vt 1.000000 0.000000
vt 1.000000 1.000000
vt 0.000000 1.000000
f 3413/3413 3414/3414 3415/3415 3416/3416
usemtl white
v 0.338687 1.610857 0.537934
v 0.343630 1.589930 0.546782
v 0.304538 1.586231 0.567510
v 0.298359 1.612390 0.556450
vt 0.000000 0.000000
vt 1.000000 0.000000
vt 1.000000 1.000000
vt 0.000000 1.000000
f 3417/3417 3418/3418 3419/3419 3420/3420
usemtl dark
v 0.298359 1.612390 0.556450
v 0.304538 1.586231 0.567510
v 0.343630 1.589930 0.546782
v 0.338687 1.610857 0.537934
vt 0.000000 0.000000
vt 1.000000 0.000000
vt 1.000000 1.000000
vt 0.000000 1.000000
f 3421/3421 3422/3422 3423/3423 3424/3424
usemtl white
v 0.343630 1.589930 0.546782
v 0.351756 1.569863 0.555266
v 0.314695 1.561148 0.578115
v 0.304538 1.586231 0.567510
vt 0.000000 0.000000
vt 1.000000 0.000000
vt 1.000000 1.000000
vt 0.000000 1.000000
f 3425/3425 3426/3426 3427/3427 3428/3428
usemtl dark
v 0.304538 1.586231 0.567510
v 0.314695 1.561148 0.578115
v 0.351756 1.569863 0.555266
v 0.343630 1.589930 0.546782
vt 0.000000 0.000000
vt 1.000000 0.000000
vt 1.000000 1.000000
vt 0.000000 1.000000
f 3429/3429 3430/3430 3431/3431 3432/3432
usemtl white
v 0.351756 1.569863 0.555266
v 0.362900 1.551066 0.563214
v 0.328625 1.537651 0.588049
v 0.314695 1.561148 0.578115
vt 0.000000 0.000000
vt 1.000000 0.000000
vt 1.000000 1.000000
vt 0.000000 1.000000
f 3433/3433 3434/3434 3435/3435 3436/3436
usemtl dark
v 0.314695 1.561148 0.578115
v 0.328625 1.537651 0.588049
v 0.362900 1.551066 0.563214
v 0.351756 1.569863 0.555266
vt 0.000000 0.000000
vt 1.000000 0.000000
vt 1.000000 1.000000
vt 0.000000 1.000000
f 3437/3437 3438/3438 3439/3439 3440/3440
usemtl white
v 0.362900 1.551066 0.563214
v 0.376834 1.533921 0.570463
v 0.346043 1.516220 0.597110
v 0.328625 1.537651 0.588049
vt 0.000000 0.000000
vt 1.000000 0.000000
vt 1.000000 1.000000
vt 0.000000 1.000000
f 3441/3441 3442/3442 3443/3443 3444/3444
usemtl dark
v 0.328625 1.537651 0.588049
v 0.346043 1.516220 0.597110
v 0.376834 1.533921 0.570463
v 0.362900 1.551066 0.563214
vt 0.000000 0.000000
vt 1.000000 0.000000
vt 1.000000 1.000000
vt 0.000000 1.000000
f 3445/3445 3446/3446 3447/3447 3448/3448
usemtl white
v 0.376834 1.533921 0.570463
v 0.393276 1.518777 0.576865
v 0.366596 1.497290 0.605114
v 0.346043 1.516220 0.597110
vt 0.000000 0.000000
vt 1.000000 0.000000
vt 1.000000 1.000000
vt 0.000000 1.000000
f 3449/3449 3450/3450 3451/3451 3452/3452
usemtl dark
v 0.346043 1.516220 0.597110
v 0.366596 1.497290 0.605114
v 0.393276 1.518777 0.576865
v 0.376834 1.533921 0.570463
vt 0.000000 0.000000
vt 1.000000 0.000000
vt 1.000000 1.000000
vt 0.000000 1.000000
f 3453/3453 3454/3454 3455/3455 3456/3456
usemtl white
v 0.393276 1.518777 0.576865
v 0.411891 1.505942 0.582292
v 0.389864 1.481246 0.611897
v 0.366596 1.497290 0.605114
vt 0.000000 0.000000
vt 1.000000 0.000000
vt 1.000000 1.000000
vt 0.000000 1.000000
f 3457/3457 3458/3458 3459/3459 3460/3460
usemtl dark
v 0.366596 1.497290 0.605114
v 0.389864 1.481246 0.611897
v 0.411891 1.505942 0.582292
v 0.393276 1.518777 0.576865
vt 0.000000 0.000000
vt 1.000000 0.000000
vt 1.000000 1.000000
vt 0.000000 1.000000
f 3461/3461 3462/3462 3463/3463 3464/3464
usemtl white
v 0.411891 1.505942 0.582292
v 0.432299 1.495678 0.586631
v 0.415374 1.468416 0.617321
v 0.389864 1.481246 0.611897
vt 0.000000 0.000000
vt 1.000000 0.000000
vt 1.000000 1.000000
vt 0.000000 1.000000
f 3465/3465 3466/3466 3467/3467 3468/3468
usemtl dark
v 0.389864 1.481246 0.611897
v 0.415374 1.468416 0.617321
v 0.432299 1.495678 0.586631
v 0.411891 1.505942 0.582292
vt 0.000000 0.000000
vt 1.000000 0.000000
vt 1.000000 1.000000
vt 0.000000 1.000000
f 3469/3469 3470/3470 3471/3471 3472/3472
usemtl white
v 0.432299 1.495678 0.586631
v 0.454086 1.488194 0.589796
v 0.442607 1.459061 0.621277
v 0.415374 1.468416 0.617321
vt 0.000000 0.000000
vt 1.000000 0.000000
vt 1.000000 1.000000
vt 0.000000 1.000000
f 3473/3473 3474/3474 3475/3475 3476/3476
usemtl dark
v 0.415374 1.468416 0.617321
v 0.442607 1.459061 0.621277
v 0.454086 1.488194 0.589796
v 0.432299 1.495678 0.586631
vt 0.000000 0.000000
vt 1.000000 0.000000
vt 1.000000 1.000000
vt 0.000000 1.000000
f 3477/3477 3478/3478 3479/3479 3480/3480
usemtl white
v 0.454086 1.488194 0.589796
v 0.476807 1.483641 0.591721
v 0.471008 1.453370 0.623683
v 0.442607 1.459061 0.621277
vt 0.000000 0.000000
vt 1.000000 0.000000
vt 1.000000 1.000000
vt 0.000000 1.000000
f 3481/3481 3482/3482 3483/3483 3484/3484
usemtl dark
v 0.442607 1.459061 0.621277
v 0.471008 1.453370 0.623683
v 0.476807 1.483641 0.591721
v 0.454086 1.488194 0.589796
vt 0.000000 0.000000
vt 1.000000 0.000000
vt 1.000000 1.000000
vt 0.000000 1.000000
f 3485/3485 3486/3486 3487/3487 3488/3488
usemtl white
v 0.476807 1.483641 0.591721
v 0.500000 1.482113 0.592367
v 0.500000 1.451460 0.624490
v 0.471008 1.453370 0.623683
vt 0.000000 0.000000
vt 1.000000 0.000000
vt 1.000000 1.000000
vt 0.000000 1.000000
f 3489/3489 3490/3490 3491/3491 3492/3492
usemtl dark
v 0.471008 1.453370 0.623683
v 0.500000 1.451460 0.624490
v 0.500000 1.482113 0.592367
v 0.476807 1.483641 0.591721
vt 0.000000 0.000000
vt 1.000000 0.000000
vt 1.000000 1.000000
vt 0.000000 1.000000
f 3493/3493 3494/3494 3495/3495 3496/3496
usemtl white
v 0.500000 1.482113 0.592367
v 0.523193 1.483641 0.591721
v 0.528992 1.453370 0.623683
v 0.500000 1.451460 0.624490
vt 0.000000 0.000000
vt 1.000000 0.000000
vt 1.000000 1.000000
vt 0.000000 1.000000
f 3497/3497 3498/3498 3499/3499 3500/3500
usemtl dark
v 0.500000 1.451460 0.624490
v 0.528992 1.453370 0.623683
v 0.523193 1.483641 0.591721
v 0.500000 1.482113 0.592367
vt 0.000000 0.000000
vt 1.000000 0.000000
vt 1.000000 1.000000
vt 0.000000 1.000000
f 3501/3501 3502/3502 3503/3503 3504/3504
usemtl white
v 0.523193 1.483641 0.591721
v 0.545914 1.488194 0.589796
v 0.557393 1.459061 0.621277
v 0.528992 1.453370 0.623683
vt 0.000000 0.000000
vt 1.000000 0.000000
vt 1.000000 1.000000
vt 0.000000 1.000000
f 3505/3505 3506/3506 3507/3507 3508/3508
usemtl dark
v 0.528992 1.453370 0.623683
v 0.557393 1.459061 0.621277
v 0.545914 1.488194 0.589796
v 0.523193 1.483641 0.591721
vt 0.000000 0.000000
vt 1.000000 0.000000
vt 1.000000 1.000000
vt 0.000000 1.000000
f 3509/3509 3510/3510 3511/3511 3512/3512
usemtl white
v 0.545914 1.488194 0.589796
v 0.567701 1.495678 0.586631
v 0.584626 1.468416 0.617321
v 0.557393 1.459061 0.621277
vt 0.000000 0.000000
vt 1.000000 0.000000
vt 1.000000 1.000000
vt 0.000000 1.000000
f 3513/3513 3514/3514 3515/3515 3516/3516
usemtl dark
v 0.557393 1.459061 0.621277
v 0.584626 1.468416 0.617321
v 0.567701 1.495678 0.586631
v 0.545914 1.488194 0.589796
vt 0.000000 0.000000
vt 1.000000 0.000000
vt 1.000000 1.000000
vt 0.000000 1.000000
f 3517/3517 3518/3518 3519/3519 3520/3520
usemtl white
v 0.567701 1.495678 0.586631
v 0.588109 1.505942 0.582292
v 0.610136 1.481246 0.611897
v 0.584626 1.468416 0.617321
vt 0.000000 0.000000
vt 1.000000 0.000000
vt 1.000000 1.000000
vt 0.000000 1.000000
f 3521/3521 3522/3522 3523/3523 3524/3524
usemtl dark
v 0.584626 1.468416 0.617321
v 0.610136 1.481246 0.611897
v 0.588109 1.505942 0.582292
v 0.567701 1.495678 0.586631
vt 0.000000 0.000000
vt 1.000000 0.000000
vt 1.000000 1.000000
vt 0.000000 1.000000
f 3525/3525 3526/3526 3527/3527 3528/3528
usemtl white
v 0.588109 1.505942 0.582292
v 0.606724 1.518777 0.576865
v 0.633404 1.497290 0.605114
v 0.610136 1.481246 0.611897
vt 0.000000 0.000000
vt 1.000000 0.000000
vt 1.000000 1.000000
vt 0.000000 1.000000
f 3529/3529 3530/3530 3531/3531 3532/3532
usemtl dark
v 0.610136 1.481246 0.611897
v 0.633404 1.497290 0.605114
v 0.606724 1.518777 0.576865
v 0.588109 1.505942 0.582292
vt 0.000000 0.000000
vt 1.000000 0.000000
vt 1.000000 1.000000
vt 0.000000 1.000000
f 3533/3533 3534/3534 3535/3535 3536/3536
usemtl white
v 0.606724 1.518777 0.576865
v 0.623166 1.533921 0.570463
v 0.653957 1.516220 0.597110
v 0.633404 1.497290 0.605114
vt 0.000000 0.000000
vt 1.000000 0.000000
vt 1.000000 1.000000
vt 0.000000 1.000000
f 3537/3537 3538/3538 3539/3539 3540/3540
usemtl dark
v 0.633404 1.497290 0.605114
v 0.653957 1.516220 0.597110
v 0.623166 1.533921 0.570463
v 0.606724 1.518777 0.576865
vt 0.000000 0.000000
vt 1.000000 0.000000
vt 1.000000 1.000000
vt 0.000000 1.000000
f 3541/3541 3542/3542 3543/3543 3544/3544
usemtl white
v 0.623166 1.533921 0.570463
v 0.637100 1.551066 0.563214
v 0.671375 1.537651 0.588049
v 0.653957 1.516220 0.597110
vt 0.000000 0.000000
vt 1.000000 0.000000
vt 1.000000 1.000000
vt 0.000000 1.000000
f 3545/3545 3546/3546 3547/3547 3548/3548
usemtl dark
v 0.653957 1.516220 0.597110
v 0.671375 1.537651 0.588049
v 0.637100 1.551066 0.563214
v 0.623166 1.533921 0.570463
vt 0.000000 0.000000
vt 1.000000 0.000000
vt 1.000000 1.000000
vt 0.000000 1.000000
f 3549/3549 3550/3550 3551/3551 3552/3552
usemtl white
v 0.637100 1.551066 0.563214
v 0.648244 1.569863 0.555266
v 0.685305 1.561148 0.578115
v 0.671375 1.537651 0.588049
vt 0.000000 0.000000
vt 1.000000 0.000000
vt 1.000000 1.000000
vt 0.000000 1.000000
f 3553/3553 3554/3554 3555/3555 3556/3556
usemtl dark
v 0.671375 1.537651 0.588049
v 0.685305 1.561148 0.578115
v 0.648244 1.569863 0.555266
v 0.637100 1.551066 0.563214
vt 0.000000 0.000000
vt 1.000000 0.000000
vt 1.000000 1.000000
vt 0.000000 1.000000
f 3557/3557 3558/3558 3559/3559 3560/3560
usemtl white
v 0.648244 1.569863 0.555266
v 0.656370 1.589930 0.546782
v 0.695462 1.586231 0.567510
v 0.685305 1.561148 0.578115
vt 0.000000 0.000000
vt 1.000000 0.000000
vt 1.000000 1.000000
vt 0.000000 1.000000
f 3561/3561 3562/3562 3563/3563 3564/3564
usemtl dark
v 0.685305 1.561148 0.578115
v 0.695462 1.586231 0.567510
v 0.656370 1.589930 0.546782
v 0.648244 1.569863 0.555266
vt 0.000000 0.000000
vt 1.000000 0.000000
vt 1.000000 1.000000
vt 0.000000 1.000000
f 3565/3565 3566/3566 3567/3567 3568/3568
usemtl white
v 0.656370 1.589930 0.546782
v 0.661313 1.610857 0.537934
v 0.701641 1.612390 0.556450
v 0.695462 1.586231 0.567510
vt 0.000000 0.000000
vt 1.000000 0.000000
vt 1.000000 1.000000
vt 0.000000 1.000000
f 3569/3569 3570/3570 3571/3571 3572/3572
usemtl dark
v 0.695462 1.586231 0.567510
v 0.701641 1.612390 0.556450
v 0.661313 1.610857 0.537934
v 0.656370 1.589930 0.546782
vt 0.000000 0.000000
vt 1.000000 0.000000
vt 1.000000 1.000000
vt 0.000000 1.000000
f 3573/3573 3574/3574 3575/3575 3576/3576
usemtl white
v 0.661313 1.610857 0.537934
v 0.662971 1.632220 0.528903
v 0.703714 1.639093 0.545160
v 0.701641 1.612390 0.556450
vt 0.000000 0.000000
vt 1.000000 0.000000
vt 1.000000 1.000000
vt 0.000000 1.000000
f 3577/3577 3578/3578 3579/3579 3580/3580
usemtl dark
v 0.701641 1.612390 0.556450
v 0.703714 1.639093 0.545160
v 0.662971 1.632220 0.528903
v 0.661313 1.610857 0.537934
vt 0.000000 0.000000
vt 1.000000 0.000000
vt 1.000000 1.000000
vt 0.000000 1.000000
f 3581/3581 3582/3582 3583/3583 3584/3584
usemtl white
v 0.703714 1.639093 0.545160
v 0.701641 1.665796 0.533870
v 0.741969 1.679538 0.551483
v 0.744457 1.647495 0.565031
vt 0.000000 0.000000
vt 1.000000 0.000000
vt 1.000000 1.000000
vt 0.000000 1.000000
f 3585/3585 3586/3586 3587/3587 3588/3588
usemtl dark
v 0.744457 1.647495 0.565031
v 0.741969 1.679538 0.551483
v 0.701641 1.665796 0.533870
v 0.703714 1.639093 0.545160
vt 0.000000 0.000000
vt 1.000000 0.000000
vt 1.000000 1.000000
vt 0.000000 1.000000
f 3589/3589 3590/3590 3591/3591 3592/3592
usemtl white
v 0.701641 1.665796 0.533870
v 0.695462 1.691956 0.522810
v 0.734555 1.710929 0.538211
v 0.741969 1.679538 0.551483
vt 0.000000 0.000000
vt 1.000000 0.000000
vt 1.000000 1.000000
vt 0.000000 1.000000
f 3593/3593 3594/3594 3595/3595 3596/3596
usemtl dark
v 0.741969 1.679538 0.551483
v 0.734555 1.710929 0.538211
v 0.695462 1.691956 0.522810
v 0.701641 1.665796 0.533870
vt 0.000000 0.000000
vt 1.000000 0.000000
vt 1.000000 1.000000
vt 0.000000 1.000000
f 3597/3597 3598/3598 3599/3599 3600/3600
usemtl white
v 0.695462 1.691956 0.522810
v 0.685305 1.717039 0.512205
v 0.722366 1.741029 0.525485
v 0.734555 1.710929 0.538211
vt 0.000000 0.000000
vt 1.000000 0.000000
vt 1.000000 1.000000
vt 0.000000 1.000000
f 3601/3601 3602/3602 3603/3603 3604/3604
usemtl dark
v 0.734555 1.710929 0.538211
v 0.722366 1.741029 0.525485
v 0.685305 1.717039 0.512205
v 0.695462 1.691956 0.522810
vt 0.000000 0.000000
vt 1.000000 0.000000
vt 1.000000 1.000000
vt 0.000000 1.000000
f 3605/3605 3606/3606 3607/3607 3608/3608
usemtl white
v 0.685305 1.717039 0.512205
v 0.671375 1.740536 0.502271
v 0.705650 1.769225 0.513564
v 0.722366 1.741029 0.525485
vt 0.000000 0.000000
vt 1.000000 0.000000
vt 1.000000 1.000000
vt 0.000000 1.000000
f 3609/3609 3610/3610 3611/3611 3612/3612
usemtl dark
v 0.722366 1.741029 0.525485
v 0.705650 1.769225 0.513564
v 0.671375 1.740536 0.502271
v 0.685305 1.717039 0.512205
vt 0.000000 0.000000
vt 1.000000 0.000000
vt 1.000000 1.000000
vt 0.000000 1.000000
f 3613/3613 3614/3614 3615/3615 3616/3616
usemtl white
v 0.671375 1.740536 0.502271
v 0.653957 1.761967 0.493210
v 0.684748 1.794943 0.502690
v 0.705650 1.769225 0.513564
vt 0.000000 0.000000
vt 1.000000 0.000000
vt 1.000000 1.000000
vt 0.000000 1.000000
f 3617/3617 3618/3618 3619/3619 3620/3620
usemtl dark
v 0.705650 1.769225 0.513564
v 0.684748 1.794943 0.502690
v 0.653957 1.761967 0.493210
v 0.671375 1.740536 0.502271
vt 0.000000 0.000000
vt 1.000000 0.000000
vt 1.000000 1.000000
vt 0.000000 1.000000
f 3621/3621 3622/3622 3623/3623 3624/3624
usemtl white
v 0.653957 1.761967 0.493210
v 0.633404 1.780897 0.485207
v 0.660085 1.817659 0.493086
v 0.684748 1.794943 0.502690
vt 0.000000 0.000000
vt 1.000000 0.000000
vt 1.000000 1.000000
vt 0.000000 1.000000
f 3625/3625 3626/3626 3627/3627 3628/3628
usemtl dark
v 0.684748 1.794943 0.502690
v 0.660085 1.817659 0.493086
v 0.633404 1.780897 0.485207
v 0.653957 1.761967 0.493210
vt 0.000000 0.000000
vt 1.000000 0.000000
vt 1.000000 1.000000
vt 0.000000 1.000000
f 3629/3629 3630/3630 3631/3631 3632/3632
usemtl white
v 0.633404 1.780897 0.485207
v 0.610136 1.796941 0.478423
v 0.632164 1.836911 0.484947
v 0.660085 1.817659 0.493086
vt 0.000000 0.000000
vt 1.000000 0.000000
vt 1.000000 1.000000
vt 0.000000 1.000000
f 3633/3633 3634/3634 3635/3635 3636/3636
usemtl dark
v 0.660085 1.817659 0.493086
v 0.632164 1.836911 0.484947
v 0.610136 1.796941 0.478423
v 0.633404 1.780897 0.485207
vt 0.000000 0.000000
vt 1.000000 0.000000
vt 1.000000 1.000000
vt 0.000000 1.000000
f 3637/3637 3638/3638 3639/3639 3640/3640
usemtl white
v 0.610136 1.796941 0.478423
v 0.584626 1.809771 0.472999
v 0.601551 1.852307 0.478437
v 0.632164 1.836911 0.484947
vt 0.000000 0.000000
vt 1.000000 0.000000
vt 1.000000 1.000000
vt 0.000000 1.000000
f 3641/3641 3642/3642 3643/3643 3644/3644
usemtl dark
v 0.632164 1.836911 0.484947
v 0.601551 1.852307 0.478437
v 0.584626 1.809771 0.472999
v 0.610136 1.796941 0.478423
vt 0.000000 0.000000
vt 1.000000 0.000000
vt 1.000000 1.000000
vt 0.000000 1.000000
f 3645/3645 3646/3646 3647/3647 3648/3648
usemtl white
v 0.584626 1.809771 0.472999
v 0.557393 1.819126 0.469044
v 0.568872 1.863534 0.473691
v 0.601551 1.852307 0.478437
vt 0.000000 0.000000
vt 1.000000 0.000000
vt 1.000000 1.000000
vt 0.000000 1.000000
f 3649/3649 3650/3650 3651/3651 3652/3652
usemtl dark
v 0.601551 1.852307 0.478437
v 0.568872 1.863534 0.473691
v 0.557393 1.819126 0.469044
v 0.584626 1.809771 0.472999
vt 0.000000 0.000000
vt 1.000000 0.000000
vt 1.000000 1.000000
vt 0.000000 1.000000
f 3653/3653 3654/3654 3655/3655 3656/3656
usemtl white
v 0.557393 1.819126 0.469044
v 0.528992 1.824817 0.466638
v 0.534790 1.870363 0.470804
v 0.568872 1.863534 0.473691
vt 0.000000 0.000000
vt 1.000000 0.000000
vt 1.000000 1.000000
vt 0.000000 1.000000
f 3657/3657 3658/3658 3659/3659 3660/3660
usemtl dark
v 0.568872 1.863534 0.473691
v 0.534790 1.870363 0.470804
v 0.528992 1.824817 0.466638
v 0.557393 1.819126 0.469044
vt 0.000000 0.000000
vt 1.000000 0.000000
vt 1.000000 1.000000
vt 0.000000 1.000000
f 3661/3661 3662/3662 3663/3663 3664/3664
usemtl white
v 0.528992 1.824817 0.466638
v 0.500000 1.826727 0.465830
v 0.500000 1.872654 0.469835
v 0.534790 1.870363 0.470804
vt 0.000000 0.000000
vt 1.000000 0.000000
vt 1.000000 1.000000
vt 0.000000 1.000000
f 3665/3665 3666/3666 3667/3667 3668/3668
usemtl dark
v 0.534790 1.870363 0.470804
v 0.500000 1.872654 0.469835
v 0.500000 1.826727 0.465830
v 0.528992 1.824817 0.466638
vt 0.000000 0.000000
vt 1.000000 0.000000
vt 1.000000 1.000000
vt 0.000000 1.000000
f 3669/3669 3670/3670 3671/3671 3672/3672
usemtl white
v 0.500000 1.826727 0.465830
v 0.471008 1.824817 0.466638
v 0.465210 1.870363 0.470804
v 0.500000 1.872654 0.469835
vt 0.000000 0.000000
vt 1.000000 0.000000
vt 1.000000 1.000000
vt 0.000000 1.000000
f 3673/3673 3674/3674 3675/3675 3676/3676
usemtl dark
v 0.500000 1.872654 0.469835
v 0.465210 1.870363 0.470804
v 0.471008 1.824817 0.466638
v 0.500000 1.826727 0.465830
vt 0.000000 0.000000
vt 1.000000 0.000000
vt 1.000000 1.000000
vt 0.000000 1.000000
f 3677/3677 3678/3678 3679/3679 3680/3680
usemtl white
v 0.471008 1.824817 0.466638
v 0.442607 1.819126 0.469044
v 0.431128 1.863534 0.473691
v 0.465210 1.870363 0.470804
vt 0.000000 0.000000
vt 1.000000 0.000000
vt 1.000000 1.000000
vt 0.000000 1.000000
f 3681/3681 3682/3682 3683/3683 3684/3684
usemtl dark
v 0.465210 1.870363 0.470804
v 0.431128 1.863534 0.473691
v 0.442607 1.819126 0.469044
v 0.471008 1.824817 0.466638
vt 0.000000 0.000000
vt 1.000000 0.000000
vt 1.000000 1.000000
vt 0.000000 1.000000
f 3685/3685 3686/3686 3687/3687 3688/3688
usemtl white
v 0.442607 1.819126 0.469044
v 0.415374 1.809771 0.472999
v 0.398449 1.852307 0.478437
v 0.431128 1.863534 0.473691
vt 0.000000 0.000000
vt 1.000000 0.000000
vt 1.000000 1.000000
vt 0.000000 1.000000
f 3689/3689 3690/3690 3691/3691 3692/3692
usemtl dark
v 0.431128 1.863534 0.473691
v 0.398449 1.852307 0.478437
v 0.415374 1.809771 0.472999
v 0.442607 1.819126 0.469044
vt 0.000000 0.000000
vt 1.000000 0.000000
vt 1.000000 1.000000
vt 0.000000 1.000000
f 3693/3693 3694/3694 3695/3695 3696/3696
usemtl white
v 0.415374 1.809771 0.472999
v 0.389864 1.796941 0.478423
v 0.367836 1.836911 0.484947
v 0.398449 1.852307 0.478437
vt 0.000000 0.000000
vt 1.000000 0.000000
vt 1.000000 1.000000
vt 0.000000 1.000000
f 3697/3697 3698/3698 3699/3699 3700/3700
usemtl dark
v 0.398449 1.852307 0.478437
v 0.367836 1.836911 0.484947
v 0.389864 1.796941 0.478423
v 0.415374 1.809771 0.472999
vt 0.000000 0.000000
vt 1.000000 0.000000
vt 1.000000 1.000000
vt 0.000000 1.000000
f 3701/3701 3702/3702 3703/3703 3704/3704
usemtl white
v 0.389864 1.796941 0.478423
v 0.366596 1.780897 0.485207
v 0.339915 1.817659 0.493086
v 0.367836 1.836911 0.484947
vt 0.000000 0.000000
vt 1.000000 0.000000
vt 1.000000 1.000000
vt 0.000000 1.000000
f 3705/3705 3706/3706 3707/3707 3708/3708
usemtl dark
v 0.367836 1.836911 0.484947
v 0.339915 1.817659 0.493086
v 0.366596 1.780897 0.485207
v 0.389864 1.796941 0.478423
vt 0.000000 0.000000
vt 1.000000 0.000000
vt 1.000000 1.000000
vt 0.000000 1.000000
f 3709/3709 3710/3710 3711/3711 3712/3712
usemtl white
v 0.366596 1.780897 0.485207
v 0.346043 1.761967 0.493210
v 0.315252 1.794943 0.502690
v 0.339915 1.817659 0.493086
vt 0.000000 0.000000
vt 1.000000 0.000000
vt 1.000000 1.000000
vt 0.000000 1.000000
f 3713/3713 3714/3714 3715/3715 3716/3716
usemtl dark
v 0.339915 1.817659 0.493086
v 0.315252 1.794943 0.502690
v 0.346043 1.761967 0.493210
v 0.366596 1.780897 0.485207
vt 0.000000 0.000000
vt 1.000000 0.000000
vt 1.000000 1.000000
vt 0.000000 1.000000
f 3717/3717 3718/3718 3719/3719 3720/3720
usemtl white
v 0.346043 1.761967 0.493210
v 0.328625 1.740536 0.502271
v 0.294350 1.769225 0.513564
v 0.315252 1.794943 0.502690
vt 0.000000 0.000000
vt 1.000000 0.000000
vt 1.000000 1.000000
vt 0.000000 1.000000
f 3721/3721 3722/3722 3723/3723 3724/3724
usemtl dark
v 0.315252 1.794943 0.502690
v 0.294350 1.769225 0.513564
v 0.328625 1.740536 0.502271
v 0.346043 1.761967 0.493210
vt 0.000000 0.000000
vt 1.000000 0.000000
vt 1.000000 1.000000
vt 0.000000 1.000000
f 3725/3725 3726/3726 3727/3727 3728/3728
usemtl white
v 0.328625 1.740536 0.502271
v 0.314695 1.717039 0.512205
v 0.277634 1.741029 0.525485
v 0.294350 1.769225 0.513564
vt 0.000000 0.000000
vt 1.000000 0.000000
vt 1.000000 1.000000
vt 0.000000 1.000000
f 3729/3729 3730/3730 3731/3731 3732/3732
usemtl dark
v 0.294350 1.769225 0.513564
v 0.277634 1.741029 0.525485
v 0.314695 1.717039 0.512205
v 0.328625 1.740536 0.502271
vt 0.000000 0.000000
vt 1.000000 0.000000
vt 1.000000 1.000000
vt 0.000000 1.000000
f 3733/3733 3734/3734 3735/3735 3736/3736
usemtl white
v 0.314695 1.717039 0.512205
v 0.304538 1.691956 0.522810
v 0.265445 1.710929 0.538211
v 0.277634 1.741029 0.525485
vt 0.000000 0.000000
vt 1.000000 0.000000
vt 1.000000 1.000000
vt 0.000000 1.000000
f 3737/3737 3738/3738 3739/3739 3740/3740
usemtl dark
v 0.277634 1.741029 0.525485
v 0.265445 1.710929 0.538211
v 0.304538 1.691956 0.522810
v 0.314695 1.717039 0.512205
vt 0.000000 0.000000
vt 1.000000 0.000000
vt 1.000000 1.000000
vt 0.000000 1.000000
f 3741/3741 3742/3742 3743/3743 3744/3744
usemtl white
v 0.304538 1.691956 0.522810
v 0.298359 1.665796 0.533870
v 0.258031 1.679538 0.551483
v 0.265445 1.710929 0.538211
vt 0.000000 0.000000
vt 1.000000 0.000000
vt 1.000000 1.000000
vt 0.000000 1.000000
f 3745/3745 3746/3746 3747/3747 3748/3748
usemtl dark
v 0.265445 1.710929 0.538211
v 0.258031 1.679538 0.551483
v 0.298359 1.665796 0.533870
v 0.304538 1.691956 0.522810
vt 0.000000 0.000000
vt 1.000000 0.000000
vt 1.000000 1.000000
vt 0.000000 1.000000
f 3749/3749 3750/3750 3751/3751 3752/3752
usemtl white
v 0.298359 1.665796 0.533870
v 0.296286 1.639093 0.545160
v 0.255543 1.647495 0.565031
v 0.258031 1.679538 0.551483
vt 0.000000 0.000000
vt 1.000000 0.000000
vt 1.000000 1.000000
vt 0.000000 1.000000
f 3753/3753 3754/3754 3755/3755 3756/3756
usemtl dark
v 0.258031 1.679538 0.551483
v 0.255543 1.647495 0.565031
v 0.296286 1.639093 0.545160
v 0.298359 1.665796 0.533870
vt 0.000000 0.000000
vt 1.000000 0.000000
vt 1.000000 1.000000
vt 0.000000 1.000000
f 3757/3757 3758/3758 3759/3759 3760/3760
usemtl white
v 0.296286 1.639093 0.545160
v 0.298359 1.612390 0.556450
v 0.258031 1.615451 0.578578
v 0.255543 1.647495 0.565031
vt 0.000000 0.000000
vt 1.000000 0.000000
vt 1.000000 1.000000
vt 0.000000 1.000000
f 3761/3761 3762/3762 3763/3763 3764/3764
usemtl dark
v 0.255543 1.647495 0.565031
v 0.258031 1.615451 0.578578
v 0.298359 1.612390 0.556450
v 0.296286 1.639093 0.545160
vt 0.000000 0.000000
vt 1.000000 0.000000
vt 1.000000 1.000000
vt 0.000000 1.000000
f 3765/3765 3766/3766 3767/3767 3768/3768
usemtl white
v 0.298359 1.612390 0.556450
v 0.304538 1.586231 0.567510
v 0.265445 1.584060 0.591851
v 0.258031 1.615451 0.578578
vt 0.000000 0.000000
vt 1.000000 0.000000
vt 1.000000 1.000000
vt 0.000000 1.000000
f 3769/3769 3770/3770 3771/3771 3772/3772
usemtl dark
v 0.258031 1.615451 0.578578
v 0.265445 1.584060 0.591851
v 0.304538 1.586231 0.567510
v 0.298359 1.612390 0.556450
vt 0.000000 0.000000
vt 1.000000 0.000000
vt 1.000000 1.000000
vt 0.000000 1.000000
f 3773/3773 3774/3774 3775/3775 3776/3776
usemtl white
v 0.304538 1.586231 0.567510
v 0.314695 1.561148 0.578115
v 0.277634 1.553960 0.604577
v 0.265445 1.584060 0.591851
vt 0.000000 0.000000
vt 1.000000 0.000000
vt 1.000000 1.000000
vt 0.000000 1.000000
f 3777/3777 3778/3778 3779/3779 3780/3780
usemtl dark
v 0.265445 1.584060 0.591851
v 0.277634 1.553960 0.604577
v 0.314695 1.561148 0.578115
v 0.304538 1.586231 0.567510
vt 0.000000 0.000000
vt 1.000000 0.000000
vt 1.000000 1.000000
vt 0.000000 1.000000
f 3781/3781 3782/3782 3783/3783 3784/3784
usemtl white
v 0.314695 1.561148 0.578115
v 0.328625 1.537651 0.588049
v 0.294350 1.525764 0.616498
v 0.277634 1.553960 0.604577
vt 0.000000 0.000000
vt 1.000000 0.000000
vt 1.000000 1.000000
vt 0.000000 1.000000
f 3785/3785 3786/3786 3787/3787 3788/3788
usemtl dark
v 0.277634 1.553960 0.604577
v 0.294350 1.525764 0.616498
v 0.328625 1.537651 0.588049
v 0.314695 1.561148 0.578115
vt 0.000000 0.000000
vt 1.000000 0.000000
vt 1.000000 1.000000
vt 0.000000 1.000000
f 3789/3789 3790/3790 3791/3791 3792/3792
usemtl white
v 0.328625 1.537651 0.588049
v 0.346043 1.516220 0.597110
v 0.315252 1.500046 0.627371
v 0.294350 1.525764 0.616498
vt 0.000000 0.000000
vt 1.000000 0.000000
vt 1.000000 1.000000
vt 0.000000 1.000000
f 3793/3793 3794/3794 3795/3795 3796/3796
usemtl dark
v 0.294350 1.525764 0.616498
v 0.315252 1.500046 0.627371
v 0.346043 1.516220 0.597110
v 0.328625 1.537651 0.588049
vt 0.000000 0.000000
vt 1.000000 0.000000
vt 1.000000 1.000000
vt 0.000000 1.000000
f 3797/3797 3798/3798 3799/3799 3800/3800
usemtl white
v 0.346043 1.516220 0.597110
v 0.366596 1.497290 0.605114
v 0.339915 1.477330 0.636975
v 0.315252 1.500046 0.627371
vt 0.000000 0.000000
vt 1.000000 0.000000
vt 1.000000 1.000000
vt 0.000000 1.000000
f 3801/3801 3802/3802 3803/3803 3804/3804
usemtl dark
v 0.315252 1.500046 0.627371
v 0.339915 1.477330 0.636975
v 0.366596 1.497290 0.605114
v 0.346043 1.516220 0.597110
vt 0.000000 0.000000
vt 1.000000 0.000000
vt 1.000000 1.000000
vt 0.000000 1.000000
f 3805/3805 3806/3806 3807/3807 3808/3808
usemtl white
v 0.366596 1.497290 0.605114
v 0.389864 1.481246 0.611897
v 0.367836 1.458078 0.645115
v 0.339915 1.477330 0.636975
vt 0.000000 0.000000
vt 1.000000 0.000000
vt 1.000000 1.000000
vt 0.000000 1.000000
f 3809/3809 3810/3810 3811/3811 3812/3812
usemtl dark
v 0.339915 1.477330 0.636975
v 0.367836 1.458078 0.645115
v 0.389864 1.481246 0.611897
v 0.366596 1.497290 0.605114
vt 0.000000 0.000000
vt 1.000000 0.000000
vt 1.000000 1.000000
vt 0.000000 1.000000
f 3813/3813 3814/3814 3815/3815 3816/3816
usemtl white
v 0.389864 1.481246 0.611897
v 0.415374 1.468416 0.617321
v 0.398449 1.442682 0.651624
v 0.367836 1.458078 0.645115
vt 0.000000 0.000000
vt 1.000000 0.000000
vt 1.000000 1.000000
vt 0.000000 1.000000
f 3817/3817 3818/3818 3819/3819 3820/3820
usemtl dark
v 0.367836 1.458078 0.645115
v 0.398449 1.442682 0.651624
v 0.415374 1.468416 0.617321
v 0.389864 1.481246 0.611897
vt 0.000000 0.000000
vt 1.000000 0.000000
vt 1.000000 1.000000
vt 0.000000 1.000000
f 3821/3821 3822/3822 3823/3823 3824/3824
usemtl white
v 0.415374 1.468416 0.617321
v 0.442607 1.459061 0.621277
v 0.431128 1.431455 0.656371
v 0.398449 1.442682 0.651624
vt 0.000000 0.000000
vt 1.000000 0.000000
vt 1.000000 1.000000
vt 0.000000 1.000000
f 3825/3825 3826/3826 3827/3827 3828/3828
usemtl dark
v 0.398449 1.442682 0.651624
v 0.431128 1.431455 0.656371
v 0.442607 1.459061 0.621277
v 0.415374 1.468416 0.617321
vt 0.000000 0.000000
vt 1.000000 0.000000
vt 1.000000 1.000000
vt 0.000000 1.000000
f 3829/3829 3830/3830 3831/3831 3832/3832
usemtl white
v 0.442607 1.459061 0.621277
v 0.471008 1.453370 0.623683
v 0.465210 1.424626 0.659258
v 0.431128 1.431455 0.656371
vt 0.000000 0.000000
vt 1.000000 0.000000
vt 1.000000 1.000000
vt 0.000000 1.000000
f 3833/3833 3834/3834 3835/3835 3836/3836
usemtl dark
v 0.431128 1.431455 0.656371
v 0.465210 1.424626 0.659258
v 0.471008 1.453370 0.623683
v 0.442607 1.459061 0.621277
vt 0.000000 0.000000
vt 1.000000 0.000000
vt 1.000000 1.000000
vt 0.000000 1.000000
f 3837/3837 3838/3838 3839/3839 3840/3840
usemtl white
v 0.471008 1.453370 0.623683
v 0.500000 1.451460 0.624490
v 0.500000 1.422335 0.660227
v 0.465210 1.424626 0.659258
vt 0.000000 0.000000
vt 1.000000 0.000000
vt 1.000000 1.000000
vt 0.000000 1.000000
f 3841/3841 3842/3842 3843/3843 3844/3844
usemtl dark
v 0.465210 1.424626 0.659258
v 0.500000 1.422335 0.660227
v 0.500000 1.451460 0.624490
v 0.471008 1.453370 0.623683
vt 0.000000 0.000000
vt 1.000000 0.000000
vt 1.000000 1.000000
vt 0.000000 1.000000
f 3845/3845 3846/3846 3847/3847 3848/3848
usemtl white
v 0.500000 1.451460 0.624490
v 0.528992 1.453370 0.623683
v 0.534790 1.424626 0.659258
v 0.500000 1.422335 0.660227
vt 0.000000 0.000000
vt 1.000000 0.000000
vt 1.000000 1.000000
vt 0.000000 1.000000
f 3849/3849 3850/3850 3851/3851 3852/3852
usemtl dark
v 0.500000 1.422335 0.660227
v 0.534790 1.424626 0.659258
v 0.528992 1.453370 0.623683
v 0.500000 1.451460 0.624490
vt 0.000000 0.000000
vt 1.000000 0.000000
vt 1.000000 1.000000
vt 0.000000 1.000000
f 3853/3853 3854/3854 3855/3855 3856/3856
usemtl white
v 0.528992 1.453370 0.623683
v 0.557393 1.459061 0.621277
v 0.568872 1.431455 0.656371
v 0.534790 1.424626 0.659258
vt 0.000000 0.000000
vt 1.000000 0.000000
vt 1.000000 1.000000
vt 0.000000 1.000000
f 3857/3857 3858/3858 3859/3859 3860/3860
usemtl dark
v 0.534790 1.424626 0.659258
v 0.568872 1.431455 0.656371
v 0.557393 1.459061 0.621277
v 0.528992 1.453370 0.623683
vt 0.000000 0.000000
vt 1.000000 0.000000
vt 1.000000 1.000000
vt 0.000000 1.000000
f 3861/3861 3862/3862 3863/3863 3864/3864
usemtl white
v 0.557393 1.459061 0.621277
v 0.584626 1.468416 0.617321
v 0.601551 1.442682 0.651624
v 0.568872 1.431455 0.656371
vt 0.000000 0.000000
vt 1.000000 0.000000
vt 1.000000 1.000000
vt 0.000000 1.000000
f 3865/3865 3866/3866 3867/3867 3868/3868
usemtl dark
v 0.568872 1.431455 0.656371
v 0.601551 1.442682 0.651624
v 0.584626 1.468416 0.617321
v 0.557393 1.459061 0.621277
vt 0.000000 0.000000
vt 1.000000 0.000000
vt 1.000000 1.000000
vt 0.000000 1.000000
f 3869/3869 3870/3870 3871/3871 3872/3872
usemtl white
v 0.584626 1.468416 0.617321
v 0.610136 1.481246 0.611897
v 0.632164 1.458078 0.645115
v 0.601551 1.442682 0.651624
vt 0.000000 0.000000
vt 1.000000 0.000000
vt 1.000000 1.000000
vt 0.000000 1.000000
f 3873/3873 3874/3874 3875/3875 3876/3876
usemtl dark
v 0.601551 1.442682 0.651624
v 0.632164 1.458078 0.645115
v 0.610136 1.481246 0.611897
v 0.584626 1.468416 0.617321
vt 0.000000 0.000000
vt 1.000000 0.000000
vt 1.000000 1.000000
vt 0.000000 1.000000
f 3877/3877 3878/3878 3879/3879 3880/3880
usemtl white
v 0.610136 1.481246 0.611897
v 0.633404 1.497290 0.605114
v 0.660085 1.477330 0.636975
v 0.632164 1.458078 0.645115
vt 0.000000 0.000000
vt 1.000000 0.000000
vt 1.000000 1.000000
vt 0.000000 1.000000
f 3881/3881 3882/3882 3883/3883 3884/3884
usemtl dark
v 0.632164 1.458078 0.645115
v 0.660085 1.477330 0.636975
v 0.633404 1.497290 0.605114
v 0.610136 1.481246 0.611897
vt 0.000000 0.000000
vt 1.000000 0.000000
vt 1.000000 1.000000
vt 0.000000 1.000000
f 3885/3885 3886/3886 3887/3887 3888/3888
usemtl white
v 0.633404 1.497290 0.605114
v 0.653957 1.516220 0.597110
v 0.684748 1.500046 0.627371
v 0.660085 1.477330 0.636975
vt 0.000000 0.000000
vt 1.000000 0.000000
vt 1.000000 1.000000
vt 0.000000 1.000000
f 3889/3889 3890/3890 3891/3891 3892/3892
usemtl dark
v 0.660085 1.477330 0.636975
v 0.684748 1.500046 0.627371
v 0.653957 1.516220 0.597110
v 0.633404 1.497290 0.605114
vt 0.000000 0.000000
vt 1.000000 0.000000
vt 1.000000 1.000000
vt 0.000000 1.000000
f 3893/3893 3894/3894 3895/3895 3896/3896
usemtl white
v 0.653957 1.516220 0.597110
v 0.671375 1.537651 0.588049
v 0.705650 1.525764 0.616498
v 0.684748 1.500046 0.627371
vt 0.000000 0.000000
vt 1.000000 0.000000
vt 1.000000 1.000000
vt 0.000000 1.000000
f 3897/3897 3898/3898 3899/3899 3900/3900
usemtl dark
v 0.684748 1.500046 0.627371
v 0.705650 1.525764 0.616498
v 0.671375 1.537651 0.588049
v 0.653957 1.516220 0.597110
vt 0.000000 0.000000
vt 1.000000 0.000000
vt 1.000000 1.000000
vt 0.000000 1.000000
f 3901/3901 3902/3902 3903/3903 3904/3904
usemtl white
v 0.671375 1.537651 0.588049
v 0.685305 1.561148 0.578115
v 0.722366 1.553960 0.604577
v 0.705650 1.525764 0.616498
vt 0.000000 0.000000
vt 1.000000 0.000000
vt 1.000000 1.000000
vt 0.000000 1.000000
f 3905/3905 3906/3906 3907/3907 3908/3908
usemtl dark
v 0.705650 1.525764 0.616498
v 0.722366 1.553960 0.604577
v 0.685305 1.561148 0.578115
v 0.671375 1.537651 0.588049
vt 0.000000 0.000000
vt 1.000000 0.000000
vt 1.000000 1.000000
vt 0.000000 1.000000
f 3909/3909 3910/3910 3911/3911 3912/3912
usemtl white
v 0.685305 1.561148 0.578115
v 0.695462 1.586231 0.567510
v 0.734555 1.584060 0.591851
v 0.722366 1.553960 0.604577
vt 0.000000 0.000000
vt 1.000000 0.000000
vt 1.000000 1.000000
vt 0.000000 1.000000
f 3913/3913 3914/3914 3915/3915 3916/3916
usemtl dark
v 0.722366 1.553960 0.604577
v 0.734555 1.584060 0.591851
v 0.695462 1.586231 0.567510
v 0.685305 1.561148 0.578115
vt 0.000000 0.000000
vt 1.000000 0.000000
vt 1.000000 1.000000
vt 0.000000 1.000000
f 3917/3917 3918/3918 3919/3919 3920/3920
usemtl white
v 0.695462 1.586231 0.567510
v 0.701641 1.612390 0.556450
v 0.741969 1.615451 0.578578
v 0.734555 1.584060 0.591851
vt 0.000000 0.000000
vt 1.000000 0.000000
vt 1.000000 1.000000
vt 0.000000 1.000000
f 3921/3921 3922/3922 3923/3923 3924/3924
usemtl dark
v 0.734555 1.584060 0.591851
v 0.741969 1.615451 0.578578
v 0.701641 1.612390 0.556450
v 0.695462 1.586231 0.567510
vt 0.000000 0.000000
vt 1.000000 0.000000
vt 1.000000 1.000000
vt 0.000000 1.000000
f 3925/3925 3926/3926 3927/3927 3928/3928
usemtl white
v 0.701641 1.612390 0.556450
v 0.703714 1.639093 0.545160
v 0.744457 1.647495 0.565031
v 0.741969 1.615451 0.578578
vt 0.000000 0.000000
vt 1.000000 0.000000
vt 1.000000 1.000000
vt 0.000000 1.000000
f 3929/3929 3930/3930 3931/3931 3932/3932
usemtl dark
v 0.741969 1.615451 0.578578
v 0.744457 1.647495 0.565031
v 0.703714 1.639093 0.545160
v 0.701641 1.612390 0.556450
vt 0.000000 0.000000
vt 1.000000 0.000000
vt 1.000000 1.000000
vt 0.000000 1.000000
f 3933/3933 3934/3934 3935/3935 3936/3936
usemtl white
v 0.744457 1.647495 0.565031
v 0.741969 1.679538 0.551483
v 0.782297 1.694807 0.572708
v 0.785200 1.657423 0.588514
vt 0.000000 0.000000
vt 1.000000 0.000000
vt 1.000000 1.000000
vt 0.000000 1.000000
f 3937/3937 3938/3938 3939/3939 3940/3940
usemtl dark
v 0.785200 1.657423 0.588514
v 0.782297 1.694807 0.572708
v 0.741969 1.679538 0.551483
v 0.744457 1.647495 0.565031
vt 0.000000 0.000000
vt 1.000000 0.000000
vt 1.000000 1.000000
vt 0.000000 1.000000
f 3941/3941 3942/3942 3943/3943 3944/3944
usemtl white
v 0.741969 1.679538 0.551483
v 0.734555 1.710929 0.538211
v 0.773647 1.731430 0.557224
v 0.782297 1.694807 0.572708
vt 0.000000 0.000000
vt 1.000000 0.000000
vt 1.000000 1.000000
vt 0.000000 1.000000
f 3945/3945 3946/3946 3947/3947 3948/3948
usemtl dark
v 0.782297 1.694807 0.572708
v 0.773647 1.731430 0.557224
v 0.734555 1.710929 0.538211
v 0.741969 1.679538 0.551483
vt 0.000000 0.000000
vt 1.000000 0.000000
vt 1.000000 1.000000
vt 0.000000 1.000000
f 3949/3949 3950/3950 3951/3951 3952/3952
usemtl white
v 0.734555 1.710929 0.538211
v 0.722366 1.741029 0.525485
v 0.759427 1.766547 0.542377
v 0.773647 1.731430 0.557224
vt 0.000000 0.000000
vt 1.000000 0.000000
vt 1.000000 1.000000
vt 0.000000 1.000000
f 3953/3953 3954/3954 3955/3955 3956/3956
usemtl dark
v 0.773647 1.731430 0.557224
v 0.759427 1.766547 0.542377
v 0.722366 1.741029 0.525485
v 0.734555 1.710929 0.538211
vt 0.000000 0.000000
vt 1.000000 0.000000
vt 1.000000 1.000000
vt 0.000000 1.000000
f 3957/3957 3958/3958 3959/3959 3960/3960
usemtl white
v 0.722366 1.741029 0.525485
v 0.705650 1.769225 0.513564
v 0.739926 1.799442 0.528469
v 0.759427 1.766547 0.542377
vt 0.000000 0.000000
vt 1.000000 0.000000
vt 1.000000 1.000000
vt 0.000000 1.000000
f 3961/3961 3962/3962 3963/3963 3964/3964
usemtl dark
v 0.759427 1.766547 0.542377
v 0.739926 1.799442 0.528469
v 0.705650 1.769225 0.513564
v 0.722366 1.741029 0.525485
vt 0.000000 0.000000
vt 1.000000 0.000000
vt 1.000000 1.000000
vt 0.000000 1.000000
f 3965/3965 3966/3966 3967/3967 3968/3968
usemtl white
v 0.705650 1.769225 0.513564
v 0.684748 1.794943 0.502690
v 0.715540 1.829446 0.515784
v 0.739926 1.799442 0.528469
vt 0.000000 0.000000
vt 1.000000 0.000000
vt 1.000000 1.000000
vt 0.000000 1.000000
f 3969/3969 3970/3970 3971/3971 3972/3972
usemtl dark
v 0.739926 1.799442 0.528469
v 0.715540 1.829446 0.515784
v 0.684748 1.794943 0.502690
v 0.705650 1.769225 0.513564
vt 0.000000 0.000000
vt 1.000000 0.000000
vt 1.000000 1.000000
vt 0.000000 1.000000
f 3973/3973 3974/3974 3975/3975 3976/3976
usemtl white
v 0.684748 1.794943 0.502690
v 0.660085 1.817659 0.493086
v 0.686766 1.855948 0.504579
v 0.715540 1.829446 0.515784
vt 0.000000 0.000000
vt 1.000000 0.000000
vt 1.000000 1.000000
vt 0.000000 1.000000
f 3977/3977 3978/3978 3979/3979 3980/3980
usemtl dark
v 0.715540 1.829446 0.515784
v 0.686766 1.855948 0.504579
v 0.660085 1.817659 0.493086
v 0.684748 1.794943 0.502690
vt 0.000000 0.000000
vt 1.000000 0.000000
vt 1.000000 1.000000
vt 0.000000 1.000000
f 3981/3981 3982/3982 3983/3983 3984/3984
usemtl white
v 0.660085 1.817659 0.493086
v 0.632164 1.836911 0.484947
v 0.654191 1.878409 0.495083
v 0.686766 1.855948 0.504579
vt 0.000000 0.000000
vt 1.000000 0.000000
vt 1.000000 1.000000
vt 0.000000 1.000000
f 3985/3985 3986/3986 3987/3987 3988/3988
usemtl dark
v 0.686766 1.855948 0.504579
v 0.654191 1.878409 0.495083
v 0.632164 1.836911 0.484947
v 0.660085 1.817659 0.493086
vt 0.000000 0.000000
vt 1.000000 0.000000
vt 1.000000 1.000000
vt 0.000000 1.000000
f 3989/3989 3990/3990 3991/3991 3992/3992
usemtl white
v 0.632164 1.836911 0.484947
v 0.601551 1.852307 0.478437
v 0.618476 1.896371 0.487488
v 0.654191 1.878409 0.495083
vt 0.000000 0.000000
vt 1.000000 0.000000
vt 1.000000 1.000000
vt 0.000000 1.000000
f 3993/3993 3994/3994 3995/3995 3996/3996
usemtl dark
v 0.654191 1.878409 0.495083
v 0.618476 1.896371 0.487488
v 0.601551 1.852307 0.478437
v 0.632164 1.836911 0.484947
vt 0.000000 0.000000
vt 1.000000 0.000000
vt 1.000000 1.000000
vt 0.000000 1.000000
f 3997/3997 3998/3998 3999/3999 4000/4000
usemtl white
v 0.601551 1.852307 0.478437
v 0.568872 1.863534 0.473691
v 0.580350 1.909469 0.481951
v 0.618476 1.896371 0.487488
vt 0.000000 0.000000
vt 1.000000 0.000000
vt 1.000000 1.000000
vt 0.000000 1.000000
f 4001/4001 4002/4002 4003/4003 4004/4004
usemtl dark
v 0.618476 1.896371 0.487488
v 0.580350 1.909469 0.481951
v 0.568872 1.863534 0.473691
v 0.601551 1.852307 0.478437
vt 0.000000 0.000000
vt 1.000000 0.000000
vt 1.000000 1.000000
vt 0.000000 1.000000
f 4005/4005 4006/4006 4007/4007 4008/4008
usemtl white
v 0.568872 1.863534 0.473691
v 0.534790 1.870363 0.470804
v 0.540588 1.917436 0.478582
v 0.580350 1.909469 0.481951
vt 0.000000 0.000000
vt 1.000000 0.000000
vt 1.000000 1.000000
vt 0.000000 1.000000
f 4009/4009 4010/4010 4011/4011 4012/4012
usemtl dark
v 0.580350 1.909469 0.481951
v 0.540588 1.917436 0.478582
v 0.534790 1.870363 0.470804
v 0.568872 1.863534 0.473691
vt 0.000000 0.000000
vt 1.000000 0.000000
vt 1.000000 1.000000
vt 0.000000 1.000000
f 4013/4013 4014/4014 4015/4015 4016/4016
usemtl white
v 0.534790 1.870363 0.470804
v 0.500000 1.872654 0.469835
v 0.500000 1.920110 0.477452
v 0.540588 1.917436 0.478582
vt 0.000000 0.000000
vt 1.000000 0.000000
vt 1.000000 1.000000
vt 0.000000 1.000000
f 4017/4017 4018/4018 4019/4019 4020/4020
usemtl dark
v 0.540588 1.917436 0.478582
v 0.500000 1.920110 0.477452
v 0.500000 1.872654 0.469835
v 0.534790 1.870363 0.470804
vt 0.000000 0.000000
vt 1.000000 0.000000
vt 1.000000 1.000000
vt 0.000000 1.000000
f 4021/4021 4022/4022 4023/4023 4024/4024
usemtl white
v 0.500000 1.872654 0.469835
v 0.465210 1.870363 0.470804
v 0.459412 1.917436 0.478582
v 0.500000 1.920110 0.477452
vt 0.000000 0.000000
vt 1.000000 0.000000
vt 1.000000 1.000000
vt 0.000000 1.000000
f 4025/4025 4026/4026 4027/4027 4028/4028
usemtl dark
v 0.500000 1.920110 0.477452
v 0.459412 1.917436 0.478582
v 0.465210 1.870363 0.470804
v 0.500000 1.872654 0.469835
vt 0.000000 0.000000
vt 1.000000 0.000000
vt 1.000000 1.000000
vt 0.000000 1.000000
f 4029/4029 4030/4030 4031/4031 4032/4032
usemtl white
v 0.465210 1.870363 0.470804
v 0.431128 1.863534 0.473691
v 0.419650 1.909469 0.481951
v 0.459412 1.917436 0.478582
vt 0.000000 0.000000
vt 1.000000 0.000000
vt 1.000000 1.000000
vt 0.000000 1.000000
f 4033/4033 4034/4034 4035/4035 4036/4036
usemtl dark
v 0.459412 1.917436 0.478582
v 0.419650 1.909469 0.481951
v 0.431128 1.863534 0.473691
v 0.465210 1.870363 0.470804
vt 0.000000 0.000000
vt 1.000000 0.000000
vt 1.000000 1.000000
vt 0.000000 1.000000
f 4037/4037 4038/4038 4039/4039 4040/4040
usemtl white
v 0.431128 1.863534 0.473691
v 0.398449 1.852307 0.478437
v 0.381524 1.896371 0.487488
v 0.419650 1.909469 0.481951
vt 0.000000 0.000000
vt 1.000000 0.000000
vt 1.000000 1.000000
vt 0.000000 1.000000
f 4041/4041 4042/4042 4043/4043 4044/4044
usemtl dark
v 0.419650 1.909469 0.481951
v 0.381524 1.896371 0.487488
v 0.398449 1.852307 0.478437
v 0.431128 1.863534 0.473691
vt 0.000000 0.000000
vt 1.000000 0.000000
vt 1.000000 1.000000
vt 0.000000 1.000000
f 4045/4045 4046/4046 4047/4047 4048/4048
usemtl white
v 0.398449 1.852307 0.478437
v 0.367836 1.836911 0.484947
v 0.345809 1.878409 0.495083
v 0.381524 1.896371 0.487488
vt 0.000000 0.000000
vt 1.000000 0.000000
vt 1.000000 1.000000
vt 0.000000 1.000000
f 4049/4049 4050/4050 4051/4051 4052/4052
usemtl dark
v 0.381524 1.896371 0.487488
v 0.345809 1.878409 0.495083
v 0.367836 1.836911 0.484947
v 0.398449 1.852307 0.478437
vt 0.000000 0.000000
vt 1.000000 0.000000
vt 1.000000 1.000000
vt 0.000000 1.000000
f 4053/4053 4054/4054 4055/4055 4056/4056
usemtl white
v 0.367836 1.836911 0.484947
v 0.339915 1.817659 0.493086
v 0.313234 1.855948 0.504579
v 0.345809 1.878409 0.495083
vt 0.000000 0.000000
vt 1.000000 0.000000
vt 1.000000 1.000000
vt 0.000000 1.000000
f 4057/4057 4058/4058 4059/4059 4060/4060
usemtl dark
v 0.345809 1.878409 0.495083
v 0.313234 1.855948 0.504579
v 0.339915 1.817659 0.493086
v 0.367836 1.836911 0.484947
vt 0.000000 0.000000
vt 1.000000 0.000000
vt 1.000000 1.000000
vt 0.000000 1.000000
f 4061/4061 4062/4062 4063/4063 4064/4064
usemtl white
v 0.339915 1.817659 0.493086
v 0.315252 1.794943 0.502690
v 0.284460 1.829446 0.515784
v 0.313234 1.855948 0.504579
vt 0.000000 0.000000
vt 1.000000 0.000000
vt 1.000000 1.000000
vt 0.000000 1.000000
f 4065/4065 4066/4066 4067/4067 4068/4068
usemtl dark
v 0.313234 1.855948 0.504579
v 0.284460 1.829446 0.515784
v 0.315252 1.794943 0.502690
v 0.339915 1.817659 0.493086
vt 0.000000 0.000000
vt 1.000000 0.000000
vt 1.000000 1.000000
vt 0.000000 1.000000
f 4069/4069 4070/4070 4071/4071 4072/4072
usemtl white
v 0.315252 1.794943 0.502690
v 0.294350 1.769225 0.513564
v 0.260074 1.799442 0.528469
v 0.284460 1.829446 0.515784
vt 0.000000 0.000000
vt 1.000000 0.000000
vt 1.000000 1.000000
vt 0.000000 1.000000
f 4073/4073 4074/4074 4075/4075 4076/4076
usemtl dark
v 0.284460 1.829446 0.515784
v 0.260074 1.799442 0.528469
v 0.294350 1.769225 0.513564
v 0.315252 1.794943 0.502690
vt 0.000000 0.000000
vt 1.000000 0.000000
vt 1.000000 1.000000
vt 0.000000 1.000000
f 4077/4077 4078/4078 4079/4079 4080/4080
usemtl white
v 0.294350 1.769225 0.513564
v 0.277634 1.741029 0.525485
v 0.240573 1.766547 0.542377
v 0.260074 1.799442 0.528469
vt 0.000000 0.000000
vt 1.000000 0.000000
vt 1.000000 1.000000
vt 0.000000 1.000000
f 4081/4081 4082/4082 4083/4083 4084/4084
usemtl dark
v 0.260074 1.799442 0.528469
v 0.240573 1.766547 0.542377
v 0.277634 1.741029 0.525485
v 0.294350 1.769225 0.513564
vt 0.000000 0.000000
vt 1.000000 0.000000
vt 1.000000 1.000000
vt 0.000000 1.000000
f 4085/4085 4086/4086 4087/4087 4088/4088
usemtl white
v 0.277634 1.741029 0.525485
v 0.265445 1.710929 0.538211
v 0.226353 1.731430 0.557224
v 0.240573 1.766547 0.542377
vt 0.000000 0.000000
vt 1.000000 0.000000
vt 1.000000 1.000000
vt 0.000000 1.000000
f 4089/4089 4090/4090 4091/4091 4092/4092
usemtl dark
v 0.240573 1.766547 0.542377
v 0.226353 1.731430 0.557224
v 0.265445 1.710929 0.538211
v 0.277634 1.741029 0.525485
vt 0.000000 0.000000
vt 1.000000 0.000000
vt 1.000000 1.000000
vt 0.000000 1.000000
f 4093/4093 4094/4094 4095/4095 4096/4096
usemtl white
v 0.265445 1.710929 0.538211
v 0.258031 1.679538 0.551483
v 0.217703 1.694807 0.572708
v 0.226353 1.731430 0.557224
vt 0.000000 0.000000
vt 1.000000 0.000000
vt 1.000000 1.000000
vt 0.000000 1.000000
f 4097/4097 4098/4098 4099/4099 4100/4100
usemtl dark
v 0.226353 1.731430 0.557224
v 0.217703 1.694807 0.572708
v 0.258031 1.679538 0.551483
v 0.265445 1.710929 0.538211
vt 0.000000 0.000000
vt 1.000000 0.000000
vt 1.000000 1.000000
vt 0.000000 1.000000
f 4101/4101 4102/4102 4103/4103 4104/4104
usemtl white
v 0.258031 1.679538 0.551483
v 0.255543 1.647495 0.565031
v 0.214800 1.657423 0.588514
v 0.217703 1.694807 0.572708
vt 0.000000 0.000000
vt 1.000000 0.000000
vt 1.000000 1.000000
vt 0.000000 1.000000
f 4105/4105 4106/4106 4107/4107 4108/4108
usemtl dark
v 0.217703 1.694807 0.572708
v 0.214800 1.657423 0.588514
v 0.255543 1.647495 0.565031
v 0.258031 1.679538 0.551483
vt 0.000000 0.000000
vt 1.000000 0.000000
vt 1.000000 1.000000
vt 0.000000 1.000000
f 4109/4109 4110/4110 4111/4111 4112/4112
usemtl white
v 0.255543 1.647495 0.565031
v 0.258031 1.615451 0.578578
v 0.217703 1.620039 0.604320
v 0.214800 1.657423 0.588514
vt 0.000000 0.000000
vt 1.000000 0.000000
vt 1.000000 1.000000
vt 0.000000 1.000000
f 4113/4113 4114/4114 4115/4115 4116/4116
usemtl dark
v 0.214800 1.657423 0.588514
v 0.217703 1.620039 0.604320
v 0.258031 1.615451 0.578578
v 0.255543 1.647495 0.565031
vt 0.000000 0.000000
vt 1.000000 0.000000
vt 1.000000 1.000000
vt 0.000000 1.000000
f 4117/4117 4118/4118 4119/4119 4120/4120
usemtl white
v 0.258031 1.615451 0.578578
v 0.265445 1.584060 0.591851
v 0.226353 1.583416 0.619804
v 0.217703 1.620039 0.604320
vt 0.000000 0.000000
vt 1.000000 0.000000
vt 1.000000 1.000000
vt 0.000000 1.000000
f 4121/4121 4122/4122 4123/4123 4124/4124
usemtl dark
v 0.217703 1.620039 0.604320
v 0.226353 1.583416 0.619804
v 0.265445 1.584060 0.591851
v 0.258031 1.615451 0.578578
vt 0.000000 0.000000
vt 1.000000 0.000000
vt 1.000000 1.000000
vt 0.000000 1.000000
f 4125/4125 4126/4126 4127/4127 4128/4128
usemtl white
v 0.265445 1.584060 0.591851
v 0.277634 1.553960 0.604577
v 0.240573 1.548299 0.634651
v 0.226353 1.583416 0.619804
vt 0.000000 0.000000
vt 1.000000 0.000000
vt 1.000000 1.000000
vt 0.000000 1.000000
f 4129/4129 4130/4130 4131/4131 4132/4132
usemtl dark
v 0.226353 1.583416 0.619804
v 0.240573 1.548299 0.634651
v 0.277634 1.553960 0.604577
v 0.265445 1.584060 0.591851
vt 0.000000 0.000000
vt 1.000000 0.000000
vt 1.000000 1.000000
vt 0.000000 1.000000
f 4133/4133 4134/4134 4135/4135 4136/4136
usemtl white
v 0.277634 1.553960 0.604577
v 0.294350 1.525764 0.616498
v 0.260074 1.515404 0.648559
v 0.240573 1.548299 0.634651
vt 0.000000 0.000000
vt 1.000000 0.000000
vt 1.000000 1.000000
vt 0.000000 1.000000
f 4137/4137 4138/4138 4139/4139 4140/4140
usemtl dark
v 0.240573 1.548299 0.634651
v 0.260074 1.515404 0.648559
v 0.294350 1.525764 0.616498
v 0.277634 1.553960 0.604577
vt 0.000000 0.000000
vt 1.000000 0.000000
vt 1.000000 1.000000
vt 0.000000 1.000000
f 4141/4141 4142/4142 4143/4143 4144/4144
usemtl white
v 0.294350 1.525764 0.616498
v 0.315252 1.500046 0.627371
v 0.284460 1.485400 0.661244
v 0.260074 1.515404 0.648559
vt 0.000000 0.000000
vt 1.000000 0.000000
vt 1.000000 1.000000
vt 0.000000 1.000000
f 4145/4145 4146/4146 4147/4147 4148/4148
usemtl dark
v 0.260074 1.515404 0.648559
v 0.284460 1.485400 0.661244
v 0.315252 1.500046 0.627371
v 0.294350 1.525764 0.616498
vt 0.000000 0.000000
vt 1.000000 0.000000
vt 1.000000 1.000000
vt 0.000000 1.000000
f 4149/4149 4150/4150 4151/4151 4152/4152
usemtl white
v 0.315252 1.500046 0.627371
v 0.339915 1.477330 0.636975
v 0.313234 1.458898 0.672449
v 0.284460 1.485400 0.661244
vt 0.000000 0.000000
vt 1.000000 0.000000
vt 1.000000 1.000000
vt 0.000000 1.000000
f 4153/4153 4154/4154 4155/4155 4156/4156
usemtl dark
v 0.284460 1.485400 0.661244
v 0.313234 1.458898 0.672449
v 0.339915 1.477330 0.636975
v 0.315252 1.500046 0.627371
vt 0.000000 0.000000
vt 1.000000 0.000000
vt 1.000000 1.000000
vt 0.000000 1.000000
f 4157/4157 4158/4158 4159/4159 4160/4160
usemtl white
v 0.339915 1.477330 0.636975
v 0.367836 1.458078 0.645115
v 0.345809 1.436437 0.681945
v 0.313234 1.458898 0.672449
vt 0.000000 0.000000
vt 1.000000 0.000000
vt 1.000000 1.000000
vt 0.000000 1.000000
f 4161/4161 4162/4162 4163/4163 4164/4164
usemtl dark
v 0.313234 1.458898 0.672449
v 0.345809 1.436437 0.681945
v 0.367836 1.458078 0.645115
v 0.339915 1.477330 0.636975
vt 0.000000 0.000000
vt 1.000000 0.000000
vt 1.000000 1.000000
vt 0.000000 1.000000
f 4165/4165 4166/4166 4167/4167 4168/4168
usemtl white
v 0.367836 1.458078 0.645115
v 0.398449 1.442682 0.651624
v 0.381524 1.418475 0.689540
v 0.345809 1.436437 0.681945
vt 0.000000 0.000000
vt 1.000000 0.000000
vt 1.000000 1.000000
vt 0.000000 1.000000
f 4169/4169 4170/4170 4171/4171 4172/4172
usemtl dark
v 0.345809 1.436437 0.681945
v 0.381524 1.418475 0.689540
v 0.398449 1.442682 0.651624
v 0.367836 1.458078 0.645115
vt 0.000000 0.000000
vt 1.000000 0.000000
vt 1.000000 1.000000
vt 0.000000 1.000000
f 4173/4173 4174/4174 4175/4175 4176/4176
usemtl white
v 0.398449 1.442682 0.651624
v 0.431128 1.431455 0.656371
v 0.419650 1.405377 0.695077
v 0.381524 1.418475 0.689540
vt 0.000000 0.000000
vt 1.000000 0.000000
vt 1.000000 1.000000
vt 0.000000 1.000000
f 4177/4177 4178/4178 4179/4179 4180/4180
usemtl dark
v 0.381524 1.418475 0.689540
v 0.419650 1.405377 0.695077
v 0.431128 1.431455 0.656371
v 0.398449 1.442682 0.651624
vt 0.000000 0.000000
vt 1.000000 0.000000
vt 1.000000 1.000000
vt 0.000000 1.000000
f 4181/4181 4182/4182 4183/4183 4184/4184
usemtl white
v 0.431128 1.431455 0.656371
v 0.465210 1.424626 0.659258
v 0.459412 1.397410 0.698446
v 0.419650 1.405377 0.695077
vt 0.000000 0.000000
vt 1.000000 0.000000
vt 1.000000 1.000000
vt 0.000000 1.000000
f 4185/4185 4186/4186 4187/4187 4188/4188
usemtl dark
v 0.419650 1.405377 0.695077
v 0.459412 1.397410 0.698446
v 0.465210 1.424626 0.659258
v 0.431128 1.431455 0.656371
vt 0.000000 0.000000
vt 1.000000 0.000000
vt 1.000000 1.000000
vt 0.000000 1.000000
f 4189/4189 4190/4190 4191/4191 4192/4192
usemtl white
v 0.465210 1.424626 0.659258
v 0.500000 1.422335 0.660227
v 0.500000 1.394737 0.699576
v 0.459412 1.397410 0.698446
vt 0.000000 0.000000
vt 1.000000 0.000000
vt 1.000000 1.000000
vt 0.000000 1.000000
f 4193/4193 4194/4194 4195/4195 4196/4196
usemtl dark
v 0.459412 1.397410 0.698446
v 0.500000 1.394737 0.699576
v 0.500000 1.422335 0.660227
v 0.465210 1.424626 0.659258
vt 0.000000 0.000000
vt 1.000000 0.000000
vt 1.000000 1.000000
vt 0.000000 1.000000
f 4197/4197 4198/4198 4199/4199 4200/4200
usemtl white
v 0.500000 1.422335 0.660227
v 0.534790 1.424626 0.659258
v 0.540588 1.397410 0.698446
v 0.500000 1.394737 0.699576
vt 0.000000 0.000000
vt 1.000000 0.000000
vt 1.000000 1.000000
vt 0.000000 1.000000
f 4201/4201 4202/4202 4203/4203 4204/4204
usemtl dark
v 0.500000 1.394737 0.699576
v 0.540588 1.397410 0.698446
v 0.534790 1.424626 0.659258
v 0.500000 1.422335 0.660227
vt 0.000000 0.000000
vt 1.000000 0.000000
vt 1.000000 1.000000
vt 0.000000 1.000000
f 4205/4205 4206/4206 4207/4207 4208/4208
usemtl white
v 0.534790 1.424626 0.659258
v 0.568872 1.431455 0.656371
v 0.580350 1.405377 0.695077
v 0.540588 1.397410 0.698446
vt 0.000000 0.000000
vt 1.000000 0.000000
vt 1.000000 1.000000
vt 0.000000 1.000000
f 4209/4209 4210/4210 4211/4211 4212/4212
usemtl dark
v 0.540588 1.397410 0.698446
v 0.580350 1.405377 0.695077
v 0.568872 1.431455 0.656371
v 0.534790 1.424626 0.659258
vt 0.000000 0.000000
vt 1.000000 0.000000
vt 1.000000 1.000000
vt 0.000000 1.000000
f 4213/4213 4214/4214 4215/4215 4216/4216
usemtl white
v 0.568872 1.431455 0.656371
v 0.601551 1.442682 0.651624
v 0.618476 1.418475 0.689540
v 0.580350 1.405377 0.695077
vt 0.000000 0.000000
vt 1.000000 0.000000
vt 1.000000 1.000000
vt 0.000000 1.000000
f 4217/4217 4218/4218 4219/4219 4220/4220
usemtl dark
v 0.580350 1.405377 0.695077
v 0.618476 1.418475 0.689540
v 0.601551 1.442682 0.651624
v 0.568872 1.431455 0.656371
vt 0.000000 0.000000
vt 1.000000 0.000000
vt 1.000000 1.000000
vt 0.000000 1.000000
f 4221/4221 4222/4222 4223/4223 4224/4224
usemtl white
v 0.601551 1.442682 0.651624
v 0.632164 1.458078 0.645115
v 0.654191 1.436437 0.681945
v 0.618476 1.418475 0.689540
vt 0.000000 0.000000
vt 1.000000 0.000000
vt 1.000000 1.000000
vt 0.000000 1.000000
f 4225/4225 4226/4226 4227/4227 4228/4228
usemtl dark
v 0.618476 1.418475 0.689540
v 0.654191 1.436437 0.681945
v 0.632164 1.458078 0.645115
v 0.601551 1.442682 0.651624
vt 0.000000 0.000000
vt 1.000000 0.000000
vt 1.000000 1.000000
vt 0.000000 1.000000
f 4229/4229 4230/4230 4231/4231 4232/4232
usemtl white
v 0.632164 1.458078 0.645115
v 0.660085 1.477330 0.636975
v 0.686766 1.458898 0.672449
v 0.654191 1.436437 0.681945
vt 0.000000 0.000000
vt 1.000000 0.000000
vt 1.000000 1.000000
vt 0.000000 1.000000
f 4233/4233 4234/4234 4235/4235 4236/4236
usemtl dark
v 0.654191 1.436437 0.681945
v 0.686766 1.458898 0.672449
v 0.660085 1.477330 0.636975
v 0.632164 1.458078 0.645115
vt 0.000000 0.000000
vt 1.000000 0.000000
vt 1.000000 1.000000
vt 0.000000 1.000000
f 4237/4237 4238/4238 4239/4239 4240/4240
usemtl white
v 0.660085 1.477330 0.636975
v 0.684748 1.500046 0.627371
v 0.715540 1.485400 0.661244
v 0.686766 1.458898 0.672449
vt 0.000000 0.000000
vt 1.000000 0.000000
vt 1.000000 1.000000
vt 0.000000 1.000000
f 4241/4241 4242/4242 4243/4243 4244/4244
usemtl dark
v 0.686766 1.458898 0.672449
v 0.715540 1.485400 0.661244
v 0.684748 1.500046 0.627371
v 0.660085 1.477330 0.636975
vt 0.000000 0.000000
vt 1.000000 0.000000
vt 1.000000 1.000000
vt 0.000000 1.000000
f 4245/4245 4246/4246 4247/4247 4248/4248
usemtl white
v 0.684748 1.500046 0.627371
v 0.705650 1.525764 0.616498
v 0.739926 1.515404 0.648559
v 0.715540 1.485400 0.661244
vt 0.000000 0.000000
vt 1.000000 0.000000
vt 1.000000 1.000000
vt 0.000000 1.000000
f 4249/4249 4250/4250 4251/4251 4252/4252
usemtl dark
v 0.715540 1.485400 0.661244
v 0.739926 1.515404 0.648559
v 0.705650 1.525764 0.616498
v 0.684748 1.500046 0.627371
vt 0.000000 0.000000
vt 1.000000 0.000000
vt 1.000000 1.000000
vt 0.000000 1.000000
f 4253/4253 4254/4254 4255/4255 4256/4256
usemtl white
v 0.705650 1.525764 0.616498
v 0.722366 1.553960 0.604577
v 0.759427 1.548299 0.634651
v 0.739926 1.515404 0.648559
vt 0.000000 0.000000
vt 1.000000 0.000000
vt 1.000000 1.000000
vt 0.000000 1.000000
f 4257/4257 4258/4258 4259/4259 4260/4260
usemtl dark
v 0.739926 1.515404 0.648559
v 0.759427 1.548299 0.634651
v 0.722366 1.553960 0.604577
v 0.705650 1.525764 0.616498
vt 0.000000 0.000000
vt 1.000000 0.000000
vt 1.000000 1.000000
vt 0.000000 1.000000
f 4261/4261 4262/4262 4263/4263 4264/4264
usemtl white
v 0.722366 1.553960 0.604577
v 0.734555 1.584060 0.591851
v 0.773647 1.583416 0.619804
v 0.759427 1.548299 0.634651
vt 0.000000 0.000000
vt 1.000000 0.000000
vt 1.000000 1.000000
vt 0.000000 1.000000
f 4265/4265 4266/4266 4267/4267 4268/4268
usemtl dark
v 0.759427 1.548299 0.634651
v 0.773647 1.583416 0.619804
v 0.734555 1.584060 0.591851
v 0.722366 1.553960 0.604577
vt 0.000000 0.000000
vt 1.000000 0.000000
vt 1.000000 1.000000
vt 0.000000 1.000000
f 4269/4269 4270/4270 4271/4271 4272/4272
usemtl white
v 0.734555 1.584060 0.591851
v 0.741969 1.615451 0.578578
v 0.782297 1.620039 0.604320
v 0.773647 1.583416 0.619804
vt 0.000000 0.000000
vt 1.000000 0.000000
vt 1.000000 1.000000
vt 0.000000 1.000000
f 4273/4273 4274/4274 4275/4275 4276/4276
usemtl dark
v 0.773647 1.583416 0.619804
v 0.782297 1.620039 0.604320
v 0.741969 1.615451 0.578578
v 0.734555 1.584060 0.591851
vt 0.000000 0.000000
vt 1.000000 0.000000
vt 1.000000 1.000000
vt 0.000000 1.000000
f 4277/4277 4278/4278 4279/4279 4280/4280
usemtl white
v 0.741969 1.615451 0.578578
v 0.744457 1.647495 0.565031
v 0.785200 1.657423 0.588514
v 0.782297 1.620039 0.604320
vt 0.000000 0.000000
vt 1.000000 0.000000
vt 1.000000 1.000000
vt 0.000000 1.000000
f 4281/4281 4282/4282 4283/4283 4284/4284
usemtl dark
v 0.782297 1.620039 0.604320
v 0.785200 1.657423 0.588514
v 0.744457 1.647495 0.565031
v 0.741969 1.615451 0.578578
vt 0.000000 0.000000
vt 1.000000 0.000000
vt 1.000000 1.000000
vt 0.000000 1.000000
f 4285/4285 4286/4286 4287/4287 4288/4288
usemtl white
v 0.785200 1.657423 0.588514
v 0.782297 1.694807 0.572708
v 0.822625 1.711604 0.597546
v 0.825943 1.668879 0.615610
vt 0.000000 0.000000
vt 1.000000 0.000000
vt 1.000000 1.000000
vt 0.000000 1.000000
f 4289/4289 4290/4290 4291/4291 4292/4292
usemtl dark
v 0.825943 1.668879 0.615610
v 0.822625 1.711604 0.597546
v 0.782297 1.694807 0.572708
v 0.785200 1.657423 0.588514
vt 0.000000 0.000000
vt 1.000000 0.000000
vt 1.000000 1.000000
vt 0.000000 1.000000
f 4293/4293 4294/4294 4295/4295 4296/4296
usemtl white
v 0.782297 1.694807 0.572708
v 0.773647 1.731430 0.557224
v 0.812740 1.753459 0.579850
v 0.822625 1.711604 0.597546
vt 0.000000 0.000000
vt 1.000000 0.000000
vt 1.000000 1.000000
vt 0.000000 1.000000
f 4297/4297 4298/4298 4299/4299 4300/4300
usemtl dark
v 0.822625 1.711604 0.597546
v 0.812740 1.753459 0.579850
v 0.773647 1.731430 0.557224
v 0.782297 1.694807 0.572708
vt 0.000000 0.000000
vt 1.000000 0.000000
vt 1.000000 1.000000
vt 0.000000 1.000000
f 4301/4301 4302/4302 4303/4303 4304/4304
usemtl white
v 0.773647 1.731430 0.557224
v 0.759427 1.766547 0.542377
v 0.796488 1.793592 0.562882
v 0.812740 1.753459 0.579850
vt 0.000000 0.000000
vt 1.000000 0.000000
vt 1.000000 1.000000
vt 0.000000 1.000000
f 4305/4305 4306/4306 4307/4307 4308/4308
usemtl dark
v 0.812740 1.753459 0.579850
v 0.796488 1.793592 0.562882
v 0.759427 1.766547 0.542377
v 0.773647 1.731430 0.557224
vt 0.000000 0.000000
vt 1.000000 0.000000
vt 1.000000 1.000000
vt 0.000000 1.000000
f 4309/4309 4310/4310 4311/4311 4312/4312
usemtl white
v 0.759427 1.766547 0.542377
v 0.739926 1.799442 0.528469
v 0.774201 1.831187 0.546988
v 0.796488 1.793592 0.562882
vt 0.000000 0.000000
vt 1.000000 0.000000
vt 1.000000 1.000000
vt 0.000000 1.000000
f 4313/4313 4314/4314 4315/4315 4316/4316
usemtl dark
v 0.796488 1.793592 0.562882
v 0.774201 1.831187 0.546988
v 0.739926 1.799442 0.528469
v 0.759427 1.766547 0.542377
vt 0.000000 0.000000
vt 1.000000 0.000000
vt 1.000000 1.000000
vt 0.000000 1.000000
f 4317/4317 4318/4318 4319/4319 4320/4320
usemtl white
v 0.739926 1.799442 0.528469
v 0.715540 1.829446 0.515784
v 0.746331 1.865477 0.532490
v 0.774201 1.831187 0.546988
vt 0.000000 0.000000
vt 1.000000 0.000000
vt 1.000000 1.000000
vt 0.000000 1.000000
f 4321/4321 4322/4322 4323/4323 4324/4324
usemtl dark
v 0.774201 1.831187 0.546988
v 0.746331 1.865477 0.532490
v 0.715540 1.829446 0.515784
v 0.739926 1.799442 0.528469
vt 0.000000 0.000000
vt 1.000000 0.000000
vt 1.000000 1.000000
vt 0.000000 1.000000
f 4325/4325 4326/4326 4327/4327 4328/4328
usemtl white
v 0.715540 1.829446 0.515784
v 0.686766 1.855948 0.504579
v 0.713447 1.895765 0.519684
v 0.746331 1.865477 0.532490
vt 0.000000 0.000000
vt 1.000000 0.000000
vt 1.000000 1.000000
vt 0.000000 1.000000
f 4329/4329 4330/4330 4331/4331 4332/4332
usemtl dark
v 0.746331 1.865477 0.532490
v 0.713447 1.895765 0.519684
v 0.686766 1.855948 0.504579
v 0.715540 1.829446 0.515784
vt 0.000000 0.000000
vt 1.000000 0.000000
vt 1.000000 1.000000
vt 0.000000 1.000000
f 4333/4333 4334/4334 4335/4335 4336/4336
usemtl white
v 0.686766 1.855948 0.504579
v 0.654191 1.878409 0.495083
v 0.676218 1.921435 0.508831
v 0.713447 1.895765 0.519684
vt 0.000000 0.000000
vt 1.000000 0.000000
vt 1.000000 1.000000
vt 0.000000 1.000000
f 4337/4337 4338/4338 4339/4339 4340/4340
usemtl dark
v 0.713447 1.895765 0.519684
v 0.676218 1.921435 0.508831
v 0.654191 1.878409 0.495083
v 0.686766 1.855948 0.504579
vt 0.000000 0.000000
vt 1.000000 0.000000
vt 1.000000 1.000000
vt 0.000000 1.000000
f 4341/4341 4342/4342 4343/4343 4344/4344
usemtl white
v 0.654191 1.878409 0.495083
v 0.618476 1.896371 0.487488
v 0.635402 1.941963 0.500152
v 0.676218 1.921435 0.508831
vt 0.000000 0.000000
vt 1.000000 0.000000
vt 1.000000 1.000000
vt 0.000000 1.000000
f 4345/4345 4346/4346 4347/4347 4348/4348
usemtl dark
v 0.676218 1.921435 0.508831
v 0.635402 1.941963 0.500152
v 0.618476 1.896371 0.487488
v 0.654191 1.878409 0.495083
vt 0.000000 0.000000
vt 1.000000 0.000000
vt 1.000000 1.000000
vt 0.000000 1.000000
f 4349/4349 4350/4350 4351/4351 4352/4352
usemtl white
v 0.618476 1.896371 0.487488
v 0.580350 1.909469 0.481951
v 0.591829 1.956932 0.493823
v 0.635402 1.941963 0.500152
vt 0.000000 0.000000
vt 1.000000 0.000000
vt 1.000000 1.000000
vt 0.000000 1.000000
f 4353/4353 4354/4354 4355/4355 4356/4356
usemtl dark
v 0.635402 1.941963 0.500152
v 0.591829 1.956932 0.493823
v 0.580350 1.909469 0.481951
v 0.618476 1.896371 0.487488
vt 0.000000 0.000000
vt 1.000000 0.000000
vt 1.000000 1.000000
vt 0.000000 1.000000
f 4357/4357 4358/4358 4359/4359 4360/4360
usemtl white
v 0.580350 1.909469 0.481951
v 0.540588 1.917436 0.478582
v 0.546387 1.966037 0.489974
v 0.591829 1.956932 0.493823
vt 0.000000 0.000000
vt 1.000000 0.000000
vt 1.000000 1.000000
vt 0.000000 1.000000
f 4361/4361 4362/4362 4363/4363 4364/4364
usemtl dark
v 0.591829 1.956932 0.493823
v 0.546387 1.966037 0.489974
v 0.540588 1.917436 0.478582
v 0.580350 1.909469 0.481951
vt 0.000000 0.000000
vt 1.000000 0.000000
vt 1.000000 1.000000
vt 0.000000 1.000000
f 4365/4365 4366/4366 4367/4367 4368/4368
usemtl white
v 0.540588 1.917436 0.478582
v 0.500000 1.920110 0.477452
v 0.500000 1.969092 0.488682
v 0.546387 1.966037 0.489974
vt 0.000000 0.000000
vt 1.000000 0.000000
vt 1.000000 1.000000
vt 0.000000 1.000000
f 4369/4369 4370/4370 4371/4371 4372/4372
usemtl dark
v 0.546387 1.966037 0.489974
v 0.500000 1.969092 0.488682
v 0.500000 1.920110 0.477452
v 0.540588 1.917436 0.478582
vt 0.000000 0.000000
vt 1.000000 0.000000
vt 1.000000 1.000000
vt 0.000000 1.000000
f 4373/4373 4374/4374 4375/4375 4376/4376
usemtl white
v 0.500000 1.920110 0.477452
v 0.459412 1.917436 0.478582
v 0.453613 1.966037 0.489974
v 0.500000 1.969092 0.488682
vt 0.000000 0.000000
vt 1.000000 0.000000
vt 1.000000 1.000000
vt 0.000000 1.000000
f 4377/4377 4378/4378 4379/4379 4380/4380
usemtl dark
v 0.500000 1.969092 0.488682
v 0.453613 1.966037 0.489974
v 0.459412 1.917436 0.478582
v 0.500000 1.920110 0.477452
vt 0.000000 0.000000
vt 1.000000 0.000000
vt 1.000000 1.000000
vt 0.000000 1.000000
f 4381/4381 4382/4382 4383/4383 4384/4384
usemtl white
v 0.459412 1.917436 0.478582
v 0.419650 1.909469 0.481951
v 0.408171 1.956932 0.493823
v 0.453613 1.966037 0.489974
vt 0.000000 0.000000
vt 1.000000 0.000000
vt 1.000000 1.000000
vt 0.000000 1.000000
f 4385/4385 4386/4386 4387/4387 4388/4388
usemtl dark
v 0.453613 1.966037 0.489974
v 0.408171 1.956932 0.493823
v 0.419650 1.909469 0.481951
v 0.459412 1.917436 0.478582
vt 0.000000 0.000000
vt 1.000000 0.000000
vt 1.000000 1.000000
vt 0.000000 1.000000
f 4389/4389 4390/4390 4391/4391 4392/4392
usemtl white
v 0.419650 1.909469 0.481951
v 0.381524 1.896371 0.487488
v 0.364598 1.941963 0.500152
v 0.408171 1.956932 0.493823
vt 0.000000 0.000000
vt 1.000000 0.000000
vt 1.000000 1.000000
vt 0.000000 1.000000
f 4393/4393 4394/4394 4395/4395 4396/4396
usemtl dark
v 0.408171 1.956932 0.493823
v 0.364598 1.941963 0.500152
v 0.381524 1.896371 0.487488
v 0.419650 1.909469 0.481951
vt 0.000000 0.000000
vt 1.000000 0.000000
vt 1.000000 1.000000
vt 0.000000 1.000000
f 4397/4397 4398/4398 4399/4399 4400/4400
usemtl white
v 0.381524 1.896371 0.487488
v 0.345809 1.878409 0.495083
v 0.323782 1.921435 0.508831
v 0.364598 1.941963 0.500152
vt 0.000000 0.000000
vt 1.000000 0.000000
vt 1.000000 1.000000
vt 0.000000 1.000000
f 4401/4401 4402/4402 4403/4403 4404/4404
usemtl dark
v 0.364598 1.941963 0.500152
v 0.323782 1.921435 0.508831
v 0.345809 1.878409 0.495083
v 0.381524 1.896371 0.487488
vt 0.000000 0.000000
vt 1.000000 0.000000
vt 1.000000 1.000000
vt 0.000000 1.000000
f 4405/4405 4406/4406 4407/4407 4408/4408
usemtl white
v 0.345809 1.878409 0.495083
v 0.313234 1.855948 0.504579
v 0.286553 1.895765 0.519684
v 0.323782 1.921435 0.508831
vt 0.000000 0.000000
vt 1.000000 0.000000
vt 1.000000 1.000000
vt 0.000000 1.000000
f 4409/4409 4410/4410 4411/4411 4412/4412
usemtl dark
v 0.323782 1.921435 0.508831
v 0.286553 1.895765 0.519684
v 0.313234 1.855948 0.504579
v 0.345809 1.878409 0.495083
vt 0.000000 0.000000
vt 1.000000 0.000000
vt 1.000000 1.000000
vt 0.000000 1.000000
f 4413/4413 4414/4414 4415/4415 4416/4416
usemtl white
v 0.313234 1.855948 0.504579
v 0.284460 1.829446 0.515784
v 0.253669 1.865477 0.532490
v 0.286553 1.895765 0.519684
vt 0.000000 0.000000
vt 1.000000 0.000000
vt 1.000000 1.000000
vt 0.000000 1.000000
f 4417/4417 4418/4418 4419/4419 4420/4420
usemtl dark
v 0.286553 1.895765 0.519684
v 0.253669 1.865477 0.532490
v 0.284460 1.829446 0.515784
v 0.313234 1.855948 0.504579
vt 0.000000 0.000000
vt 1.000000 0.000000
vt 1.000000 1.000000
vt 0.000000 1.000000
f 4421/4421 4422/4422 4423/4423 4424/4424
usemtl white
v 0.284460 1.829446 0.515784
v 0.260074 1.799442 0.528469
v 0.225799 1.831187 0.546988
v 0.253669 1.865477 0.532490
vt 0.000000 0.000000
vt 1.000000 0.000000
vt 1.000000 1.000000
vt 0.000000 1.000000
f 4425/4425 4426/4426 4427/4427 4428/4428
usemtl dark
v 0.253669 1.865477 0.532490
v 0.225799 1.831187 0.546988
v 0.260074 1.799442 0.528469
v 0.284460 1.829446 0.515784
vt 0.000000 0.000000
vt 1.000000 0.000000
vt 1.000000 1.000000
vt 0.000000 1.000000
f 4429/4429 4430/4430 4431/4431 4432/4432
usemtl white
v 0.260074 1.799442 0.528469
v 0.240573 1.766547 0.542377
v 0.203512 1.793592 0.562882
v 0.225799 1.831187 0.546988
vt 0.000000 0.000000
vt 1.000000 0.000000
vt 1.000000 1.000000
vt 0.000000 1.000000
f 4433/4433 4434/4434 4435/4435 4436/4436
usemtl dark
v 0.225799 1.831187 0.546988
v 0.203512 1.793592 0.562882
v 0.240573 1.766547 0.542377
v 0.260074 1.799442 0.528469
vt 0.000000 0.000000
vt 1.000000 0.000000
vt 1.000000 1.000000
vt 0.000000 1.000000
f 4437/4437 4438/4438 4439/4439 4440/4440
usemtl white
v 0.240573 1.766547 0.542377
v 0.226353 1.731430 0.557224
v 0.187260 1.753459 0.579850
v 0.203512 1.793592 0.562882
vt 0.000000 0.000000
vt 1.000000 0.000000
vt 1.000000 1.000000
vt 0.000000 1.000000
f 4441/4441 4442/4442 4443/4443 4444/4444
usemtl dark
v 0.203512 1.793592 0.562882
v 0.187260 1.753459 0.579850
v 0.226353 1.731430 0.557224
v 0.240573 1.766547 0.542377
vt 0.000000 0.000000
vt 1.000000 0.000000
vt 1.000000 1.000000
vt 0.000000 1.000000
f 4445/4445 4446/4446 4447/4447 4448/4448
usemtl white
v 0.226353 1.731430 0.557224
v 0.217703 1.694807 0.572708
v 0.177375 1.711604 0.597546
v 0.187260 1.753459 0.579850
vt 0.000000 0.000000
vt 1.000000 0.000000
vt 1.000000 1.000000
vt 0.000000 1.000000
f 4449/4449 4450/4450 4451/4451 4452/4452
usemtl dark
v 0.187260 1.753459 0.579850
v 0.177375 1.711604 0.597546
v 0.217703 1.694807 0.572708
v 0.226353 1.731430 0.557224
vt 0.000000 0.000000
vt 1.000000 0.000000
vt 1.000000 1.000000
vt 0.000000 1.000000
f 4453/4453 4454/4454 4455/4455 4456/4456
usemtl white
v 0.217703 1.694807 0.572708
v 0.214800 1.657423 0.588514
v 0.174057 1.668879 0.615610
v 0.177375 1.711604 0.597546
vt 0.000000 0.000000
vt 1.000000 0.000000
vt 1.000000 1.000000
vt 0.000000 1.000000
f 4457/4457 4458/4458 4459/4459 4460/4460
usemtl dark
v 0.177375 1.711604 0.597546
v 0.174057 1.668879 0.615610
v 0.214800 1.657423 0.588514
v 0.217703 1.694807 0.572708
vt 0.000000 0.000000
vt 1.000000 0.000000
vt 1.000000 1.000000
vt 0.000000 1.000000
f 4461/4461 4462/4462 4463/4463 4464/4464
usemtl white
v 0.214800 1.657423 0.588514
v 0.217703 1.620039 0.604320
v 0.177375 1.626154 0.633674
v 0.174057 1.668879 0.615610
vt 0.000000 0.000000
vt 1.000000 0.000000
vt 1.000000 1.000000
vt 0.000000 1.000000
f 4465/4465 4466/4466 4467/4467 4468/4468
usemtl dark
v 0.174057 1.668879 0.615610
v 0.177375 1.626154 0.633674
v 0.217703 1.620039 0.604320
v 0.214800 1.657423 0.588514
vt 0.000000 0.000000
vt 1.000000 0.000000
vt 1.000000 1.000000
vt 0.000000 1.000000
f 4469/4469 4470/4470 4471/4471 4472/4472
usemtl white
v 0.217703 1.620039 0.604320
v 0.226353 1.583416 0.619804
v 0.187260 1.584299 0.651370
v 0.177375 1.626154 0.633674
vt 0.000000 0.000000
vt 1.000000 0.000000
vt 1.000000 1.000000
vt 0.000000 1.000000
f 4473/4473 4474/4474 4475/4475 4476/4476
usemtl dark
v 0.177375 1.626154 0.633674
v 0.187260 1.584299 0.651370
v 0.226353 1.583416 0.619804
v 0.217703 1.620039 0.604320
vt 0.000000 0.000000
vt 1.000000 0.000000
vt 1.000000 1.000000
vt 0.000000 1.000000
f 4477/4477 4478/4478 4479/4479 4480/4480
usemtl white
v 0.226353 1.583416 0.619804
v 0.240573 1.548299 0.634651
v 0.203512 1.544166 0.668338
v 0.187260 1.584299 0.651370
vt 0.000000 0.000000
vt 1.000000 0.000000
vt 1.000000 1.000000
vt 0.000000 1.000000
f 4481/4481 4482/4482 4483/4483 4484/4484
usemtl dark
v 0.187260 1.584299 0.651370
v 0.203512 1.544166 0.668338
v 0.240573 1.548299 0.634651
v 0.226353 1.583416 0.619804
vt 0.000000 0.000000
vt 1.000000 0.000000
vt 1.000000 1.000000
vt 0.000000 1.000000
f 4485/4485 4486/4486 4487/4487 4488/4488
usemtl white
v 0.240573 1.548299 0.634651
v 0.260074 1.515404 0.648559
v 0.225799 1.506572 0.684233
v 0.203512 1.544166 0.668338
vt 0.000000 0.000000
vt 1.000000 0.000000
vt 1.000000 1.000000
vt 0.000000 1.000000
f 4489/4489 4490/4490 4491/4491 4492/4492
usemtl dark
v 0.203512 1.544166 0.668338
v 0.225799 1.506572 0.684233
v 0.260074 1.515404 0.648559
v 0.240573 1.548299 0.634651
vt 0.000000 0.000000
vt 1.000000 0.000000
vt 1.000000 1.000000
vt 0.000000 1.000000
f 4493/4493 4494/4494 4495/4495 4496/4496
usemtl white
v 0.260074 1.515404 0.648559
v 0.284460 1.485400 0.661244
v 0.253669 1.472281 0.698730
v 0.225799 1.506572 0.684233
vt 0.000000 0.000000
vt 1.000000 0.000000
vt 1.000000 1.000000
vt 0.000000 1.000000
f 4497/4497 4498/4498 4499/4499 4500/4500
usemtl dark
v 0.225799 1.506572 0.684233
v 0.253669 1.472281 0.698730
v 0.284460 1.485400 0.661244
v 0.260074 1.515404 0.648559
vt 0.000000 0.000000
vt 1.000000 0.000000
vt 1.000000 1.000000
vt 0.000000 1.000000
f 4501/4501 4502/4502 4503/4503 4504/4504
usemtl white
v 0.284460 1.485400 0.661244
v 0.313234 1.458898 0.672449
v 0.286553 1.441993 0.711536
v 0.253669 1.472281 0.698730
vt 0.000000 0.000000
vt 1.000000 0.000000
vt 1.000000 1.000000
vt 0.000000 1.000000
f 4505/4505 4506/4506 4507/4507 4508/4508
usemtl dark
v 0.253669 1.472281 0.698730
v 0.286553 1.441993 0.711536
v 0.313234 1.458898 0.672449
v 0.284460 1.485400 0.661244
vt 0.000000 0.000000
vt 1.000000 0.000000
vt 1.000000 1.000000
vt 0.000000 1.000000
f 4509/4509 4510/4510 4511/4511 4512/4512
usemtl white
v 0.313234 1.458898 0.672449
v 0.345809 1.436437 0.681945
v 0.323782 1.416324 0.722389
v 0.286553 1.441993 0.711536
vt 0.000000 0.000000
vt 1.000000 0.000000
vt 1.000000 1.000000
vt 0.000000 1.000000
f 4513/4513 4514/4514 4515/4515 4516/4516
usemtl dark
v 0.286553 1.441993 0.711536
v 0.323782 1.416324 0.722389
v 0.345809 1.436437 0.681945
v 0.313234 1.458898 0.672449
vt 0.000000 0.000000
vt 1.000000 0.000000
vt 1.000000 1.000000
vt 0.000000 1.000000
f 4517/4517 4518/4518 4519/4519 4520/4520
usemtl white
v 0.345809 1.436437 0.681945
v 0.381524 1.418475 0.689540
v 0.364598 1.395796 0.731068
v 0.323782 1.416324 0.722389
vt 0.000000 0.000000
vt 1.000000 0.000000
vt 1.000000 1.000000
vt 0.000000 1.000000
f 4521/4521 4522/4522 4523/4523 4524/4524
usemtl dark
v 0.323782 1.416324 0.722389
v 0.364598 1.395796 0.731068
v 0.381524 1.418475 0.689540
v 0.345809 1.436437 0.681945
vt 0.000000 0.000000
vt 1.000000 0.000000
vt 1.000000 1.000000
vt 0.000000 1.000000
f 4525/4525 4526/4526 4527/4527 4528/4528
usemtl white
v 0.381524 1.418475 0.689540
v 0.419650 1.405377 0.695077
v 0.408171 1.380827 0.737397
v 0.364598 1.395796 0.731068
vt 0.000000 0.000000
vt 1.000000 0.000000
vt 1.000000 1.000000
vt 0.000000 1.000000
f 4529/4529 4530/4530 4531/4531 4532/4532
usemtl dark
v 0.364598 1.395796 0.731068
v 0.408171 1.380827 0.737397
v 0.419650 1.405377 0.695077
v 0.381524 1.418475 0.689540
vt 0.000000 0.000000
vt 1.000000 0.000000
vt 1.000000 1.000000
vt 0.000000 1.000000
f 4533/4533 4534/4534 4535/4535 4536/4536
usemtl white
v 0.419650 1.405377 0.695077
v 0.459412 1.397410 0.698446
v 0.453613 1.371722 0.741246
v 0.408171 1.380827 0.737397
vt 0.000000 0.000000
vt 1.000000 0.000000
vt 1.000000 1.000000
vt 0.000000 1.000000
f 4537/4537 4538/4538 4539/4539 4540/4540
usemtl dark
v 0.408171 1.380827 0.737397
v 0.453613 1.371722 0.741246
v 0.459412 1.397410 0.698446
v 0.419650 1.405377 0.695077
vt 0.000000 0.000000
vt 1.000000 0.000000
vt 1.000000 1.000000
vt 0.000000 1.000000
f 4541/4541 4542/4542 4543/4543 4544/4544
usemtl white
v 0.459412 1.397410 0.698446
v 0.500000 1.394737 0.699576
v 0.500000 1.368666 0.742538
v 0.453613 1.371722 0.741246
vt 0.000000 0.000000
vt 1.000000 0.000000
vt 1.000000 1.000000
vt 0.000000 1.000000
f 4545/4545 4546/4546 4547/4547 4548/4548
usemtl dark
v 0.453613 1.371722 0.741246
v 0.500000 1.368666 0.742538
v 0.500000 1.394737 0.699576
v 0.459412 1.397410 0.698446
vt 0.000000 0.000000
vt 1.000000 0.000000
vt 1.000000 1.000000
vt 0.000000 1.000000
f 4549/4549 4550/4550 4551/4551 4552/4552
usemtl white
v 0.500000 1.394737 0.699576
v 0.540588 1.397410 0.698446
v 0.546387 1.371722 0.741246
v 0.500000 1.368666 0.742538
vt 0.000000 0.000000
vt 1.000000 0.000000
vt 1.000000 1.000000
vt 0.000000 1.000000
f 4553/4553 4554/4554 4555/4555 4556/4556
usemtl dark
v 0.500000 1.368666 0.742538
v 0.546387 1.371722 0.741246
v 0.540588 1.397410 0.698446
v 0.500000 1.394737 0.699576
vt 0.000000 0.000000
vt 1.000000 0.000000
vt 1.000000 1.000000
vt 0.000000 1.000000
f 4557/4557 4558/4558 4559/4559 4560/4560
usemtl white
v 0.540588 1.397410 0.698446
v 0.580350 1.405377 0.695077
v 0.591829 1.380827 0.737397
v 0.546387 1.371722 0.741246
vt 0.000000 0.000000
vt 1.000000 0.000000
vt 1.000000 1.000000
vt 0.000000 1.000000
f 4561/4561 4562/4562 4563/4563 4564/4564
usemtl dark
v 0.546387 1.371722 0.741246
v 0.591829 1.380827 0.737397
v 0.580350 1.405377 0.695077
v 0.540588 1.397410 0.698446
vt 0.000000 0.000000
vt 1.000000 0.000000
vt 1.000000 1.000000
vt 0.000000 1.000000
f 4565/4565 4566/4566 4567/4567 4568/4568
usemtl white
v 0.580350 1.405377 0.695077
v 0.618476 1.418475 0.689540
v 0.635402 1.395796 0.731068
v 0.591829 1.380827 0.737397
vt 0.000000 0.000000
vt 1.000000 0.000000
vt 1.000000 1.000000
vt 0.000000 1.000000
f 4569/4569 4570/4570 4571/4571 4572/4572
usemtl dark
v 0.591829 1.380827 0.737397
v 0.635402 1.395796 0.731068
v 0.618476 1.418475 0.689540
v 0.580350 1.405377 0.695077
vt 0.000000 0.000000
vt 1.000000 0.000000
vt 1.000000 1.000000
vt 0.000000 1.000000
f 4573/4573 4574/4574 4575/4575 4576/4576
usemtl white
v 0.618476 1.418475 0.689540
v 0.654191 1.436437 0.681945
v 0.676218 1.416324 0.722389
v 0.635402 1.395796 0.731068
vt 0.000000 0.000000
vt 1.000000 0.000000
vt 1.000000 1.000000
vt 0.000000 1.000000
f 4577/4577 4578/4578 4579/4579 4580/4580
usemtl dark
v 0.635402 1.395796 0.731068
v 0.676218 1.416324 0.722389
v 0.654191 1.436437 0.681945
v 0.618476 1.418475 0.689540
vt 0.000000 0.000000
vt 1.000000 0.000000
vt 1.000000 1.000000
vt 0.000000 1.000000
f 4581/4581 4582/4582 4583/4583 4584/4584
usemtl white
v 0.654191 1.436437 0.681945
v 0.686766 1.458898 0.672449
v 0.713447 1.441993 0.711536
v 0.676218 1.416324 0.722389
vt 0.000000 0.000000
vt 1.000000 0.000000
vt 1.000000 1.000000
vt 0.000000 1.000000
f 4585/4585 4586/4586 4587/4587 4588/4588
usemtl dark
v 0.676218 1.416324 0.722389
v 0.713447 1.441993 0.711536
v 0.686766 1.458898 0.672449
v 0.654191 1.436437 0.681945
vt 0.000000 0.000000
vt 1.000000 0.000000
vt 1.000000 1.000000
vt 0.000000 1.000000
f 4589/4589 4590/4590 4591/4591 4592/4592
usemtl white
v 0.686766 1.458898 0.672449
v 0.715540 1.485400 0.661244
v 0.746331 1.472281 0.698730
v 0.713447 1.441993 0.711536
vt 0.000000 0.000000
vt 1.000000 0.000000
vt 1.000000 1.000000
vt 0.000000 1.000000
f 4593/4593 4594/4594 4595/4595 4596/4596
usemtl dark
v 0.713447 1.441993 0.711536
v 0.746331 1.472281 0.698730
v 0.715540 1.485400 0.661244
v 0.686766 1.458898 0.672449
vt 0.000000 0.000000
vt 1.000000 0.000000
vt 1.000000 1.000000
vt 0.000000 1.000000
f 4597/4597 4598/4598 4599/4599 4600/4600
usemtl white
v 0.715540 1.485400 0.661244
v 0.739926 1.515404 0.648559
v 0.774201 1.506572 0.684233
v 0.746331 1.472281 0.698730
vt 0.000000 0.000000
vt 1.000000 0.000000
vt 1.000000 1.000000
vt 0.000000 1.000000
f 4601/4601 4602/4602 4603/4603 4604/4604
usemtl dark
v 0.746331 1.472281 0.698730
v 0.774201 1.506572 0.684233
v 0.739926 1.515404 0.648559
v 0.715540 1.485400 0.661244
vt 0.000000 0.000000
vt 1.000000 0.000000
vt 1.000000 1.000000
vt 0.000000 1.000000
f 4605/4605 4606/4606 4607/4607 4608/4608
usemtl white
v 0.739926 1.515404 0.648559
v 0.759427 1.548299 0.634651
v 0.796488 1.544166 0.668338
v 0.774201 1.506572 0.684233
vt 0.000000 0.000000
vt 1.000000 0.000000
vt 1.000000 1.000000
vt 0.000000 1.000000
f 4609/4609 4610/4610 4611/4611 4612/4612
usemtl dark
v 0.774201 1.506572 0.684233
v 0.796488 1.544166 0.668338
v 0.759427 1.548299 0.634651
v 0.739926 1.515404 0.648559
vt 0.000000 0.000000
vt 1.000000 0.000000
vt 1.000000 1.000000
vt 0.000000 1.000000
f 4613/4613 4614/4614 4615/4615 4616/4616
usemtl white
v 0.759427 1.548299 0.634651
v 0.773647 1.583416 0.619804
v 0.812740 1.584299 0.651370
v 0.796488 1.544166 0.668338
vt 0.000000 0.000000
vt 1.000000 0.000000
vt 1.000000 1.000000
vt 0.000000 1.000000
f 4617/4617 4618/4618 4619/4619 4620/4620
usemtl dark
v 0.796488 1.544166 0.668338
v 0.812740 1.584299 0.651370
v 0.773647 1.583416 0.619804
v 0.759427 1.548299 0.634651
vt 0.000000 0.000000
vt 1.000000 0.000000
vt 1.000000 1.000000
vt 0.000000 1.000000
f 4621/4621 4622/4622 4623/4623 4624/4624
usemtl white
v 0.773647 1.583416 0.619804
v 0.782297 1.620039 0.604320
v 0.822625 1.626154 0.633674
v 0.812740 1.584299 0.651370
vt 0.000000 0.000000
vt 1.000000 0.000000
vt 1.000000 1.000000
vt 0.000000 1.000000
f 4625/4625 4626/4626 4627/4627 4628/4628
usemtl dark
v 0.812740 1.584299 0.651370
v 0.822625 1.626154 0.633674
v 0.782297 1.620039 0.604320
v 0.773647 1.583416 0.619804
vt 0.000000 0.000000
vt 1.000000 0.000000
vt 1.000000 1.000000
vt 0.000000 1.000000
f 4629/4629 4630/4630 4631/4631 4632/4632
usemtl white
v 0.782297 1.620039 0.604320
v 0.785200 1.657423 0.588514
v 0.825943 1.668879 0.615610
v 0.822625 1.626154 0.633674
vt 0.000000 0.000000
vt 1.000000 0.000000
vt 1.000000 1.000000
vt 0.000000 1.000000
f 4633/4633 4634/4634 4635/4635 4636/4636
usemtl dark
v 0.822625 1.626154 0.633674
v 0.825943 1.668879 0.615610
v 0.785200 1.657423 0.588514
v 0.782297 1.620039 0.604320
vt 0.000000 0.000000
vt 1.000000 0.000000
vt 1.000000 1.000000
vt 0.000000 1.000000
f 4637/4637 4638/4638 4639/4639 4640/4640
usemtl white
v 0.825943 1.668879 0.615610
v 0.822625 1.711604 0.597546
v 0.862953 1.729928 0.625997
v 0.866686 1.681863 0.646319
vt 0.000000 0.000000
vt 1.000000 0.000000
vt 1.000000 1.000000
vt 0.000000 1.000000
f 4641/4641 4642/4642 4643/4643 4644/4644
usemtl dark
v 0.866686 1.681863 0.646319
v 0.862953 1.729928 0.625997
v 0.822625 1.711604 0.597546
v 0.825943 1.668879 0.615610
vt 0.000000 0.000000
vt 1.000000 0.000000
vt 1.000000 1.000000
vt 0.000000 1.000000
f 4645/4645 4646/4646 4647/4647 4648/4648
usemtl white
v 0.822625 1.711604 0.597546
v 0.812740 1.753459 0.579850
v 0.851832 1.777015 0.606089
v 0.862953 1.729928 0.625997
vt 0.000000 0.000000
vt 1.000000 0.000000
vt 1.000000 1.000000
vt 0.000000 1.000000
f 4649/4649 4650/4650 4651/4651 4652/4652
usemtl dark
v 0.862953 1.729928 0.625997
v 0.851832 1.777015 0.606089
v 0.812740 1.753459 0.579850
v 0.822625 1.711604 0.597546
vt 0.000000 0.000000
vt 1.000000 0.000000
vt 1.000000 1.000000
vt 0.000000 1.000000
f 4653/4653 4654/4654 4655/4655 4656/4656
usemtl white
v 0.812740 1.753459 0.579850
v 0.796488 1.793592 0.562882
v 0.833549 1.822165 0.587000
v 0.851832 1.777015 0.606089
vt 0.000000 0.000000
vt 1.000000 0.000000
vt 1.000000 1.000000
vt 0.000000 1.000000
f 4657/4657 4658/4658 4659/4659 4660/4660
usemtl dark
v 0.851832 1.777015 0.606089
v 0.833549 1.822165 0.587000
v 0.796488 1.793592 0.562882
v 0.812740 1.753459 0.579850
vt 0.000000 0.000000
vt 1.000000 0.000000
vt 1.000000 1.000000
vt 0.000000 1.000000
f 4661/4661 4662/4662 4663/4663 4664/4664
usemtl white
v 0.796488 1.793592 0.562882
v 0.774201 1.831187 0.546988
v 0.808476 1.864459 0.569119
v 0.833549 1.822165 0.587000
vt 0.000000 0.000000
vt 1.000000 0.000000
vt 1.000000 1.000000
vt 0.000000 1.000000
f 4665/4665 4666/4666 4667/4667 4668/4668
usemtl dark
v 0.833549 1.822165 0.587000
v 0.808476 1.864459 0.569119
v 0.774201 1.831187 0.546988
v 0.796488 1.793592 0.562882
vt 0.000000 0.000000
vt 1.000000 0.000000
vt 1.000000 1.000000
vt 0.000000 1.000000
f 4669/4669 4670/4670 4671/4671 4672/4672
usemtl white
v 0.774201 1.831187 0.546988
v 0.746331 1.865477 0.532490
v 0.777123 1.903035 0.552809
v 0.808476 1.864459 0.569119
vt 0.000000 0.000000
vt 1.000000 0.000000
vt 1.000000 1.000000
vt 0.000000 1.000000
f 4673/4673 4674/4674 4675/4675 4676/4676
usemtl dark
v 0.808476 1.864459 0.569119
v 0.777123 1.903035 0.552809
v 0.746331 1.865477 0.532490
v 0.774201 1.831187 0.546988
vt 0.000000 0.000000
vt 1.000000 0.000000
vt 1.000000 1.000000
vt 0.000000 1.000000
f 4677/4677 4678/4678 4679/4679 4680/4680
usemtl white
v 0.746331 1.865477 0.532490
v 0.713447 1.895765 0.519684
v 0.740128 1.937109 0.538402
v 0.777123 1.903035 0.552809
vt 0.000000 0.000000
vt 1.000000 0.000000
vt 1.000000 1.000000
vt 0.000000 1.000000
f 4681/4681 4682/4682 4683/4683 4684/4684
usemtl dark
v 0.777123 1.903035 0.552809
v 0.740128 1.937109 0.538402
v 0.713447 1.895765 0.519684
v 0.746331 1.865477 0.532490
vt 0.000000 0.000000
vt 1.000000 0.000000
vt 1.000000 1.000000
vt 0.000000 1.000000
f 4685/4685 4686/4686 4687/4687 4688/4688
usemtl white
v 0.713447 1.895765 0.519684
v 0.676218 1.921435 0.508831
v 0.698245 1.965988 0.526193
v 0.740128 1.937109 0.538402
vt 0.000000 0.000000
vt 1.000000 0.000000
vt 1.000000 1.000000
vt 0.000000 1.000000
f 4689/4689 4690/4690 4691/4691 4692/4692
usemtl dark
v 0.740128 1.937109 0.538402
v 0.698245 1.965988 0.526193
v 0.676218 1.921435 0.508831
v 0.713447 1.895765 0.519684
vt 0.000000 0.000000
vt 1.000000 0.000000
vt 1.000000 1.000000
vt 0.000000 1.000000
f 4693/4693 4694/4694 4695/4695 4696/4696
usemtl white
v 0.676218 1.921435 0.508831
v 0.635402 1.941963 0.500152
v 0.652327 1.989082 0.516429
v 0.698245 1.965988 0.526193
vt 0.000000 0.000000
vt 1.000000 0.000000
vt 1.000000 1.000000
vt 0.000000 1.000000
f 4697/4697 4698/4698 4699/4699 4700/4700
usemtl dark
v 0.698245 1.965988 0.526193
v 0.652327 1.989082 0.516429
v 0.635402 1.941963 0.500152
v 0.676218 1.921435 0.508831
vt 0.000000 0.000000
vt 1.000000 0.000000
vt 1.000000 1.000000
vt 0.000000 1.000000
f 4701/4701 4702/4702 4703/4703 4704/4704
usemtl white
v 0.635402 1.941963 0.500152
v 0.591829 1.956932 0.493823
v 0.603307 2.005922 0.509309
v 0.652327 1.989082 0.516429
vt 0.000000 0.000000
vt 1.000000 0.000000
vt 1.000000 1.000000
vt 0.000000 1.000000
f 4705/4705 4706/4706 4707/4707 4708/4708
usemtl dark
v 0.652327 1.989082 0.516429
v 0.603307 2.005922 0.509309
v 0.591829 1.956932 0.493823
v 0.635402 1.941963 0.500152
vt 0.000000 0.000000
vt 1.000000 0.000000
vt 1.000000 1.000000
vt 0.000000 1.000000
f 4709/4709 4710/4710 4711/4711 4712/4712
usemtl white
v 0.591829 1.956932 0.493823
v 0.546387 1.966037 0.489974
v 0.552185 2.016165 0.504978
v 0.603307 2.005922 0.509309
vt 0.000000 0.000000
vt 1.000000 0.000000
vt 1.000000 1.000000
vt 0.000000 1.000000
f 4713/4713 4714/4714 4715/4715 4716/4716
usemtl dark
v 0.603307 2.005922 0.509309
v 0.552185 2.016165 0.504978
v 0.546387 1.966037 0.489974
v 0.591829 1.956932 0.493823
vt 0.000000 0.000000
vt 1.000000 0.000000
vt 1.000000 1.000000
vt 0.000000 1.000000
f 4717/4717 4718/4718 4719/4719 4720/4720
usemtl white
v 0.546387 1.966037 0.489974
v 0.500000 1.969092 0.488682
v 0.500000 2.019603 0.503525
v 0.552185 2.016165 0.504978
vt 0.000000 0.000000
vt 1.000000 0.000000
vt 1.000000 1.000000
vt 0.000000 1.000000
f 4721/4721 4722/4722 4723/4723 4724/4724
usemtl dark
v 0.552185 2.016165 0.504978
v 0.500000 2.019603 0.503525
v 0.500000 1.969092 0.488682
v 0.546387 1.966037 0.489974
vt 0.000000 0.000000
vt 1.000000 0.000000
vt 1.000000 1.000000
vt 0.000000 1.000000
f 4725/4725 4726/4726 4727/4727 4728/4728
usemtl white
v 0.500000 1.969092 0.488682
v 0.453613 1.966037 0.489974
v 0.447815 2.016165 0.504978
v 0.500000 2.019603 0.503525
vt 0.000000 0.000000
vt 1.000000 0.000000
vt 1.000000 1.000000
vt 0.000000 1.000000
f 4729/4729 4730/4730 4731/4731 4732/4732
usemtl dark
v 0.500000 2.019603 0.503525
v 0.447815 2.016165 0.504978
v 0.453613 1.966037 0.489974
v 0.500000 1.969092 0.488682
vt 0.000000 0.000000
vt 1.000000 0.000000
vt 1.000000 1.000000
vt 0.000000 1.000000
f 4733/4733 4734/4734 4735/4735 4736/4736
usemtl white
v 0.453613 1.966037 0.489974
v 0.408171 1.956932 0.493823
v 0.396693 2.005922 0.509309
v 0.447815 2.016165 0.504978
vt 0.000000 0.000000
vt 1.000000 0.000000
vt 1.000000 1.000000
vt 0.000000 1.000000
f 4737/4737 4738/4738 4739/4739 4740/4740
usemtl dark
v 0.447815 2.016165 0.504978
v 0.396693 2.005922 0.509309
v 0.408171 1.956932 0.493823
v 0.453613 1.966037 0.489974
vt 0.000000 0.000000
vt 1.000000 0.000000
vt 1.000000 1.000000
vt 0.000000 1.000000
f 4741/4741 4742/4742 4743/4743 4744/4744
usemtl white
v 0.408171 1.956932 0.493823
v 0.364598 1.941963 0.500152
v 0.347673 1.989082 0.516429
v 0.396693 2.005922 0.509309
vt 0.000000 0.000000
vt 1.000000 0.000000
vt 1.000000 1.000000
vt 0.000000 1.000000
f 4745/4745 4746/4746 4747/4747 4748/4748
usemtl dark
v 0.396693 2.005922 0.509309
v 0.347673 1.989082 0.516429
v 0.364598 1.941963 0.500152
v 0.408171 1.956932 0.493823
vt 0.000000 0.000000
vt 1.000000 0.000000
vt 1.000000 1.000000
vt 0.000000 1.000000
f 4749/4749 4750/4750 4751/4751 4752/4752
usemtl white
v 0.364598 1.941963 0.500152
v 0.323782 1.921435 0.508831
v 0.301755 1.965988 0.526193
v 0.347673 1.989082 0.516429
vt 0.000000 0.000000
vt 1.000000 0.000000
vt 1.000000 1.000000
vt 0.000000 1.000000
f 4753/4753 4754/4754 4755/4755 4756/4756
usemtl dark
v 0.347673 1.989082 0.516429
v 0.301755 1.965988 0.526193
v 0.323782 1.921435 0.508831
v 0.364598 1.941963 0.500152
vt 0.000000 0.000000
vt 1.000000 0.000000
vt 1.000000 1.000000
vt 0.000000 1.000000
f 4757/4757 4758/4758 4759/4759 4760/4760
usemtl white
v 0.323782 1.921435 0.508831
v 0.286553 1.895765 0.519684
v 0.259872 1.937109 0.538402
v 0.301755 1.965988 0.526193
vt 0.000000 0.000000
vt 1.000000 0.000000
vt 1.000000 1.000000
vt 0.000000 1.000000
f 4761/4761 4762/4762 4763/4763 4764/4764
usemtl dark
v 0.301755 1.965988 0.526193
v 0.259872 1.937109 0.538402
v 0.286553 1.895765 0.519684
v 0.323782 1.921435 0.508831
vt 0.000000 0.000000
vt 1.000000 0.000000
vt 1.000000 1.000000
vt 0.000000 1.000000
f 4765/4765 4766/4766 4767/4767 4768/4768
usemtl white
v 0.286553 1.895765 0.519684
v 0.253669 1.865477 0.532490
v 0.222877 1.903035 0.552809
v 0.259872 1.937109 0.538402
vt 0.000000 0.000000
vt 1.000000 0.000000
vt 1.000000 1.000000
vt 0.000000 1.000000
f 4769/4769 4770/4770 4771/4771 4772/4772
usemtl dark
v 0.259872 1.937109 0.538402
v 0.222877 1.903035 0.552809
v 0.253669 1.865477 0.532490
v 0.286553 1.895765 0.519684
vt 0.000000 0.000000
vt 1.000000 0.000000
vt 1.000000 1.000000
vt 0.000000 1.000000
f 4773/4773 4774/4774 4775/4775 4776/4776
usemtl white
v 0.253669 1.865477 0.532490
v 0.225799 1.831187 0.546988
v 0.191524 1.864459 0.569119
v 0.222877 1.903035 0.552809
vt 0.000000 0.000000
vt 1.000000 0.000000
vt 1.000000 1.000000
vt 0.000000 1.000000
f 4777/4777 4778/4778 4779/4779 4780/4780
usemtl dark
v 0.222877 1.903035 0.552809
v 0.191524 1.864459 0.569119
v 0.225799 1.831187 0.546988
v 0.253669 1.865477 0.532490
vt 0.000000 0.000000
vt 1.000000 0.000000
vt 1.000000 1.000000
vt 0.000000 1.000000
f 4781/4781 4782/4782 4783/4783 4784/4784
usemtl white
v 0.225799 1.831187 0.546988
v 0.203512 1.793592 0.562882
v 0.166451 1.822165 0.587000
v 0.191524 1.864459 0.569119
vt 0.000000 0.000000
vt 1.000000 0.000000
vt 1.000000 1.000000
vt 0.000000 1.000000
f 4785/4785 4786/4786 4787/4787 4788/4788
usemtl dark
v 0.191524 1.864459 0.569119
v 0.166451 1.822165 0.587000
v 0.203512 1.793592 0.562882
v 0.225799 1.831187 0.546988
vt 0.000000 0.000000
vt 1.000000 0.000000
vt 1.000000 1.000000
vt 0.000000 1.000000
f 4789/4789 4790/4790 4791/4791 4792/4792
usemtl white
v 0.203512 1.793592 0.562882
v 0.187260 1.753459 0.579850
v 0.148168 1.777015 0.606089
v 0.166451 1.822165 0.587000
vt 0.000000 0.000000
vt 1.000000 0.000000
vt 1.000000 1.000000
vt 0.000000 1.000000
f 4793/4793 4794/4794 4795/4795 4796/4796
usemtl dark
v 0.166451 1.822165 0.587000
v 0.148168 1.777015 0.606089
v 0.187260 1.753459 0.579850
v 0.203512 1.793592 0.562882
vt 0.000000 0.000000
vt 1.000000 0.000000
vt 1.000000 1.000000
vt 0.000000 1.000000
f 4797/4797 4798/4798 4799/4799 4800/4800
usemtl white
v 0.187260 1.753459 0.579850
v 0.177375 1.711604 0.597546
v 0.137047 1.729928 0.625997
v 0.148168 1.777015 0.606089
vt 0.000000 0.000000
vt 1.000000 0.000000
vt 1.000000 1.000000
vt 0.000000 1.000000
f 4801/4801 4802/4802 4803/4803 4804/4804
usemtl dark
v 0.148168 1.777015 0.606089
v 0.137047 1.729928 0.625997
v 0.177375 1.711604 0.597546
v 0.187260 1.753459 0.579850
vt 0.000000 0.000000
vt 1.000000 0.000000
vt 1.000000 1.000000
vt 0.000000 1.000000
f 4805/4805 4806/4806 4807/4807 4808/4808
usemtl white
v 0.177375 1.711604 0.597546
v 0.174057 1.668879 0.615610
v 0.133314 1.681863 0.646319
v 0.137047 1.729928 0.625997
vt 0.000000 0.000000
vt 1.000000 0.000000
vt 1.000000 1.000000
vt 0.000000 1.000000
f 4809/4809 4810/4810 4811/4811 4812/4812
usemtl dark
v 0.137047 1.729928 0.625997
v 0.133314 1.681863 0.646319
v 0.174057 1.668879 0.615610
v 0.177375 1.711604 0.597546
vt 0.000000 0.000000
vt 1.000000 0.000000
vt 1.000000 1.000000
vt 0.000000 1.000000
f 4813/4813 4814/4814 4815/4815 4816/4816
usemtl white
v 0.174057 1.668879 0.615610
v 0.177375 1.626154 0.633674
v 0.137047 1.633797 0.666641
v 0.133314 1.681863 0.646319
vt 0.000000 0.000000
vt 1.000000 0.000000
vt 1.000000 1.000000
vt 0.000000 1.000000
f 4817/4817 4818/4818 4819/4819 4820/4820
usemtl dark
v 0.133314 1.681863 0.646319
v 0.137047 1.633797 0.666641
v 0.177375 1.626154 0.633674
v 0.174057 1.668879 0.615610
vt 0.000000 0.000000
vt 1.000000 0.000000
vt 1.000000 1.000000
vt 0.000000 1.000000
f 4821/4821 4822/4822 4823/4823 4824/4824
usemtl white
v 0.177375 1.626154 0.633674
v 0.187260 1.584299 0.651370
v 0.148168 1.586710 0.686549
v 0.137047 1.633797 0.666641
vt 0.000000 0.000000
vt 1.000000 0.000000
vt 1.000000 1.000000
vt 0.000000 1.000000
f 4825/4825 4826/4826 4827/4827 4828/4828
usemtl dark
v 0.137047 1.633797 0.666641
v 0.148168 1.586710 0.686549
v 0.187260 1.584299 0.651370
v 0.177375 1.626154 0.633674
vt 0.000000 0.000000
vt 1.000000 0.000000
vt 1.000000 1.000000
vt 0.000000 1.000000
f 4829/4829 4830/4830 4831/4831 4832/4832
usemtl white
v 0.187260 1.584299 0.651370
v 0.203512 1.544166 0.668338
v 0.166451 1.541560 0.705638
v 0.148168 1.586710 0.686549
vt 0.000000 0.000000
vt 1.000000 0.000000
vt 1.000000 1.000000
vt 0.000000 1.000000
f 4833/4833 4834/4834 4835/4835 4836/4836
usemtl dark
v 0.148168 1.586710 0.686549
v 0.166451 1.541560 0.705638
v 0.203512 1.544166 0.668338
v 0.187260 1.584299 0.651370
vt 0.000000 0.000000
vt 1.000000 0.000000
vt 1.000000 1.000000
vt 0.000000 1.000000
f 4837/4837 4838/4838 4839/4839 4840/4840
usemtl white
v 0.203512 1.544166 0.668338
v 0.225799 1.506572 0.684233
v 0.191524 1.499267 0.723519
v 0.166451 1.541560 0.705638
vt 0.000000 0.000000
vt 1.000000 0.000000
vt 1.000000 1.000000
vt 0.000000 1.000000
f 4841/4841 4842/4842 4843/4843 4844/4844
usemtl dark
v 0.166451 1.541560 0.705638
v 0.191524 1.499267 0.723519
v 0.225799 1.506572 0.684233
v 0.203512 1.544166 0.668338
vt 0.000000 0.000000
vt 1.000000 0.000000
vt 1.000000 1.000000
vt 0.000000 1.000000
f 4845/4845 4846/4846 4847/4847 4848/4848
usemtl white
v 0.225799 1.506572 0.684233
v 0.253669 1.472281 0.698730
v 0.222877 1.460690 0.739829
v 0.191524 1.499267 0.723519
vt 0.000000 0.000000
vt 1.000000 0.000000
vt 1.000000 1.000000
vt 0.000000 1.000000
f 4849/4849 4850/4850 4851/4851 4852/4852
usemtl dark
v 0.191524 1.499267 0.723519
v 0.222877 1.460690 0.739829
v 0.253669 1.472281 0.698730
v 0.225799 1.506572 0.684233
vt 0.000000 0.000000
vt 1.000000 0.000000
vt 1.000000 1.000000
vt 0.000000 1.000000
f 4853/4853 4854/4854 4855/4855 4856/4856
usemtl white
v 0.253669 1.472281 0.698730
v 0.286553 1.441993 0.711536
v 0.259872 1.426616 0.754236
v 0.222877 1.460690 0.739829
vt 0.000000 0.000000
vt 1.000000 0.000000
vt 1.000000 1.000000
vt 0.000000 1.000000
f 4857/4857 4858/4858 4859/4859 4860/4860
usemtl dark
v 0.222877 1.460690 0.739829
v 0.259872 1.426616 0.754236
v 0.286553 1.441993 0.711536
v 0.253669 1.472281 0.698730
vt 0.000000 0.000000
vt 1.000000 0.000000
vt 1.000000 1.000000
vt 0.000000 1.000000
f 4861/4861 4862/4862 4863/4863 4864/4864
usemtl white
v 0.286553 1.441993 0.711536
v 0.323782 1.416324 0.722389
v 0.301755 1.397738 0.766445
v 0.259872 1.426616 0.754236
vt 0.000000 0.000000
vt 1.000000 0.000000
vt 1.000000 1.000000
vt 0.000000 1.000000
f 4865/4865 4866/4866 4867/4867 4868/4868
usemtl dark
v 0.259872 1.426616 0.754236
v 0.301755 1.397738 0.766445
v 0.323782 1.416324 0.722389
v 0.286553 1.441993 0.711536
vt 0.000000 0.000000
vt 1.000000 0.000000
vt 1.000000 1.000000
vt 0.000000 1.000000
f 4869/4869 4870/4870 4871/4871 4872/4872
usemtl white
v 0.323782 1.416324 0.722389
v 0.364598 1.395796 0.731068
v 0.347673 1.374644 0.776209
v 0.301755 1.397738 0.766445
vt 0.000000 0.000000
vt 1.000000 0.000000
vt 1.000000 1.000000
vt 0.000000 1.000000
f 4873/4873 4874/4874 4875/4875 4876/4876
usemtl dark
v 0.301755 1.397738 0.766445
v 0.347673 1.374644 0.776209
v 0.364598 1.395796 0.731068
v 0.323782 1.416324 0.722389
vt 0.000000 0.000000
vt 1.000000 0.000000
vt 1.000000 1.000000
vt 0.000000 1.000000
f 4877/4877 4878/4878 4879/4879 4880/4880
usemtl white
v 0.364598 1.395796 0.731068
v 0.408171 1.380827 0.737397
v 0.396693 1.357804 0.783329
v 0.347673 1.374644 0.776209
vt 0.000000 0.000000
vt 1.000000 0.000000
vt 1.000000 1.000000
vt 0.000000 1.000000
f 4881/4881 4882/4882 4883/4883 4884/4884
usemtl dark
v 0.347673 1.374644 0.776209
v 0.396693 1.357804 0.783329
v 0.408171 1.380827 0.737397
v 0.364598 1.395796 0.731068
vt 0.000000 0.000000
vt 1.000000 0.000000
vt 1.000000 1.000000
vt 0.000000 1.000000
f 4885/4885 4886/4886 4887/4887 4888/4888
usemtl white
v 0.408171 1.380827 0.737397
v 0.453613 1.371722 0.741246
v 0.447815 1.347560 0.787660
v 0.396693 1.357804 0.783329
vt 0.000000 0.000000
vt 1.000000 0.000000
vt 1.000000 1.000000
vt 0.000000 1.000000
f 4889/4889 4890/4890 4891/4891 4892/4892
usemtl dark
v 0.396693 1.357804 0.783329
v 0.447815 1.347560 0.787660
v 0.453613 1.371722 0.741246
v 0.408171 1.380827 0.737397
vt 0.000000 0.000000
vt 1.000000 0.000000
vt 1.000000 1.000000
vt 0.000000 1.000000
f 4893/4893 4894/4894 4895/4895 4896/4896
usemtl white
v 0.453613 1.371722 0.741246
v 0.500000 1.368666 0.742538
v 0.500000 1.344123 0.789113
v 0.447815 1.347560 0.787660
vt 0.000000 0.000000
vt 1.000000 0.000000
vt 1.000000 1.000000
vt 0.000000 1.000000
f 4897/4897 4898/4898 4899/4899 4900/4900
usemtl dark
v 0.447815 1.347560 0.787660
v 0.500000 1.344123 0.789113
v 0.500000 1.368666 0.742538
v 0.453613 1.371722 0.741246
vt 0.000000 0.000000
vt 1.000000 0.000000
vt 1.000000 1.000000
vt 0.000000 1.000000
f 4901/4901 4902/4902 4903/4903 4904/4904
usemtl white
v 0.500000 1.368666 0.742538
v 0.546387 1.371722 0.741246
v 0.552185 1.347560 0.787660
v 0.500000 1.344123 0.789113
vt 0.000000 0.000000
vt 1.000000 0.000000
vt 1.000000 1.000000
vt 0.000000 1.000000
f 4905/4905 4906/4906 4907/4907 4908/4908
usemtl dark
v 0.500000 1.344123 0.789113
v 0.552185 1.347560 0.787660
v 0.546387 1.371722 0.741246
v 0.500000 1.368666 0.742538
vt 0.000000 0.000000
vt 1.000000 0.000000
vt 1.000000 1.000000
vt 0.000000 1.000000
f 4909/4909 4910/4910 4911/4911 4912/4912
usemtl white
v 0.546387 1.371722 0.741246
v 0.591829 1.380827 0.737397
v 0.603307 1.357804 0.783329
v 0.552185 1.347560 0.787660
vt 0.000000 0.000000
vt 1.000000 0.000000
vt 1.000000 1.000000
vt 0.000000 1.000000
f 4913/4913 4914/4914 4915/4915 4916/4916
usemtl dark
v 0.552185 1.347560 0.787660
v 0.603307 1.357804 0.783329
v 0.591829 1.380827 0.737397
v 0.546387 1.371722 0.741246
vt 0.000000 0.000000
vt 1.000000 0.000000
vt 1.000000 1.000000
vt 0.000000 1.000000
f 4917/4917 4918/4918 4919/4919 4920/4920
usemtl white
v 0.591829 1.380827 0.737397
v 0.635402 1.395796 0.731068
v 0.652327 1.374644 0.776209
v 0.603307 1.357804 0.783329
vt 0.000000 0.000000
vt 1.000000 0.000000
vt 1.000000 1.000000
vt 0.000000 1.000000
f 4921/4921 4922/4922 4923/4923 4924/4924
usemtl dark
v 0.603307 1.357804 0.783329
v 0.652327 1.374644 0.776209
v 0.635402 1.395796 0.731068
v 0.591829 1.380827 0.737397
vt 0.000000 0.000000
vt 1.000000 0.000000
vt 1.000000 1.000000
vt 0.000000 1.000000
f 4925/4925 4926/4926 4927/4927 4928/4928
usemtl white
v 0.635402 1.395796 0.731068
v 0.676218 1.416324 0.722389
v 0.698245 1.397738 0.766445
v 0.652327 1.374644 0.776209
vt 0.000000 0.000000
vt 1.000000 0.000000
vt 1.000000 1.000000
vt 0.000000 1.000000
f 4929/4929 4930/4930 4931/4931 4932/4932
usemtl dark
v 0.652327 1.374644 0.776209
v 0.698245 1.397738 0.766445
v 0.676218 1.416324 0.722389
v 0.635402 1.395796 0.731068
vt 0.000000 0.000000
vt 1.000000 0.000000
vt 1.000000 1.000000
vt 0.000000 1.000000
f 4933/4933 4934/4934 4935/4935 4936/4936
usemtl white
v 0.676218 1.416324 0.722389
v 0.713447 1.441993 0.711536
v 0.740128 1.426616 0.754236
v 0.698245 1.397738 0.766445
vt 0.000000 0.000000
vt 1.000000 0.000000
vt 1.000000 1.000000
vt 0.000000 1.000000
f 4937/4937 4938/4938 4939/4939 4940/4940
usemtl dark
v 0.698245 1.397738 0.766445
v 0.740128 1.426616 0.754236
v 0.713447 1.441993 0.711536
v 0.676218 1.416324 0.722389
vt 0.000000 0.000000
vt 1.000000 0.000000
vt 1.000000 1.000000
vt 0.000000 1.000000
f 4941/4941 4942/4942 4943/4943 4944/4944
usemtl white
v 0.713447 1.441993 0.711536
v 0.746331 1.472281 0.698730
v 0.777123 1.460690 0.739829
v 0.740128 1.426616 0.754236
vt 0.000000 0.000000
vt 1.000000 0.000000
vt 1.000000 1.000000
vt 0.000000 1.000000
f 4945/4945 4946/4946 4947/4947 4948/4948
usemtl dark
v 0.740128 1.426616 0.754236
v 0.777123 1.460690 0.739829
v 0.746331 1.472281 0.698730
v 0.713447 1.441993 0.711536
vt 0.000000 0.000000
vt 1.000000 0.000000
vt 1.000000 1.000000
vt 0.000000 1.000000
f 4949/4949 4950/4950 4951/4951 4952/4952
usemtl white
v 0.746331 1.472281 0.698730
v 0.774201 1.506572 0.684233
v 0.808476 1.499267 0.723519
v 0.777123 1.460690 0.739829
vt 0.000000 0.000000
vt 1.000000 0.000000
vt 1.000000 1.000000
vt 0.000000 1.000000
f 4953/4953 4954/4954 4955/4955 4956/4956
usemtl dark
v 0.777123 1.460690 0.739829
v 0.808476 1.499267 0.723519
v 0.774201 1.506572 0.684233
v 0.746331 1.472281 0.698730
vt 0.000000 0.000000
vt 1.000000 0.000000
vt 1.000000 1.000000
vt 0.000000 1.000000
f 4957/4957 4958/4958 4959/4959 4960/4960
usemtl white
v 0.774201 1.506572 0.684233
v 0.796488 1.544166 0.668338
v 0.833549 1.541560 0.705638
v 0.808476 1.499267 0.723519
vt 0.000000 0.000000
vt 1.000000 0.000000
vt 1.000000 1.000000
vt 0.000000 1.000000
f 4961/4961 4962/4962 4963/4963 4964/4964
usemtl dark
v 0.808476 1.499267 0.723519
v 0.833549 1.541560 0.705638
v 0.796488 1.544166 0.668338
v 0.774201 1.506572 0.684233
vt 0.000000 0.000000
vt 1.000000 0.000000
vt 1.000000 1.000000
vt 0.000000 1.000000
f 4965/4965 4966/4966 4967/4967 4968/4968
usemtl white
v 0.796488 1.544166 0.668338
v 0.812740 1.584299 0.651370
v 0.851832 1.586710 0.686549
v 0.833549 1.541560 0.705638
vt 0.000000 0.000000
vt 1.000000 0.000000
vt 1.000000 1.000000
vt 0.000000 1.000000
f 4969/4969 4970/4970 4971/4971 4972/4972
usemtl dark
v 0.833549 1.541560 0.705638
v 0.851832 1.586710 0.686549
v 0.812740 1.584299 0.651370
v 0.796488 1.544166 0.668338
vt 0.000000 0.000000
vt 1.000000 0.000000
vt 1.000000 1.000000
vt 0.000000 1.000000
f 4973/4973 4974/4974 4975/4975 4976/4976
usemtl white
v 0.812740 1.584299 0.651370
v 0.822625 1.626154 0.633674
v 0.862953 1.633797 0.666641
v 0.851832 1.586710 0.686549
vt 0.000000 0.000000
vt 1.000000 0.000000
vt 1.000000 1.000000
vt 0.000000 1.000000
f 4977/4977 4978/4978 4979/4979 4980/4980
usemtl dark
v 0.851832 1.586710 0.686549
v 0.862953 1.633797 0.666641
v 0.822625 1.626154 0.633674
v 0.812740 1.584299 0.651370
vt 0.000000 0.000000
vt 1.000000 0.000000
vt 1.000000 1.000000
vt 0.000000 1.000000
f 4981/4981 4982/4982 4983/4983 4984/4984
usemtl white
v 0.822625 1.626154 0.633674
v 0.825943 1.668879 0.615610
v 0.866686 1.681863 0.646319
v 0.862953 1.633797 0.666641
vt 0.000000 0.000000
vt 1.000000 0.000000
vt 1.000000 1.000000
vt 0.000000 1.000000
f 4985/4985 4986/4986 4987/4987 4988/4988
usemtl dark
v 0.862953 1.633797 0.666641
v 0.866686 1.681863 0.646319
v 0.825943 1.668879 0.615610
v 0.822625 1.626154 0.633674
vt 0.000000 0.000000
vt 1.000000 0.000000
vt 1.000000 1.000000
vt 0.000000 1.000000
f 4989/4989 4990/4990 4991/4991 4992/4992
usemtl white
v 0.866686 1.681863 0.646319
v 0.862953 1.729928 0.625997
v 0.903282 1.749780 0.658061
v 0.907429 1.696374 0.680641
vt 0.000000 0.000000
vt 1.000000 0.000000
vt 1.000000 1.000000
vt 0.000000 1.000000
f 4993/4993 4994/4994 4995/4995 4996/4996
usemtl dark
v 0.907429 1.696374 0.680641
v 0.903282 1.749780 0.658061
v 0.862953 1.729928 0.625997
v 0.866686 1.681863 0.646319
vt 0.000000 0.000000
vt 1.000000 0.000000
vt 1.000000 1.000000
vt 0.000000 1.000000
f 4997/4997 4998/4998 4999/4999 5000/5000
usemtl white
v 0.862953 1.729928 0.625997
v 0.851832 1.777015 0.606089
v 0.890925 1.802098 0.635941
v 0.903282 1.749780 0.658061
vt 0.000000 0.000000
vt 1.000000 0.000000
vt 1.000000 1.000000
vt 0.000000 1.000000
f 5001/5001 5002/5002 5003/5003 5004/5004
usemtl dark
v 0.903282 1.749780 0.658061
v 0.890925 1.802098 0.635941
v 0.851832 1.777015 0.606089
v 0.862953 1.729928 0.625997
vt 0.000000 0.000000
vt 1.000000 0.000000
vt 1.000000 1.000000
vt 0.000000 1.000000
f 5005/5005 5006/5006 5007/5007 5008/5008
usemtl white
v 0.851832 1.777015 0.606089
v 0.833549 1.822165 0.587000
v 0.870610 1.852265 0.614731
v 0.890925 1.802098 0.635941
vt 0.000000 0.000000
vt 1.000000 0.000000
vt 1.000000 1.000000
vt 0.000000 1.000000
f 5009/5009 5010/5010 5011/5011 5012/5012
usemtl dark
v 0.890925 1.802098 0.635941
v 0.870610 1.852265 0.614731
v 0.833549 1.822165 0.587000
v 0.851832 1.777015 0.606089
vt 0.000000 0.000000
vt 1.000000 0.000000
vt 1.000000 1.000000
vt 0.000000 1.000000
f 5013/5013 5014/5014 5015/5015 5016/5016
usemtl white
v 0.833549 1.822165 0.587000
v 0.808476 1.864459 0.569119
v 0.842751 1.899258 0.594863
v 0.870610 1.852265 0.614731
vt 0.000000 0.000000
vt 1.000000 0.000000
vt 1.000000 1.000000
vt 0.000000 1.000000
f 5017/5017 5018/5018 5019/5019 5020/5020
usemtl dark
v 0.870610 1.852265 0.614731
v 0.842751 1.899258 0.594863
v 0.808476 1.864459 0.569119
v 0.833549 1.822165 0.587000
vt 0.000000 0.000000
vt 1.000000 0.000000
vt 1.000000 1.000000
vt 0.000000 1.000000
f 5021/5021 5022/5022 5023/5023 5024/5024
usemtl white
v 0.808476 1.864459 0.569119
v 0.777123 1.903035 0.552809
v 0.807914 1.942121 0.576740
v 0.842751 1.899258 0.594863
vt 0.000000 0.000000
vt 1.000000 0.000000
vt 1.000000 1.000000
vt 0.000000 1.000000
f 5025/5025 5026/5026 5027/5027 5028/5028
usemtl dark
v 0.842751 1.899258 0.594863
v 0.807914 1.942121 0.576740
v 0.777123 1.903035 0.552809
v 0.808476 1.864459 0.569119
vt 0.000000 0.000000
vt 1.000000 0.000000
vt 1.000000 1.000000
vt 0.000000 1.000000
f 5029/5029 5030/5030 5031/5031 5032/5032
usemtl white
v 0.777123 1.903035 0.552809
v 0.740128 1.937109 0.538402
v 0.766809 1.979981 0.560733
v 0.807914 1.942121 0.576740
vt 0.000000 0.000000
vt 1.000000 0.000000
vt 1.000000 1.000000
vt 0.000000 1.000000
f 5033/5033 5034/5034 5035/5035 5036/5036
usemtl dark
v 0.807914 1.942121 0.576740
v 0.766809 1.979981 0.560733
v 0.740128 1.937109 0.538402
v 0.777123 1.903035 0.552809
vt 0.000000 0.000000
vt 1.000000 0.000000
vt 1.000000 1.000000
vt 0.000000 1.000000
f 5037/5037 5038/5038 5039/5039 5040/5040
usemtl white
v 0.740128 1.937109 0.538402
v 0.698245 1.965988 0.526193
v 0.720273 2.012068 0.547167
v 0.766809 1.979981 0.560733
vt 0.000000 0.000000
vt 1.000000 0.000000
vt 1.000000 1.000000
vt 0.000000 1.000000
f 5041/5041 5042/5042 5043/5043 5044/5044
usemtl dark
v 0.766809 1.979981 0.560733
v 0.720273 2.012068 0.547167
v 0.698245 1.965988 0.526193
v 0.740128 1.937109 0.538402
vt 0.000000 0.000000
vt 1.000000 0.000000
vt 1.000000 1.000000
vt 0.000000 1.000000
f 5045/5045 5046/5046 5047/5047 5048/5048
usemtl white
v 0.698245 1.965988 0.526193
v 0.652327 1.989082 0.516429
v 0.669252 2.037728 0.536318
v 0.720273 2.012068 0.547167
vt 0.000000 0.000000
vt 1.000000 0.000000
vt 1.000000 1.000000
vt 0.000000 1.000000
f 5049/5049 5050/5050 5051/5051 5052/5052
usemtl dark
v 0.720273 2.012068 0.547167
v 0.669252 2.037728 0.536318
v 0.652327 1.989082 0.516429
v 0.698245 1.965988 0.526193
vt 0.000000 0.000000
vt 1.000000 0.000000
vt 1.000000 1.000000
vt 0.000000 1.000000
f 5053/5053 5054/5054 5055/5055 5056/5056
usemtl white
v 0.652327 1.989082 0.516429
v 0.603307 2.005922 0.509309
v 0.614786 2.056439 0.528407
v 0.669252 2.037728 0.536318
vt 0.000000 0.000000
vt 1.000000 0.000000
vt 1.000000 1.000000
vt 0.000000 1.000000
f 5057/5057 5058/5058 5059/5059 5060/5060
usemtl dark
v 0.669252 2.037728 0.536318
v 0.614786 2.056439 0.528407
v 0.603307 2.005922 0.509309
v 0.652327 1.989082 0.516429
vt 0.000000 0.000000
vt 1.000000 0.000000
vt 1.000000 1.000000
vt 0.000000 1.000000
f 5061/5061 5062/5062 5063/5063 5064/5064
usemtl white
v 0.603307 2.005922 0.509309
v 0.552185 2.016165 0.504978
v 0.557983 2.067821 0.523596
v 0.614786 2.056439 0.528407
vt 0.000000 0.000000
vt 1.000000 0.000000
vt 1.000000 1.000000
vt 0.000000 1.000000
f 5065/5065 5066/5066 5067/5067 5068/5068
usemtl dark
v 0.614786 2.056439 0.528407
v 0.557983 2.067821 0.523596
v 0.552185 2.016165 0.504978
v 0.603307 2.005922 0.509309
vt 0.000000 0.000000
vt 1.000000 0.000000
vt 1.000000 1.000000
vt 0.000000 1.000000
f 5069/5069 5070/5070 5071/5071 5072/5072
usemtl white
v 0.552185 2.016165 0.504978
v 0.500000 2.019603 0.503525
v 0.500000 2.071640 0.521981
v 0.557983 2.067821 0.523596
vt 0.000000 0.000000
vt 1.000000 0.000000
vt 1.000000 1.000000
vt 0.000000 1.000000
f 5073/5073 5074/5074 5075/5075 5076/5076
usemtl dark
v 0.557983 2.067821 0.523596
v 0.500000 2.071640 0.521981
v 0.500000 2.019603 0.503525
v 0.552185 2.016165 0.504978
vt 0.000000 0.000000
vt 1.000000 0.000000
vt 1.000000 1.000000
vt 0.000000 1.000000
f 5077/5077 5078/5078 5079/5079 5080/5080
usemtl white
v 0.500000 2.019603 0.503525
v 0.447815 2.016165 0.504978
v 0.442017 2.067821 0.523596
v 0.500000 2.071640 0.521981
vt 0.000000 0.000000
vt 1.000000 0.000000
vt 1.000000 1.000000
vt 0.000000 1.000000
f 5081/5081 5082/5082 5083/5083 5084/5084
usemtl dark
v 0.500000 2.071640 0.521981
v 0.442017 2.067821 0.523596
v 0.447815 2.016165 0.504978
v 0.500000 2.019603 0.503525
vt 0.000000 0.000000
vt 1.000000 0.000000
vt 1.000000 1.000000
vt 0.000000 1.000000
f 5085/5085 5086/5086 5087/5087 5088/5088
usemtl white
v 0.447815 2.016165 0.504978
v 0.396693 2.005922 0.509309
v 0.385214 2.056439 0.528407
v 0.442017 2.067821 0.523596
vt 0.000000 0.000000
vt 1.000000 0.000000
vt 1.000000 1.000000
vt 0.000000 1.000000
f 5089/5089 5090/5090 5091/5091 5092/5092
usemtl dark
v 0.442017 2.067821 0.523596
v 0.385214 2.056439 0.528407
v 0.396693 2.005922 0.509309
v 0.447815 2.016165 0.504978
vt 0.000000 0.000000
vt 1.000000 0.000000
vt 1.000000 1.000000
vt 0.000000 1.000000
f 5093/5093 5094/5094 5095/5095 5096/5096
usemtl white
v 0.396693 2.005922 0.509309
v 0.347673 1.989082 0.516429
v 0.330748 2.037728 0.536318
v 0.385214 2.056439 0.528407
vt 0.000000 0.000000
vt 1.000000 0.000000
vt 1.000000 1.000000
vt 0.000000 1.000000
f 5097/5097 5098/5098 5099/5099 5100/5100
usemtl dark
v 0.385214 2.056439 0.528407
v 0.330748 2.037728 0.536318
v 0.347673 1.989082 0.516429
v 0.396693 2.005922 0.509309
vt 0.000000 0.000000
vt 1.000000 0.000000
vt 1.000000 1.000000
vt 0.000000 1.000000
f 5101/5101 5102/5102 5103/5103 5104/5104
usemtl white
v 0.347673 1.989082 0.516429
v 0.301755 1.965988 0.526193
v 0.279727 2.012068 0.547167
v 0.330748 2.037728 0.536318
vt 0.000000 0.000000
vt 1.000000 0.000000
vt 1.000000 1.000000
vt 0.000000 1.000000
f 5105/5105 5106/5106 5107/5107 5108/5108
usemtl dark
v 0.330748 2.037728 0.536318
v 0.279727 2.012068 0.547167
v 0.301755 1.965988 0.526193
v 0.347673 1.989082 0.516429
vt 0.000000 0.000000
vt 1.000000 0.000000
vt 1.000000 1.000000
vt 0.000000 1.000000
f 5109/5109 5110/5110 5111/5111 5112/5112
usemtl white
v 0.301755 1.965988 0.526193
v 0.259872 1.937109 0.538402
v 0.233191 1.979981 0.560733
v 0.279727 2.012068 0.547167
vt 0.000000 0.000000
vt 1.000000 0.000000
vt 1.000000 1.000000
vt 0.000000 1.000000
f 5113/5113 5114/5114 5115/5115 5116/5116
usemtl dark
v 0.279727 2.012068 0.547167
v 0.233191 1.979981 0.560733
v 0.259872 1.937109 0.538402
v 0.301755 1.965988 0.526193
vt 0.000000 0.000000
vt 1.000000 0.000000
vt 1.000000 1.000000
vt 0.000000 1.000000
f 5117/5117 5118/5118 5119/5119 5120/5120
usemtl white
v 0.259872 1.937109 0.538402
v 0.222877 1.903035 0.552809
v 0.192086 1.942121 0.576740
v 0.233191 1.979981 0.560733
vt 0.000000 0.000000
vt 1.000000 0.000000
vt 1.000000 1.000000
vt 0.000000 1.000000
f 5121/5121 5122/5122 5123/5123 5124/5124
usemtl dark
v 0.233191 1.979981 0.560733
v 0.192086 1.942121 0.576740
v 0.222877 1.903035 0.552809
v 0.259872 1.937109 0.538402
vt 0.000000 0.000000
vt 1.000000 0.000000
vt 1.000000 1.000000
vt 0.000000 1.000000
f 5125/5125 5126/5126 5127/5127 5128/5128
usemtl white
v 0.222877 1.903035 0.552809
v 0.191524 1.864459 0.569119
v 0.157249 1.899258 0.594863
v 0.192086 1.942121 0.576740
vt 0.000000 0.000000
vt 1.000000 0.000000
vt 1.000000 1.000000
vt 0.000000 1.000000
f 5129/5129 5130/5130 5131/5131 5132/5132
usemtl dark
v 0.192086 1.942121 0.576740
v 0.157249 1.899258 0.594863
v 0.191524 1.864459 0.569119
v 0.222877 1.903035 0.552809
vt 0.000000 0.000000
vt 1.000000 0.000000
vt 1.000000 1.000000
vt 0.000000 1.000000
f 5133/5133 5134/5134 5135/5135 5136/5136
usemtl white
v 0.191524 1.864459 0.569119
v 0.166451 1.822165 0.587000
v 0.129390 1.852265 0.614731
v 0.157249 1.899258 0.594863
vt 0.000000 0.000000
vt 1.000000 0.000000
vt 1.000000 1.000000
vt 0.000000 1.000000
f 5137/5137 5138/5138 5139/5139 5140/5140
usemtl dark
v 0.157249 1.899258 0.594863
v 0.129390 1.852265 0.614731
v 0.166451 1.822165 0.587000
v 0.191524 1.864459 0.569119
vt 0.000000 0.000000
vt 1.000000 0.000000
vt 1.000000 1.000000
vt 0.000000 1.000000
f 5141/5141 5142/5142 5143/5143 5144/5144
usemtl white
v 0.166451 1.822165 0.587000
v 0.148168 1.777015 0.606089
v 0.109075 1.802098 0.635941
v 0.129390 1.852265 0.614731
vt 0.000000 0.000000
vt 1.000000 0.000000
vt 1.000000 1.000000
vt 0.000000 1.000000
f 5145/5145 5146/5146 5147/5147 5148/5148
usemtl dark
v 0.129390 1.852265 0.614731
v 0.109075 1.802098 0.635941
v 0.148168 1.777015 0.606089
v 0.166451 1.822165 0.587000
vt 0.000000 0.000000
vt 1.000000 0.000000
vt 1.000000 1.000000
vt 0.000000 1.000000
f 5149/5149 5150/5150 5151/5151 5152/5152
usemtl white
v 0.148168 1.777015 0.606089
v 0.137047 1.729928 0.625997
v 0.096718 1.749780 0.658061
v 0.109075 1.802098 0.635941
vt 0.000000 0.000000
vt 1.000000 0.000000
vt 1.000000 1.000000
vt 0.000000 1.000000
f 5153/5153 5154/5154 5155/5155 5156/5156
usemtl dark
v 0.109075 1.802098 0.635941
v 0.096718 1.749780 0.658061
v 0.137047 1.729928 0.625997
v 0.148168 1.777015 0.606089
vt 0.000000 0.000000
vt 1.000000 0.000000
vt 1.000000 1.000000
vt 0.000000 1.000000
f 5157/5157 5158/5158 5159/5159 5160/5160
usemtl white
v 0.137047 1.729928 0.625997
v 0.133314 1.681863 0.646319
v 0.092571 1.696374 0.680641
v 0.096718 1.749780 0.658061
vt 0.000000 0.000000
vt 1.000000 0.000000
vt 1.000000 1.000000
vt 0.000000 1.000000
f 5161/5161 5162/5162 5163/5163 5164/5164
usemtl dark
v 0.096718 1.749780 0.658061
v 0.092571 1.696374 0.680641
v 0.133314 1.681863 0.646319
v 0.137047 1.729928 0.625997
vt 0.000000 0.000000
vt 1.000000 0.000000
vt 1.000000 1.000000
vt 0.000000 1.000000
f 5165/5165 5166/5166 5167/5167 5168/5168
usemtl white
v 0.133314 1.681863 0.646319
v 0.137047 1.633797 0.666641
v 0.096718 1.642968 0.703220
v 0.092571 1.696374 0.680641
vt 0.000000 0.000000
vt 1.000000 0.000000
vt 1.000000 1.000000
vt 0.000000 1.000000
f 5169/5169 5170/5170 5171/5171 5172/5172
usemtl dark
v 0.092571 1.696374 0.680641
v 0.096718 1.642968 0.703220
v 0.137047 1.633797 0.666641
v 0.133314 1.681863 0.646319
vt 0.000000 0.000000
vt 1.000000 0.000000
vt 1.000000 1.000000
vt 0.000000 1.000000
f 5173/5173 5174/5174 5175/5175 5176/5176
usemtl white
v 0.137047 1.633797 0.666641
v 0.148168 1.586710 0.686549
v 0.109075 1.590649 0.725340
v 0.096718 1.642968 0.703220
vt 0.000000 0.000000
vt 1.000000 0.000000
vt 1.000000 1.000000
vt 0.000000 1.000000
f 5177/5177 5178/5178 5179/5179 5180/5180
usemtl dark
v 0.096718 1.642968 0.703220
v 0.109075 1.590649 0.725340
v 0.148168 1.586710 0.686549
v 0.137047 1.633797 0.666641
vt 0.000000 0.000000
vt 1.000000 0.000000
vt 1.000000 1.000000
vt 0.000000 1.000000
f 5181/5181 5182/5182 5183/5183 5184/5184
usemtl white
v 0.148168 1.586710 0.686549
v 0.166451 1.541560 0.705638
v 0.129390 1.540482 0.746551
v 0.109075 1.590649 0.725340
vt 0.000000 0.000000
vt 1.000000 0.000000
vt 1.000000 1.000000
vt 0.000000 1.000000
f 5185/5185 5186/5186 5187/5187 5188/5188
usemtl dark
v 0.109075 1.590649 0.725340
v 0.129390 1.540482 0.746551
v 0.166451 1.541560 0.705638
v 0.148168 1.586710 0.686549
vt 0.000000 0.000000
vt 1.000000 0.000000
vt 1.000000 1.000000
vt 0.000000 1.000000
f 5189/5189 5190/5190 5191/5191 5192/5192
usemtl white
v 0.166451 1.541560 0.705638
v 0.191524 1.499267 0.723519
v 0.157249 1.493489 0.766419
v 0.129390 1.540482 0.746551
vt 0.000000 0.000000
vt 1.000000 0.000000
vt 1.000000 1.000000
vt 0.000000 1.000000
f 5193/5193 5194/5194 5195/5195 5196/5196
usemtl dark
v 0.129390 1.540482 0.746551
v 0.157249 1.493489 0.766419
v 0.191524 1.499267 0.723519
v 0.166451 1.541560 0.705638
vt 0.000000 0.000000
vt 1.000000 0.000000
vt 1.000000 1.000000
vt 0.000000 1.000000
f 5197/5197 5198/5198 5199/5199 5200/5200
usemtl white
v 0.191524 1.499267 0.723519
v 0.222877 1.460690 0.739829
v 0.192086 1.450626 0.784541
v 0.157249 1.493489 0.766419
vt 0.000000 0.000000
vt 1.000000 0.000000
vt 1.000000 1.000000
vt 0.000000 1.000000
f 5201/5201 5202/5202 5203/5203 5204/5204
usemtl dark
v 0.157249 1.493489 0.766419
v 0.192086 1.450626 0.784541
v 0.222877 1.460690 0.739829
v 0.191524 1.499267 0.723519
vt 0.000000 0.000000
vt 1.000000 0.000000
vt 1.000000 1.000000
vt 0.000000 1.000000
f 5205/5205 5206/5206 5207/5207 5208/5208
usemtl white
v 0.222877 1.460690 0.739829
v 0.259872 1.426616 0.754236
v 0.233191 1.412766 0.800548
v 0.192086 1.450626 0.784541
vt 0.000000 0.000000
vt 1.000000 0.000000
vt 1.000000 1.000000
vt 0.000000 1.000000
f 5209/5209 5210/5210 5211/5211 5212/5212
usemtl dark
v 0.192086 1.450626 0.784541
v 0.233191 1.412766 0.800548
v 0.259872 1.426616 0.754236
v 0.222877 1.460690 0.739829
vt 0.000000 0.000000
vt 1.000000 0.000000
vt 1.000000 1.000000
vt 0.000000 1.000000
f 5213/5213 5214/5214 5215/5215 5216/5216
usemtl white
v 0.259872 1.426616 0.754236
v 0.301755 1.397738 0.766445
v 0.279727 1.380679 0.814114
v 0.233191 1.412766 0.800548
vt 0.000000 0.000000
vt 1.000000 0.000000
vt 1.000000 1.000000
vt 0.000000 1.000000
f 5217/5217 5218/5218 5219/5219 5220/5220
usemtl dark
v 0.233191 1.412766 0.800548
v 0.279727 1.380679 0.814114
v 0.301755 1.397738 0.766445
v 0.259872 1.426616 0.754236
vt 0.000000 0.000000
vt 1.000000 0.000000
vt 1.000000 1.000000
vt 0.000000 1.000000
f 5221/5221 5222/5222 5223/5223 5224/5224
usemtl white
v 0.301755 1.397738 0.766445
v 0.347673 1.374644 0.776209
v 0.330748 1.355019 0.824963
v 0.279727 1.380679 0.814114
vt 0.000000 0.000000
vt 1.000000 0.000000
vt 1.000000 1.000000
vt 0.000000 1.000000
f 5225/5225 5226/5226 5227/5227 5228/5228
usemtl dark
v 0.279727 1.380679 0.814114
v 0.330748 1.355019 0.824963
v 0.347673 1.374644 0.776209
v 0.301755 1.397738 0.766445
vt 0.000000 0.000000
vt 1.000000 0.000000
vt 1.000000 1.000000
vt 0.000000 1.000000
f 5229/5229 5230/5230 5231/5231 5232/5232
usemtl white
v 0.347673 1.374644 0.776209
v 0.396693 1.357804 0.783329
v 0.385214 1.336308 0.832874
v 0.330748 1.355019 0.824963
vt 0.000000 0.000000
vt 1.000000 0.000000
vt 1.000000 1.000000
vt 0.000000 1.000000
f 5233/5233 5234/5234 5235/5235 5236/5236
usemtl dark
v 0.330748 1.355019 0.824963
v 0.385214 1.336308 0.832874
v 0.396693 1.357804 0.783329
v 0.347673 1.374644 0.776209
vt 0.000000 0.000000
vt 1.000000 0.000000
vt 1.000000 1.000000
vt 0.000000 1.000000
f 5237/5237 5238/5238 5239/5239 5240/5240
usemtl white
v 0.396693 1.357804 0.783329
v 0.447815 1.347560 0.787660
v 0.442017 1.324927 0.837686
v 0.385214 1.336308 0.832874
vt 0.000000 0.000000
vt 1.000000 0.000000
vt 1.000000 1.000000
vt 0.000000 1.000000
f 5241/5241 5242/5242 5243/5243 5244/5244
usemtl dark
v 0.385214 1.336308 0.832874
v 0.442017 1.324927 0.837686
v 0.447815 1.347560 0.787660
v 0.396693 1.357804 0.783329
vt 0.000000 0.000000
vt 1.000000 0.000000
vt 1.000000 1.000000
vt 0.000000 1.000000
f 5245/5245 5246/5246 5247/5247 5248/5248
usemtl white
v 0.447815 1.347560 0.787660
v 0.500000 1.344123 0.789113
v 0.500000 1.321107 0.839301
v 0.442017 1.324927 0.837686
vt 0.000000 0.000000
vt 1.000000 0.000000
vt 1.000000 1.000000
vt 0.000000 1.000000
f 5249/5249 5250/5250 5251/5251 5252/5252
usemtl dark
v 0.442017 1.324927 0.837686
v 0.500000 1.321107 0.839301
v 0.500000 1.344123 0.789113
v 0.447815 1.347560 0.787660
vt 0.000000 0.000000
vt 1.000000 0.000000
vt 1.000000 1.000000
vt 0.000000 1.000000
f 5253/5253 5254/5254 5255/5255 5256/5256
usemtl white
v 0.500000 1.344123 0.789113
v 0.552185 1.347560 0.787660
v 0.557983 1.324927 0.837686
v 0.500000 1.321107 0.839301
vt 0.000000 0.000000
vt 1.000000 0.000000
vt 1.000000 1.000000
vt 0.000000 1.000000
f 5257/5257 5258/5258 5259/5259 5260/5260
usemtl dark
v 0.500000 1.321107 0.839301
v 0.557983 1.324927 0.837686
v 0.552185 1.347560 0.787660
v 0.500000 1.344123 0.789113
vt 0.000000 0.000000
vt 1.000000 0.000000
vt 1.000000 1.000000
vt 0.000000 1.000000
f 5261/5261 5262/5262 5263/5263 5264/5264
usemtl white
v 0.552185 1.347560 0.787660
v 0.603307 1.357804 0.783329
v 0.614786 1.336308 0.832874
v 0.557983 1.324927 0.837686
vt 0.000000 0.000000
vt 1.000000 0.000000
vt 1.000000 1.000000
vt 0.000000 1.000000
f 5265/5265 5266/5266 5267/5267 5268/5268
usemtl dark
v 0.557983 1.324927 0.837686
v 0.614786 1.336308 0.832874
v 0.603307 1.357804 0.783329
v 0.552185 1.347560 0.787660
vt 0.000000 0.000000
vt 1.000000 0.000000
vt 1.000000 1.000000
vt 0.000000 1.000000
f 5269/5269 5270/5270 5271/5271 5272/5272
usemtl white
v 0.603307 1.357804 0.783329
v 0.652327 1.374644 0.776209
v 0.669252 1.355019 0.824963
v 0.614786 1.336308 0.832874
vt 0.000000 0.000000
vt 1.000000 0.000000
vt 1.000000 1.000000
vt 0.000000 1.000000
f 5273/5273 5274/5274 5275/5275 5276/5276
usemtl dark
v 0.614786 1.336308 0.832874
v 0.669252 1.355019 0.824963
v 0.652327 1.374644 0.776209
v 0.603307 1.357804 0.783329
vt 0.000000 0.000000
vt 1.000000 0.000000
vt 1.000000 1.000000
vt 0.000000 1.000000
f 5277/5277 5278/5278 5279/5279 5280/5280
usemtl white
v 0.652327 1.374644 0.776209
v 0.698245 1.397738 0.766445
v 0.720273 1.380679 0.814114
v 0.669252 1.355019 0.824963
vt 0.000000 0.000000
vt 1.000000 0.000000
vt 1.000000 1.000000
vt 0.000000 1.000000
f 5281/5281 5282/5282 5283/5283 5284/5284
usemtl dark
v 0.669252 1.355019 0.824963
v 0.720273 1.380679 0.814114
v 0.698245 1.397738 0.766445
v 0.652327 1.374644 0.776209
vt 0.000000 0.000000
vt 1.000000 0.000000
vt 1.000000 1.000000
vt 0.000000 1.000000
f 5285/5285 5286/5286 5287/5287 5288/5288
usemtl white
v 0.698245 1.397738 0.766445
v 0.740128 1.426616 0.754236
v 0.766809 1.412766 0.800548
v 0.720273 1.380679 0.814114
vt 0.000000 0.000000
vt 1.000000 0.000000
vt 1.000000 1.000000
vt 0.000000 1.000000
f 5289/5289 5290/5290 5291/5291 5292/5292
usemtl dark
v 0.720273 1.380679 0.814114
v 0.766809 1.412766 0.800548
v 0.740128 1.426616 0.754236
v 0.698245 1.397738 0.766445
vt 0.000000 0.000000
vt 1.000000 0.000000
vt 1.000000 1.000000
vt 0.000000 1.000000
f 5293/5293 5294/5294 5295/5295 5296/5296
usemtl white
v 0.740128 1.426616 0.754236
v 0.777123 1.460690 0.739829
v 0.807914 1.450626 0.784541
v 0.766809 1.412766 0.800548
vt 0.000000 0.000000
vt 1.000000 0.000000
vt 1.000000 1.000000
vt 0.000000 1.000000
f 5297/5297 5298/5298 5299/5299 5300/5300
usemtl dark
v 0.766809 1.412766 0.800548
v 0.807914 1.450626 0.784541
v 0.777123 1.460690 0.739829
v 0.740128 1.426616 0.754236
vt 0.000000 0.000000
vt 1.000000 0.000000
vt 1.000000 1.000000
vt 0.000000 1.000000
f 5301/5301 5302/5302 5303/5303 5304/5304
usemtl white
v 0.777123 1.460690 0.739829
v 0.808476 1.499267 0.723519
v 0.842751 1.493489 0.766419
v 0.807914 1.450626 0.784541
vt 0.000000 0.000000
vt 1.000000 0.000000
vt 1.000000 1.000000
vt 0.000000 1.000000
f 5305/5305 5306/5306 5307/5307 5308/5308
usemtl dark
v 0.807914 1.450626 0.784541
v 0.842751 1.493489 0.766419
v 0.808476 1.499267 0.723519
v 0.777123 1.460690 0.739829
vt 0.000000 0.000000
vt 1.000000 0.000000
vt 1.000000 1.000000
vt 0.000000 1.000000
f 5309/5309 5310/5310 5311/5311 5312/5312
usemtl white
v 0.808476 1.499267 0.723519
v 0.833549 1.541560 0.705638
v 0.870610 1.540482 0.746551
v 0.842751 1.493489 0.766419
vt 0.000000 0.000000
vt 1.000000 0.000000
vt 1.000000 1.000000
vt 0.000000 1.000000
f 5313/5313 5314/5314 5315/5315 5316/5316
usemtl dark
v 0.842751 1.493489 0.766419
v 0.870610 1.540482 0.746551
v 0.833549 1.541560 0.705638
v 0.808476 1.499267 0.723519
vt 0.000000 0.000000
vt 1.000000 0.000000
vt 1.000000 1.000000
vt 0.000000 1.000000
f 5317/5317 5318/5318 5319/5319 5320/5320
usemtl white
v 0.833549 1.541560 0.705638
v 0.851832 1.586710 0.686549
v 0.890925 1.590649 0.725340
v 0.870610 1.540482 0.746551
vt 0.000000 0.000000
vt 1.000000 0.000000
vt 1.000000 1.000000
vt 0.000000 1.000000
f 5321/5321 5322/5322 5323/5323 5324/5324
usemtl dark
v 0.870610 1.540482 0.746551
v 0.890925 1.590649 0.725340
v 0.851832 1.586710 0.686549
v 0.833549 1.541560 0.705638
vt 0.000000 0.000000
vt 1.000000 0.000000
vt 1.000000 1.000000
vt 0.000000 1.000000
f 5325/5325 5326/5326 5327/5327 5328/5328
usemtl white
v 0.851832 1.586710 0.686549
v 0.862953 1.633797 0.666641
v 0.903282 1.642968 0.703220
v 0.890925 1.590649 0.725340
vt 0.000000 0.000000
vt 1.000000 0.000000
vt 1.000000 1.000000
vt 0.000000 1.000000
f 5329/5329 5330/5330 5331/5331 5332/5332
usemtl dark
v 0.890925 1.590649 0.725340
v 0.903282 1.642968 0.703220
v 0.862953 1.633797 0.666641
v 0.851832 1.586710 0.686549
vt 0.000000 0.000000
vt 1.000000 0.000000
vt 1.000000 1.000000
vt 0.000000 1.000000
f 5333/5333 5334/5334 5335/5335 5336/5336
usemtl white
v 0.862953 1.633797 0.666641
v 0.866686 1.681863 0.646319
v 0.907429 1.696374 0.680641
v 0.903282 1.642968 0.703220
vt 0.000000 0.000000
vt 1.000000 0.000000
vt 1.000000 1.000000
vt 0.000000 1.000000
f 5337/5337 5338/5338 5339/5339 5340/5340
usemtl dark
v 0.903282 1.642968 0.703220
v 0.907429 1.696374 0.680641
v 0.866686 1.681863 0.646319
v 0.862953 1.633797 0.666641
vt 0.000000 0.000000
vt 1.000000 0.000000
vt 1.000000 1.000000
vt 0.000000 1.000000
f 5341/5341 5342/5342 5343/5343 5344/5344
usemtl white
v 0.907429 1.696374 0.680641
v 0.903282 1.749780 0.658061
v 0.943610 1.771159 0.693738
v 0.948171 1.712412 0.718575
vt 0.000000 0.000000
vt 1.000000 0.000000
vt 1.000000 1.000000
vt 0.000000 1.000000
f 5345/5345 5346/5346 5347/5347 5348/5348
usemtl dark
v 0.948171 1.712412 0.718575
v 0.943610 1.771159 0.693738
v 0.903282 1.749780 0.658061
v 0.907429 1.696374 0.680641
vt 0.000000 0.000000
vt 1.000000 0.000000
vt 1.000000 1.000000
vt 0.000000 1.000000
f 5349/5349 5350/5350 5351/5351 5352/5352
usemtl white
v 0.903282 1.749780 0.658061
v 0.890925 1.802098 0.635941
v 0.930017 1.828709 0.669406
v 0.943610 1.771159 0.693738
vt 0.000000 0.000000
vt 1.000000 0.000000
vt 1.000000 1.000000
vt 0.000000 1.000000
f 5353/5353 5354/5354 5355/5355 5356/5356
usemtl dark
v 0.943610 1.771159 0.693738
v 0.930017 1.828709 0.669406
v 0.890925 1.802098 0.635941
v 0.903282 1.749780 0.658061
vt 0.000000 0.000000
vt 1.000000 0.000000
vt 1.000000 1.000000
vt 0.000000 1.000000
f 5357/5357 5358/5358 5359/5359 5360/5360
usemtl white
v 0.890925 1.802098 0.635941
v 0.870610 1.852265 0.614731
v 0.907671 1.883893 0.646074
v 0.930017 1.828709 0.669406
vt 0.000000 0.000000
vt 1.000000 0.000000
vt 1.000000 1.000000
vt 0.000000 1.000000
f 5361/5361 5362/5362 5363/5363 5364/5364
usemtl dark
v 0.930017 1.828709 0.669406
v 0.907671 1.883893 0.646074
v 0.870610 1.852265 0.614731
v 0.890925 1.802098 0.635941
vt 0.000000 0.000000
vt 1.000000 0.000000
vt 1.000000 1.000000
vt 0.000000 1.000000
f 5365/5365 5366/5366 5367/5367 5368/5368
usemtl white
v 0.870610 1.852265 0.614731
v 0.842751 1.899258 0.594863
v 0.877026 1.935585 0.624219
v 0.907671 1.883893 0.646074
vt 0.000000 0.000000
vt 1.000000 0.000000
vt 1.000000 1.000000
vt 0.000000 1.000000
f 5369/5369 5370/5370 5371/5371 5372/5372
usemtl dark
v 0.907671 1.883893 0.646074
v 0.877026 1.935585 0.624219
v 0.842751 1.899258 0.594863
v 0.870610 1.852265 0.614731
vt 0.000000 0.000000
vt 1.000000 0.000000
vt 1.000000 1.000000
vt 0.000000 1.000000
f 5373/5373 5374/5374 5375/5375 5376/5376
usemtl white
v 0.842751 1.899258 0.594863
v 0.807914 1.942121 0.576740
v 0.838705 1.982734 0.604285
v 0.877026 1.935585 0.624219
vt 0.000000 0.000000
vt 1.000000 0.000000
vt 1.000000 1.000000
vt 0.000000 1.000000
f 5377/5377 5378/5378 5379/5379 5380/5380
usemtl dark
v 0.877026 1.935585 0.624219
v 0.838705 1.982734 0.604285
v 0.807914 1.942121 0.576740
v 0.842751 1.899258 0.594863
vt 0.000000 0.000000
vt 1.000000 0.000000
vt 1.000000 1.000000
vt 0.000000 1.000000
f 5381/5381 5382/5382 5383/5383 5384/5384
usemtl white
v 0.807914 1.942121 0.576740
v 0.766809 1.979981 0.560733
v 0.793490 2.024380 0.586677
v 0.838705 1.982734 0.604285
vt 0.000000 0.000000
vt 1.000000 0.000000
vt 1.000000 1.000000
vt 0.000000 1.000000
f 5385/5385 5386/5386 5387/5387 5388/5388
usemtl dark
v 0.838705 1.982734 0.604285
v 0.793490 2.024380 0.586677
v 0.766809 1.979981 0.560733
v 0.807914 1.942121 0.576740
vt 0.000000 0.000000
vt 1.000000 0.000000
vt 1.000000 1.000000
vt 0.000000 1.000000
f 5389/5389 5390/5390 5391/5391 5392/5392
usemtl white
v 0.766809 1.979981 0.560733
v 0.720273 2.012068 0.547167
v 0.742300 2.059676 0.571755
v 0.793490 2.024380 0.586677
vt 0.000000 0.000000
vt 1.000000 0.000000
vt 1.000000 1.000000
vt 0.000000 1.000000
f 5393/5393 5394/5394 5395/5395 5396/5396
usemtl dark
v 0.793490 2.024380 0.586677
v 0.742300 2.059676 0.571755
v 0.720273 2.012068 0.547167
v 0.766809 1.979981 0.560733
vt 0.000000 0.000000
vt 1.000000 0.000000
vt 1.000000 1.000000
vt 0.000000 1.000000
f 5397/5397 5398/5398 5399/5399 5400/5400
usemtl white
v 0.720273 2.012068 0.547167
v 0.669252 2.037728 0.536318
v 0.686177 2.087902 0.559821
v 0.742300 2.059676 0.571755
vt 0.000000 0.000000
vt 1.000000 0.000000
vt 1.000000 1.000000
vt 0.000000 1.000000
f 5401/5401 5402/5402 5403/5403 5404/5404
usemtl dark
v 0.742300 2.059676 0.571755
v 0.686177 2.087902 0.559821
v 0.669252 2.037728 0.536318
v 0.720273 2.012068 0.547167
vt 0.000000 0.000000
vt 1.000000 0.000000
vt 1.000000 1.000000
vt 0.000000 1.000000
f 5405/5405 5406/5406 5407/5407 5408/5408
usemtl white
v 0.669252 2.037728 0.536318
v 0.614786 2.056439 0.528407
v 0.626264 2.108484 0.551119
v 0.686177 2.087902 0.559821
vt 0.000000 0.000000
vt 1.000000 0.000000
vt 1.000000 1.000000
vt 0.000000 1.000000
f 5409/5409 5410/5410 5411/5411 5412/5412
usemtl dark
v 0.686177 2.087902 0.559821
v 0.626264 2.108484 0.551119
v 0.614786 2.056439 0.528407
v 0.669252 2.037728 0.536318
vt 0.000000 0.000000
vt 1.000000 0.000000
vt 1.000000 1.000000
vt 0.000000 1.000000
f 5413/5413 5414/5414 5415/5415 5416/5416
usemtl white
v 0.614786 2.056439 0.528407
v 0.557983 2.067821 0.523596
v 0.563781 2.121004 0.545826
v 0.626264 2.108484 0.551119
vt 0.000000 0.000000
vt 1.000000 0.000000
vt 1.000000 1.000000
vt 0.000000 1.000000
f 5417/5417 5418/5418 5419/5419 5420/5420
usemtl dark
v 0.626264 2.108484 0.551119
v 0.563781 2.121004 0.545826
v 0.557983 2.067821 0.523596
v 0.614786 2.056439 0.528407
vt 0.000000 0.000000
vt 1.000000 0.000000
vt 1.000000 1.000000
vt 0.000000 1.000000
f 5421/5421 5422/5422 5423/5423 5424/5424
usemtl white
v 0.557983 2.067821 0.523596
v 0.500000 2.071640 0.521981
v 0.500000 2.125205 0.544049
v 0.563781 2.121004 0.545826
vt 0.000000 0.000000
vt 1.000000 0.000000
vt 1.000000 1.000000
vt 0.000000 1.000000
f 5425/5425 5426/5426 5427/5427 5428/5428
usemtl dark
v 0.563781 2.121004 0.545826
v 0.500000 2.125205 0.544049
v 0.500000 2.071640 0.521981
v 0.557983 2.067821 0.523596
vt 0.000000 0.000000
vt 1.000000 0.000000
vt 1.000000 1.000000
vt 0.000000 1.000000
f 5429/5429 5430/5430 5431/5431 5432/5432
usemtl white
v 0.500000 2.071640 0.521981
v 0.442017 2.067821 0.523596
v 0.436219 2.121004 0.545826
v 0.500000 2.125205 0.544049
vt 0.000000 0.000000
vt 1.000000 0.000000
vt 1.000000 1.000000
vt 0.000000 1.000000
f 5433/5433 5434/5434 5435/5435 5436/5436
usemtl dark
v 0.500000 2.125205 0.544049
v 0.436219 2.121004 0.545826
v 0.442017 2.067821 0.523596
v 0.500000 2.071640 0.521981
vt 0.000000 0.000000
vt 1.000000 0.000000
vt 1.000000 1.000000
vt 0.000000 1.000000
f 5437/5437 5438/5438 5439/5439 5440/5440
usemtl white
v 0.442017 2.067821 0.523596
v 0.385214 2.056439 0.528407
v 0.373736 2.108484 0.551119
v 0.436219 2.121004 0.545826
vt 0.000000 0.000000
vt 1.000000 0.000000
vt 1.000000 1.000000
vt 0.000000 1.000000
f 5441/5441 5442/5442 5443/5443 5444/5444
usemtl dark
v 0.436219 2.121004 0.545826
v 0.373736 2.108484 0.551119
v 0.385214 2.056439 0.528407
v 0.442017 2.067821 0.523596
vt 0.000000 0.000000
vt 1.000000 0.000000
vt 1.000000 1.000000
vt 0.000000 1.000000
f 5445/5445 5446/5446 5447/5447 5448/5448
usemtl white
v 0.385214 2.056439 0.528407
v 0.330748 2.037728 0.536318
v 0.313823 2.087902 0.559821
v 0.373736 2.108484 0.551119
vt 0.000000 0.000000
vt 1.000000 0.000000
vt 1.000000 1.000000
vt 0.000000 1.000000
f 5449/5449 5450/5450 5451/5451 5452/5452
usemtl dark
v 0.373736 2.108484 0.551119
v 0.313823 2.087902 0.559821
v 0.330748 2.037728 0.536318
v 0.385214 2.056439 0.528407
vt 0.000000 0.000000
vt 1.000000 0.000000
vt 1.000000 1.000000
vt 0.000000 1.000000
f 5453/5453 5454/5454 5455/5455 5456/5456
usemtl white
v 0.330748 2.037728 0.536318
v 0.279727 2.012068 0.547167
v 0.257700 2.059676 0.571755
v 0.313823 2.087902 0.559821
vt 0.000000 0.000000
vt 1.000000 0.000000
vt 1.000000 1.000000
vt 0.000000 1.000000
f 5457/5457 5458/5458 5459/5459 5460/5460
usemtl dark
v 0.313823 2.087902 0.559821
v 0.257700 2.059676 0.571755
v 0.279727 2.012068 0.547167
v 0.330748 2.037728 0.536318
vt 0.000000 0.000000
vt 1.000000 0.000000
vt 1.000000 1.000000
vt 0.000000 1.000000
f 5461/5461 5462/5462 5463/5463 5464/5464
usemtl white
v 0.279727 2.012068 0.547167
v 0.233191 1.979981 0.560733
v 0.206510 2.024380 0.586677
v 0.257700 2.059676 0.571755
vt 0.000000 0.000000
vt 1.000000 0.000000
vt 1.000000 1.000000
vt 0.000000 1.000000
f 5465/5465 5466/5466 5467/5467 5468/5468
usemtl dark
v 0.257700 2.059676 0.571755
v 0.206510 2.024380 0.586677
v 0.233191 1.979981 0.560733
v 0.279727 2.012068 0.547167
vt 0.000000 0.000000
vt 1.000000 0.000000
vt 1.000000 1.000000
vt 0.000000 1.000000
f 5469/5469 5470/5470 5471/5471 5472/5472
usemtl white
v 0.233191 1.979981 0.560733
v 0.192086 1.942121 0.576740
v 0.161295 1.982734 0.604285
v 0.206510 2.024380 0.586677
vt 0.000000 0.000000
vt 1.000000 0.000000
vt 1.000000 1.000000
vt 0.000000 1.000000
f 5473/5473 5474/5474 5475/5475 5476/5476
usemtl dark
v 0.206510 2.024380 0.586677
v 0.161295 1.982734 0.604285
v 0.192086 1.942121 0.576740
v 0.233191 1.979981 0.560733
vt 0.000000 0.000000
vt 1.000000 0.000000
vt 1.000000 1.000000
vt 0.000000 1.000000
f 5477/5477 5478/5478 5479/5479 5480/5480
usemtl white
v 0.192086 1.942121 0.576740
v 0.157249 1.899258 0.594863
v 0.122974 1.935585 0.624219
v 0.161295 1.982734 0.604285
vt 0.000000 0.000000
vt 1.000000 0.000000
vt 1.000000 1.000000
vt 0.000000 1.000000
f 5481/5481 5482/5482 5483/5483 5484/5484
usemtl dark
v 0.161295 1.982734 0.604285
v 0.122974 1.935585 0.624219
v 0.157249 1.899258 0.594863
v 0.192086 1.942121 0.576740
vt 0.000000 0.000000
vt 1.000000 0.000000
vt 1.000000 1.000000
vt 0.000000 1.000000
f 5485/5485 5486/5486 5487/5487 5488/5488
usemtl white
v 0.157249 1.899258 0.594863
v 0.129390 1.852265 0.614731
v 0.092329 1.883893 0.646074
v 0.122974 1.935585 0.624219
vt 0.000000 0.000000
vt 1.000000 0.000000
vt 1.000000 1.000000
vt 0.000000 1.000000
f 5489/5489 5490/5490 5491/5491 5492/5492
usemtl dark
v 0.122974 1.935585 0.624219
v 0.092329 1.883893 0.646074
v 0.129390 1.852265 0.614731
v 0.157249 1.899258 0.594863
vt 0.000000 0.000000
vt 1.000000 0.000000
vt 1.000000 1.000000
vt 0.000000 1.000000
f 5493/5493 5494/5494 5495/5495 5496/5496
usemtl white
v 0.129390 1.852265 0.614731
v 0.109075 1.802098 0.635941
v 0.069983 1.828709 0.669406
v 0.092329 1.883893 0.646074
vt 0.000000 0.000000
vt 1.000000 0.000000
vt 1.000000 1.000000
vt 0.000000 1.000000
f 5497/5497 5498/5498 5499/5499 5500/5500
usemtl dark
v 0.092329 1.883893 0.646074
v 0.069983 1.828709 0.669406
v 0.109075 1.802098 0.635941
v 0.129390 1.852265 0.614731
vt 0.000000 0.000000
vt 1.000000 0.000000
vt 1.000000 1.000000
vt 0.000000 1.000000
f 5501/5501 5502/5502 5503/5503 5504/5504
usemtl white
v 0.109075 1.802098 0.635941
v 0.096718 1.749780 0.658061
v 0.056390 1.771159 0.693738
v 0.069983 1.828709 0.669406
vt 0.000000 0.000000
vt 1.000000 0.000000
vt 1.000000 1.000000
vt 0.000000 1.000000
f 5505/5505 5506/5506 5507/5507 5508/5508
usemtl dark
v 0.069983 1.828709 0.669406
v 0.056390 1.771159 0.693738
v 0.096718 1.749780 0.658061
v 0.109075 1.802098 0.635941
vt 0.000000 0.000000
vt 1.000000 0.000000
vt 1.000000 1.000000
vt 0.000000 1.000000
f 5509/5509 5510/5510 5511/5511 5512/5512
usemtl white
v 0.096718 1.749780 0.658061
v 0.092571 1.696374 0.680641
v 0.051829 1.712412 0.718575
v 0.056390 1.771159 0.693738
vt 0.000000 0.000000
vt 1.000000 0.000000
vt 1.000000 1.000000
vt 0.000000 1.000000
f 5513/5513 5514/5514 5515/5515 5516/5516
usemtl dark
v 0.056390 1.771159 0.693738
v 0.051829 1.712412 0.718575
v 0.092571 1.696374 0.680641
v 0.096718 1.749780 0.658061
vt 0.000000 0.000000
vt 1.000000 0.000000
vt 1.000000 1.000000
vt 0.000000 1.000000
f 5517/5517 5518/5518 5519/5519 5520/5520
usemtl white
v 0.092571 1.696374 0.680641
v 0.096718 1.642968 0.703220
v 0.056390 1.653666 0.743413
v 0.051829 1.712412 0.718575
vt 0.000000 0.000000
vt 1.000000 0.000000
vt 1.000000 1.000000
vt 0.000000 1.000000
f 5521/5521 5522/5522 5523/5523 5524/5524
usemtl dark
v 0.051829 1.712412 0.718575
v 0.056390 1.653666 0.743413
v 0.096718 1.642968 0.703220
v 0.092571 1.696374 0.680641
vt 0.000000 0.000000
vt 1.000000 0.000000
vt 1.000000 1.000000
vt 0.000000 1.000000
f 5525/5525 5526/5526 5527/5527 5528/5528
usemtl white
v 0.096718 1.642968 0.703220
v 0.109075 1.590649 0.725340
v 0.069983 1.596115 0.767745
v 0.056390 1.653666 0.743413
vt 0.000000 0.000000
vt 1.000000 0.000000
vt 1.000000 1.000000
vt 0.000000 1.000000
f 5529/5529 5530/5530 5531/5531 5532/5532
usemtl dark
v 0.056390 1.653666 0.743413
v 0.069983 1.596115 0.767745
v 0.109075 1.590649 0.725340
v 0.096718 1.642968 0.703220
vt 0.000000 0.000000
vt 1.000000 0.000000
vt 1.000000 1.000000
vt 0.000000 1.000000
f 5533/5533 5534/5534 5535/5535 5536/5536
usemtl white
v 0.109075 1.590649 0.725340
v 0.129390 1.540482 0.746551
v 0.092329 1.540932 0.791076
v 0.069983 1.596115 0.767745
vt 0.000000 0.000000
vt 1.000000 0.000000
vt 1.000000 1.000000
vt 0.000000 1.000000
f 5537/5537 5538/5538 5539/5539 5540/5540
usemtl dark
v 0.069983 1.596115 0.767745
v 0.092329 1.540932 0.791076
v 0.129390 1.540482 0.746551
v 0.109075 1.590649 0.725340
vt 0.000000 0.000000
vt 1.000000 0.000000
vt 1.000000 1.000000
vt 0.000000 1.000000
f 5541/5541 5542/5542 5543/5543 5544/5544
usemtl white
v 0.129390 1.540482 0.746551
v 0.157249 1.493489 0.766419
v 0.122974 1.489239 0.812931
v 0.092329 1.540932 0.791076
vt 0.000000 0.000000
vt 1.000000 0.000000
vt 1.000000 1.000000
vt 0.000000 1.000000
f 5545/5545 5546/5546 5547/5547 5548/5548
usemtl dark
v 0.092329 1.540932 0.791076
v 0.122974 1.489239 0.812931
v 0.157249 1.493489 0.766419
v 0.129390 1.540482 0.746551
vt 0.000000 0.000000
vt 1.000000 0.000000
vt 1.000000 1.000000
vt 0.000000 1.000000
f 5549/5549 5550/5550 5551/5551 5552/5552
usemtl white
v 0.157249 1.493489 0.766419
v 0.192086 1.450626 0.784541
v 0.161295 1.442090 0.832866
v 0.122974 1.489239 0.812931
vt 0.000000 0.000000
vt 1.000000 0.000000
vt 1.000000 1.000000
vt 0.000000 1.000000
f 5553/5553 5554/5554 5555/5555 5556/5556
usemtl dark
v 0.122974 1.489239 0.812931
v 0.161295 1.442090 0.832866
v 0.192086 1.450626 0.784541
v 0.157249 1.493489 0.766419
vt 0.000000 0.000000
vt 1.000000 0.000000
vt 1.000000 1.000000
vt 0.000000 1.000000
f 5557/5557 5558/5558 5559/5559 5560/5560
usemtl white
v 0.192086 1.450626 0.784541
v 0.233191 1.412766 0.800548
v 0.206510 1.400444 0.850473
v 0.161295 1.442090 0.832866
vt 0.000000 0.000000
vt 1.000000 0.000000
vt 1.000000 1.000000
vt 0.000000 1.000000
f 5561/5561 5562/5562 5563/5563 5564/5564
usemtl dark
v 0.161295 1.442090 0.832866
v 0.206510 1.400444 0.850473
v 0.233191 1.412766 0.800548
v 0.192086 1.450626 0.784541
vt 0.000000 0.000000
vt 1.000000 0.000000
vt 1.000000 1.000000
vt 0.000000 1.000000
f 5565/5565 5566/5566 5567/5567 5568/5568
usemtl white
v 0.233191 1.412766 0.800548
v 0.279727 1.380679 0.814114
v 0.257700 1.365148 0.865396
v 0.206510 1.400444 0.850473
vt 0.000000 0.000000
vt 1.000000 0.000000
vt 1.000000 1.000000
vt 0.000000 1.000000
f 5569/5569 5570/5570 5571/5571 5572/5572
usemtl dark
v 0.206510 1.400444 0.850473
v 0.257700 1.365148 0.865396
v 0.279727 1.380679 0.814114
v 0.233191 1.412766 0.800548
vt 0.000000 0.000000
vt 1.000000 0.000000
vt 1.000000 1.000000
vt 0.000000 1.000000
f 5573/5573 5574/5574 5575/5575 5576/5576
usemtl white
v 0.279727 1.380679 0.814114
v 0.330748 1.355019 0.824963
v 0.313823 1.336922 0.877330
v 0.257700 1.365148 0.865396
vt 0.000000 0.000000
vt 1.000000 0.000000
vt 1.000000 1.000000
vt 0.000000 1.000000
f 5577/5577 5578/5578 5579/5579 5580/5580
usemtl dark
v 0.257700 1.365148 0.865396
v 0.313823 1.336922 0.877330
v 0.330748 1.355019 0.824963
v 0.279727 1.380679 0.814114
vt 0.000000 0.000000
vt 1.000000 0.000000
vt 1.000000 1.000000
vt 0.000000 1.000000
f 5581/5581 5582/5582 5583/5583 5584/5584
usemtl white
v 0.330748 1.355019 0.824963
v 0.385214 1.336308 0.832874
v 0.373736 1.316340 0.886032
v 0.313823 1.336922 0.877330
vt 0.000000 0.000000
vt 1.000000 0.000000
vt 1.000000 1.000000
vt 0.000000 1.000000
f 5585/5585 5586/5586 5587/5587 5588/5588
usemtl dark
v 0.313823 1.336922 0.877330
v 0.373736 1.316340 0.886032
v 0.385214 1.336308 0.832874
v 0.330748 1.355019 0.824963
vt 0.000000 0.000000
vt 1.000000 0.000000
vt 1.000000 1.000000
vt 0.000000 1.000000
f 5589/5589 5590/5590 5591/5591 5592/5592
usemtl white
v 0.385214 1.336308 0.832874
v 0.442017 1.324927 0.837686
v 0.436219 1.303821 0.891325
v 0.373736 1.316340 0.886032
vt 0.000000 0.000000
vt 1.000000 0.000000
vt 1.000000 1.000000
vt 0.000000 1.000000
f 5593/5593 5594/5594 5595/5595 5596/5596
usemtl dark
v 0.373736 1.316340 0.886032
v 0.436219 1.303821 0.891325
v 0.442017 1.324927 0.837686
v 0.385214 1.336308 0.832874
vt 0.000000 0.000000
vt 1.000000 0.000000
vt 1.000000 1.000000
vt 0.000000 1.000000
f 5597/5597 5598/5598 5599/5599 5600/5600
usemtl white
v 0.442017 1.324927 0.837686
v 0.500000 1.321107 0.839301
v 0.500000 1.299619 0.893101
v 0.436219 1.303821 0.891325
vt 0.000000 0.000000
vt 1.000000 0.000000
vt 1.000000 1.000000
vt 0.000000 1.000000
f 5601/5601 5602/5602 5603/5603 5604/5604
usemtl dark
v 0.436219 1.303821 0.891325
v 0.500000 1.299619 0.893101
v 0.500000 1.321107 0.839301
v 0.442017 1.324927 0.837686
vt 0.000000 0.000000
vt 1.000000 0.000000
vt 1.000000 1.000000
vt 0.000000 1.000000
f 5605/5605 5606/5606 5607/5607 5608/5608
usemtl white
v 0.500000 1.321107 0.839301
v 0.557983 1.324927 0.837686
v 0.563781 1.303821 0.891325
v 0.500000 1.299619 0.893101
vt 0.000000 0.000000
vt 1.000000 0.000000
vt 1.000000 1.000000
vt 0.000000 1.000000
f 5609/5609 5610/5610 5611/5611 5612/5612
usemtl dark
v 0.500000 1.299619 0.893101
v 0.563781 1.303821 0.891325
v 0.557983 1.324927 0.837686
v 0.500000 1.321107 0.839301
vt 0.000000 0.000000
vt 1.000000 0.000000
vt 1.000000 1.000000
vt 0.000000 1.000000
f 5613/5613 5614/5614 5615/5615 5616/5616
usemtl white
v 0.557983 1.324927 0.837686
v 0.614786 1.336308 0.832874
v 0.626264 1.316340 0.886032
v 0.563781 1.303821 0.891325
vt 0.000000 0.000000
vt 1.000000 0.000000
vt 1.000000 1.000000
vt 0.000000 1.000000
f 5617/5617 5618/5618 5619/5619 5620/5620
usemtl dark
v 0.563781 1.303821 0.891325
v 0.626264 1.316340 0.886032
v 0.614786 1.336308 0.832874
v 0.557983 1.324927 0.837686
vt 0.000000 0.000000
vt 1.000000 0.000000
vt 1.000000 1.000000
vt 0.000000 1.000000
f 5621/5621 5622/5622 5623/5623 5624/5624
usemtl white
v 0.614786 1.336308 0.832874
v 0.669252 1.355019 0.824963
v 0.686177 1.336922 0.877330
v 0.626264 1.316340 0.886032
vt 0.000000 0.000000
vt 1.000000 0.000000
vt 1.000000 1.000000
vt 0.000000 1.000000
f 5625/5625 5626/5626 5627/5627 5628/5628
usemtl dark
v 0.626264 1.316340 0.886032
v 0.686177 1.336922 0.877330
v 0.669252 1.355019 0.824963
v 0.614786 1.336308 0.832874
vt 0.000000 0.000000
vt 1.000000 0.000000
vt 1.000000 1.000000
vt 0.000000 1.000000
f 5629/5629 5630/5630 5631/5631 5632/5632
usemtl white
v 0.669252 1.355019 0.824963
v 0.720273 1.380679 0.814114
v 0.742300 1.365148 0.865396
v 0.686177 1.336922 0.877330
vt 0.000000 0.000000
vt 1.000000 0.000000
vt 1.000000 1.000000
vt 0.000000 1.000000
f 5633/5633 5634/5634 5635/5635 5636/5636
usemtl dark
v 0.686177 1.336922 0.877330
v 0.742300 1.365148 0.865396
v 0.720273 1.380679 0.814114
v 0.669252 1.355019 0.824963
vt 0.000000 0.000000
vt 1.000000 0.000000
vt 1.000000 1.000000
vt 0.000000 1.000000
f 5637/5637 5638/5638 5639/5639 5640/5640
usemtl white
v 0.720273 1.380679 0.814114
v 0.766809 1.412766 0.800548
v 0.793490 1.400444 0.850473
v 0.742300 1.365148 0.865396
vt 0.000000 0.000000
vt 1.000000 0.000000
vt 1.000000 1.000000
vt 0.000000 1.000000
f 5641/5641 5642/5642 5643/5643 5644/5644
usemtl dark
v 0.742300 1.365148 0.865396
v 0.793490 1.400444 0.850473
v 0.766809 1.412766 0.800548
v 0.720273 1.380679 0.814114
vt 0.000000 0.000000
vt 1.000000 0.000000
vt 1.000000 1.000000
vt 0.000000 1.000000
f 5645/5645 5646/5646 5647/5647 5648/5648
usemtl white
v 0.766809 1.412766 0.800548
v 0.807914 1.450626 0.784541
v 0.838705 1.442090 0.832866
v 0.793490 1.400444 0.850473
vt 0.000000 0.000000
vt 1.000000 0.000000
vt 1.000000 1.000000
vt 0.000000 1.000000
f 5649/5649 5650/5650 5651/5651 5652/5652
usemtl dark
v 0.793490 1.400444 0.850473
v 0.838705 1.442090 0.832866
v 0.807914 1.450626 0.784541
v 0.766809 1.412766 0.800548
vt 0.000000 0.000000
vt 1.000000 0.000000
vt 1.000000 1.000000
vt 0.000000 1.000000
f 5653/5653 5654/5654 5655/5655 5656/5656
usemtl white
v 0.807914 1.450626 0.784541
v 0.842751 1.493489 0.766419
v 0.877026 1.489239 0.812931
v 0.838705 1.442090 0.832866
vt 0.000000 0.000000
vt 1.000000 0.000000
vt 1.000000 1.000000
vt 0.000000 1.000000
f 5657/5657 5658/5658 5659/5659 5660/5660
usemtl dark
v 0.838705 1.442090 0.832866
v 0.877026 1.489239 0.812931
v 0.842751 1.493489 0.766419
v 0.807914 1.450626 0.784541
vt 0.000000 0.000000
vt 1.000000 0.000000
vt 1.000000 1.000000
vt 0.000000 1.000000
f 5661/5661 5662/5662 5663/5663 5664/5664
usemtl white
v 0.842751 1.493489 0.766419
v 0.870610 1.540482 0.746551
v 0.907671 1.540932 0.791076
v 0.877026 1.489239 0.812931
vt 0.000000 0.000000
vt 1.000000 0.000000
vt 1.000000 1.000000
vt 0.000000 1.000000
f 5665/5665 5666/5666 5667/5667 5668/5668
usemtl dark
v 0.877026 1.489239 0.812931
v 0.907671 1.540932 0.791076
v 0.870610 1.540482 0.746551
v 0.842751 1.493489 0.766419
vt 0.000000 0.000000
vt 1.000000 0.000000
vt 1.000000 1.000000
vt 0.000000 1.000000
f 5669/5669 5670/5670 5671/5671 5672/5672
usemtl white
v 0.870610 1.540482 0.746551
v 0.890925 1.590649 0.725340
v 0.930017 1.596115 0.767745
v 0.907671 1.540932 0.791076
vt 0.000000 0.000000
vt 1.000000 0.000000
vt 1.000000 1.000000
vt 0.000000 1.000000
f 5673/5673 5674/5674 5675/5675 5676/5676
usemtl dark
v 0.907671 1.540932 0.791076
v 0.930017 1.596115 0.767745
v 0.890925 1.590649 0.725340
v 0.870610 1.540482 0.746551
vt 0.000000 0.000000
vt 1.000000 0.000000
vt 1.000000 1.000000
vt 0.000000 1.000000
f 5677/5677 5678/5678 5679/5679 5680/5680
usemtl white
v 0.890925 1.590649 0.725340
v 0.903282 1.642968 0.703220
v 0.943610 1.653666 0.743413
v 0.930017 1.596115 0.767745
vt 0.000000 0.000000
vt 1.000000 0.000000
vt 1.000000 1.000000
vt 0.000000 1.000000
f 5681/5681 5682/5682 5683/5683 5684/5684
usemtl dark
v 0.930017 1.596115 0.767745
v 0.943610 1.653666 0.743413
v 0.903282 1.642968 0.703220
v 0.890925 1.590649 0.725340
vt 0.000000 0.000000
vt 1.000000 0.000000
vt 1.000000 1.000000
vt 0.000000 1.000000
f 5685/5685 5686/5686 5687/5687 5688/5688
usemtl white
v 0.903282 1.642968 0.703220
v 0.907429 1.696374 0.680641
v 0.948171 1.712412 0.718575
v 0.943610 1.653666 0.743413
vt 0.000000 0.000000
vt 1.000000 0.000000
vt 1.000000 1.000000
vt 0.000000 1.000000
f 5689/5689 5690/5690 5691/5691 5692/5692
usemtl dark
v 0.943610 1.653666 0.743413
v 0.948171 1.712412 0.718575
v 0.907429 1.696374 0.680641
v 0.903282 1.642968 0.703220
vt 0.000000 0.000000
vt 1.000000 0.000000
vt 1.000000 1.000000
vt 0.000000 1.000000
f 5693/5693 5694/5694 5695/5695 5696/5696
usemtl white
v 0.948171 1.712412 0.718575
v 0.943610 1.771159 0.693738
v 0.983938 1.794065 0.733027
v 0.988914 1.729978 0.760123
vt 0.000000 0.000000
vt 1.000000 0.000000
vt 1.000000 1.000000
vt 0.000000 1.000000
f 5697/5697 5698/5698 5699/5699 5700/5700
usemtl dark
v 0.988914 1.729978 0.760123
v 0.983938 1.794065 0.733027
v 0.943610 1.771159 0.693738
v 0.948171 1.712412 0.718575
vt 0.000000 0.000000
vt 1.000000 0.000000
vt 1.000000 1.000000
vt 0.000000 1.000000
f 5701/5701 5702/5702 5703/5703 5704/5704
usemtl white
v 0.943610 1.771159 0.693738
v 0.930017 1.828709 0.669406
v 0.969110 1.856848 0.706483
v 0.983938 1.794065 0.733027
vt 0.000000 0.000000
vt 1.000000 0.000000
vt 1.000000 1.000000
vt 0.000000 1.000000
f 5705/5705 5706/5706 5707/5707 5708/5708
usemtl dark
v 0.983938 1.794065 0.733027
v 0.969110 1.856848 0.706483
v 0.930017 1.828709 0.669406
v 0.943610 1.771159 0.693738
vt 0.000000 0.000000
vt 1.000000 0.000000
vt 1.000000 1.000000
vt 0.000000 1.000000
f 5709/5709 5710/5710 5711/5711 5712/5712
usemtl white
v 0.930017 1.828709 0.669406
v 0.907671 1.883893 0.646074
v 0.944732 1.917048 0.681031
v 0.969110 1.856848 0.706483
vt 0.000000 0.000000
vt 1.000000 0.000000
vt 1.000000 1.000000
vt 0.000000 1.000000
f 5713/5713 5714/5714 5715/5715 5716/5716
usemtl dark
v 0.969110 1.856848 0.706483
v 0.944732 1.917048 0.681031
v 0.907671 1.883893 0.646074
v 0.930017 1.828709 0.669406
vt 0.000000 0.000000
vt 1.000000 0.000000
vt 1.000000 1.000000
vt 0.000000 1.000000
f 5717/5717 5718/5718 5719/5719 5720/5720
usemtl white
v 0.907671 1.883893 0.646074
v 0.877026 1.935585 0.624219
v 0.911301 1.973439 0.657189
v 0.944732 1.917048 0.681031
vt 0.000000 0.000000
vt 1.000000 0.000000
vt 1.000000 1.000000
vt 0.000000 1.000000
f 5721/5721 5722/5722 5723/5723 5724/5724
usemtl dark
v 0.944732 1.917048 0.681031
v 0.911301 1.973439 0.657189
v 0.877026 1.935585 0.624219
v 0.907671 1.883893 0.646074
vt 0.000000 0.000000
vt 1.000000 0.000000
vt 1.000000 1.000000
vt 0.000000 1.000000
f 5725/5725 5726/5726 5727/5727 5728/5728
usemtl white
v 0.877026 1.935585 0.624219
v 0.838705 1.982734 0.604285
v 0.869497 2.024875 0.635442
v 0.911301 1.973439 0.657189
vt 0.000000 0.000000
vt 1.000000 0.000000
vt 1.000000 1.000000
vt 0.000000 1.000000
f 5729/5729 5730/5730 5731/5731 5732/5732
usemtl dark
v 0.911301 1.973439 0.657189
v 0.869497 2.024875 0.635442
v 0.838705 1.982734 0.604285
v 0.877026 1.935585 0.624219
vt 0.000000 0.000000
vt 1.000000 0.000000
vt 1.000000 1.000000
vt 0.000000 1.000000
f 5733/5733 5734/5734 5735/5735 5736/5736
usemtl white
v 0.838705 1.982734 0.604285
v 0.793490 2.024380 0.586677
v 0.820171 2.070307 0.616234
v 0.869497 2.024875 0.635442
vt 0.000000 0.000000
vt 1.000000 0.000000
vt 1.000000 1.000000
vt 0.000000 1.000000
f 5737/5737 5738/5738 5739/5739 5740/5740
usemtl dark
v 0.869497 2.024875 0.635442
v 0.820171 2.070307 0.616234
v 0.793490 2.024380 0.586677
v 0.838705 1.982734 0.604285
vt 0.000000 0.000000
vt 1.000000 0.000000
vt 1.000000 1.000000
vt 0.000000 1.000000
f 5741/5741 5742/5742 5743/5743 5744/5744
usemtl white
v 0.793490 2.024380 0.586677
v 0.742300 2.059676 0.571755
v 0.764327 2.108811 0.599955
v 0.820171 2.070307 0.616234
vt 0.000000 0.000000
vt 1.000000 0.000000
vt 1.000000 1.000000
vt 0.000000 1.000000
f 5745/5745 5746/5746 5747/5747 5748/5748
usemtl dark
v 0.820171 2.070307 0.616234
v 0.764327 2.108811 0.599955
v 0.742300 2.059676 0.571755
v 0.793490 2.024380 0.586677
vt 0.000000 0.000000
vt 1.000000 0.000000
vt 1.000000 1.000000
vt 0.000000 1.000000
f 5749/5749 5750/5750 5751/5751 5752/5752
usemtl white
v 0.742300 2.059676 0.571755
v 0.686177 2.087902 0.559821
v 0.703102 2.139603 0.586936
v 0.764327 2.108811 0.599955
vt 0.000000 0.000000
vt 1.000000 0.000000
vt 1.000000 1.000000
vt 0.000000 1.000000
f 5753/5753 5754/5754 5755/5755 5756/5756
usemtl dark
v 0.764327 2.108811 0.599955
v 0.703102 2.139603 0.586936
v 0.686177 2.087902 0.559821
v 0.742300 2.059676 0.571755
vt 0.000000 0.000000
vt 1.000000 0.000000
vt 1.000000 1.000000
vt 0.000000 1.000000
f 5757/5757 5758/5758 5759/5759 5760/5760
usemtl white
v 0.686177 2.087902 0.559821
v 0.626264 2.108484 0.551119
v 0.637743 2.162057 0.577443
v 0.703102 2.139603 0.586936
vt 0.000000 0.000000
vt 1.000000 0.000000
vt 1.000000 1.000000
vt 0.000000 1.000000
f 5761/5761 5762/5762 5763/5763 5764/5764
usemtl dark
v 0.703102 2.139603 0.586936
v 0.637743 2.162057 0.577443
v 0.626264 2.108484 0.551119
v 0.686177 2.087902 0.559821
vt 0.000000 0.000000
vt 1.000000 0.000000
vt 1.000000 1.000000
vt 0.000000 1.000000
f 5765/5765 5766/5766 5767/5767 5768/5768
usemtl white
v 0.626264 2.108484 0.551119
v 0.563781 2.121004 0.545826
v 0.569580 2.175714 0.571668
v 0.637743 2.162057 0.577443
vt 0.000000 0.000000
vt 1.000000 0.000000
vt 1.000000 1.000000
vt 0.000000 1.000000
f 5769/5769 5770/5770 5771/5771 5772/5772
usemtl dark
v 0.637743 2.162057 0.577443
v 0.569580 2.175714 0.571668
v 0.563781 2.121004 0.545826
v 0.626264 2.108484 0.551119
vt 0.000000 0.000000
vt 1.000000 0.000000
vt 1.000000 1.000000
vt 0.000000 1.000000
f 5773/5773 5774/5774 5775/5775 5776/5776
usemtl white
v 0.563781 2.121004 0.545826
v 0.500000 2.125205 0.544049
v 0.500000 2.180298 0.569730
v 0.569580 2.175714 0.571668
vt 0.000000 0.000000
vt 1.000000 0.000000
vt 1.000000 1.000000
vt 0.000000 1.000000
f 5777/5777 5778/5778 5779/5779 5780/5780
usemtl dark
v 0.569580 2.175714 0.571668
v 0.500000 2.180298 0.569730
v 0.500000 2.125205 0.544049
v 0.563781 2.121004 0.545826
vt 0.000000 0.000000
vt 1.000000 0.000000
vt 1.000000 1.000000
vt 0.000000 1.000000
f 5781/5781 5782/5782 5783/5783 5784/5784
usemtl white
v 0.500000 2.125205 0.544049
v 0.436219 2.121004 0.545826
v 0.430420 2.175714 0.571668
v 0.500000 2.180298 0.569730
vt 0.000000 0.000000
vt 1.000000 0.000000
vt 1.000000 1.000000
vt 0.000000 1.000000
f 5785/5785 5786/5786 5787/5787 5788/5788
usemtl dark
v 0.500000 2.180298 0.569730
v 0.430420 2.175714 0.571668
v 0.436219 2.121004 0.545826
v 0.500000 2.125205 0.544049
vt 0.000000 0.000000
vt 1.000000 0.000000
vt 1.000000 1.000000
vt 0.000000 1.000000
f 5789/5789 5790/5790 5791/5791 5792/5792
usemtl white
v 0.436219 2.121004 0.545826
v 0.373736 2.108484 0.551119
v 0.362257 2.162057 0.577443
v 0.430420 2.175714 0.571668
vt 0.000000 0.000000
vt 1.000000 0.000000
vt 1.000000 1.000000
vt 0.000000 1.000000
f 5793/5793 5794/5794 5795/5795 5796/5796
usemtl dark
v 0.430420 2.175714 0.571668
v 0.362257 2.162057 0.577443
v 0.373736 2.108484 0.551119
v 0.436219 2.121004 0.545826
vt 0.000000 0.000000
vt 1.000000 0.000000
vt 1.000000 1.000000
vt 0.000000 1.000000
f 5797/5797 5798/5798 5799/5799 5800/5800
usemtl white
v 0.373736 2.108484 0.551119
v 0.313823 2.087902 0.559821
v 0.296898 2.139603 0.586936
v 0.362257 2.162057 0.577443
vt 0.000000 0.000000
vt 1.000000 0.000000
vt 1.000000 1.000000
vt 0.000000 1.000000
f 5801/5801 5802/5802 5803/5803 5804/5804
usemtl dark
v 0.362257 2.162057 0.577443
v 0.296898 2.139603 0.586936
v 0.313823 2.087902 0.559821
v 0.373736 2.108484 0.551119
vt 0.000000 0.000000
vt 1.000000 0.000000
vt 1.000000 1.000000
vt 0.000000 1.000000
f 5805/5805 5806/5806 5807/5807 5808/5808
usemtl white
v 0.313823 2.087902 0.559821
v 0.257700 2.059676 0.571755
v 0.235673 2.108811 0.599955
v 0.296898 2.139603 0.586936
vt 0.000000 0.000000
vt 1.000000 0.000000
vt 1.000000 1.000000
vt 0.000000 1.000000
f 5809/5809 5810/5810 5811/5811 5812/5812
usemtl dark
v 0.296898 2.139603 0.586936
v 0.235673 2.108811 0.599955
v 0.257700 2.059676 0.571755
v 0.313823 2.087902 0.559821
vt 0.000000 0.000000
vt 1.000000 0.000000
vt 1.000000 1.000000
vt 0.000000 1.000000
f 5813/5813 5814/5814 5815/5815 5816/5816
usemtl white
v 0.257700 2.059676 0.571755
v 0.206510 2.024380 0.586677
v 0.179829 2.070307 0.616234
v 0.235673 2.108811 0.599955
vt 0.000000 0.000000
vt 1.000000 0.000000
vt 1.000000 1.000000
vt 0.000000 1.000000
f 5817/5817 5818/5818 5819/5819 5820/5820
usemtl dark
v 0.235673 2.108811 0.599955
v 0.179829 2.070307 0.616234
v 0.206510 2.024380 0.586677
v 0.257700 2.059676 0.571755
vt 0.000000 0.000000
vt 1.000000 0.000000
vt 1.000000 1.000000
vt 0.000000 1.000000
f 5821/5821 5822/5822 5823/5823 5824/5824
usemtl white
v 0.206510 2.024380 0.586677
v 0.161295 1.982734 0.604285
v 0.130503 2.024875 0.635442
v 0.179829 2.070307 0.616234
vt 0.000000 0.000000
vt 1.000000 0.000000
vt 1.000000 1.000000
vt 0.000000 1.000000
f 5825/5825 5826/5826 5827/5827 5828/5828
usemtl dark
v 0.179829 2.070307 0.616234
v 0.130503 2.024875 0.635442
v 0.161295 1.982734 0.604285
v 0.206510 2.024380 0.586677
vt 0.000000 0.000000
vt 1.000000 0.000000
vt 1.000000 1.000000
vt 0.000000 1.000000
f 5829/5829 5830/5830 5831/5831 5832/5832
usemtl white
v 0.161295 1.982734 0.604285
v 0.122974 1.935585 0.624219
v 0.088699 1.973439 0.657189
v 0.130503 2.024875 0.635442
vt 0.000000 0.000000
vt 1.000000 0.000000
vt 1.000000 1.000000
vt 0.000000 1.000000
f 5833/5833 5834/5834 5835/5835 5836/5836
usemtl dark
v 0.130503 2.024875 0.635442
v 0.088699 1.973439 0.657189
v 0.122974 1.935585 0.624219
v 0.161295 1.982734 0.604285
vt 0.000000 0.000000
vt 1.000000 0.000000
vt 1.000000 1.000000
vt 0.000000 1.000000
f 5837/5837 5838/5838 5839/5839 5840/5840
usemtl white
v 0.122974 1.935585 0.624219
v 0.092329 1.883893 0.646074
v 0.055268 1.917048 0.681031
v 0.088699 1.973439 0.657189
vt 0.000000 0.000000
vt 1.000000 0.000000
vt 1.000000 1.000000
vt 0.000000 1.000000
f 5841/5841 5842/5842 5843/5843 5844/5844
usemtl dark
v 0.088699 1.973439 0.657189
v 0.055268 1.917048 0.681031
v 0.092329 1.883893 0.646074
v 0.122974 1.935585 0.624219
vt 0.000000 0.000000
vt 1.000000 0.000000
vt 1.000000 1.000000
vt 0.000000 1.000000
f 5845/5845 5846/5846 5847/5847 5848/5848
usemtl white
v 0.092329 1.883893 0.646074
v 0.069983 1.828709 0.669406
v 0.030890 1.856848 0.706483
v 0.055268 1.917048 0.681031
vt 0.000000 0.000000
vt 1.000000 0.000000
vt 1.000000 1.000000
vt 0.000000 1.000000
f 5849/5849 5850/5850 5851/5851 5852/5852
usemtl dark
v 0.055268 1.917048 0.681031
v 0.030890 1.856848 0.706483
v 0.069983 1.828709 0.669406
v 0.092329 1.883893 0.646074
vt 0.000000 0.000000
vt 1.000000 0.000000
vt 1.000000 1.000000
vt 0.000000 1.000000
f 5853/5853 5854/5854 5855/5855 5856/5856
usemtl white
v 0.069983 1.828709 0.669406
v 0.056390 1.771159 0.693738
v 0.016062 1.794065 0.733027
v 0.030890 1.856848 0.706483
vt 0.000000 0.000000
vt 1.000000 0.000000
vt 1.000000 1.000000
vt 0.000000 1.000000
f 5857/5857 5858/5858 5859/5859 5860/5860
usemtl dark
v 0.030890 1.856848 0.706483
v 0.016062 1.794065 0.733027
v 0.056390 1.771159 0.693738
v 0.069983 1.828709 0.669406
vt 0.000000 0.000000
vt 1.000000 0.000000
vt 1.000000 1.000000
vt 0.000000 1.000000
f 5861/5861 5862/5862 5863/5863 5864/5864
usemtl white
v 0.056390 1.771159 0.693738
v 0.051829 1.712412 0.718575
v 0.011086 1.729978 0.760123
v 0.016062 1.794065 0.733027
vt 0.000000 0.000000
vt 1.000000 0.000000
vt 1.000000 1.000000
vt 0.000000 1.000000
f 5865/5865 5866/5866 5867/5867 5868/5868
usemtl dark
v 0.016062 1.794065 0.733027
v 0.011086 1.729978 0.760123
v 0.051829 1.712412 0.718575
v 0.056390 1.771159 0.693738
vt 0.000000 0.000000
vt 1.000000 0.000000
vt 1.000000 1.000000
vt 0.000000 1.000000
f 5869/5869 5870/5870 5871/5871 5872/5872
usemtl white
v 0.051829 1.712412 0.718575
v 0.056390 1.653666 0.743413
v 0.016062 1.665891 0.787218
v 0.011086 1.729978 0.760123
vt 0.000000 0.000000
vt 1.000000 0.000000
vt 1.000000 1.000000
vt 0.000000 1.000000
f 5873/5873 5874/5874 5875/5875 5876/5876
usemtl dark
v 0.011086 1.729978 0.760123
v 0.016062 1.665891 0.787218
v 0.056390 1.653666 0.743413
v 0.051829 1.712412 0.718575
vt 0.000000 0.000000
vt 1.000000 0.000000
vt 1.000000 1.000000
vt 0.000000 1.000000
f 5877/5877 5878/5878 5879/5879 5880/5880
usemtl white
v 0.056390 1.653666 0.743413
v 0.069983 1.596115 0.767745
v 0.030890 1.603108 0.813762
v 0.016062 1.665891 0.787218
vt 0.000000 0.000000
vt 1.000000 0.000000
vt 1.000000 1.000000
vt 0.000000 1.000000
f 5881/5881 5882/5882 5883/5883 5884/5884
usemtl dark
v 0.016062 1.665891 0.787218
v 0.030890 1.603108 0.813762
v 0.069983 1.596115 0.767745
v 0.056390 1.653666 0.743413
vt 0.000000 0.000000
vt 1.000000 0.000000
vt 1.000000 1.000000
vt 0.000000 1.000000
f 5885/5885 5886/5886 5887/5887 5888/5888
usemtl white
v 0.069983 1.596115 0.767745
v 0.092329 1.540932 0.791076
v 0.055268 1.542908 0.839214
v 0.030890 1.603108 0.813762
vt 0.000000 0.000000
vt 1.000000 0.000000
vt 1.000000 1.000000
vt 0.000000 1.000000
f 5889/5889 5890/5890 5891/5891 5892/5892
usemtl dark
v 0.030890 1.603108 0.813762
v 0.055268 1.542908 0.839214
v 0.092329 1.540932 0.791076
v 0.069983 1.596115 0.767745
vt 0.000000 0.000000
vt 1.000000 0.000000
vt 1.000000 1.000000
vt 0.000000 1.000000
f 5893/5893 5894/5894 5895/5895 5896/5896
usemtl white
v 0.092329 1.540932 0.791076
v 0.122974 1.489239 0.812931
v 0.088699 1.486517 0.863056
v 0.055268 1.542908 0.839214
vt 0.000000 0.000000
vt 1.000000 0.000000
vt 1.000000 1.000000
vt 0.000000 1.000000
f 5897/5897 5898/5898 5899/5899 5900/5900
usemtl dark
v 0.055268 1.542908 0.839214
v 0.088699 1.486517 0.863056
v 0.122974 1.489239 0.812931
v 0.092329 1.540932 0.791076
vt 0.000000 0.000000
vt 1.000000 0.000000
vt 1.000000 1.000000
vt 0.000000 1.000000
f 5901/5901 5902/5902 5903/5903 5904/5904
usemtl white
v 0.122974 1.489239 0.812931
v 0.161295 1.442090 0.832866
v 0.130503 1.435081 0.884803
v 0.088699 1.486517 0.863056
vt 0.000000 0.000000
vt 1.000000 0.000000
vt 1.000000 1.000000
vt 0.000000 1.000000
f 5905/5905 5906/5906 5907/5907 5908/5908
usemtl dark
v 0.088699 1.486517 0.863056
v 0.130503 1.435081 0.884803
v 0.161295 1.442090 0.832866
v 0.122974 1.489239 0.812931
vt 0.000000 0.000000
vt 1.000000 0.000000
vt 1.000000 1.000000
vt 0.000000 1.000000
f 5909/5909 5910/5910 5911/5911 5912/5912
usemtl white
v 0.161295 1.442090 0.832866
v 0.206510 1.400444 0.850473
v 0.179829 1.389649 0.904011
v 0.130503 1.435081 0.884803
vt 0.000000 0.000000
vt 1.000000 0.000000
vt 1.000000 1.000000
vt 0.000000 1.000000
f 5913/5913 5914/5914 5915/5915 5916/5916
usemtl dark
v 0.130503 1.435081 0.884803
v 0.179829 1.389649 0.904011
v 0.206510 1.400444 0.850473
v 0.161295 1.442090 0.832866
vt 0.000000 0.000000
vt 1.000000 0.000000
vt 1.000000 1.000000
vt 0.000000 1.000000
f 5917/5917 5918/5918 5919/5919 5920/5920
usemtl white
v 0.206510 1.400444 0.850473
v 0.257700 1.365148 0.865396
v 0.235673 1.351145 0.920291
v 0.179829 1.389649 0.904011
vt 0.000000 0.000000
vt 1.000000 0.000000
vt 1.000000 1.000000
vt 0.000000 1.000000
f 5921/5921 5922/5922 5923/5923 5924/5924
usemtl dark
v 0.179829 1.389649 0.904011
v 0.235673 1.351145 0.920291
v 0.257700 1.365148 0.865396
v 0.206510 1.400444 0.850473
vt 0.000000 0.000000
vt 1.000000 0.000000
vt 1.000000 1.000000
vt 0.000000 1.000000
f 5925/5925 5926/5926 5927/5927 5928/5928
usemtl white
v 0.257700 1.365148 0.865396
v 0.313823 1.336922 0.877330
v 0.296898 1.320353 0.933309
v 0.235673 1.351145 0.920291
vt 0.000000 0.000000
vt 1.000000 0.000000
vt 1.000000 1.000000
vt 0.000000 1.000000
f 5929/5929 5930/5930 5931/5931 5932/5932
usemtl dark
v 0.235673 1.351145 0.920291
v 0.296898 1.320353 0.933309
v 0.313823 1.336922 0.877330
v 0.257700 1.365148 0.865396
vt 0.000000 0.000000
vt 1.000000 0.000000
vt 1.000000 1.000000
vt 0.000000 1.000000
f 5933/5933 5934/5934 5935/5935 5936/5936
usemtl white
v 0.313823 1.336922 0.877330
v 0.373736 1.316340 0.886032
v 0.362257 1.297899 0.942803
v 0.296898 1.320353 0.933309
vt 0.000000 0.000000
vt 1.000000 0.000000
vt 1.000000 1.000000
vt 0.000000 1.000000
f 5937/5937 5938/5938 5939/5939 5940/5940
usemtl dark
v 0.296898 1.320353 0.933309
v 0.362257 1.297899 0.942803
v 0.373736 1.316340 0.886032
v 0.313823 1.336922 0.877330
vt 0.000000 0.000000
vt 1.000000 0.000000
vt 1.000000 1.000000
vt 0.000000 1.000000
f 5941/5941 5942/5942 5943/5943 5944/5944
usemtl white
v 0.373736 1.316340 0.886032
v 0.436219 1.303821 0.891325
v 0.430420 1.284242 0.948577
v 0.362257 1.297899 0.942803
vt 0.000000 0.000000
vt 1.000000 0.000000
vt 1.000000 1.000000
vt 0.000000 1.000000
f 5945/5945 5946/5946 5947/5947 5948/5948
usemtl dark
v 0.362257 1.297899 0.942803
v 0.430420 1.284242 0.948577
v 0.436219 1.303821 0.891325
v 0.373736 1.316340 0.886032
vt 0.000000 0.000000
vt 1.000000 0.000000
vt 1.000000 1.000000
vt 0.000000 1.000000
f 5949/5949 5950/5950 5951/5951 5952/5952
usemtl white
v 0.436219 1.303821 0.891325
v 0.500000 1.299619 0.893101
v 0.500000 1.279658 0.950515
v 0.430420 1.284242 0.948577
vt 0.000000 0.000000
vt 1.000000 0.000000
vt 1.000000 1.000000
vt 0.000000 1.000000
f 5953/5953 5954/5954 5955/5955 5956/5956
usemtl dark
v 0.430420 1.284242 0.948577
v 0.500000 1.279658 0.950515
v 0.500000 1.299619 0.893101
v 0.436219 1.303821 0.891325
vt 0.000000 0.000000
vt 1.000000 0.000000
vt 1.000000 1.000000
vt 0.000000 1.000000
f 5957/5957 5958/5958 5959/5959 5960/5960
usemtl white
v 0.500000 1.299619 0.893101
v 0.563781 1.303821 0.891325
v 0.569580 1.284242 0.948577
v 0.500000 1.279658 0.950515
vt 0.000000 0.000000
vt 1.000000 0.000000
vt 1.000000 1.000000
vt 0.000000 1.000000
f 5961/5961 5962/5962 5963/5963 5964/5964
usemtl dark
v 0.500000 1.279658 0.950515
v 0.569580 1.284242 0.948577
v 0.563781 1.303821 0.891325
v 0.500000 1.299619 0.893101
vt 0.000000 0.000000
vt 1.000000 0.000000
vt 1.000000 1.000000
vt 0.000000 1.000000
f 5965/5965 5966/5966 5967/5967 5968/5968
usemtl white
v 0.563781 1.303821 0.891325
v 0.626264 1.316340 0.886032
v 0.637743 1.297899 0.942803
v 0.569580 1.284242 0.948577
vt 0.000000 0.000000
vt 1.000000 0.000000
vt 1.000000 1.000000
vt 0.000000 1.000000
f 5969/5969 5970/5970 5971/5971 5972/5972
usemtl dark
v 0.569580 1.284242 0.948577
v 0.637743 1.297899 0.942803
v 0.626264 1.316340 0.886032
v 0.563781 1.303821 0.891325
vt 0.000000 0.000000
vt 1.000000 0.000000
vt 1.000000 1.000000
vt 0.000000 1.000000
f 5973/5973 5974/5974 5975/5975 5976/5976
usemtl white
v 0.626264 1.316340 0.886032
v 0.686177 1.336922 0.877330
v 0.703102 1.320353 0.933309
v 0.637743 1.297899 0.942803
vt 0.000000 0.000000
vt 1.000000 0.000000
vt 1.000000 1.000000
vt 0.000000 1.000000
f 5977/5977 5978/5978 5979/5979 5980/5980
usemtl dark
v 0.637743 1.297899 0.942803
v 0.703102 1.320353 0.933309
v 0.686177 1.336922 0.877330
v 0.626264 1.316340 0.886032
vt 0.000000 0.000000
vt 1.000000 0.000000
vt 1.000000 1.000000
vt 0.000000 1.000000
f 5981/5981 5982/5982 5983/5983 5984/5984
usemtl white
v 0.686177 1.336922 0.877330
v 0.742300 1.365148 0.865396
v 0.764327 1.351145 0.920291
v 0.703102 1.320353 0.933309
vt 0.000000 0.000000
vt 1.000000 0.000000
vt 1.000000 1.000000
vt 0.000000 1.000000
f 5985/5985 5986/5986 5987/5987 5988/5988
usemtl dark
v 0.703102 1.320353 0.933309
v 0.764327 1.351145 0.920291
v 0.742300 1.365148 0.865396
v 0.686177 1.336922 0.877330
vt 0.000000 0.000000
vt 1.000000 0.000000
vt 1.000000 1.000000
vt 0.000000 1.000000
f 5989/5989 5990/5990 5991/5991 5992/5992
usemtl white
v 0.742300 1.365148 0.865396
v 0.793490 1.400444 0.850473
v 0.820171 1.389649 0.904011
v 0.764327 1.351145 0.920291
vt 0.000000 0.000000
vt 1.000000 0.000000
vt 1.000000 1.000000
vt 0.000000 1.000000
f 5993/5993 5994/5994 5995/5995 5996/5996
usemtl dark
v 0.764327 1.351145 0.920291
v 0.820171 1.389649 0.904011
v 0.793490 1.400444 0.850473
v 0.742300 1.365148 0.865396
vt 0.000000 0.000000
vt 1.000000 0.000000
vt 1.000000 1.000000
vt 0.000000 1.000000
f 5997/5997 5998/5998 5999/5999 6000/6000
usemtl white
v 0.793490 1.400444 0.850473
v 0.838705 1.442090 0.832866
v 0.869497 1.435081 0.884803
v 0.820171 1.389649 0.904011
vt 0.000000 0.000000
vt 1.000000 0.000000
vt 1.000000 1.000000
vt 0.000000 1.000000
f 6001/6001 6002/6002 6003/6003 6004/6004
usemtl dark
v 0.820171 1.389649 0.904011
v 0.869497 1.435081 0.884803
v 0.838705 1.442090 0.832866
v 0.793490 1.400444 0.850473
vt 0.000000 0.000000
vt 1.000000 0.000000
vt 1.000000 1.000000
vt 0.000000 1.000000
f 6005/6005 6006/6006 6007/6007 6008/6008
usemtl white
v 0.838705 1.442090 0.832866
v 0.877026 1.489239 0.812931
v 0.911301 1.486517 0.863056
v 0.869497 1.435081 0.884803
vt 0.000000 0.000000
vt 1.000000 0.000000
vt 1.000000 1.000000
vt 0.000000 1.000000
f 6009/6009 6010/6010 6011/6011 6012/6012
usemtl dark
v 0.869497 1.435081 0.884803
v 0.911301 1.486517 0.863056
v 0.877026 1.489239 0.812931
v 0.838705 1.442090 0.832866
vt 0.000000 0.000000
vt 1.000000 0.000000
vt 1.000000 1.000000
vt 0.000000 1.000000
f 6013/6013 6014/6014 6015/6015 6016/6016
usemtl white
v 0.877026 1.489239 0.812931
v 0.907671 1.540932 0.791076
v 0.944732 1.542908 0.839214
v 0.911301 1.486517 0.863056
vt 0.000000 0.000000
vt 1.000000 0.000000
vt 1.000000 1.000000
vt 0.000000 1.000000
f 6017/6017 6018/6018 6019/6019 6020/6020
usemtl dark
v 0.911301 1.486517 0.863056
v 0.944732 1.542908 0.839214
v 0.907671 1.540932 0.791076
v 0.877026 1.489239 0.812931
vt 0.000000 0.000000
vt 1.000000 0.000000
vt 1.000000 1.000000
vt 0.000000 1.000000
f 6021/6021 6022/6022 6023/6023 6024/6024
usemtl white
v 0.907671 1.540932 0.791076
v 0.930017 1.596115 0.767745
v 0.969110 1.603108 0.813762
v 0.944732 1.542908 0.839214
vt 0.000000 0.000000
vt 1.000000 0.000000
vt 1.000000 1.000000
vt 0.000000 1.000000
f 6025/6025 6026/6026 6027/6027 6028/6028
usemtl dark
v 0.944732 1.542908 0.839214
v 0.969110 1.603108 0.813762
v 0.930017 1.596115 0.767745
v 0.907671 1.540932 0.791076
vt 0.000000 0.000000
vt 1.000000 0.000000
vt 1.000000 1.000000
vt 0.000000 1.000000
f 6029/6029 6030/6030 6031/6031 6032/6032
usemtl white
v 0.930017 1.596115 0.767745
v 0.943610 1.653666 0.743413
v 0.983938 1.665891 0.787218
v 0.969110 1.603108 0.813762
vt 0.000000 0.000000
vt 1.000000 0.000000
vt 1.000000 1.000000
vt 0.000000 1.000000
f 6033/6033 6034/6034 6035/6035 6036/6036
usemtl dark
v 0.969110 1.603108 0.813762
v 0.983938 1.665891 0.787218
v 0.943610 1.653666 0.743413
v 0.930017 1.596115 0.767745
vt 0.000000 0.000000
vt 1.000000 0.000000
vt 1.000000 1.000000
vt 0.000000 1.000000
f 6037/6037 6038/6038 6039/6039 6040/6040
usemtl white
v 0.943610 1.653666 0.743413
v 0.948171 1.712412 0.718575
v 0.988914 1.729978 0.760123
v 0.983938 1.665891 0.787218
vt 0.000000 0.000000
vt 1.000000 0.000000
vt 1.000000 1.000000
vt 0.000000 1.000000
f 6041/6041 6042/6042 6043/6043 6044/6044
usemtl dark
v 0.983938 1.665891 0.787218
v 0.988914 1.729978 0.760123
v 0.948171 1.712412 0.718575
v 0.943610 1.653666 0.743413
vt 0.000000 0.000000
vt 1.000000 0.000000
vt 1.000000 1.000000
vt 0.000000 1.000000
f 6045/6045 6046/6046 6047/6047 6048/6048
usemtl white
v 0.988914 1.729978 0.760123
v 0.983938 1.794065 0.733027
v 1.024266 1.818499 0.775929
v 1.029657 1.749072 0.805283
vt 0.000000 0.000000
vt 1.000000 0.000000
vt 1.000000 1.000000
vt 0.000000 1.000000
f 6049/6049 6050/6050 6051/6051 6052/6052
usemtl dark
v 1.029657 1.749072 0.805283
v 1.024266 1.818499 0.775929
v 0.983938 1.794065 0.733027
v 0.988914 1.729978 0.760123
vt 0.000000 0.000000
vt 1.000000 0.000000
vt 1.000000 1.000000
vt 0.000000 1.000000
f 6053/6053 6054/6054 6055/6055 6056/6056
usemtl white
v 0.983938 1.794065 0.733027
v 0.969110 1.856848 0.706483
v 1.008202 1.886514 0.747173
v 1.024266 1.818499 0.775929
vt 0.000000 0.000000
vt 1.000000 0.000000
vt 1.000000 1.000000
vt 0.000000 1.000000
f 6057/6057 6058/6058 6059/6059 6060/6060
usemtl dark
v 1.024266 1.818499 0.775929
v 1.008202 1.886514 0.747173
v 0.969110 1.856848 0.706483
v 0.983938 1.794065 0.733027
vt 0.000000 0.000000
vt 1.000000 0.000000
vt 1.000000 1.000000
vt 0.000000 1.000000
f 6061/6061 6062/6062 6063/6063 6064/6064
usemtl white
v 0.969110 1.856848 0.706483
v 0.944732 1.917048 0.681031
v 0.981793 1.951730 0.719600
v 1.008202 1.886514 0.747173
vt 0.000000 0.000000
vt 1.000000 0.000000
vt 1.000000 1.000000
vt 0.000000 1.000000
f 6065/6065 6066/6066 6067/6067 6068/6068
usemtl dark
v 1.008202 1.886514 0.747173
v 0.981793 1.951730 0.719600
v 0.944732 1.917048 0.681031
v 0.969110 1.856848 0.706483
vt 0.000000 0.000000
vt 1.000000 0.000000
vt 1.000000 1.000000
vt 0.000000 1.000000
f 6069/6069 6070/6070 6071/6071 6072/6072
usemtl white
v 0.944732 1.917048 0.681031
v 0.911301 1.973439 0.657189
v 0.945576 2.012821 0.693771
v 0.981793 1.951730 0.719600
vt 0.000000 0.000000
vt 1.000000 0.000000
vt 1.000000 1.000000
vt 0.000000 1.000000
f 6073/6073 6074/6074 6075/6075 6076/6076
usemtl dark
v 0.981793 1.951730 0.719600
v 0.945576 2.012821 0.693771
v 0.911301 1.973439 0.657189
v 0.944732 1.917048 0.681031
vt 0.000000 0.000000
vt 1.000000 0.000000
vt 1.000000 1.000000
vt 0.000000 1.000000
f 6077/6077 6078/6078 6079/6079 6080/6080
usemtl white
v 0.911301 1.973439 0.657189
v 0.869497 2.024875 0.635442
v 0.900288 2.068543 0.670212
v 0.945576 2.012821 0.693771
vt 0.000000 0.000000
vt 1.000000 0.000000
vt 1.000000 1.000000
vt 0.000000 1.000000
f 6081/6081 6082/6082 6083/6083 6084/6084
usemtl dark
v 0.945576 2.012821 0.693771
v 0.900288 2.068543 0.670212
v 0.869497 2.024875 0.635442
v 0.911301 1.973439 0.657189
vt 0.000000 0.000000
vt 1.000000 0.000000
vt 1.000000 1.000000
vt 0.000000 1.000000
f 6085/6085 6086/6086 6087/6087 6088/6088
usemtl white
v 0.869497 2.024875 0.635442
v 0.820171 2.070307 0.616234
v 0.846852 2.117761 0.649403
v 0.900288 2.068543 0.670212
vt 0.000000 0.000000
vt 1.000000 0.000000
vt 1.000000 1.000000
vt 0.000000 1.000000
f 6089/6089 6090/6090 6091/6091 6092/6092
usemtl dark
v 0.900288 2.068543 0.670212
v 0.846852 2.117761 0.649403
v 0.820171 2.070307 0.616234
v 0.869497 2.024875 0.635442
vt 0.000000 0.000000
vt 1.000000 0.000000
vt 1.000000 1.000000
vt 0.000000 1.000000
f 6093/6093 6094/6094 6095/6095 6096/6096
usemtl white
v 0.820171 2.070307 0.616234
v 0.764327 2.108811 0.599955
v 0.786354 2.159474 0.631767
v 0.846852 2.117761 0.649403
vt 0.000000 0.000000
vt 1.000000 0.000000
vt 1.000000 1.000000
vt 0.000000 1.000000
f 6097/6097 6098/6098 6099/6099 6100/6100
usemtl dark
v 0.846852 2.117761 0.649403
v 0.786354 2.159474 0.631767
v 0.764327 2.108811 0.599955
v 0.820171 2.070307 0.616234
vt 0.000000 0.000000
vt 1.000000 0.000000
vt 1.000000 1.000000
vt 0.000000 1.000000
f 6101/6101 6102/6102 6103/6103 6104/6104
usemtl white
v 0.764327 2.108811 0.599955
v 0.703102 2.139603 0.586936
v 0.720028 2.192832 0.617664
v 0.786354 2.159474 0.631767
vt 0.000000 0.000000
vt 1.000000 0.000000
vt 1.000000 1.000000
vt 0.000000 1.000000
f 6105/6105 6106/6106 6107/6107 6108/6108
usemtl dark
v 0.786354 2.159474 0.631767
v 0.720028 2.192832 0.617664
v 0.703102 2.139603 0.586936
v 0.764327 2.108811 0.599955
vt 0.000000 0.000000
vt 1.000000 0.000000
vt 1.000000 1.000000
vt 0.000000 1.000000
f 6109/6109 6110/6110 6111/6111 6112/6112
usemtl white
v 0.703102 2.139603 0.586936
v 0.637743 2.162057 0.577443
v 0.649222 2.217157 0.607380
v 0.720028 2.192832 0.617664
vt 0.000000 0.000000
vt 1.000000 0.000000
vt 1.000000 1.000000
vt 0.000000 1.000000
f 6113/6113 6114/6114 6115/6115 6116/6116
usemtl dark
v 0.720028 2.192832 0.617664
v 0.649222 2.217157 0.607380
v 0.637743 2.162057 0.577443
v 0.703102 2.139603 0.586936
vt 0.000000 0.000000
vt 1.000000 0.000000
vt 1.000000 1.000000
vt 0.000000 1.000000
f 6117/6117 6118/6118 6119/6119 6120/6120
usemtl white
v 0.637743 2.162057 0.577443
v 0.569580 2.175714 0.571668
v 0.575378 2.231952 0.601124
v 0.649222 2.217157 0.607380
vt 0.000000 0.000000
vt 1.000000 0.000000
vt 1.000000 1.000000
vt 0.000000 1.000000
f 6121/6121 6122/6122 6123/6123 6124/6124
usemtl dark
v 0.649222 2.217157 0.607380
v 0.575378 2.231952 0.601124
v 0.569580 2.175714 0.571668
v 0.637743 2.162057 0.577443
vt 0.000000 0.000000
vt 1.000000 0.000000
vt 1.000000 1.000000
vt 0.000000 1.000000
f 6125/6125 6126/6126 6127/6127 6128/6128
usemtl white
v 0.569580 2.175714 0.571668
v 0.500000 2.180298 0.569730
v 0.500000 2.236918 0.599025
v 0.575378 2.231952 0.601124
vt 0.000000 0.000000
vt 1.000000 0.000000
vt 1.000000 1.000000
vt 0.000000 1.000000
f 6129/6129 6130/6130 6131/6131 6132/6132
usemtl dark
v 0.575378 2.231952 0.601124
v 0.500000 2.236918 0.599025
v 0.500000 2.180298 0.569730
v 0.569580 2.175714 0.571668
vt 0.000000 0.000000
vt 1.000000 0.000000
vt 1.000000 1.000000
vt 0.000000 1.000000
f 6133/6133 6134/6134 6135/6135 6136/6136
usemtl white
v 0.500000 2.180298 0.569730
v 0.430420 2.175714 0.571668
v 0.424622 2.231952 0.601124
v 0.500000 2.236918 0.599025
vt 0.000000 0.000000
vt 1.000000 0.000000
vt 1.000000 1.000000
vt 0.000000 1.000000
f 6137/6137 6138/6138 6139/6139 6140/6140
usemtl dark
v 0.500000 2.236918 0.599025
v 0.424622 2.231952 0.601124
v 0.430420 2.175714 0.571668
v 0.500000 2.180298 0.569730
vt 0.000000 0.000000
vt 1.000000 0.000000
vt 1.000000 1.000000
vt 0.000000 1.000000
f 6141/6141 6142/6142 6143/6143 6144/6144
usemtl white
v 0.430420 2.175714 0.571668
v 0.362257 2.162057 0.577443
v 0.350778 2.217157 0.607380
v 0.424622 2.231952 0.601124
vt 0.000000 0.000000
vt 1.000000 0.000000
vt 1.000000 1.000000
vt 0.000000 1.000000
f 6145/6145 6146/6146 6147/6147 6148/6148
usemtl dark
v 0.424622 2.231952 0.601124
v 0.350778 2.217157 0.607380
v 0.362257 2.162057 0.577443
v 0.430420 2.175714 0.571668
vt 0.000000 0.000000
vt 1.000000 0.000000
vt 1.000000 1.000000
vt 0.000000 1.000000
f 6149/6149 6150/6150 6151/6151 6152/6152
usemtl white
v 0.362257 2.162057 0.577443
v 0.296898 2.139603 0.586936
v 0.279972 2.192832 0.617664
v 0.350778 2.217157 0.607380
vt 0.000000 0.000000
vt 1.000000 0.000000
vt 1.000000 1.000000
vt 0.000000 1.000000
f 6153/6153 6154/6154 6155/6155 6156/6156
usemtl dark
v 0.350778 2.217157 0.607380
v 0.279972 2.192832 0.617664
v 0.296898 2.139603 0.586936
v 0.362257 2.162057 0.577443
vt 0.000000 0.000000
vt 1.000000 0.000000
vt 1.000000 1.000000
vt 0.000000 1.000000
f 6157/6157 6158/6158 6159/6159 6160/6160
usemtl white
v 0.296898 2.139603 0.586936
v 0.235673 2.108811 0.599955
v 0.213646 2.159474 0.631767
v 0.279972 2.192832 0.617664
vt 0.000000 0.000000
vt 1.000000 0.000000
vt 1.000000 1.000000
vt 0.000000 1.000000
f 6161/6161 6162/6162 6163/6163 6164/6164
usemtl dark
v 0.279972 2.192832 0.617664
v 0.213646 2.159474 0.631767
v 0.235673 2.108811 0.599955
v 0.296898 2.139603 0.586936
vt 0.000000 0.000000
vt 1.000000 0.000000
vt 1.000000 1.000000
vt 0.000000 1.000000
f 6165/6165 6166/6166 6167/6167 6168/6168
usemtl white
v 0.235673 2.108811 0.599955
v 0.179829 2.070307 0.616234
v 0.153148 2.117761 0.649403
v 0.213646 2.159474 0.631767
vt 0.000000 0.000000
vt 1.000000 0.000000
vt 1.000000 1.000000
vt 0.000000 1.000000
f 6169/6169 6170/6170 6171/6171 6172/6172
usemtl dark
v 0.213646 2.159474 0.631767
v 0.153148 2.117761 0.649403
v 0.179829 2.070307 0.616234
v 0.235673 2.108811 0.599955
vt 0.000000 0.000000
vt 1.000000 0.000000
vt 1.000000 1.000000
vt 0.000000 1.000000
f 6173/6173 6174/6174 6175/6175 6176/6176
usemtl white
v 0.179829 2.070307 0.616234
v 0.130503 2.024875 0.635442
v 0.099712 2.068543 0.670212
v 0.153148 2.117761 0.649403
vt 0.000000 0.000000
vt 1.000000 0.000000
vt 1.000000 1.000000
vt 0.000000 1.000000
f 6177/6177 6178/6178 6179/6179 6180/6180
usemtl dark
v 0.153148 2.117761 0.649403
v 0.099712 2.068543 0.670212
v 0.130503 2.024875 0.635442
v 0.179829 2.070307 0.616234
vt 0.000000 0.000000
vt 1.000000 0.000000
vt 1.000000 1.000000
vt 0.000000 1.000000
f 6181/6181 6182/6182 6183/6183 6184/6184
usemtl white
v 0.130503 2.024875 0.635442
v 0.088699 1.973439 0.657189
v 0.054424 2.012821 0.693771
v 0.099712 2.068543 0.670212
vt 0.000000 0.000000
vt 1.000000 0.000000
vt 1.000000 1.000000
vt 0.000000 1.000000
f 6185/6185 6186/6186 6187/6187 6188/6188
usemtl dark
v 0.099712 2.068543 0.670212
v 0.054424 2.012821 0.693771
v 0.088699 1.973439 0.657189
v 0.130503 2.024875 0.635442
vt 0.000000 0.000000
vt 1.000000 0.000000
vt 1.000000 1.000000
vt 0.000000 1.000000
f 6189/6189 6190/6190 6191/6191 6192/6192
usemtl white
v 0.088699 1.973439 0.657189
v 0.055268 1.917048 0.681031
v 0.018207 1.951730 0.719600
v 0.054424 2.012821 0.693771
vt 0.000000 0.000000
vt 1.000000 0.000000
vt 1.000000 1.000000
vt 0.000000 1.000000
f 6193/6193 6194/6194 6195/6195 6196/6196
usemtl dark
v 0.054424 2.012821 0.693771
v 0.018207 1.951730 0.719600
v 0.055268 1.917048 0.681031
v 0.088699 1.973439 0.657189
vt 0.000000 0.000000
vt 1.000000 0.000000
vt 1.000000 1.000000
vt 0.000000 1.000000
f 6197/6197 6198/6198 6199/6199 6200/6200
usemtl white
v 0.055268 1.917048 0.681031
v 0.030890 1.856848 0.706483
v -0.008202 1.886514 0.747173
v 0.018207 1.951730 0.719600
vt 0.000000 0.000000
vt 1.000000 0.000000
vt 1.000000 1.000000
vt 0.000000 1.000000
f 6201/6201 6202/6202 6203/6203 6204/6204
usemtl dark
v 0.018207 1.951730 0.719600
v -0.008202 1.886514 0.747173
v 0.030890 1.856848 0.706483
v 0.055268 1.917048 0.681031
vt 0.000000 0.000000
vt 1.000000 0.000000
vt 1.000000 1.000000
vt 0.000000 1.000000
f 6205/6205 6206/6206 6207/6207 6208/6208
usemtl white
v 0.030890 1.856848 0.706483
v 0.016062 1.794065 0.733027
v -0.024266 1.818499 0.775929
v -0.008202 1.886514 0.747173
vt 0.000000 0.000000
vt 1.000000 0.000000
vt 1.000000 1.000000
vt 0.000000 1.000000
f 6209/6209 6210/6210 6211/6211 6212/6212
usemtl dark
v -0.008202 1.886514 0.747173
v -0.024266 1.818499 0.775929
v 0.016062 1.794065 0.733027
v 0.030890 1.856848 0.706483
vt 0.000000 0.000000
vt 1.000000 0.000000
vt 1.000000 1.000000
vt 0.000000 1.000000
f 6213/6213 6214/6214 6215/6215 6216/6216
usemtl white
v 0.016062 1.794065 0.733027
v 0.011086 1.729978 0.760123
v -0.029657 1.749072 0.805283
v -0.024266 1.818499 0.775929
vt 0.000000 0.000000
vt 1.000000 0.000000
vt 1.000000 1.000000
vt 0.000000 1.000000
f 6217/6217 6218/6218 6219/6219 6220/6220
usemtl dark
v -0.024266 1.818499 0.775929
v -0.029657 1.749072 0.805283
v 0.011086 1.729978 0.760123
v 0.016062 1.794065 0.733027
vt 0.000000 0.000000
vt 1.000000 0.000000
vt 1.000000 1.000000
vt 0.000000 1.000000
f 6221/6221 6222/6222 6223/6223 6224/6224
usemtl white
v 0.011086 1.729978 0.760123
v 0.016062 1.665891 0.787218
v -0.024266 1.679644 0.834636
v -0.029657 1.749072 0.805283
vt 0.000000 0.000000
vt 1.000000 0.000000
vt 1.000000 1.000000
vt 0.000000 1.000000
f 6225/6225 6226/6226 6227/6227 6228/6228
usemtl dark
v -0.029657 1.749072 0.805283
v -0.024266 1.679644 0.834636
v 0.016062 1.665891 0.787218
v 0.011086 1.729978 0.760123
vt 0.000000 0.000000
vt 1.000000 0.000000
vt 1.000000 1.000000
vt 0.000000 1.000000
f 6229/6229 6230/6230 6231/6231 6232/6232
usemtl white
v 0.016062 1.665891 0.787218
v 0.030890 1.603108 0.813762
v -0.008202 1.611629 0.863392
v -0.024266 1.679644 0.834636
vt 0.000000 0.000000
vt 1.000000 0.000000
vt 1.000000 1.000000
vt 0.000000 1.000000
f 6233/6233 6234/6234 6235/6235 6236/6236
usemtl dark
v -0.024266 1.679644 0.834636
v -0.008202 1.611629 0.863392
v 0.030890 1.603108 0.813762
v 0.016062 1.665891 0.787218
vt 0.000000 0.000000
vt 1.000000 0.000000
vt 1.000000 1.000000
vt 0.000000 1.000000
f 6237/6237 6238/6238 6239/6239 6240/6240
usemtl white
v 0.030890 1.603108 0.813762
v 0.055268 1.542908 0.839214
v 0.018207 1.546413 0.890966
v -0.008202 1.611629 0.863392
vt 0.000000 0.000000
vt 1.000000 0.000000
vt 1.000000 1.000000
vt 0.000000 1.000000
f 6241/6241 6242/6242 6243/6243 6244/6244
usemtl dark
v -0.008202 1.611629 0.863392
v 0.018207 1.546413 0.890966
v 0.055268 1.542908 0.839214
v 0.030890 1.603108 0.813762
vt 0.000000 0.000000
vt 1.000000 0.000000
vt 1.000000 1.000000
vt 0.000000 1.000000
f 6245/6245 6246/6246 6247/6247 6248/6248
usemtl white
v 0.055268 1.542908 0.839214
v 0.088699 1.486517 0.863056
v 0.054424 1.485322 0.916794
v 0.018207 1.546413 0.890966
vt 0.000000 0.000000
vt 1.000000 0.000000
vt 1.000000 1.000000
vt 0.000000 1.000000
f 6249/6249 6250/6250 6251/6251 6252/6252
usemtl dark
v 0.018207 1.546413 0.890966
v 0.054424 1.485322 0.916794
v 0.088699 1.486517 0.863056
v 0.055268 1.542908 0.839214
vt 0.000000 0.000000
vt 1.000000 0.000000
vt 1.000000 1.000000
vt 0.000000 1.000000
f 6253/6253 6254/6254 6255/6255 6256/6256
usemtl white
v 0.088699 1.486517 0.863056
v 0.130503 1.435081 0.884803
v 0.099712 1.429600 0.940353
v 0.054424 1.485322 0.916794
vt 0.000000 0.000000
vt 1.000000 0.000000
vt 1.000000 1.000000
vt 0.000000 1.000000
f 6257/6257 6258/6258 6259/6259 6260/6260
usemtl dark
v 0.054424 1.485322 0.916794
v 0.099712 1.429600 0.940353
v 0.130503 1.435081 0.884803
v 0.088699 1.486517 0.863056
vt 0.000000 0.000000
vt 1.000000 0.000000
vt 1.000000 1.000000
vt 0.000000 1.000000
f 6261/6261 6262/6262 6263/6263 6264/6264
usemtl white
v 0.130503 1.435081 0.884803
v 0.179829 1.389649 0.904011
v 0.153148 1.380382 0.961162
v 0.099712 1.429600 0.940353
vt 0.000000 0.000000
vt 1.000000 0.000000
vt 1.000000 1.000000
vt 0.000000 1.000000
f 6265/6265 6266/6266 6267/6267 6268/6268
usemtl dark
v 0.099712 1.429600 0.940353
v 0.153148 1.380382 0.961162
v 0.179829 1.389649 0.904011
v 0.130503 1.435081 0.884803
vt 0.000000 0.000000
vt 1.000000 0.000000
vt 1.000000 1.000000
vt 0.000000 1.000000
f 6269/6269 6270/6270 6271/6271 6272/6272
usemtl white
v 0.179829 1.389649 0.904011
v 0.235673 1.351145 0.920291
v 0.213646 1.338669 0.978798
v 0.153148 1.380382 0.961162
vt 0.000000 0.000000
vt 1.000000 0.000000
vt 1.000000 1.000000
vt 0.000000 1.000000
f 6273/6273 6274/6274 6275/6275 6276/6276
usemtl dark
v 0.153148 1.380382 0.961162
v 0.213646 1.338669 0.978798
v 0.235673 1.351145 0.920291
v 0.179829 1.389649 0.904011
vt 0.000000 0.000000
vt 1.000000 0.000000
vt 1.000000 1.000000
vt 0.000000 1.000000
f 6277/6277 6278/6278 6279/6279 6280/6280
usemtl white
v 0.235673 1.351145 0.920291
v 0.296898 1.320353 0.933309
v 0.279972 1.305311 0.992902
v 0.213646 1.338669 0.978798
vt 0.000000 0.000000
vt 1.000000 0.000000
vt 1.000000 1.000000
vt 0.000000 1.000000
f 6281/6281 6282/6282 6283/6283 6284/6284
usemtl dark
v 0.213646 1.338669 0.978798
v 0.279972 1.305311 0.992902
v 0.296898 1.320353 0.933309
v 0.235673 1.351145 0.920291
vt 0.000000 0.000000
vt 1.000000 0.000000
vt 1.000000 1.000000
vt 0.000000 1.000000
f 6285/6285 6286/6286 6287/6287 6288/6288
usemtl white
v 0.296898 1.320353 0.933309
v 0.362257 1.297899 0.942803
v 0.350778 1.280986 1.003186
v 0.279972 1.305311 0.992902
vt 0.000000 0.000000
vt 1.000000 0.000000
vt 1.000000 1.000000
vt 0.000000 1.000000
f 6289/6289 6290/6290 6291/6291 6292/6292
usemtl dark
v 0.279972 1.305311 0.992902
v 0.350778 1.280986 1.003186
v 0.362257 1.297899 0.942803
v 0.296898 1.320353 0.933309
vt 0.000000 0.000000
vt 1.000000 0.000000
vt 1.000000 1.000000
vt 0.000000 1.000000
f 6293/6293 6294/6294 6295/6295 6296/6296
usemtl white
v 0.362257 1.297899 0.942803
v 0.430420 1.284242 0.948577
v 0.424622 1.266191 1.009442
v 0.350778 1.280986 1.003186
vt 0.000000 0.000000
vt 1.000000 0.000000
vt 1.000000 1.000000
vt 0.000000 1.000000
f 6297/6297 6298/6298 6299/6299 6300/6300
usemtl dark
v 0.350778 1.280986 1.003186
v 0.424622 1.266191 1.009442
v 0.430420 1.284242 0.948577
v 0.362257 1.297899 0.942803
vt 0.000000 0.000000
vt 1.000000 0.000000
vt 1.000000 1.000000
vt 0.000000 1.000000
f 6301/6301 6302/6302 6303/6303 6304/6304
usemtl white
v 0.430420 1.284242 0.948577
v 0.500000 1.279658 0.950515
v 0.500000 1.261225 1.011541
v 0.424622 1.266191 1.009442
vt 0.000000 0.000000
vt 1.000000 0.000000
vt 1.000000 1.000000
vt 0.000000 1.000000
f 6305/6305 6306/6306 6307/6307 6308/6308
usemtl dark
v 0.424622 1.266191 1.009442
v 0.500000 1.261225 1.011541
v 0.500000 1.279658 0.950515
v 0.430420 1.284242 0.948577
vt 0.000000 0.000000
vt 1.000000 0.000000
vt 1.000000 1.000000
vt 0.000000 1.000000
f 6309/6309 6310/6310 6311/6311 6312/6312
usemtl white
v 0.500000 1.279658 0.950515
v 0.569580 1.284242 0.948577
v 0.575378 1.266191 1.009442
v 0.500000 1.261225 1.011541
vt 0.000000 0.000000
vt 1.000000 0.000000
vt 1.000000 1.000000
vt 0.000000 1.000000
f 6313/6313 6314/6314 6315/6315 6316/6316
usemtl dark
v 0.500000 1.261225 1.011541
v 0.575378 1.266191 1.009442
v 0.569580 1.284242 0.948577
v 0.500000 1.279658 0.950515
vt 0.000000 0.000000
vt 1.000000 0.000000
vt 1.000000 1.000000
vt 0.000000 1.000000
f 6317/6317 6318/6318 6319/6319 6320/6320
usemtl white
v 0.569580 1.284242 0.948577
v 0.637743 1.297899 0.942803
v 0.649222 1.280986 1.003186
v 0.575378 1.266191 1.009442
vt 0.000000 0.000000
vt 1.000000 0.000000
vt 1.000000 1.000000
vt 0.000000 1.000000
f 6321/6321 6322/6322 6323/6323 6324/6324
usemtl dark
v 0.575378 1.266191 1.009442
v 0.649222 1.280986 1.003186
v 0.637743 1.297899 0.942803
v 0.569580 1.284242 0.948577
vt 0.000000 0.000000
vt 1.000000 0.000000
vt 1.000000 1.000000
vt 0.000000 1.000000
f 6325/6325 6326/6326 6327/6327 6328/6328
usemtl white
v 0.637743 1.297899 0.942803
v 0.703102 1.320353 0.933309
v 0.720028 1.305311 0.992902
v 0.649222 1.280986 1.003186
vt 0.000000 0.000000
vt 1.000000 0.000000
vt 1.000000 1.000000
vt 0.000000 1.000000
f 6329/6329 6330/6330 6331/6331 6332/6332
usemtl dark
v 0.649222 1.280986 1.003186
v 0.720028 1.305311 0.992902
v 0.703102 1.320353 0.933309
v 0.637743 1.297899 0.942803
vt 0.000000 0.000000
vt 1.000000 0.000000
vt 1.000000 1.000000
vt 0.000000 1.000000
f 6333/6333 6334/6334 6335/6335 6336/6336
usemtl white
v 0.703102 1.320353 0.933309
v 0.764327 1.351145 0.920291
v 0.786354 1.338669 0.978798
v 0.720028 1.305311 0.992902
vt 0.000000 0.000000
vt 1.000000 0.000000
vt 1.000000 1.000000
vt 0.000000 1.000000
f 6337/6337 6338/6338 6339/6339 6340/6340
usemtl dark
v 0.720028 1.305311 0.992902
v 0.786354 1.338669 0.978798
v 0.764327 1.351145 0.920291
v 0.703102 1.320353 0.933309
vt 0.000000 0.000000
vt 1.000000 0.000000
vt 1.000000 1.000000
vt 0.000000 1.000000
f 6341/6341 6342/6342 6343/6343 6344/6344
usemtl white
v 0.764327 1.351145 0.920291
v 0.820171 1.389649 0.904011
v 0.846852 1.380382 0.961162
v 0.786354 1.338669 0.978798
vt 0.000000 0.000000
vt 1.000000 0.000000
vt 1.000000 1.000000
vt 0.000000 1.000000
f 6345/6345 6346/6346 6347/6347 6348/6348
usemtl dark
v 0.786354 1.338669 0.978798
v 0.846852 1.380382 0.961162
v 0.820171 1.389649 0.904011
v 0.764327 1.351145 0.920291
vt 0.000000 0.000000
vt 1.000000 0.000000
vt 1.000000 1.000000
vt 0.000000 1.000000
f 6349/6349 6350/6350 6351/6351 6352/6352
usemtl white
v 0.820171 1.389649 0.904011
v 0.869497 1.435081 0.884803
v 0.900288 1.429600 0.940353
v 0.846852 1.380382 0.961162
vt 0.000000 0.000000
vt 1.000000 0.000000
vt 1.000000 1.000000
vt 0.000000 1.000000
f 6353/6353 6354/6354 6355/6355 6356/6356
usemtl dark
v 0.846852 1.380382 0.961162
v 0.900288 1.429600 0.940353
v 0.869497 1.435081 0.884803
v 0.820171 1.389649 0.904011
vt 0.000000 0.000000
vt 1.000000 0.000000
vt 1.000000 1.000000
vt 0.000000 1.000000
f 6357/6357 6358/6358 6359/6359 6360/6360
usemtl white
v 0.869497 1.435081 0.884803
v 0.911301 1.486517 0.863056
v 0.945576 1.485322 0.916794
v 0.900288 1.429600 0.940353
vt 0.000000 0.000000
vt 1.000000 0.000000
vt 1.000000 1.000000
vt 0.000000 1.000000
f 6361/6361 6362/6362 6363/6363 6364/6364
usemtl dark
v 0.900288 1.429600 0.940353
v 0.945576 1.485322 0.916794
v 0.911301 1.486517 0.863056
v 0.869497 1.435081 0.884803
vt 0.000000 0.000000
vt 1.000000 0.000000
vt 1.000000 1.000000
vt 0.000000 1.000000
f 6365/6365 6366/6366 6367/6367 6368/6368
usemtl white
v 0.911301 1.486517 0.863056
v 0.944732 1.542908 0.839214
v 0.981793 1.546413 0.890966
v 0.945576 1.485322 0.916794
vt 0.000000 0.000000
vt 1.000000 0.000000
vt 1.000000 1.000000
vt 0.000000 1.000000
f 6369/6369 6370/6370 6371/6371 6372/6372
usemtl dark
v 0.945576 1.485322 0.916794
v 0.981793 1.546413 0.890966
v 0.944732 1.542908 0.839214
v 0.911301 1.486517 0.863056
vt 0.000000 0.000000
vt 1.000000 0.000000
vt 1.000000 1.000000
vt 0.000000 1.000000
f 6373/6373 6374/6374 6375/6375 6376/6376
usemtl white
v 0.944732 1.542908 0.839214
v 0.969110 1.603108 0.813762
v 1.008202 1.611629 0.863392
v 0.981793 1.546413 0.890966
vt 0.000000 0.000000
vt 1.000000 0.000000
vt 1.000000 1.000000
vt 0.000000 1.000000
f 6377/6377 6378/6378 6379/6379 6380/6380
usemtl dark
v 0.981793 1.546413 0.890966
v 1.008202 1.611629 0.863392
v 0.969110 1.603108 0.813762
v 0.944732 1.542908 0.839214
vt 0.000000 0.000000
vt 1.000000 0.000000
vt 1.000000 1.000000
vt 0.000000 1.000000
f 6381/6381 6382/6382 6383/6383 6384/6384
usemtl white
v 0.969110 1.603108 0.813762
v 0.983938 1.665891 0.787218
v 1.024266 1.679644 0.834636
v 1.008202 1.611629 0.863392
vt 0.000000 0.000000
vt 1.000000 0.000000
vt 1.000000 1.000000
vt 0.000000 1.000000
f 6385/6385 6386/6386 6387/6387 6388/6388
usemtl dark
v 1.008202 1.611629 0.863392
v 1.024266 1.679644 0.834636
v 0.983938 1.665891 0.787218
v 0.969110 1.603108 0.813762
vt 0.000000 0.000000
vt 1.000000 0.000000
vt 1.000000 1.000000
vt 0.000000 1.000000
f 6389/6389 6390/6390 6391/6391 6392/6392
usemtl white
v 0.983938 1.665891 0.787218
v 0.988914 1.729978 0.760123
v 1.029657 1.749072 0.805283
v 1.024266 1.679644 0.834636
vt 0.000000 0.000000
vt 1.000000 0.000000
vt 1.000000 1.000000
vt 0.000000 1.000000
f 6393/6393 6394/6394 6395/6395 6396/6396
usemtl dark
v 1.024266 1.679644 0.834636
v 1.029657 1.749072 0.805283
v 0.988914 1.729978 0.760123
v 0.983938 1.665891 0.787218
vt 0.000000 0.000000
vt 1.000000 0.000000
vt 1.000000 1.000000
vt 0.000000 1.000000
f 6397/6397 6398/6398 6399/6399 6400/6400
usemtl white
v 1.029657 1.749072 0.805283
v 1.024266 1.818499 0.775929
v 1.064594 1.844461 0.822444
v 1.070400 1.769692 0.854056
vt 0.000000 0.000000
vt 1.000000 0.000000
vt 1.000000 1.000000
vt 0.000000 1.000000
f 6401/6401 6402/6402 6403/6403 6404/6404
usemtl dark
v 1.070400 1.769692 0.854056
v 1.064594 1.844461 0.822444
v 1.024266 1.818499 0.775929
v 1.029657 1.749072 0.805283
vt 0.000000 0.000000
vt 1.000000 0.000000
vt 1.000000 1.000000
vt 0.000000 1.000000
f 6405/6405 6406/6406 6407/6407 6408/6408
usemtl white
v 1.024266 1.818499 0.775929
v 1.008202 1.886514 0.747173
v 1.047295 1.917707 0.791476
v 1.064594 1.844461 0.822444
vt 0.000000 0.000000
vt 1.000000 0.000000
vt 1.000000 1.000000
vt 0.000000 1.000000
f 6409/6409 6410/6410 6411/6411 6412/6412
usemtl dark
v 1.064594 1.844461 0.822444
v 1.047295 1.917707 0.791476
v 1.008202 1.886514 0.747173
v 1.024266 1.818499 0.775929
vt 0.000000 0.000000
vt 1.000000 0.000000
vt 1.000000 1.000000
vt 0.000000 1.000000
f 6413/6413 6414/6414 6415/6415 6416/6416
usemtl white
v 1.008202 1.886514 0.747173
v 0.981793 1.951730 0.719600
v 1.018854 1.987940 0.761782
v 1.047295 1.917707 0.791476
vt 0.000000 0.000000
vt 1.000000 0.000000
vt 1.000000 1.000000
vt 0.000000 1.000000
f 6417/6417 6418/6418 6419/6419 6420/6420
usemtl dark
v 1.047295 1.917707 0.791476
v 1.018854 1.987940 0.761782
v 0.981793 1.951730 0.719600
v 1.008202 1.886514 0.747173
vt 0.000000 0.000000
vt 1.000000 0.000000
vt 1.000000 1.000000
vt 0.000000 1.000000
f 6421/6421 6422/6422 6423/6423 6424/6424
usemtl white
v 0.981793 1.951730 0.719600
v 0.945576 2.012821 0.693771
v 0.979851 2.053731 0.733966
v 1.018854 1.987940 0.761782
vt 0.000000 0.000000
vt 1.000000 0.000000
vt 1.000000 1.000000
vt 0.000000 1.000000
f 6425/6425 6426/6426 6427/6427 6428/6428
usemtl dark
v 1.018854 1.987940 0.761782
v 0.979851 2.053731 0.733966
v 0.945576 2.012821 0.693771
v 0.981793 1.951730 0.719600
vt 0.000000 0.000000
vt 1.000000 0.000000
vt 1.000000 1.000000
vt 0.000000 1.000000
f 6429/6429 6430/6430 6431/6431 6432/6432
usemtl white
v 0.945576 2.012821 0.693771
v 0.900288 2.068543 0.670212
v 0.931080 2.113739 0.708595
v 0.979851 2.053731 0.733966
vt 0.000000 0.000000
vt 1.000000 0.000000
vt 1.000000 1.000000
vt 0.000000 1.000000
f 6433/6433 6434/6434 6435/6435 6436/6436
usemtl dark
v 0.979851 2.053731 0.733966
v 0.931080 2.113739 0.708595
v 0.900288 2.068543 0.670212
v 0.945576 2.012821 0.693771
vt 0.000000 0.000000
vt 1.000000 0.000000
vt 1.000000 1.000000
vt 0.000000 1.000000
f 6437/6437 6438/6438 6439/6439 6440/6440
usemtl white
v 0.900288 2.068543 0.670212
v 0.846852 2.117761 0.649403
v 0.873533 2.166743 0.686186
v 0.931080 2.113739 0.708595
vt 0.000000 0.000000
vt 1.000000 0.000000
vt 1.000000 1.000000
vt 0.000000 1.000000
f 6441/6441 6442/6442 6443/6443 6444/6444
usemtl dark
v 0.931080 2.113739 0.708595
v 0.873533 2.166743 0.686186
v 0.846852 2.117761 0.649403
v 0.900288 2.068543 0.670212
vt 0.000000 0.000000
vt 1.000000 0.000000
vt 1.000000 1.000000
vt 0.000000 1.000000
f 6445/6445 6446/6446 6447/6447 6448/6448
usemtl white
v 0.846852 2.117761 0.649403
v 0.786354 2.159474 0.631767
v 0.808382 2.211664 0.667193
v 0.873533 2.166743 0.686186
vt 0.000000 0.000000
vt 1.000000 0.000000
vt 1.000000 1.000000
vt 0.000000 1.000000
f 6449/6449 6450/6450 6451/6451 6452/6452
usemtl dark
v 0.873533 2.166743 0.686186
v 0.808382 2.211664 0.667193
v 0.786354 2.159474 0.631767
v 0.846852 2.117761 0.649403
vt 0.000000 0.000000
vt 1.000000 0.000000
vt 1.000000 1.000000
vt 0.000000 1.000000
f 6453/6453 6454/6454 6455/6455 6456/6456
usemtl white
v 0.786354 2.159474 0.631767
v 0.720028 2.192832 0.617664
v 0.736953 2.247589 0.652005
v 0.808382 2.211664 0.667193
vt 0.000000 0.000000
vt 1.000000 0.000000
vt 1.000000 1.000000
vt 0.000000 1.000000
f 6457/6457 6458/6458 6459/6459 6460/6460
usemtl dark
v 0.808382 2.211664 0.667193
v 0.736953 2.247589 0.652005
v 0.720028 2.192832 0.617664
v 0.786354 2.159474 0.631767
vt 0.000000 0.000000
vt 1.000000 0.000000
vt 1.000000 1.000000
vt 0.000000 1.000000
f 6461/6461 6462/6462 6463/6463 6464/6464
usemtl white
v 0.720028 2.192832 0.617664
v 0.649222 2.217157 0.607380
v 0.660700 2.273784 0.640929
v 0.736953 2.247589 0.652005
vt 0.000000 0.000000
vt 1.000000 0.000000
vt 1.000000 1.000000
vt 0.000000 1.000000
f 6465/6465 6466/6466 6467/6467 6468/6468
usemtl dark
v 0.736953 2.247589 0.652005
v 0.660700 2.273784 0.640929
v 0.649222 2.217157 0.607380
v 0.720028 2.192832 0.617664
vt 0.000000 0.000000
vt 1.000000 0.000000
vt 1.000000 1.000000
vt 0.000000 1.000000
f 6469/6469 6470/6470 6471/6471 6472/6472
usemtl white
v 0.649222 2.217157 0.607380
v 0.575378 2.231952 0.601124
v 0.581176 2.289718 0.634193
v 0.660700 2.273784 0.640929
vt 0.000000 0.000000
vt 1.000000 0.000000
vt 1.000000 1.000000
vt 0.000000 1.000000
f 6473/6473 6474/6474 6475/6475 6476/6476
usemtl dark
v 0.660700 2.273784 0.640929
v 0.581176 2.289718 0.634193
v 0.575378 2.231952 0.601124
v 0.649222 2.217157 0.607380
vt 0.000000 0.000000
vt 1.000000 0.000000
vt 1.000000 1.000000
vt 0.000000 1.000000
f 6477/6477 6478/6478 6479/6479 6480/6480
usemtl white
v 0.575378 2.231952 0.601124
v 0.500000 2.236918 0.599025
v 0.500000 2.295066 0.631932
v 0.581176 2.289718 0.634193
vt 0.000000 0.000000
vt 1.000000 0.000000
vt 1.000000 1.000000
vt 0.000000 1.000000
f 6481/6481 6482/6482 6483/6483 6484/6484
usemtl dark
v 0.581176 2.289718 0.634193
v 0.500000 2.295066 0.631932
v 0.500000 2.236918 0.599025
v 0.575378 2.231952 0.601124
vt 0.000000 0.000000
vt 1.000000 0.000000
vt 1.000000 1.000000
vt 0.000000 1.000000
f 6485/6485 6486/6486 6487/6487 6488/6488
usemtl white
v 0.500000 2.236918 0.599025
v 0.424622 2.231952 0.601124
v 0.418824 2.289718 0.634193
v 0.500000 2.295066 0.631932
vt 0.000000 0.000000
vt 1.000000 0.000000
vt 1.000000 1.000000
vt 0.000000 1.000000
f 6489/6489 6490/6490 6491/6491 6492/6492
usemtl dark
v 0.500000 2.295066 0.631932
v 0.418824 2.289718 0.634193
v 0.424622 2.231952 0.601124
v 0.500000 2.236918 0.599025
vt 0.000000 0.000000
vt 1.000000 0.000000
vt 1.000000 1.000000
vt 0.000000 1.000000
f 6493/6493 6494/6494 6495/6495 6496/6496
usemtl white
v 0.424622 2.231952 0.601124
v 0.350778 2.217157 0.607380
v 0.339300 2.273784 0.640929
v 0.418824 2.289718 0.634193
vt 0.000000 0.000000
vt 1.000000 0.000000
vt 1.000000 1.000000
vt 0.000000 1.000000
f 6497/6497 6498/6498 6499/6499 6500/6500
usemtl dark
v 0.418824 2.289718 0.634193
v 0.339300 2.273784 0.640929
v 0.350778 2.217157 0.607380
v 0.424622 2.231952 0.601124
vt 0.000000 0.000000
vt 1.000000 0.000000
vt 1.000000 1.000000
vt 0.000000 1.000000
f 6501/6501 6502/6502 6503/6503 6504/6504
usemtl white
v 0.350778 2.217157 0.607380
v 0.279972 2.192832 0.617664
v 0.263047 2.247589 0.652005
v 0.339300 2.273784 0.640929
vt 0.000000 0.000000
vt 1.000000 0.000000
vt 1.000000 1.000000
vt 0.000000 1.000000
f 6505/6505 6506/6506 6507/6507 6508/6508
usemtl dark
v 0.339300 2.273784 0.640929
v 0.263047 2.247589 0.652005
v 0.279972 2.192832 0.617664
v 0.350778 2.217157 0.607380
vt 0.000000 0.000000
vt 1.000000 0.000000
vt 1.000000 1.000000
vt 0.000000 1.000000
f 6509/6509 6510/6510 6511/6511 6512/6512
usemtl white
v 0.279972 2.192832 0.617664
v 0.213646 2.159474 0.631767
v 0.191618 2.211664 0.667193
v 0.263047 2.247589 0.652005
vt 0.000000 0.000000
vt 1.000000 0.000000
vt 1.000000 1.000000
vt 0.000000 1.000000
f 6513/6513 6514/6514 6515/6515 6516/6516
usemtl dark
v 0.263047 2.247589 0.652005
v 0.191618 2.211664 0.667193
v 0.213646 2.159474 0.631767
v 0.279972 2.192832 0.617664
vt 0.000000 0.000000
vt 1.000000 0.000000
vt 1.000000 1.000000
vt 0.000000 1.000000
f 6517/6517 6518/6518 6519/6519 6520/6520
usemtl white
v 0.213646 2.159474 0.631767
v 0.153148 2.117761 0.649403
v 0.126467 2.166743 0.686186
v 0.191618 2.211664 0.667193
vt 0.000000 0.000000
vt 1.000000 0.000000
vt 1.000000 1.000000
vt 0.000000 1.000000
f 6521/6521 6522/6522 6523/6523 6524/6524
usemtl dark
v 0.191618 2.211664 0.667193
v 0.126467 2.166743 0.686186
v 0.153148 2.117761 0.649403
v 0.213646 2.159474 0.631767
vt 0.000000 0.000000
vt 1.000000 0.000000
vt 1.000000 1.000000
vt 0.000000 1.000000
f 6525/6525 6526/6526 6527/6527 6528/6528
usemtl white
v 0.153148 2.117761 0.649403
v 0.099712 2.068543 0.670212
v 0.068920 2.113739 0.708595
v 0.126467 2.166743 0.686186
vt 0.000000 0.000000
vt 1.000000 0.000000
vt 1.000000 1.000000
vt 0.000000 1.000000
f 6529/6529 6530/6530 6531/6531 6532/6532
usemtl dark
v 0.126467 2.166743 0.686186
v 0.068920 2.113739 0.708595
v 0.099712 2.068543 0.670212
v 0.153148 2.117761 0.649403
vt 0.000000 0.000000
vt 1.000000 0.000000
vt 1.000000 1.000000
vt 0.000000 1.000000
f 6533/6533 6534/6534 6535/6535 6536/6536
usemtl white
v 0.099712 2.068543 0.670212
v 0.054424 2.012821 0.693771
v 0.020149 2.053731 0.733966
v 0.068920 2.113739 0.708595
vt 0.000000 0.000000
vt 1.000000 0.000000
vt 1.000000 1.000000
vt 0.000000 1.000000
f 6537/6537 6538/6538 6539/6539 6540/6540
usemtl dark
v 0.068920 2.113739 0.708595
v 0.020149 2.053731 0.733966
v 0.054424 2.012821 0.693771
v 0.099712 2.068543 0.670212
vt 0.000000 0.000000
vt 1.000000 0.000000
vt 1.000000 1.000000
vt 0.000000 1.000000
f 6541/6541 6542/6542 6543/6543 6544/6544
usemtl white
v 0.054424 2.012821 0.693771
v 0.018207 1.951730 0.719600
v -0.018854 1.987940 0.761782
v 0.020149 2.053731 0.733966
vt 0.000000 0.000000
vt 1.000000 0.000000
vt 1.000000 1.000000
vt 0.000000 1.000000
f 6545/6545 6546/6546 6547/6547 6548/6548
usemtl dark
v 0.020149 2.053731 0.733966
v -0.018854 1.987940 0.761782
v 0.018207 1.951730 0.719600
v 0.054424 2.012821 0.693771
vt 0.000000 0.000000
vt 1.000000 0.000000
vt 1.000000 1.000000
vt 0.000000 1.000000
f 6549/6549 6550/6550 6551/6551 6552/6552
usemtl white
v 0.018207 1.951730 0.719600
v -0.008202 1.886514 0.747173
v -0.047295 1.917707 0.791476
v -0.018854 1.987940 0.761782
vt 0.000000 0.000000
vt 1.000000 0.000000
vt 1.000000 1.000000
vt 0.000000 1.000000
f 6553/6553 6554/6554 6555/6555 6556/6556
usemtl dark
v -0.018854 1.987940 0.761782
v -0.047295 1.917707 0.791476
v -0.008202 1.886514 0.747173
v 0.018207 1.951730 0.719600
vt 0.000000 0.000000
vt 1.000000 0.000000
vt 1.000000 1.000000
vt 0.000000 1.000000
f 6557/6557 6558/6558 6559/6559 6560/6560
usemtl white
v -0.008202 1.886514 0.747173
v -0.024266 1.818499 0.775929
v -0.064594 1.844461 0.822444
v -0.047295 1.917707 0.791476
vt 0.000000 0.000000
vt 1.000000 0.000000
vt 1.000000 1.000000
vt 0.000000 1.000000
f 6561/6561 6562/6562 6563/6563 6564/6564
usemtl dark
v -0.047295 1.917707 0.791476
v -0.064594 1.844461 0.822444
v -0.024266 1.818499 0.775929
v -0.008202 1.886514 0.747173
vt 0.000000 0.000000
vt 1.000000 0.000000
vt 1.000000 1.000000
vt 0.000000 1.000000
f 6565/6565 6566/6566 6567/6567 6568/6568
usemtl white
v -0.024266 1.818499 0.775929
v -0.029657 1.749072 0.805283
v -0.070400 1.769692 0.854056
v -0.064594 1.844461 0.822444
vt 0.000000 0.000000
vt 1.000000 0.000000
vt 1.000000 1.000000
vt 0.000000 1.000000
f 6569/6569 6570/6570 6571/6571 6572/6572
usemtl dark
v -0.064594 1.844461 0.822444
v -0.070400 1.769692 0.854056
v -0.029657 1.749072 0.805283
v -0.024266 1.818499 0.775929
vt 0.000000 0.000000
vt 1.000000 0.000000
vt 1.000000 1.000000
vt 0.000000 1.000000
f 6573/6573 6574/6574 6575/6575 6576/6576
usemtl white
v -0.029657 1.749072 0.805283
v -0.024266 1.679644 0.834636
v -0.064594 1.694924 0.885667
v -0.070400 1.769692 0.854056
vt 0.000000 0.000000
vt 1.000000 0.000000
vt 1.000000 1.000000
vt 0.000000 1.000000
f 6577/6577 6578/6578 6579/6579 6580/6580
usemtl dark
v -0.070400 1.769692 0.854056
v -0.064594 1.694924 0.885667
v -0.024266 1.679644 0.834636
v -0.029657 1.749072 0.805283
vt 0.000000 0.000000
vt 1.000000 0.000000
vt 1.000000 1.000000
vt 0.000000 1.000000
f 6581/6581 6582/6582 6583/6583 6584/6584
usemtl white
v -0.024266 1.679644 0.834636
v -0.008202 1.611629 0.863392
v -0.047295 1.621678 0.916635
v -0.064594 1.694924 0.885667
vt 0.000000 0.000000
vt 1.000000 0.000000
vt 1.000000 1.000000
vt 0.000000 1.000000
f 6585/6585 6586/6586 6587/6587 6588/6588
usemtl dark
v -0.064594 1.694924 0.885667
v -0.047295 1.621678 0.916635
v -0.008202 1.611629 0.863392
v -0.024266 1.679644 0.834636
vt 0.000000 0.000000
vt 1.000000 0.000000
vt 1.000000 1.000000
vt 0.000000 1.000000
f 6589/6589 6590/6590 6591/6591 6592/6592
usemtl white
v -0.008202 1.611629 0.863392
v 0.018207 1.546413 0.890966
v -0.018854 1.551444 0.946330
v -0.047295 1.621678 0.916635
vt 0.000000 0.000000
vt 1.000000 0.000000
vt 1.000000 1.000000
vt 0.000000 1.000000
f 6593/6593 6594/6594 6595/6595 6596/6596
usemtl dark
v -0.047295 1.621678 0.916635
v -0.018854 1.551444 0.946330
v 0.018207 1.546413 0.890966
v -0.008202 1.611629 0.863392
vt 0.000000 0.000000
vt 1.000000 0.000000
vt 1.000000 1.000000
vt 0.000000 1.000000
f 6597/6597 6598/6598 6599/6599 6600/6600
usemtl white
v 0.018207 1.546413 0.890966
v 0.054424 1.485322 0.916794
v 0.020149 1.485654 0.974145
v -0.018854 1.551444 0.946330
vt 0.000000 0.000000
vt 1.000000 0.000000
vt 1.000000 1.000000
vt 0.000000 1.000000
f 6601/6601 6602/6602 6603/6603 6604/6604
usemtl dark
v -0.018854 1.551444 0.946330
v 0.020149 1.485654 0.974145
v 0.054424 1.485322 0.916794
v 0.018207 1.546413 0.890966
vt 0.000000 0.000000
vt 1.000000 0.000000
vt 1.000000 1.000000
vt 0.000000 1.000000
f 6605/6605 6606/6606 6607/6607 6608/6608
usemtl white
v 0.054424 1.485322 0.916794
v 0.099712 1.429600 0.940353
v 0.068920 1.425646 0.999516
v 0.020149 1.485654 0.974145
vt 0.000000 0.000000
vt 1.000000 0.000000
vt 1.000000 1.000000
vt 0.000000 1.000000
f 6609/6609 6610/6610 6611/6611 6612/6612
usemtl dark
v 0.020149 1.485654 0.974145
v 0.068920 1.425646 0.999516
v 0.099712 1.429600 0.940353
v 0.054424 1.485322 0.916794
vt 0.000000 0.000000
vt 1.000000 0.000000
vt 1.000000 1.000000
vt 0.000000 1.000000
f 6613/6613 6614/6614 6615/6615 6616/6616
usemtl white
v 0.099712 1.429600 0.940353
v 0.153148 1.380382 0.961162
v 0.126467 1.372642 1.021926
v 0.068920 1.425646 0.999516
vt 0.000000 0.000000
vt 1.000000 0.000000
vt 1.000000 1.000000
vt 0.000000 1.000000
f 6617/6617 6618/6618 6619/6619 6620/6620
usemtl dark
v 0.068920 1.425646 0.999516
v 0.126467 1.372642 1.021926
v 0.153148 1.380382 0.961162
v 0.099712 1.429600 0.940353
vt 0.000000 0.000000
vt 1.000000 0.000000
vt 1.000000 1.000000
vt 0.000000 1.000000
f 6621/6621 6622/6622 6623/6623 6624/6624
usemtl white
v 0.153148 1.380382 0.961162
v 0.213646 1.338669 0.978798
v 0.191618 1.327720 1.040919
v 0.126467 1.372642 1.021926
vt 0.000000 0.000000
vt 1.000000 0.000000
vt 1.000000 1.000000
vt 0.000000 1.000000
f 6625/6625 6626/6626 6627/6627 6628/6628
usemtl dark
v 0.126467 1.372642 1.021926
v 0.191618 1.327720 1.040919
v 0.213646 1.338669 0.978798
v 0.153148 1.380382 0.961162
vt 0.000000 0.000000
vt 1.000000 0.000000
vt 1.000000 1.000000
vt 0.000000 1.000000
f 6629/6629 6630/6630 6631/6631 6632/6632
usemtl white
v 0.213646 1.338669 0.978798
v 0.279972 1.305311 0.992902
v 0.263047 1.291796 1.056107
v 0.191618 1.327720 1.040919
vt 0.000000 0.000000
vt 1.000000 0.000000
vt 1.000000 1.000000
vt 0.000000 1.000000
f 6633/6633 6634/6634 6635/6635 6636/6636
usemtl dark
v 0.191618 1.327720 1.040919
v 0.263047 1.291796 1.056107
v 0.279972 1.305311 0.992902
v 0.213646 1.338669 0.978798
vt 0.000000 0.000000
vt 1.000000 0.000000
vt 1.000000 1.000000
vt 0.000000 1.000000
f 6637/6637 6638/6638 6639/6639 6640/6640
usemtl white
v 0.279972 1.305311 0.992902
v 0.350778 1.280986 1.003186
v 0.339300 1.265601 1.067182
v 0.263047 1.291796 1.056107
vt 0.000000 0.000000
vt 1.000000 0.000000
vt 1.000000 1.000000
vt 0.000000 1.000000
f 6641/6641 6642/6642 6643/6643 6644/6644
usemtl dark
v 0.263047 1.291796 1.056107
v 0.339300 1.265601 1.067182
v 0.350778 1.280986 1.003186
v 0.279972 1.305311 0.992902
vt 0.000000 0.000000
vt 1.000000 0.000000
vt 1.000000 1.000000
vt 0.000000 1.000000
f 6645/6645 6646/6646 6647/6647 6648/6648
usemtl white
v 0.350778 1.280986 1.003186
v 0.424622 1.266191 1.009442
v 0.418824 1.249667 1.073919
v 0.339300 1.265601 1.067182
vt 0.000000 0.000000
vt 1.000000 0.000000
vt 1.000000 1.000000
vt 0.000000 1.000000
f 6649/6649 6650/6650 6651/6651 6652/6652
usemtl dark
v 0.339300 1.265601 1.067182
v 0.418824 1.249667 1.073919
v 0.424622 1.266191 1.009442
v 0.350778 1.280986 1.003186
vt 0.000000 0.000000
vt 1.000000 0.000000
vt 1.000000 1.000000
vt 0.000000 1.000000
f 6653/6653 6654/6654 6655/6655 6656/6656
usemtl white
v 0.424622 1.266191 1.009442
v 0.500000 1.261225 1.011541
v 0.500000 1.244319 1.076180
v 0.418824 1.249667 1.073919
vt 0.000000 0.000000
vt 1.000000 0.000000
vt 1.000000 1.000000
vt 0.000000 1.000000
f 6657/6657 6658/6658 6659/6659 6660/6660
usemtl dark
v 0.418824 1.249667 1.073919
v 0.500000 1.244319 1.076180
v 0.500000 1.261225 1.011541
v 0.424622 1.266191 1.009442
vt 0.000000 0.000000
vt 1.000000 0.000000
vt 1.000000 1.000000
vt 0.000000 1.000000
f 6661/6661 6662/6662 6663/6663 6664/6664
usemtl white
v 0.500000 1.261225 1.011541
v 0.575378 1.266191 1.009442
v 0.581176 1.249667 1.073919
v 0.500000 1.244319 1.076180
vt 0.000000 0.000000
vt 1.000000 0.000000
vt 1.000000 1.000000
vt 0.000000 1.000000
f 6665/6665 6666/6666 6667/6667 6668/6668
usemtl dark
v 0.500000 1.244319 1.076180
v 0.581176 1.249667 1.073919
v 0.575378 1.266191 1.009442
v 0.500000 1.261225 1.011541
vt 0.000000 0.000000
vt 1.000000 0.000000
vt 1.000000 1.000000
vt 0.000000 1.000000
f 6669/6669 6670/6670 6671/6671 6672/6672
usemtl white
v 0.575378 1.266191 1.009442
v 0.649222 1.280986 1.003186
v 0.660700 1.265601 1.067182
v 0.581176 1.249667 1.073919
vt 0.000000 0.000000
vt 1.000000 0.000000
vt 1.000000 1.000000
vt 0.000000 1.000000
f 6673/6673 6674/6674 6675/6675 6676/6676
usemtl dark
v 0.581176 1.249667 1.073919
v 0.660700 1.265601 1.067182
v 0.649222 1.280986 1.003186
v 0.575378 1.266191 1.009442
vt 0.000000 0.000000
vt 1.000000 0.000000
vt 1.000000 1.000000
vt 0.000000 1.000000
f 6677/6677 6678/6678 6679/6679 6680/6680
usemtl white
v 0.649222 1.280986 1.003186
v 0.720028 1.305311 0.992902
v 0.736953 1.291796 1.056107
v 0.660700 1.265601 1.067182
vt 0.000000 0.000000
vt 1.000000 0.000000
vt 1.000000 1.000000
vt 0.000000 1.000000
f 6681/6681 6682/6682 6683/6683 6684/6684
usemtl dark
v 0.660700 1.265601 1.067182
v 0.736953 1.291796 1.056107
v 0.720028 1.305311 0.992902
v 0.649222 1.280986 1.003186
vt 0.000000 0.000000
vt 1.000000 0.000000
vt 1.000000 1.000000
vt 0.000000 1.000000
f 6685/6685 6686/6686 6687/6687 6688/6688
usemtl white
v 0.720028 1.305311 0.992902
v 0.786354 1.338669 0.978798
v 0.808382 1.327720 1.040919
v 0.736953 1.291796 1.056107
vt 0.000000 0.000000
vt 1.000000 0.000000
vt 1.000000 1.000000
vt 0.000000 1.000000
f 6689/6689 6690/6690 6691/6691 6692/6692
usemtl dark
v 0.736953 1.291796 1.056107
v 0.808382 1.327720 1.040919
v 0.786354 1.338669 0.978798
v 0.720028 1.305311 0.992902
vt 0.000000 0.000000
vt 1.000000 0.000000
vt 1.000000 1.000000
vt 0.000000 1.000000
f 6693/6693 6694/6694 6695/6695 6696/6696
usemtl white
v 0.786354 1.338669 0.978798
v 0.846852 1.380382 0.961162
v 0.873533 1.372642 1.021926
v 0.808382 1.327720 1.040919
vt 0.000000 0.000000
vt 1.000000 0.000000
vt 1.000000 1.000000
vt 0.000000 1.000000
f 6697/6697 6698/6698 6699/6699 6700/6700
usemtl dark
v 0.808382 1.327720 1.040919
v 0.873533 1.372642 1.021926
v 0.846852 1.380382 0.961162
v 0.786354 1.338669 0.978798
vt 0.000000 0.000000
vt 1.000000 0.000000
vt 1.000000 1.000000
vt 0.000000 1.000000
f 6701/6701 6702/6702 6703/6703 6704/6704
usemtl white
v 0.846852 1.380382 0.961162
v 0.900288 1.429600 0.940353
v 0.931080 1.425646 0.999516
v 0.873533 1.372642 1.021926
vt 0.000000 0.000000
vt 1.000000 0.000000
vt 1.000000 1.000000
vt 0.000000 1.000000
f 6705/6705 6706/6706 6707/6707 6708/6708
usemtl dark
v 0.873533 1.372642 1.021926
v 0.931080 1.425646 0.999516
v 0.900288 1.429600 0.940353
v 0.846852 1.380382 0.961162
vt 0.000000 0.000000
vt 1.000000 0.000000
vt 1.000000 1.000000
vt 0.000000 1.000000
f 6709/6709 6710/6710 6711/6711 6712/6712
usemtl white
v 0.900288 1.429600 0.940353
v 0.945576 1.485322 0.916794
v 0.979851 1.485654 0.974145
v 0.931080 1.425646 0.999516
vt 0.000000 0.000000
vt 1.000000 0.000000
vt 1.000000 1.000000
vt 0.000000 1.000000
f 6713/6713 6714/6714 6715/6715 6716/6716
usemtl dark
v 0.931080 1.425646 0.999516
v 0.979851 1.485654 0.974145
v 0.945576 1.485322 0.916794
v 0.900288 1.429600 0.940353
vt 0.000000 0.000000
vt 1.000000 0.000000
vt 1.000000 1.000000
vt 0.000000 1.000000
f 6717/6717 6718/6718 6719/6719 6720/6720
usemtl white
v 0.945576 1.485322 0.916794
v 0.981793 1.546413 0.890966
v 1.018854 1.551444 0.946330
v 0.979851 1.485654 0.974145
vt 0.000000 0.000000
vt 1.000000 0.000000
vt 1.000000 1.000000
vt 0.000000 1.000000
f 6721/6721 6722/6722 6723/6723 6724/6724
usemtl dark
v 0.979851 1.485654 0.974145
v 1.018854 1.551444 0.946330
v 0.981793 1.546413 0.890966
v 0.945576 1.485322 0.916794
vt 0.000000 0.000000
vt 1.000000 0.000000
vt 1.000000 1.000000
vt 0.000000 1.000000
f 6725/6725 6726/6726 6727/6727 6728/6728
usemtl white
v 0.981793 1.546413 0.890966
v 1.008202 1.611629 0.863392
v 1.047295 1.621678 0.916635
v 1.018854 1.551444 0.946330
vt 0.000000 0.000000
vt 1.000000 0.000000
vt 1.000000 1.000000
vt 0.000000 1.000000
f 6729/6729 6730/6730 6731/6731 6732/6732
usemtl dark
v 1.018854 1.551444 0.946330
v 1.047295 1.621678 0.916635
v 1.008202 1.611629 0.863392
v 0.981793 1.546413 0.890966
vt 0.000000 0.000000
vt 1.000000 0.000000
vt 1.000000 1.000000
vt 0.000000 1.000000
f 6733/6733 6734/6734 6735/6735 6736/6736
usemtl white
v 1.008202 1.611629 0.863392
v 1.024266 1.679644 0.834636
v 1.064594 1.694924 0.885667
v 1.047295 1.621678 0.916635
vt 0.000000 0.000000
vt 1.000000 0.000000
vt 1.000000 1.000000
vt 0.000000 1.000000
f 6737/6737 6738/6738 6739/6739 6740/6740
usemtl dark
v 1.047295 1.621678 0.916635
v 1.064594 1.694924 0.885667
v 1.024266 1.679644 0.834636
v 1.008202 1.611629 0.863392
vt 0.000000 0.000000
vt 1.000000 0.000000
vt 1.000000 1.000000
vt 0.000000 1.000000
f 6741/6741 6742/6742 6743/6743 6744/6744
usemtl white
v 1.024266 1.679644 0.834636
v 1.029657 1.749072 0.805283
v 1.070400 1.769692 0.854056
v 1.064594 1.694924 0.885667
vt 0.000000 0.000000
vt 1.000000 0.000000
vt 1.000000 1.000000
vt 0.000000 1.000000
f 6745/6745 6746/6746 6747/6747 6748/6748
usemtl dark
v 1.064594 1.694924 0.885667
v 1.070400 1.769692 0.854056
v 1.029657 1.749072 0.805283
v 1.024266 1.679644 0.834636
vt 0.000000 0.000000
vt 1.000000 0.000000
vt 1.000000 1.000000
vt 0.000000 1.000000
f 6749/6749 6750/6750 6751/6751 6752/6752
usemtl accent
v 0.480160 1.648973 0.568527
v 0.481670 1.655966 0.565570
v 0.481670 1.880504 1.096654
v 0.480160 1.873511 1.099611
vt 0.000000 0.000000
vt 0.062500 0.000000
vt 0.062500 1.000000
vt 0.000000 1.000000
f 6753/6753 6754/6754 6755/6755 6756/6756
v 0.500000 1.648973 0.568527
v 0.481670 1.655966 0.565570
v 0.480160 1.648973 0.568527
vt 0.000000 0.000000
vt 1.000000 0.000000
vt 1.000000 1.000000
f 6757/6757 6758/6758 6759/6759
v 0.500000 1.873511 1.099611
v 0.480160 1.873511 1.099611
v 0.481670 1.880504 1.096654
vt 0.000000 0.000000
vt 1.000000 0.000000
vt 1.000000 1.000000
f 6760/6760 6761/6761 6762/6762
v 0.481670 1.655966 0.565570
v 0.485971 1.661894 0.563064
v 0.485971 1.886433 1.094148
v 0.481670 1.880504 1.096654
vt 0.062500 0.000000
vt 0.125000 0.000000
vt 0.125000 1.000000
vt 0.062500 1.000000
f 6763/6763 6764/6764 6765/6765 6766/6766
v 0.500000 1.648973 0.568527
v 0.485971 1.661894 0.563064
v 0.481670 1.655966 0.565570
vt 0.000000 0.000000
vt 1.000000 0.000000
vt 1.000000 1.000000
f 6767/6767 6768/6768 6769/6769
v 0.500000 1.873511 1.099611
v 0.481670 1.880504 1.096654
v 0.485971 1.886433 1.094148
vt 0.000000 0.000000
vt 1.000000 0.000000
vt 1.000000 1.000000
f 6770/6770 6771/6771 6772/6772
v 0.485971 1.661894 0.563064
v 0.492408 1.665856 0.561389
v 0.492408 1.890394 1.092473
v 0.485971 1.886433 1.094148
vt 0.125000 0.000000
vt 0.187500 0.000000
vt 0.187500 1.000000
vt 0.125000 1.000000
f 6773/6773 6774/6774 6775/6775 6776/6776
v 0.500000 1.648973 0.568527
v 0.492408 1.665856 0.561389
v 0.485971 1.661894 0.563064
vt 0.000000 0.000000
vt 1.000000 0.000000
vt 1.000000 1.000000
f 6777/6777 6778/6778 6779/6779
v 0.500000 1.873511 1.099611
v 0.485971 1.886433 1.094148
v 0.492408 1.890394 1.092473
vt 0.000000 0.000000
vt 1.000000 0.000000
vt 1.000000 1.000000
f 6780/6780 6781/6781 6782/6782
v 0.492408 1.665856 0.561389
v 0.500000 1.667247 0.560801
v 0.500000 1.891785 1.091885
v 0.492408 1.890394 1.092473
vt 0.187500 0.000000
vt 0.250000 0.000000
vt 0.250000 1.000000
vt 0.187500 1.000000
f 6783/6783 6784/6784 6785/6785 6786/6786
v 0.500000 1.648973 0.568527
v 0.500000 1.667247 0.560801
v 0.492408 1.665856 0.561389
vt 0.000000 0.000000
vt 1.000000 0.000000
vt 1.000000 1.000000
f 6787/6787 6788/6788 6789/6789
v 0.500000 1.873511 1.099611
v 0.492408 1.890394 1.092473
v 0.500000 1.891785 1.091885
vt 0.000000 0.000000
vt 1.000000 0.000000
vt 1.000000 1.000000
f 6790/6790 6791/6791 6792/6792
v 0.500000 1.667247 0.560801
v 0.507592 1.665856 0.561389
v 0.507592 1.890394 1.092473
v 0.500000 1.891785 1.091885
vt 0.250000 0.000000
vt 0.312500 0.000000
vt 0.312500 1.000000
vt 0.250000 1.000000
f 6793/6793 6794/6794 6795/6795 6796/6796
v 0.500000 1.648973 0.568527
v 0.507592 1.665856 0.561389
v 0.500000 1.667247 0.560801
vt 0.000000 0.000000
vt 1.000000 0.000000
vt 1.000000 1.000000
f 6797/6797 6798/6798 6799/6799
v 0.500000 1.873511 1.099611
v 0.500000 1.891785 1.091885
v 0.507592 1.890394 1.092473
vt 0.000000 0.000000
vt 1.000000 0.000000
vt 1.000000 1.000000
f 6800/6800 6801/6801 6802/6802
v 0.507592 1.665856 0.561389
v 0.514029 1.661894 0.563064
v 0.514029 1.886433 1.094148
v 0.507592 1.890394 1.092473
vt 0.312500 0.000000
vt 0.375000 0.000000
vt 0.375000 1.000000
vt 0.312500 1.000000
f 6803/6803 6804/6804 6805/6805 6806/6806
v 0.500000 1.648973 0.568527
v 0.514029 1.661894 0.563064
v 0.507592 1.665856 0.561389
vt 0.000000 0.000000
vt 1.000000 0.000000
vt 1.000000 1.000000
f 6807/6807 6808/6808 6809/6809
v 0.500000 1.873511 1.099611
v 0.507592 1.890394 1.092473
v 0.514029 1.886433 1.094148
vt 0.000000 0.000000
vt 1.000000 0.000000
vt 1.000000 1.000000
f 6810/6810 6811/6811 6812/6812
v 0.514029 1.661894 0.563064
v 0.518330 1.655966 0.565570
v 0.518330 1.880504 1.096654
v 0.514029 1.886433 1.094148
vt 0.375000 0.000000
vt 0.437500 0.000000
vt 0.437500 1.000000
vt 0.375000 1.000000
f 6813/6813 6814/6814 6815/6815 6816/6816
v 0.500000 1.648973 0.568527
v 0.518330 1.655966 0.565570
v 0.514029 1.661894 0.563064
vt 0.000000 0.000000
vt 1.000000 0.000000
vt 1.000000 1.000000
f 6817/6817 6818/6818 6819/6819
v 0.500000 1.873511 1.099611
v 0.514029 1.886433 1.094148
v 0.518330 1.880504 1.096654
vt 0.000000 0.000000
vt 1.000000 0.000000
vt 1.000000 1.000000
f 6820/6820 6821/6821 6822/6822
v 0.518330 1.655966 0.565570
v 0.519840 1.648973 0.568527
v 0.519840 1.873511 1.099611
v 0.518330 1.880504 1.096654
vt 0.437500 0.000000
vt 0.500000 0.000000
vt 0.500000 1.000000
vt 0.437500 1.000000
f 6823/6823 6824/6824 6825/6825 6826/6826
v 0.500000 1.648973 0.568527
v 0.519840 1.648973 0.568527
v 0.518330 1.655966 0.565570
vt 0.000000 0.000000
vt 1.000000 0.000000
vt 1.000000 1.000000
f 6827/6827 6828/6828 6829/6829
v 0.500000 1.873511 1.099611
v 0.518330 1.880504 1.096654
v 0.519840 1.873511 1.099611
vt 0.000000 0.000000
vt 1.000000 0.000000
vt 1.000000 1.000000
f 6830/6830 6831/6831 6832/6832
v 0.519840 1.648973 0.568527
v 0.518330 1.641980 0.571484
v 0.518330 1.866518 1.102567
v 0.519840 1.873511 1.099611
vt 0.500000 0.000000
vt 0.562500 0.000000
vt 0.562500 1.000000
vt 0.500000 1.000000
f 6833/6833 6834/6834 6835/6835 6836/6836
v 0.500000 1.648973 0.568527
v 0.518330 1.641980 0.571484
v 0.519840 1.648973 0.568527
vt 0.000000 0.000000
vt 1.000000 0.000000
vt 1.000000 1.000000
f 6837/6837 6838/6838 6839/6839
v 0.500000 1.873511 1.099611
v 0.519840 1.873511 1.099611
v 0.518330 1.866518 1.102567
vt 0.000000 0.000000
vt 1.000000 0.000000
vt 1.000000 1.000000
f 6840/6840 6841/6841 6842/6842
v 0.518330 1.641980 0.571484
v 0.514029 1.636051 0.573990
v 0.514029 1.860590 1.105074
v 0.518330 1.866518 1.102567
vt 0.562500 0.000000
vt 0.625000 0.000000
vt 0.625000 1.000000
vt 0.562500 1.000000
f 6843/6843 6844/6844 6845/6845 6846/6846
v 0.500000 1.648973 0.568527
v 0.514029 1.636051 0.573990
v 0.518330 1.641980 0.571484
vt 0.000000 0.000000
vt 1.000000 0.000000
vt 1.000000 1.000000
f 6847/6847 6848/6848 6849/6849
v 0.500000 1.873511 1.099611
v 0.518330 1.866518 1.102567
v 0.514029 1.860590 1.105074
vt 0.000000 0.000000
vt 1.000000 0.000000
vt 1.000000 1.000000
f 6850/6850 6851/6851 6852/6852
v 0.514029 1.636051 0.573990
v 0.507592 1.632090 0.575665
v 0.507592 1.856629 1.106749
v 0.514029 1.860590 1.105074
vt 0.625000 0.000000
vt 0.687500 0.000000
vt 0.687500 1.000000
vt 0.625000 1.000000
f 6853/6853 6854/6854 6855/6855 6856/6856
v 0.500000 1.648973 0.568527
v 0.507592 1.632090 0.575665
v 0.514029 1.636051 0.573990
vt 0.000000 0.000000
vt 1.000000 0.000000
vt 1.000000 1.000000
f 6857/6857 6858/6858 6859/6859
v 0.500000 1.873511 1.099611
v 0.514029 1.860590 1.105074
v 0.507592 1.856629 1.106749
vt 0.000000 0.000000
vt 1.000000 0.000000
vt 1.000000 1.000000
f 6860/6860 6861/6861 6862/6862
v 0.507592 1.632090 0.575665
v 0.500000 1.630699 0.576253
v 0.500000 1.855237 1.107337
v 0.507592 1.856629 1.106749
vt 0.687500 0.000000
vt 0.750000 0.000000
vt 0.750000 1.000000
vt 0.687500 1.000000
f 6863/6863 6864/6864 6865/6865 6866/6866
v 0.500000 1.648973 0.568527
v 0.500000 1.630699 0.576253
v 0.507592 1.632090 0.575665
vt 0.000000 0.000000
vt 1.000000 0.000000
vt 1.000000 1.000000
f 6867/6867 6868/6868 6869/6869
v 0.500000 1.873511 1.099611
v 0.507592 1.856629 1.106749
v 0.500000 1.855237 1.107337
vt 0.000000 0.000000
vt 1.000000 0.000000
vt 1.000000 1.000000
f 6870/6870 6871/6871 6872/6872
v 0.500000 1.630699 0.576253
v 0.492408 1.632090 0.575665
v 0.492408 1.856629 1.106749
v 0.500000 1.855237 1.107337
vt 0.750000 0.000000
vt 0.812500 0.000000
vt 0.812500 1.000000
vt 0.750000 1.000000
f 6873/6873 6874/6874 6875/6875 6876/6876
v 0.500000 1.648973 0.568527
v 0.492408 1.632090 0.575665
v 0.500000 1.630699 0.576253
vt 0.000000 0.000000
vt 1.000000 0.000000
vt 1.000000 1.000000
f 6877/6877 6878/6878 6879/6879
v 0.500000 1.873511 1.099611
v 0.500000 1.855237 1.107337
v 0.492408 1.856629 1.106749
vt 0.000000 0.000000
vt 1.000000 0.000000
vt 1.000000 1.000000
f 6880/6880 6881/6881 6882/6882
v 0.492408 1.632090 0.575665
v 0.485971 1.636051 0.573990
v 0.485971 1.860590 1.105074
v 0.492408 1.856629 1.106749
vt 0.812500 0.000000
vt 0.875000 0.000000
vt 0.875000 1.000000
vt 0.812500 1.000000
f 6883/6883 6884/6884 6885/6885 6886/6886
v 0.500000 1.648973 0.568527
v 0.485971 1.636051 0.573990
v 0.492408 1.632090 0.575665
vt 0.000000 0.000000
vt 1.000000 0.000000
vt 1.000000 1.000000
f 6887/6887 6888/6888 6889/6889
v 0.500000 1.873511 1.099611
v 0.492408 1.856629 1.106749
v 0.485971 1.860590 1.105074
vt 0.000000 0.000000
vt 1.000000 0.000000
vt 1.000000 1.000000
f 6890/6890 6891/6891 6892/6892
v 0.485971 1.636051 0.573990
v 0.481670 1.641980 0.571484
v 0.481670 1.866518 1.102567
v 0.485971 1.860590 1.105074
vt 0.875000 0.000000
vt 0.937500 0.000000
vt 0.937500 1.000000
vt 0.875000 1.000000
f 6893/6893 6894/6894 6895/6895 6896/6896
v 0.500000 1.648973 0.568527
v 0.481670 1.641980 0.571484
v 0.485971 1.636051 0.573990
vt 0.000000 0.000000
vt 1.000000 0.000000
vt 1.000000 1.000000
f 6897/6897 6898/6898 6899/6899
v 0.500000 1.873511 1.099611
v 0.485971 1.860590 1.105074
v 0.481670 1.866518 1.102567
vt 0.000000 0.000000
vt 1.000000 0.000000
vt 1.000000 1.000000
f 6900/6900 6901/6901 6902/6902
v 0.481670 1.641980 0.571484
v 0.480160 1.648973 0.568527
v 0.480160 1.873511 1.099611
v 0.481670 1.866518 1.102567
vt 0.937500 0.000000
vt 1.000000 0.000000
vt 1.000000 1.000000
vt 0.937500 1.000000
f 6903/6903 6904/6904 6905/6905 6906/6906
v 0.500000 1.648973 0.568527
v 0.480160 1.648973 0.568527
v 0.481670 1.641980 0.571484
vt 0.000000 0.000000
vt 1.000000 0.000000
vt 1.000000 1.000000
f 6907/6907 6908/6908 6909/6909
v 0.500000 1.873511 1.099611
v 0.481670 1.866518 1.102567
v 0.480160 1.873511 1.099611
vt 0.000000 0.000000
vt 1.000000 0.000000
vt 1.000000 1.000000
f 6910/6910 6911/6911 6912/6912
v 0.500000 1.925557 1.111263
v 0.500000 1.925557 1.111263
v 0.512083 1.925867 1.117450
v 0.513411 1.923601 1.112090
vt 0.000000 0.000000
vt 1.000000 0.000000
vt 1.000000 1.000000
vt 0.000000 1.000000
f 6913/6913 6914/6914 6915/6915 6916/6916
v 0.500000 1.925557 1.111263
v 0.500000 1.925557 1.111263
v 0.508362 1.927684 1.121748
v 0.512083 1.925867 1.117450
vt 0.000000 0.000000
vt 1.000000 0.000000
vt 1.000000 1.000000
vt 0.000000 1.000000
f 6917/6917 6918/6918 6919/6919 6920/6920
v 0.500000 1.925557 1.111263
v 0.500000 1.925557 1.111263
v 0.502984 1.928693 1.124133
v 0.508362 1.927684 1.121748
vt 0.000000 0.000000
vt 1.000000 0.000000
vt 1.000000 1.000000
vt 0.000000 1.000000
f 6921/6921 6922/6922 6923/6923 6924/6924
v 0.500000 1.925557 1.111263
v 0.500000 1.925557 1.111263
v 0.497016 1.928693 1.124133
v 0.502984 1.928693 1.124133
vt 0.000000 0.000000
vt 1.000000 0.000000
vt 1.000000 1.000000
vt 0.000000 1.000000
f 6925/6925 6926/6926 6927/6927 6928/6928
v 0.500000 1.925557 1.111263
v 0.500000 1.925557 1.111263
v 0.491638 1.927684 1.121748
v 0.497016 1.928693 1.124133
vt 0.000000 0.000000
vt 1.000000 0.000000
vt 1.000000 1.000000
vt 0.000000 1.000000
f 6929/6929 6930/6930 6931/6931 6932/6932
v 0.500000 1.925557 1.111263
v 0.500000 1.925557 1.111263
v 0.487917 1.925867 1.117450
v 0.491638 1.927684 1.121748
vt 0.000000 0.000000
vt 1.000000 0.000000
vt 1.000000 1.000000
vt 0.000000 1.000000
f 6933/6933 6934/6934 6935/6935 6936/6936
v 0.500000 1.925557 1.111263
v 0.500000 1.925557 1.111263
v 0.486589 1.923601 1.112090
v 0.487917 1.925867 1.117450
vt 0.000000 0.000000
vt 1.000000 0.000000
vt 1.000000 1.000000
vt 0.000000 1.000000
f 6937/6937 6938/6938 6939/6939 6940/6940
v 0.500000 1.925557 1.111263
v 0.500000 1.925557 1.111263
v 0.487917 1.921335 1.106730
v 0.486589 1.923601 1.112090
vt 0.000000 0.000000
vt 1.000000 0.000000
vt 1.000000 1.000000
vt 0.000000 1.000000
f 6941/6941 6942/6942 6943/6943 6944/6944
v 0.500000 1.925557 1.111263
v 0.500000 1.925557 1.111263
v 0.491638 1.919518 1.102432
v 0.487917 1.921335 1.106730
vt 0.000000 0.000000
vt 1.000000 0.000000
vt 1.000000 1.000000
vt 0.000000 1.000000
f 6945/6945 6946/6946 6947/6947 6948/6948
v 0.500000 1.925557 1.111263
v 0.500000 1.925557 1.111263
v 0.497016 1.918509 1.100047
v 0.491638 1.919518 1.102432
vt 0.000000 0.000000
vt 1.000000 0.000000
vt 1.000000 1.000000
vt 0.000000 1.000000
f 6949/6949 6950/6950 6951/6951 6952/6952
v 0.500000 1.925557 1.111263
v 0.500000 1.925557 1.111263
v 0.502984 1.918509 1.100047
v 0.497016 1.918509 1.100047
vt 0.000000 0.000000
vt 1.000000 0.000000
vt 1.000000 1.000000
vt 0.000000 1.000000
f 6953/6953 6954/6954 6955/6955 6956/6956
v 0.500000 1.925557 1.111263
v 0.500000 1.925557 1.111263
v 0.508362 1.919518 1.102432
v 0.502984 1.918509 1.100047
vt 0.000000 0.000000
vt 1.000000 0.000000
vt 1.000000 1.000000
vt 0.000000 1.000000
f 6957/6957 6958/6958 6959/6959 6960/6960
v 0.500000 1.925557 1.111263
v 0.500000 1.925557 1.111263
v 0.512083 1.921335 1.106730
v 0.508362 1.919518 1.102432
vt 0.000000 0.000000
vt 1.000000 0.000000
vt 1.000000 1.000000
vt 0.000000 1.000000
f 6961/6961 6962/6962 6963/6963 6964/6964
v 0.500000 1.925557 1.111263
v 0.500000 1.925557 1.111263
v 0.513411 1.923601 1.112090
v 0.512083 1.921335 1.106730
vt 0.000000 0.000000
vt 1.000000 0.000000
vt 1.000000 1.000000
vt 0.000000 1.000000
f 6965/6965 6966/6966 6967/6967 6968/6968
v 0.513411 1.923601 1.112090
v 0.512083 1.925867 1.117450
v 0.522984 1.922233 1.124685
v 0.525510 1.917923 1.114491
vt 0.000000 0.000000
vt 1.000000 0.000000
vt 1.000000 1.000000
vt 0.000000 1.000000
f 6969/6969 6970/6970 6971/6971 6972/6972
v 0.512083 1.925867 1.117450
v 0.508362 1.927684 1.121748
v 0.515905 1.925690 1.132861
v 0.522984 1.922233 1.124685
vt 0.000000 0.000000
vt 1.000000 0.000000
vt 1.000000 1.000000
vt 0.000000 1.000000
f 6973/6973 6974/6974 6975/6975 6976/6976
v 0.508362 1.927684 1.121748
v 0.502984 1.928693 1.124133
v 0.505676 1.927608 1.137398
v 0.515905 1.925690 1.132861
vt 0.000000 0.000000
vt 1.000000 0.000000
vt 1.000000 1.000000
vt 0.000000 1.000000
f 6977/6977 6978/6978 6979/6979 6980/6980
v 0.502984 1.928693 1.124133
v 0.497016 1.928693 1.124133
v 0.494324 1.927608 1.137398
v 0.505676 1.927608 1.137398
vt 0.000000 0.000000
vt 1.000000 0.000000
vt 1.000000 1.000000
vt 0.000000 1.000000
f 6981/6981 6982/6982 6983/6983 6984/6984
v 0.497016 1.928693 1.124133
v 0.491638 1.927684 1.121748
v 0.484095 1.925690 1.132861
v 0.494324 1.927608 1.137398
vt 0.000000 0.000000
vt 1.000000 0.000000
vt 1.000000 1.000000
vt 0.000000 1.000000
f 6985/6985 6986/6986 6987/6987 6988/6988
v 0.491638 1.927684 1.121748
v 0.487917 1.925867 1.117450
v 0.477016 1.922233 1.124685
v 0.484095 1.925690 1.132861
vt 0.000000 0.000000
vt 1.000000 0.000000
vt 1.000000 1.000000
vt 0.000000 1.000000
f 6989/6989 6990/6990 6991/6991 6992/6992
v 0.487917 1.925867 1.117450
v 0.486589 1.923601 1.112090
v 0.474490 1.917923 1.114491
v 0.477016 1.922233 1.124685
vt 0.000000 0.000000
vt 1.000000 0.000000
vt 1.000000 1.000000
vt 0.000000 1.000000
f 6993/6993 6994/6994 6995/6995 6996/6996
v 0.486589 1.923601 1.112090
v 0.487917 1.921335 1.106730
v 0.477016 1.913613 1.104296
v 0.474490 1.917923 1.114491
vt 0.000000 0.000000
vt 1.000000 0.000000
vt 1.000000 1.000000
vt 0.000000 1.000000
f 6997/6997 6998/6998 6999/6999 7000/7000
v 0.487917 1.921335 1.106730
v 0.491638 1.919518 1.102432
v 0.484095 1.910156 1.096121
v 0.477016 1.913613 1.104296
vt 0.000000 0.000000
vt 1.000000 0.000000
vt 1.000000 1.000000
vt 0.000000 1.000000
f 7001/7001 7002/7002 7003/7003 7004/7004
v 0.491638 1.919518 1.102432
v 0.497016 1.918509 1.100047
v 0.494324 1.908238 1.091584
v 0.484095 1.910156 1.096121
vt 0.000000 0.000000
vt 1.000000 0.000000
vt 1.000000 1.000000
vt 0.000000 1.000000
f 7005/7005 7006/7006 7007/7007 7008/7008
v 0.497016 1.918509 1.100047
v 0.502984 1.918509 1.100047
v 0.505676 1.908238 1.091584
v 0.494324 1.908238 1.091584
vt 0.000000 0.000000
vt 1.000000 0.000000
vt 1.000000 1.000000
vt 0.000000 1.000000
f 7009/7009 7010/7010 7011/7011 7012/7012
v 0.502984 1.918509 1.100047
v 0.508362 1.919518 1.102432
v 0.515905 1.910156 1.096121
v 0.505676 1.908238 1.091584
vt 0.000000 0.000000
vt 1.000000 0.000000
vt 1.000000 1.000000
vt 0.000000 1.000000
f 7013/7013 7014/7014 7015/7015 7016/7016
v 0.508362 1.919518 1.102432
v 0.512083 1.921335 1.106730
v 0.522984 1.913613 1.104296
v 0.515905 1.910156 1.096121
vt 0.000000 0.000000
vt 1.000000 0.000000
vt 1.000000 1.000000
vt 0.000000 1.000000
f 7017/7017 7018/7018 7019/7019 7020/7020
v 0.512083 1.921335 1.106730
v 0.513411 1.923601 1.112090
v 0.525510 1.917923 1.114491
v 0.522984 1.913613 1.104296
vt 0.000000 0.000000
vt 1.000000 0.000000
vt 1.000000 1.000000
vt 0.000000 1.000000
f 7021/7021 7022/7022 7023/7023 7024/7024
v 0.525510 1.917923 1.114491
v 0.522984 1.922233 1.124685
v 0.531634 1.915012 1.132261
v 0.535111 1.909079 1.118230
vt 0.000000 0.000000
vt 1.000000 0.000000
vt 1.000000 1.000000
vt 0.000000 1.000000
f 7025/7025 7026/7026 7027/7027 7028/7028
v 0.522984 1.922233 1.124685
v 0.515905 1.925690 1.132861
v 0.521892 1.919769 1.143514
v 0.531634 1.915012 1.132261
vt 0.000000 0.000000
vt 1.000000 0.000000
vt 1.000000 1.000000
vt 0.000000 1.000000
f 7029/7029 7030/7030 7031/7031 7032/7032
v 0.515905 1.925690 1.132861
v 0.505676 1.927608 1.137398
v 0.507813 1.922410 1.149758
v 0.521892 1.919769 1.143514
vt 0.000000 0.000000
vt 1.000000 0.000000
vt 1.000000 1.000000
vt 0.000000 1.000000
f 7033/7033 7034/7034 7035/7035 7036/7036
v 0.505676 1.927608 1.137398
v 0.494324 1.927608 1.137398
v 0.492187 1.922410 1.149758
v 0.507813 1.922410 1.149758
vt 0.000000 0.000000
vt 1.000000 0.000000
vt 1.000000 1.000000
vt 0.000000 1.000000
f 7037/7037 7038/7038 7039/7039 7040/7040
v 0.494324 1.927608 1.137398
v 0.484095 1.925690 1.132861
v 0.478108 1.919769 1.143514
v 0.492187 1.922410 1.149758
vt 0.000000 0.000000
vt 1.000000 0.000000
vt 1.000000 1.000000
vt 0.000000 1.000000
f 7041/7041 7042/7042 7043/7043 7044/7044
v 0.484095 1.925690 1.132861
v 0.477016 1.922233 1.124685
v 0.468366 1.915012 1.132261
v 0.478108 1.919769 1.143514
vt 0.000000 0.000000
vt 1.000000 0.000000
vt 1.000000 1.000000
vt 0.000000 1.000000
f 7045/7045 7046/7046 7047/7047 7048/7048
v 0.477016 1.922233 1.124685
v 0.474490 1.917923 1.114491
v 0.464889 1.909079 1.118230
v 0.468366 1.915012 1.132261
vt 0.000000 0.000000
vt 1.000000 0.000000
vt 1.000000 1.000000
vt 0.000000 1.000000
f 7049/7049 7050/7050 7051/7051 7052/7052
v 0.474490 1.917923 1.114491
v 0.477016 1.913613 1.104296
v 0.468366 1.903147 1.104198
v 0.464889 1.909079 1.118230
vt 0.000000 0.000000
vt 1.000000 0.000000
vt 1.000000 1.000000
vt 0.000000 1.000000
f 7053/7053 7054/7054 7055/7055 7056/7056
v 0.477016 1.913613 1.104296
v 0.484095 1.910156 1.096121
v 0.478108 1.898389 1.092945
v 0.468366 1.903147 1.104198
vt 0.000000 0.000000
vt 1.000000 0.000000
vt 1.000000 1.000000
vt 0.000000 1.000000
f 7057/7057 7058/7058 7059/7059 7060/7060
v 0.484095 1.910156 1.096121
v 0.494324 1.908238 1.091584
v 0.492187 1.895749 1.086701
v 0.478108 1.898389 1.092945
vt 0.000000 0.000000
vt 1.000000 0.000000
vt 1.000000 1.000000
vt 0.000000 1.000000
f 7061/7061 7062/7062 7063/7063 7064/7064
v 0.494324 1.908238 1.091584
v 0.505676 1.908238 1.091584
v 0.507813 1.895749 1.086701
v 0.492187 1.895749 1.086701
vt 0.000000 0.000000
vt 1.000000 0.000000
vt 1.000000 1.000000
vt 0.000000 1.000000
f 7065/7065 7066/7066 7067/7067 7068/7068
v 0.505676 1.908238 1.091584
v 0.515905 1.910156 1.096121
v 0.521892 1.898389 1.092945
v 0.507813 1.895749 1.086701
vt 0.000000 0.000000
vt 1.000000 0.000000
vt 1.000000 1.000000
vt 0.000000 1.000000
f 7069/7069 7070/7070 7071/7071 7072/7072
v 0.515905 1.910156 1.096121
v 0.522984 1.913613 1.104296
v 0.531634 1.903147 1.104198
v 0.521892 1.898389 1.092945
vt 0.000000 0.000000
vt 1.000000 0.000000
vt 1.000000 1.000000
vt 0.000000 1.000000
f 7073/7073 7074/7074 7075/7075 7076/7076
v 0.522984 1.913613 1.104296
v 0.525510 1.917923 1.114491
v 0.535111 1.909079 1.118230
v 0.531634 1.903147 1.104198
vt 0.000000 0.000000
vt 1.000000 0.000000
vt 1.000000 1.000000
vt 0.000000 1.000000
f 7077/7077 7078/7078 7079/7079 7080/7080
v 0.535111 1.909079 1.118230
v 0.531634 1.915012 1.132261
v 0.537188 1.904910 1.139436
v 0.541276 1.897936 1.122941
vt 0.000000 0.000000
vt 1.000000 0.000000
vt 1.000000 1.000000
vt 0.000000 1.000000
f 7081/7081 7082/7082 7083/7083 7084/7084
v 0.531634 1.915012 1.132261
v 0.521892 1.919769 1.143514
v 0.525735 1.910503 1.152664
v 0.537188 1.904910 1.139436
vt 0.000000 0.000000
vt 1.000000 0.000000
vt 1.000000 1.000000
vt 0.000000 1.000000
f 7085/7085 7086/7086 7087/7087 7088/7088
v 0.521892 1.919769 1.143514
v 0.507813 1.922410 1.149758
v 0.509185 1.913607 1.160005
v 0.525735 1.910503 1.152664
vt 0.000000 0.000000
vt 1.000000 0.000000
vt 1.000000 1.000000
vt 0.000000 1.000000
f 7089/7089 7090/7090 7091/7091 7092/7092
v 0.507813 1.922410 1.149758
v 0.492187 1.922410 1.149758
v 0.490815 1.913607 1.160005
v 0.509185 1.913607 1.160005
vt 0.000000 0.000000
vt 1.000000 0.000000
vt 1.000000 1.000000
vt 0.000000 1.000000
f 7093/7093 7094/7094 7095/7095 7096/7096
v 0.492187 1.922410 1.149758
v 0.478108 1.919769 1.143514
v 0.474265 1.910503 1.152664
v 0.490815 1.913607 1.160005
vt 0.000000 0.000000
vt 1.000000 0.000000
vt 1.000000 1.000000
vt 0.000000 1.000000
f 7097/7097 7098/7098 7099/7099 7100/7100
v 0.478108 1.919769 1.143514
v 0.468366 1.915012 1.132261
v 0.462812 1.904910 1.139436
v 0.474265 1.910503 1.152664
vt 0.000000 0.000000
vt 1.000000 0.000000
vt 1.000000 1.000000
vt 0.000000 1.000000
f 7101/7101 7102/7102 7103/7103 7104/7104
v 0.468366 1.915012 1.132261
v 0.464889 1.909079 1.118230
v 0.458724 1.897936 1.122941
v 0.462812 1.904910 1.139436
vt 0.000000 0.000000
vt 1.000000 0.000000
vt 1.000000 1.000000
vt 0.000000 1.000000
f 7105/7105 7106/7106 7107/7107 7108/7108
v 0.464889 1.909079 1.118230
v 0.468366 1.903147 1.104198
v 0.462812 1.890962 1.106446
v 0.458724 1.897936 1.122941
vt 0.000000 0.000000
vt 1.000000 0.000000
vt 1.000000 1.000000
vt 0.000000 1.000000
f 7109/7109 7110/7110 7111/7111 7112/7112
v 0.468366 1.903147 1.104198
v 0.478108 1.898389 1.092945
v 0.474265 1.885369 1.093218
v 0.462812 1.890962 1.106446
vt 0.000000 0.000000
vt 1.000000 0.000000
vt 1.000000 1.000000
vt 0.000000 1.000000
f 7113/7113 7114/7114 7115/7115 7116/7116
v 0.478108 1.898389 1.092945
v 0.492187 1.895749 1.086701
v 0.490815 1.882265 1.085877
v 0.474265 1.885369 1.093218
vt 0.000000 0.000000
vt 1.000000 0.000000
vt 1.000000 1.000000
vt 0.000000 1.000000
f 7117/7117 7118/7118 7119/7119 7120/7120
v 0.492187 1.895749 1.086701
v 0.507813 1.895749 1.086701
v 0.509185 1.882265 1.085877
v 0.490815 1.882265 1.085877
vt 0.000000 0.000000
vt 1.000000 0.000000
vt 1.000000 1.000000
vt 0.000000 1.000000
f 7121/7121 7122/7122 7123/7123 7124/7124
v 0.507813 1.895749 1.086701
v 0.521892 1.898389 1.092945
v 0.525735 1.885369 1.093218
v 0.509185 1.882265 1.085877
vt 0.000000 0.000000
vt 1.000000 0.000000
vt 1.000000 1.000000
vt 0.000000 1.000000
f 7125/7125 7126/7126 7127/7127 7128/7128
v 0.521892 1.898389 1.092945
v 0.531634 1.903147 1.104198
v 0.537188 1.890962 1.106446
v 0.525735 1.885369 1.093218
vt 0.000000 0.000000
vt 1.000000 0.000000
vt 1.000000 1.000000
vt 0.000000 1.000000
f 7129/7129 7130/7130 7131/7131 7132/7132
v 0.531634 1.903147 1.104198
v 0.535111 1.909079 1.118230
v 0.541276 1.897936 1.122941
v 0.537188 1.890962 1.106446
vt 0.000000 0.000000
vt 1.000000 0.000000
vt 1.000000 1.000000
vt 0.000000 1.000000
f 7133/7133 7134/7134 7135/7135 7136/7136
v 0.541276 1.897936 1.122941
v 0.537188 1.904910 1.139436
v 0.539102 1.892916 1.145508
v 0.543400 1.885583 1.128164
vt 0.000000 0.000000
vt 1.000000 0.000000
vt 1.000000 1.000000
vt 0.000000 1.000000
f 7137/7137 7138/7138 7139/7139 7140/7140
v 0.537188 1.904910 1.139436
v 0.525735 1.910503 1.152664
v 0.527059 1.898797 1.159417
v 0.539102 1.892916 1.145508
vt 0.000000 0.000000
vt 1.000000 0.000000
vt 1.000000 1.000000
vt 0.000000 1.000000
f 7141/7141 7142/7142 7143/7143 7144/7144
v 0.525735 1.910503 1.152664
v 0.509185 1.913607 1.160005
v 0.509657 1.902060 1.167135
v 0.527059 1.898797 1.159417
vt 0.000000 0.000000
vt 1.000000 0.000000
vt 1.000000 1.000000
vt 0.000000 1.000000
f 7145/7145 7146/7146 7147/7147 7148/7148
v 0.509185 1.913607 1.160005
v 0.490815 1.913607 1.160005
v 0.490343 1.902060 1.167135
v 0.509657 1.902060 1.167135
vt 0.000000 0.000000
vt 1.000000 0.000000
vt 1.000000 1.000000
vt 0.000000 1.000000
f 7149/7149 7150/7150 7151/7151 7152/7152
v 0.490815 1.913607 1.160005
v 0.474265 1.910503 1.152664
v 0.472941 1.898797 1.159417
v 0.490343 1.902060 1.167135
vt 0.000000 0.000000
vt 1.000000 0.000000
vt 1.000000 1.000000
vt 0.000000 1.000000
f 7153/7153 7154/7154 7155/7155 7156/7156
v 0.474265 1.910503 1.152664
v 0.462812 1.904910 1.139436
v 0.460898 1.892916 1.145508
v 0.472941 1.898797 1.159417
vt 0.000000 0.000000
vt 1.000000 0.000000
vt 1.000000 1.000000
vt 0.000000 1.000000
f 7157/7157 7158/7158 7159/7159 7160/7160
v 0.462812 1.904910 1.139436
v 0.458724 1.897936 1.122941
v 0.456600 1.885583 1.128164
v 0.460898 1.892916 1.145508
vt 0.000000 0.000000
vt 1.000000 0.000000
vt 1.000000 1.000000
vt 0.000000 1.000000
f 7161/7161 7162/7162 7163/7163 7164/7164
v 0.458724 1.897936 1.122941
v 0.462812 1.890962 1.106446
v 0.460898 1.878250 1.110820
v 0.456600 1.885583 1.128164
vt 0.000000 0.000000
vt 1.000000 0.000000
vt 1.000000 1.000000
vt 0.000000 1.000000
f 7165/7165 7166/7166 7167/7167 7168/7168
v 0.462812 1.890962 1.106446
v 0.474265 1.885369 1.093218
v 0.472941 1.872370 1.096911
v 0.460898 1.878250 1.110820
vt 0.000000 0.000000
vt 1.000000 0.000000
vt 1.000000 1.000000
vt 0.000000 1.000000
f 7169/7169 7170/7170 7171/7171 7172/7172
v 0.474265 1.885369 1.093218
v 0.490815 1.882265 1.085877
v 0.490343 1.869106 1.089192
v 0.472941 1.872370 1.096911
vt 0.000000 0.000000
vt 1.000000 0.000000
vt 1.000000 1.000000
vt 0.000000 1.000000
f 7173/7173 7174/7174 7175/7175 7176/7176
v 0.490815 1.882265 1.085877
v 0.509185 1.882265 1.085877
v 0.509657 1.869106 1.089192
v 0.490343 1.869106 1.089192
vt 0.000000 0.000000
vt 1.000000 0.000000
vt 1.000000 1.000000
vt 0.000000 1.000000
f 7177/7177 7178/7178 7179/7179 7180/7180
v 0.509185 1.882265 1.085877
v 0.525735 1.885369 1.093218
v 0.527059 1.872370 1.096911
v 0.509657 1.869106 1.089192
vt 0.000000 0.000000
vt 1.000000 0.000000
vt 1.000000 1.000000
vt 0.000000 1.000000
f 7181/7181 7182/7182 7183/7183 7184/7184
v 0.525735 1.885369 1.093218
v 0.537188 1.890962 1.106446
v 0.539102 1.878250 1.110820
v 0.527059 1.872370 1.096911
vt 0.000000 0.000000
vt 1.000000 0.000000
vt 1.000000 1.000000
vt 0.000000 1.000000
f 7185/7185 7186/7186 7187/7187 7188/7188
v 0.537188 1.890962 1.106446
v 0.541276 1.897936 1.122941
v 0.543400 1.885583 1.128164
v 0.539102 1.878250 1.110820
vt 0.000000 0.000000
vt 1.000000 0.000000
vt 1.000000 1.000000
vt 0.000000 1.000000
f 7189/7189 7190/7190 7191/7191 7192/7192
v 0.543400 1.885583 1.128164
v 0.539102 1.892916 1.145508
v 0.537188 1.880205 1.149881
v 0.541276 1.873231 1.133386
vt 0.000000 0.000000
vt 1.000000 0.000000
vt 1.000000 1.000000
vt 0.000000 1.000000
f 7193/7193 7194/7194 7195/7195 7196/7196
v 0.539102 1.892916 1.145508
v 0.527059 1.898797 1.159417
v 0.525735 1.885797 1.163110
v 0.537188 1.880205 1.149881
vt 0.000000 0.000000
vt 1.000000 0.000000
vt 1.000000 1.000000
vt 0.000000 1.000000
f 7197/7197 7198/7198 7199/7199 7200/7200
v 0.527059 1.898797 1.159417
v 0.509657 1.902060 1.167135
v 0.509185 1.888901 1.170451
v 0.525735 1.885797 1.163110
vt 0.000000 0.000000
vt 1.000000 0.000000
vt 1.000000 1.000000
vt 0.000000 1.000000
f 7201/7201 7202/7202 7203/7203 7204/7204
v 0.509657 1.902060 1.167135
v 0.490343 1.902060 1.167135
v 0.490815 1.888901 1.170451
v 0.509185 1.888901 1.170451
vt 0.000000 0.000000
vt 1.000000 0.000000
vt 1.000000 1.000000
vt 0.000000 1.000000
f 7205/7205 7206/7206 7207/7207 7208/7208
v 0.490343 1.902060 1.167135
v 0.472941 1.898797 1.159417
v 0.474265 1.885797 1.163110
v 0.490815 1.888901 1.170451
vt 0.000000 0.000000
vt 1.000000 0.000000
vt 1.000000 1.000000
vt 0.000000 1.000000
f 7209/7209 7210/7210 7211/7211 7212/7212
v 0.472941 1.898797 1.159417
v 0.460898 1.892916 1.145508
v 0.462812 1.880205 1.149881
v 0.474265 1.885797 1.163110
vt 0.000000 0.000000
vt 1.000000 0.000000
vt 1.000000 1.000000
vt 0.000000 1.000000
f 7213/7213 7214/7214 7215/7215 7216/7216
v 0.460898 1.892916 1.145508
v 0.456600 1.885583 1.128164
v 0.458724 1.873231 1.133386
v 0.462812 1.880205 1.149881
vt 0.000000 0.000000
vt 1.000000 0.000000
vt 1.000000 1.000000
vt 0.000000 1.000000
f 7217/7217 7218/7218 7219/7219 7220/7220
v 0.456600 1.885583 1.128164
v 0.460898 1.878250 1.110820
v 0.462812 1.866257 1.116891
v 0.458724 1.873231 1.133386
vt 0.000000 0.000000
vt 1.000000 0.000000
vt 1.000000 1.000000
vt 0.000000 1.000000
f 7221/7221 7222/7222 7223/7223 7224/7224
v 0.460898 1.878250 1.110820
v 0.472941 1.872370 1.096911
v 0.474265 1.860664 1.103663
v 0.462812 1.866257 1.116891
vt 0.000000 0.000000
vt 1.000000 0.000000
vt 1.000000 1.000000
vt 0.000000 1.000000
f 7225/7225 7226/7226 7227/7227 7228/7228
v 0.472941 1.872370 1.096911
v 0.490343 1.869106 1.089192
v 0.490815 1.857560 1.096322
v 0.474265 1.860664 1.103663
vt 0.000000 0.000000
vt 1.000000 0.000000
vt 1.000000 1.000000
vt 0.000000 1.000000
f 7229/7229 7230/7230 7231/7231 7232/7232
v 0.490343 1.869106 1.089192
v 0.509657 1.869106 1.089192
v 0.509185 1.857560 1.096322
v 0.490815 1.857560 1.096322
vt 0.000000 0.000000
vt 1.000000 0.000000
vt 1.000000 1.000000
vt 0.000000 1.000000
f 7233/7233 7234/7234 7235/7235 7236/7236
v 0.509657 1.869106 1.089192
v 0.527059 1.872370 1.096911
v 0.525735 1.860664 1.103663
v 0.509185 1.857560 1.096322
vt 0.000000 0.000000
vt 1.000000 0.000000
vt 1.000000 1.000000
vt 0.000000 1.000000
f 7237/7237 7238/7238 7239/7239 7240/7240
v 0.527059 1.872370 1.096911
v 0.539102 1.878250 1.110820
v 0.537188 1.866257 1.116891
v 0.525735 1.860664 1.103663
vt 0.000000 0.000000
vt 1.000000 0.000000
vt 1.000000 1.000000
vt 0.000000 1.000000
f 7241/7241 7242/7242 7243/7243 7244/7244
v 0.539102 1.878250 1.110820
v 0.543400 1.885583 1.128164
v 0.541276 1.873231 1.133386
v 0.537188 1.866257 1.116891
vt 0.000000 0.000000
vt 1.000000 0.000000
vt 1.000000 1.000000
vt 0.000000 1.000000
f 7245/7245 7246/7246 7247/7247 7248/7248
v 0.541276 1.873231 1.133386
v 0.537188 1.880205 1.149881
v 0.531634 1.868020 1.152129
v 0.535111 1.862087 1.138098
vt 0.000000 0.000000
vt 1.000000 0.000000
vt 1.000000 1.000000
vt 0.000000 1.000000
f 7249/7249 7250/7250 7251/7251 7252/7252
v 0.537188 1.880205 1.149881
v 0.525735 1.885797 1.163110
v 0.521892 1.872777 1.163382
v 0.531634 1.868020 1.152129
vt 0.000000 0.000000
vt 1.000000 0.000000
vt 1.000000 1.000000
vt 0.000000 1.000000
f 7253/7253 7254/7254 7255/7255 7256/7256
v 0.525735 1.885797 1.163110
v 0.509185 1.888901 1.170451
v 0.507813 1.875417 1.169626
v 0.521892 1.872777 1.163382
vt 0.000000 0.000000
vt 1.000000 0.000000
vt 1.000000 1.000000
vt 0.000000 1.000000
f 7257/7257 7258/7258 7259/7259 7260/7260
v 0.509185 1.888901 1.170451
v 0.490815 1.888901 1.170451
v 0.492187 1.875417 1.169626
v 0.507813 1.875417 1.169626
vt 0.000000 0.000000
vt 1.000000 0.000000
vt 1.000000 1.000000
vt 0.000000 1.000000
f 7261/7261 7262/7262 7263/7263 7264/7264
v 0.490815 1.888901 1.170451
v 0.474265 1.885797 1.163110
v 0.478108 1.872777 1.163382
v 0.492187 1.875417 1.169626
vt 0.000000 0.000000
vt 1.000000 0.000000
vt 1.000000 1.000000
vt 0.000000 1.000000
f 7265/7265 7266/7266 7267/7267 7268/7268
v 0.474265 1.885797 1.163110
v 0.462812 1.880205 1.149881
v 0.468366 1.868020 1.152129
v 0.478108 1.872777 1.163382
vt 0.000000 0.000000
vt 1.000000 0.000000
vt 1.000000 1.000000
vt 0.000000 1.000000
f 7269/7269 7270/7270 7271/7271 7272/7272
v 0.462812 1.880205 1.149881
v 0.458724 1.873231 1.133386
v 0.464889 1.862087 1.138098
v 0.468366 1.868020 1.152129
vt 0.000000 0.000000
vt 1.000000 0.000000
vt 1.000000 1.000000
vt 0.000000 1.000000
f 7273/7273 7274/7274 7275/7275 7276/7276
v 0.458724 1.873231 1.133386
v 0.462812 1.866257 1.116891
v 0.468366 1.856155 1.124066
v 0.464889 1.862087 1.138098
vt 0.000000 0.000000
vt 1.000000 0.000000
vt 1.000000 1.000000
vt 0.000000 1.000000
f 7277/7277 7278/7278 7279/7279 7280/7280
v 0.462812 1.866257 1.116891
v 0.474265 1.860664 1.103663
v 0.478108 1.851397 1.112813
v 0.468366 1.856155 1.124066
vt 0.000000 0.000000
vt 1.000000 0.000000
vt 1.000000 1.000000
vt 0.000000 1.000000
f 7281/7281 7282/7282 7283/7283 7284/7284
v 0.474265 1.860664 1.103663
v 0.490815 1.857560 1.096322
v 0.492187 1.848757 1.106569
v 0.478108 1.851397 1.112813
vt 0.000000 0.000000
vt 1.000000 0.000000
vt 1.000000 1.000000
vt 0.000000 1.000000
f 7285/7285 7286/7286 7287/7287 7288/7288
v 0.490815 1.857560 1.096322
v 0.509185 1.857560 1.096322
v 0.507813 1.848757 1.106569
v 0.492187 1.848757 1.106569
vt 0.000000 0.000000
vt 1.000000 0.000000
vt 1.000000 1.000000
vt 0.000000 1.000000
f 7289/7289 7290/7290 7291/7291 7292/7292
v 0.509185 1.857560 1.096322
v 0.525735 1.860664 1.103663
v 0.521892 1.851397 1.112813
v 0.507813 1.848757 1.106569
vt 0.000000 0.000000
vt 1.000000 0.000000
vt 1.000000 1.000000
vt 0.000000 1.000000
f 7293/7293 7294/7294 7295/7295 7296/7296
v 0.525735 1.860664 1.103663
v 0.537188 1.866257 1.116891
v 0.531634 1.856155 1.124066
v 0.521892 1.851397 1.112813
vt 0.000000 0.000000
vt 1.000000 0.000000
vt 1.000000 1.000000
vt 0.000000 1.000000
f 7297/7297 7298/7298 7299/7299 7300/7300
v 0.537188 1.866257 1.116891
v 0.541276 1.873231 1.133386
v 0.535111 1.862087 1.138098
v 0.531634 1.856155 1.124066
vt 0.000000 0.000000
vt 1.000000 0.000000
vt 1.000000 1.000000
vt 0.000000 1.000000
f 7301/7301 7302/7302 7303/7303 7304/7304
v 0.535111 1.862087 1.138098
v 0.531634 1.868020 1.152129
v 0.522984 1.857554 1.152031
v 0.525510 1.853244 1.141837
vt 0.000000 0.000000
vt 1.000000 0.000000
vt 1.000000 1.000000
vt 0.000000 1.000000
f 7305/7305 7306/7306 7307/7307 7308/7308
v 0.531634 1.868020 1.152129
v 0.521892 1.872777 1.163382
v 0.515905 1.861010 1.160207
v 0.522984 1.857554 1.152031
vt 0.000000 0.000000
vt 1.000000 0.000000
vt 1.000000 1.000000
vt 0.000000 1.000000
f 7309/7309 7310/7310 7311/7311 7312/7312
v 0.521892 1.872777 1.163382
v 0.507813 1.875417 1.169626
v 0.505676 1.862929 1.164744
v 0.515905 1.861010 1.160207
vt 0.000000 0.000000
vt 1.000000 0.000000
vt 1.000000 1.000000
vt 0.000000 1.000000
f 7313/7313 7314/7314 7315/7315 7316/7316
v 0.507813 1.875417 1.169626
v 0.492187 1.875417 1.169626
v 0.494324 1.862929 1.164744
v 0.505676 1.862929 1.164744
vt 0.000000 0.000000
vt 1.000000 0.000000
vt 1.000000 1.000000
vt 0.000000 1.000000
f 7317/7317 7318/7318 7319/7319 7320/7320
v 0.492187 1.875417 1.169626
v 0.478108 1.872777 1.163382
v 0.484095 1.861010 1.160207
v 0.494324 1.862929 1.164744
vt 0.000000 0.000000
vt 1.000000 0.000000
vt 1.000000 1.000000
vt 0.000000 1.000000
f 7321/7321 7322/7322 7323/7323 7324/7324
v 0.478108 1.872777 1.163382
v 0.468366 1.868020 1.152129
v 0.477016 1.857554 1.152031
v 0.484095 1.861010 1.160207
vt 0.000000 0.000000
vt 1.000000 0.000000
vt 1.000000 1.000000
vt 0.000000 1.000000
f 7325/7325 7326/7326 7327/7327 7328/7328
v 0.468366 1.868020 1.152129
v 0.464889 1.862087 1.138098
v 0.474490 1.853244 1.141837
v 0.477016 1.857554 1.152031
vt 0.000000 0.000000
vt 1.000000 0.000000
vt 1.000000 1.000000
vt 0.000000 1.000000
f 7329/7329 7330/7330 7331/7331 7332/7332
v 0.464889 1.862087 1.138098
v 0.468366 1.856155 1.124066
v 0.477016 1.848933 1.131642
v 0.474490 1.853244 1.141837
vt 0.000000 0.000000
vt 1.000000 0.000000
vt 1.000000 1.000000
vt 0.000000 1.000000
f 7333/7333 7334/7334 7335/7335 7336/7336
v 0.468366 1.856155 1.124066
v 0.478108 1.851397 1.112813
v 0.484095 1.845477 1.123467
v 0.477016 1.848933 1.131642
vt 0.000000 0.000000
vt 1.000000 0.000000
vt 1.000000 1.000000
vt 0.000000 1.000000
f 7337/7337 7338/7338 7339/7339 7340/7340
v 0.478108 1.851397 1.112813
v 0.492187 1.848757 1.106569
v 0.494324 1.843559 1.118930
v 0.484095 1.845477 1.123467
vt 0.000000 0.000000
vt 1.000000 0.000000
vt 1.000000 1.000000
vt 0.000000 1.000000
f 7341/7341 7342/7342 7343/7343 7344/7344
v 0.492187 1.848757 1.106569
v 0.507813 1.848757 1.106569
v 0.505676 1.843559 1.118930
v 0.494324 1.843559 1.118930
vt 0.000000 0.000000
vt 1.000000 0.000000
vt 1.000000 1.000000
vt 0.000000 1.000000
f 7345/7345 7346/7346 7347/7347 7348/7348
v 0.507813 1.848757 1.106569
v 0.521892 1.851397 1.112813
v 0.515905 1.845477 1.123467
v 0.505676 1.843559 1.118930
vt 0.000000 0.000000
vt 1.000000 0.000000
vt 1.000000 1.000000
vt 0.000000 1.000000
f 7349/7349 7350/7350 7351/7351 7352/7352
v 0.521892 1.851397 1.112813
v 0.531634 1.856155 1.124066
v 0.522984 1.848933 1.131642
v 0.515905 1.845477 1.123467
vt 0.000000 0.000000
vt 1.000000 0.000000
vt 1.000000 1.000000
vt 0.000000 1.000000
f 7353/7353 7354/7354 7355/7355 7356/7356
v 0.531634 1.856155 1.124066
v 0.535111 1.862087 1.138098
v 0.525510 1.853244 1.141837
v 0.522984 1.848933 1.131642
vt 0.000000 0.000000
vt 1.000000 0.000000
vt 1.000000 1.000000
vt 0.000000 1.000000
f 7357/7357 7358/7358 7359/7359 7360/7360
v 0.525510 1.853244 1.141837
v 0.522984 1.857554 1.152031
v 0.512083 1.849832 1.149597
v 0.513411 1.847566 1.144237
vt 0.000000 0.000000
vt 1.000000 0.000000
vt 1.000000 1.000000
vt 0.000000 1.000000
f 7361/7361 7362/7362 7363/7363 7364/7364
v 0.522984 1.857554 1.152031
v 0.515905 1.861010 1.160207
v 0.508362 1.851649 1.153895
v 0.512083 1.849832 1.149597
vt 0.000000 0.000000
vt 1.000000 0.000000
vt 1.000000 1.000000
vt 0.000000 1.000000
f 7365/7365 7366/7366 7367/7367 7368/7368
v 0.515905 1.861010 1.160207
v 0.505676 1.862929 1.164744
v 0.502984 1.852657 1.156280
v 0.508362 1.851649 1.153895
vt 0.000000 0.000000
vt 1.000000 0.000000
vt 1.000000 1.000000
vt 0.000000 1.000000
f 7369/7369 7370/7370 7371/7371 7372/7372
v 0.505676 1.862929 1.164744
v 0.494324 1.862929 1.164744
v 0.497016 1.852657 1.156280
v 0.502984 1.852657 1.156280
vt 0.000000 0.000000
vt 1.000000 0.000000
vt 1.000000 1.000000
vt 0.000000 1.000000
f 7373/7373 7374/7374 7375/7375 7376/7376
v 0.494324 1.862929 1.164744
v 0.484095 1.861010 1.160207
v 0.491638 1.851649 1.153895
v 0.497016 1.852657 1.156280
vt 0.000000 0.000000
vt 1.000000 0.000000
vt 1.000000 1.000000
vt 0.000000 1.000000
f 7377/7377 7378/7378 7379/7379 7380/7380
v 0.484095 1.861010 1.160207
v 0.477016 1.857554 1.152031
v 0.487917 1.849832 1.149597
v 0.491638 1.851649 1.153895
vt 0.000000 0.000000
vt 1.000000 0.000000
vt 1.000000 1.000000
vt 0.000000 1.000000
f 7381/7381 7382/7382 7383/7383 7384/7384
v 0.477016 1.857554 1.152031
v 0.474490 1.853244 1.141837
v 0.486589 1.847566 1.144237
v 0.487917 1.849832 1.149597
vt 0.000000 0.000000
vt 1.000000 0.000000
vt 1.000000 1.000000
vt 0.000000 1.000000
f 7385/7385 7386/7386 7387/7387 7388/7388
v 0.474490 1.853244 1.141837
v 0.477016 1.848933 1.131642
v 0.487917 1.845300 1.138878
v 0.486589 1.847566 1.144237
vt 0.000000 0.000000
vt 1.000000 0.000000
vt 1.000000 1.000000
vt 0.000000 1.000000
f 7389/7389 7390/7390 7391/7391 7392/7392
v 0.477016 1.848933 1.131642
v 0.484095 1.845477 1.123467
v 0.491638 1.843483 1.134579
v 0.487917 1.845300 1.138878
vt 0.000000 0.000000
vt 1.000000 0.000000
vt 1.000000 1.000000
vt 0.000000 1.000000
f 7393/7393 7394/7394 7395/7395 7396/7396
v 0.484095 1.845477 1.123467
v 0.494324 1.843559 1.118930
v 0.497016 1.842474 1.132194
v 0.491638 1.843483 1.134579
vt 0.000000 0.000000
vt 1.000000 0.000000
vt 1.000000 1.000000
vt 0.000000 1.000000
f 7397/7397 7398/7398 7399/7399 7400/7400
v 0.494324 1.843559 1.118930
v 0.505676 1.843559 1.118930
v 0.502984 1.842474 1.132194
v 0.497016 1.842474 1.132194
vt 0.000000 0.000000
vt 1.000000 0.000000
vt 1.000000 1.000000
vt 0.000000 1.000000
f 7401/7401 7402/7402 7403/7403 7404/7404
v 0.505676 1.843559 1.118930
v 0.515905 1.845477 1.123467
v 0.508362 1.843483 1.134579
v 0.502984 1.842474 1.132194
vt 0.000000 0.000000
vt 1.000000 0.000000
vt 1.000000 1.000000
vt 0.000000 1.000000
f 7405/7405 7406/7406 7407/7407 7408/7408
v 0.515905 1.845477 1.123467
v 0.522984 1.848933 1.131642
v 0.512083 1.845300 1.138878
v 0.508362 1.843483 1.134579
vt 0.000000 0.000000
vt 1.000000 0.000000
vt 1.000000 1.000000
vt 0.000000 1.000000
f 7409/7409 7410/7410 7411/7411 7412/7412
v 0.522984 1.848933 1.131642
v 0.525510 1.853244 1.141837
v 0.513411 1.847566 1.144237
v 0.512083 1.845300 1.138878
vt 0.000000 0.000000
vt 1.000000 0.000000
vt 1.000000 1.000000
vt 0.000000 1.000000
f 7413/7413 7414/7414 7415/7415 7416/7416
v 0.513411 1.847566 1.144237
v 0.512083 1.849832 1.149597
v 0.500000 1.845609 1.145064
v 0.500000 1.845609 1.145064
vt 0.000000 0.000000
vt 1.000000 0.000000
vt 1.000000 1.000000
vt 0.000000 1.000000
f 7417/7417 7418/7418 7419/7419 7420/7420
v 0.512083 1.849832 1.149597
v 0.508362 1.851649 1.153895
v 0.500000 1.845609 1.145064
v 0.500000 1.845609 1.145064
vt 0.000000 0.000000
vt 1.000000 0.000000
vt 1.000000 1.000000
vt 0.000000 1.000000
f 7421/7421 7422/7422 7423/7423 7424/7424
v 0.508362 1.851649 1.153895
v 0.502984 1.852657 1.156280
v 0.500000 1.845609 1.145064
v 0.500000 1.845609 1.145064
vt 0.000000 0.000000
vt 1.000000 0.000000
vt 1.000000 1.000000
vt 0.000000 1.000000
f 7425/7425 7426/7426 7427/7427 7428/7428
v 0.502984 1.852657 1.156280
v 0.497016 1.852657 1.156280
v 0.500000 1.845609 1.145064
v 0.500000 1.845609 1.145064
vt 0.000000 0.000000
vt 1.000000 0.000000
vt 1.000000 1.000000
vt 0.000000 1.000000
f 7429/7429 7430/7430 7431/7431 7432/7432
v 0.497016 1.852657 1.156280
v 0.491638 1.851649 1.153895
v 0.500000 1.845609 1.145064
v 0.500000 1.845609 1.145064
vt 0.000000 0.000000
vt 1.000000 0.000000
vt 1.000000 1.000000
vt 0.000000 1.000000
f 7433/7433 7434/7434 7435/7435 7436/7436
v 0.491638 1.851649 1.153895
v 0.487917 1.849832 1.149597
v 0.500000 1.845609 1.145064
v 0.500000 1.845609 1.145064
vt 0.000000 0.000000
vt 1.000000 0.000000
vt 1.000000 1.000000
vt 0.000000 1.000000
f 7437/7437 7438/7438 7439/7439 7440/7440
v 0.487917 1.849832 1.149597
v 0.486589 1.847566 1.144237
v 0.500000 1.845609 1.145064
v 0.500000 1.845609 1.145064
vt 0.000000 0.000000
vt 1.000000 0.000000
vt 1.000000 1.000000
vt 0.000000 1.000000
f 7441/7441 7442/7442 7443/7443 7444/7444
v 0.486589 1.847566 1.144237
v 0.487917 1.845300 1.138878
v 0.500000 1.845609 1.145064
v 0.500000 1.845609 1.145064
vt 0.000000 0.000000
vt 1.000000 0.000000
vt 1.000000 1.000000
vt 0.000000 1.000000
f 7445/7445 7446/7446 7447/7447 7448/7448
v 0.487917 1.845300 1.138878
v 0.491638 1.843483 1.134579
v 0.500000 1.845609 1.145064
v 0.500000 1.845609 1.145064
vt 0.000000 0.000000
vt 1.000000 0.000000
vt 1.000000 1.000000
vt 0.000000 1.000000
f 7449/7449 7450/7450 7451/7451 7452/7452
v 0.491638 1.843483 1.134579
v 0.497016 1.842474 1.132194
v 0.500000 1.845609 1.145064
v 0.500000 1.845609 1.145064
vt 0.000000 0.000000
vt 1.000000 0.000000
vt 1.000000 1.000000
vt 0.000000 1.000000
f 7453/7453 7454/7454 7455/7455 7456/7456
v 0.497016 1.842474 1.132194
v 0.502984 1.842474 1.132194
v 0.500000 1.845609 1.145064
v 0.500000 1.845609 1.145064
vt 0.000000 0.000000
vt 1.000000 0.000000
vt 1.000000 1.000000
vt 0.000000 1.000000
f 7457/7457 7458/7458 7459/7459 7460/7460
v 0.502984 1.842474 1.132194
v 0.508362 1.843483 1.134579
v 0.500000 1.845609 1.145064
v 0.500000 1.845609 1.145064
vt 0.000000 0.000000
vt 1.000000 0.000000
vt 1.000000 1.000000
vt 0.000000 1.000000
f 7461/7461 7462/7462 7463/7463 7464/7464
v 0.508362 1.843483 1.134579
v 0.512083 1.845300 1.138878
v 0.500000 1.845609 1.145064
v 0.500000 1.845609 1.145064
vt 0.000000 0.000000
vt 1.000000 0.000000
vt 1.000000 1.000000
vt 0.000000 1.000000
f 7465/7465 7466/7466 7467/7467 7468/7468
v 0.512083 1.845300 1.138878
v 0.513411 1.847566 1.144237
v 0.500000 1.845609 1.145064
v 0.500000 1.845609 1.145064
vt 0.000000 0.000000
vt 1.000000 0.000000
vt 1.000000 1.000000
vt 0.000000 1.000000
f 7469/7469 7470/7470 7471/7471 7472/7472
usemtl dark
v 0.938859 1.694057 0.675161
v 0.941068 1.702264 0.674308
v 0.494668 1.861614 1.051206
v 0.492459 1.853407 1.052059
vt 0.000000 0.000000
vt 0.125000 0.000000
vt 0.125000 1.000000
vt 0.000000 1.000000
f 7473/7473 7474/7474 7475/7475 7476/7476
v 0.946400 1.697261 0.682739
v 0.941068 1.702264 0.674308
v 0.938859 1.694057 0.675161
vt 0.000000 0.000000
vt 1.000000 0.000000
vt 1.000000 1.000000
f 7477/7477 7478/7478 7479/7479
v 0.500000 1.856611 1.059637
v 0.492459 1.853407 1.052059
v 0.494668 1.861614 1.051206
vt 0.000000 0.000000
vt 1.000000 0.000000
vt 1.000000 1.000000
f 7480/7480 7481/7481 7482/7482
v 0.941068 1.702264 0.674308
v 0.946400 1.707540 0.678393
v 0.500000 1.866890 1.055291
v 0.494668 1.861614 1.051206
vt 0.125000 0.000000
vt 0.250000 0.000000
vt 0.250000 1.000000
vt 0.125000 1.000000
f 7483/7483 7484/7484 7485/7485 7486/7486
v 0.946400 1.697261 0.682739
v 0.946400 1.707540 0.678393
v 0.941068 1.702264 0.674308
vt 0.000000 0.000000
vt 1.000000 0.000000
vt 1.000000 1.000000
f 7487/7487 7488/7488 7489/7489
v 0.500000 1.856611 1.059637
v 0.494668 1.861614 1.051206
v 0.500000 1.866890 1.055291
vt 0.000000 0.000000
vt 1.000000 0.000000
vt 1.000000 1.000000
f 7490/7490 7491/7491 7492/7492
v 0.946400 1.707540 0.678393
v 0.951732 1.706794 0.685023
v 0.505332 1.866144 1.061922
v 0.500000 1.866890 1.055291
vt 0.250000 0.000000
vt 0.375000 0.000000
vt 0.375000 1.000000
vt 0.250000 1.000000
f 7493/7493 7494/7494 7495/7495 7496/7496
v 0.946400 1.697261 0.682739
v 0.951732 1.706794 0.685023
v 0.946400 1.707540 0.678393
vt 0.000000 0.000000
vt 1.000000 0.000000
vt 1.000000 1.000000
f 7497/7497 7498/7498 7499/7499
v 0.500000 1.856611 1.059637
v 0.500000 1.866890 1.055291
v 0.505332 1.866144 1.061922
vt 0.000000 0.000000
vt 1.000000 0.000000
vt 1.000000 1.000000
f 7500/7500 7501/7501 7502/7502
v 0.951732 1.706794 0.685023
v 0.953941 1.700464 0.690316
v 0.507541 1.859814 1.067214
v 0.505332 1.866144 1.061922
vt 0.375000 0.000000
vt 0.500000 0.000000
vt 0.500000 1.000000
vt 0.375000 1.000000
f 7503/7503 7504/7504 7505/7505 7506/7506
v 0.946400 1.697261 0.682739
v 0.953941 1.700464 0.690316
v 0.951732 1.706794 0.685023
vt 0.000000 0.000000
vt 1.000000 0.000000
vt 1.000000 1.000000
f 7507/7507 7508/7508 7509/7509
v 0.500000 1.856611 1.059637
v 0.505332 1.866144 1.061922
v 0.507541 1.859814 1.067214
vt 0.000000 0.000000
vt 1.000000 0.000000
vt 1.000000 1.000000
f 7510/7510 7511/7511 7512/7512
v 0.953941 1.700464 0.690316
v 0.951732 1.692258 0.691169
v 0.505332 1.851607 1.068068
v 0.507541 1.859814 1.067214
vt 0.500000 0.000000
vt 0.625000 0.000000
vt 0.625000 1.000000
vt 0.500000 1.000000
f 7513/7513 7514/7514 7515/7515 7516/7516
v 0.946400 1.697261 0.682739
v 0.951732 1.692258 0.691169
v 0.953941 1.700464 0.690316
vt 0.000000 0.000000
vt 1.000000 0.000000
vt 1.000000 1.000000
f 7517/7517 7518/7518 7519/7519
v 0.500000 1.856611 1.059637
v 0.507541 1.859814 1.067214
v 0.505332 1.851607 1.068068
vt 0.000000 0.000000
vt 1.000000 0.000000
vt 1.000000 1.000000
f 7520/7520 7521/7521 7522/7522
v 0.951732 1.692258 0.691169
v 0.946400 1.686982 0.687084
v 0.500000 1.846332 1.063983
v 0.505332 1.851607 1.068068
vt 0.625000 0.000000
vt 0.750000 0.000000
vt 0.750000 1.000000
vt 0.625000 1.000000
f 7523/7523 7524/7524 7525/7525 7526/7526
v 0.946400 1.697261 0.682739
v 0.946400 1.686982 0.687084
v 0.951732 1.692258 0.691169
vt 0.000000 0.000000
vt 1.000000 0.000000
vt 1.000000 1.000000
f 7527/7527 7528/7528 7529/7529
v 0.500000 1.856611 1.059637
v 0.505332 1.851607 1.068068
v 0.500000 1.846332 1.063983
vt 0.000000 0.000000
vt 1.000000 0.000000
vt 1.000000 1.000000
f 7530/7530 7531/7531 7532/7532
v 0.946400 1.686982 0.687084
v 0.941068 1.687727 0.680454
v 0.494668 1.847077 1.057352
v 0.500000 1.846332 1.063983
vt 0.750000 0.000000
vt 0.875000 0.000000
vt 0.875000 1.000000
vt 0.750000 1.000000
f 7533/7533 7534/7534 7535/7535 7536/7536
v 0.946400 1.697261 0.682739
v 0.941068 1.687727 0.680454
v 0.946400 1.686982 0.687084
vt 0.000000 0.000000
vt 1.000000 0.000000
vt 1.000000 1.000000
f 7537/7537 7538/7538 7539/7539
v 0.500000 1.856611 1.059637
v 0.500000 1.846332 1.063983
v 0.494668 1.847077 1.057352
vt 0.000000 0.000000
vt 1.000000 0.000000
vt 1.000000 1.000000
f 7540/7540 7541/7541 7542/7542
v 0.941068 1.687727 0.680454
v 0.938859 1.694057 0.675161
v 0.492459 1.853407 1.052059
v 0.494668 1.847077 1.057352
vt 0.875000 0.000000
vt 1.000000 0.000000
vt 1.000000 1.000000
vt 0.875000 1.000000
f 7543/7543 7544/7544 7545/7545 7546/7546
v 0.946400 1.697261 0.682739
v 0.938859 1.694057 0.675161
v 0.941068 1.687727 0.680454
vt 0.000000 0.000000
vt 1.000000 0.000000
vt 1.000000 1.000000
f 7547/7547 7548/7548 7549/7549
v 0.500000 1.856611 1.059637
v 0.494668 1.847077 1.057352
v 0.492459 1.853407 1.052059
vt 0.000000 0.000000
vt 1.000000 0.000000
vt 1.000000 1.000000
f 7550/7550 7551/7551 7552/7552
v 0.267003 2.055418 0.537114
v 0.272285 2.062125 0.537380
v 0.495485 1.865399 1.064825
v 0.490203 1.858692 1.064559
vt 0.000000 0.000000
vt 0.125000 0.000000
vt 0.125000 1.000000
vt 0.000000 1.000000
f 7553/7553 7554/7554 7555/7555 7556/7556
v 0.276800 2.053337 0.532192
v 0.272285 2.062125 0.537380
v 0.267003 2.055418 0.537114
vt 0.000000 0.000000
vt 1.000000 0.000000
vt 1.000000 1.000000
f 7557/7557 7558/7558 7559/7559
v 0.500000 1.856611 1.059637
v 0.490203 1.858692 1.064559
v 0.495485 1.865399 1.064825
vt 0.000000 0.000000
vt 1.000000 0.000000
vt 1.000000 1.000000
f 7560/7560 7561/7561 7562/7562
v 0.272285 2.062125 0.537380
v 0.280212 2.063685 0.534608
v 0.503412 1.866958 1.062052
v 0.495485 1.865399 1.064825
vt 0.125000 0.000000
vt 0.250000 0.000000
vt 0.250000 1.000000
vt 0.125000 1.000000
f 7563/7563 7564/7564 7565/7565 7566/7566
v 0.276800 2.053337 0.532192
v 0.280212 2.063685 0.534608
v 0.272285 2.062125 0.537380
vt 0.000000 0.000000
vt 1.000000 0.000000
vt 1.000000 1.000000
f 7567/7567 7568/7568 7569/7569
v 0.500000 1.856611 1.059637
v 0.495485 1.865399 1.064825
v 0.503412 1.866958 1.062052
vt 0.000000 0.000000
vt 1.000000 0.000000
vt 1.000000 1.000000
f 7570/7570 7571/7571 7572/7572
v 0.280212 2.063685 0.534608
v 0.286140 2.059182 0.530420
v 0.509340 1.862456 1.057864
v 0.503412 1.866958 1.062052
vt 0.250000 0.000000
vt 0.375000 0.000000
vt 0.375000 1.000000
vt 0.250000 1.000000
f 7573/7573 7574/7574 7575/7575 7576/7576
v 0.276800 2.053337 0.532192
v 0.286140 2.059182 0.530420
v 0.280212 2.063685 0.534608
vt 0.000000 0.000000
vt 1.000000 0.000000
vt 1.000000 1.000000
f 7577/7577 7578/7578 7579/7579
v 0.500000 1.856611 1.059637
v 0.503412 1.866958 1.062052
v 0.509340 1.862456 1.057864
vt 0.000000 0.000000
vt 1.000000 0.000000
vt 1.000000 1.000000
f 7580/7580 7581/7581 7582/7582
v 0.286140 2.059182 0.530420
v 0.286597 2.051256 0.527270
v 0.509797 1.854530 1.054715
v 0.509340 1.862456 1.057864
vt 0.375000 0.000000
vt 0.500000 0.000000
vt 0.500000 1.000000
vt 0.375000 1.000000
f 7583/7583 7584/7584 7585/7585 7586/7586
v 0.276800 2.053337 0.532192
v 0.286597 2.051256 0.527270
v 0.286140 2.059182 0.530420
vt 0.000000 0.000000
vt 1.000000 0.000000
vt 1.000000 1.000000
f 7587/7587 7588/7588 7589/7589
v 0.500000 1.856611 1.059637
v 0.509340 1.862456 1.057864
v 0.509797 1.854530 1.054715
vt 0.000000 0.000000
vt 1.000000 0.000000
vt 1.000000 1.000000
f 7590/7590 7591/7591 7592/7592
v 0.286597 2.051256 0.527270
v 0.281315 2.044549 0.527003
v 0.504515 1.847822 1.054448
v 0.509797 1.854530 1.054715
vt 0.500000 0.000000
vt 0.625000 0.000000
vt 0.625000 1.000000
vt 0.500000 1.000000
f 7593/7593 7594/7594 7595/7595 7596/7596
v 0.276800 2.053337 0.532192
v 0.281315 2.044549 0.527003
v 0.286597 2.051256 0.527270
vt 0.000000 0.000000
vt 1.000000 0.000000
vt 1.000000 1.000000
f 7597/7597 7598/7598 7599/7599
v 0.500000 1.856611 1.059637
v 0.509797 1.854530 1.054715
v 0.504515 1.847822 1.054448
vt 0.000000 0.000000
vt 1.000000 0.000000
vt 1.000000 1.000000
f 7600/7600 7601/7601 7602/7602
v 0.281315 2.044549 0.527003
v 0.273388 2.042990 0.529776
v 0.496588 1.846263 1.057221
v 0.504515 1.847822 1.054448
vt 0.625000 0.000000
vt 0.750000 0.000000
vt 0.750000 1.000000
vt 0.625000 1.000000
f 7603/7603 7604/7604 7605/7605 7606/7606
v 0.276800 2.053337 0.532192
v 0.273388 2.042990 0.529776
v 0.281315 2.044549 0.527003
vt 0.000000 0.000000
vt 1.000000 0.000000
vt 1.000000 1.000000
f 7607/7607 7608/7608 7609/7609
v 0.500000 1.856611 1.059637
v 0.504515 1.847822 1.054448
v 0.496588 1.846263 1.057221
vt 0.000000 0.000000
vt 1.000000 0.000000
vt 1.000000 1.000000
f 7610/7610 7611/7611 7612/7612
v 0.273388 2.042990 0.529776
v 0.267460 2.047492 0.533964
v 0.490660 1.850765 1.061409
v 0.496588 1.846263 1.057221
vt 0.750000 0.000000
vt 0.875000 0.000000
vt 0.875000 1.000000
vt 0.750000 1.000000
f 7613/7613 7614/7614 7615/7615 7616/7616
v 0.276800 2.053337 0.532192
v 0.267460 2.047492 0.533964
v 0.273388 2.042990 0.529776
vt 0.000000 0.000000
vt 1.000000 0.000000
vt 1.000000 1.000000
f 7617/7617 7618/7618 7619/7619
v 0.500000 1.856611 1.059637
v 0.496588 1.846263 1.057221
v 0.490660 1.850765 1.061409
vt 0.000000 0.000000
vt 1.000000 0.000000
vt 1.000000 1.000000
f 7620/7620 7621/7621 7622/7622
v 0.267460 2.047492 0.533964
v 0.267003 2.055418 0.537114
v 0.490203 1.858692 1.064559
v 0.490660 1.850765 1.061409
vt 0.875000 0.000000
vt 1.000000 0.000000
vt 1.000000 1.000000
vt 0.875000 1.000000
f 7623/7623 7624/7624 7625/7625 7626/7626
v 0.276800 2.053337 0.532192
v 0.267003 2.055418 0.537114
v 0.267460 2.047492 0.533964
vt 0.000000 0.000000
vt 1.000000 0.000000
vt 1.000000 1.000000
f 7627/7627 7628/7628 7629/7629
v 0.500000 1.856611 1.059637
v 0.490660 1.850765 1.061409
v 0.490203 1.858692 1.064559
vt 0.000000 0.000000
vt 1.000000 0.000000
vt 1.000000 1.000000
f 7630/7630 7631/7631 7632/7632
v 0.267003 1.343265 0.838207
v 0.267460 1.346528 0.830327
v 0.490660 1.861954 1.056678
v 0.490203 1.858692 1.064559
vt 0.000000 0.000000
vt 0.125000 0.000000
vt 0.125000 1.000000
vt 0.000000 1.000000
f 7633/7633 7634/7634 7635/7635 7636/7636
v 0.276800 1.341184 0.833285
v 0.267460 1.346528 0.830327
v 0.267003 1.343265 0.838207
vt 0.000000 0.000000
vt 1.000000 0.000000
vt 1.000000 1.000000
f 7637/7637 7638/7638 7639/7639
v 0.500000 1.856611 1.059637
v 0.490203 1.858692 1.064559
v 0.490660 1.861954 1.056678
vt 0.000000 0.000000
vt 1.000000 0.000000
vt 1.000000 1.000000
f 7640/7640 7641/7641 7642/7642
v 0.267460 1.346528 0.830327
v 0.273388 1.346660 0.824179
v 0.496588 1.862087 1.050531
v 0.490660 1.861954 1.056678
vt 0.125000 0.000000
vt 0.250000 0.000000
vt 0.250000 1.000000
vt 0.125000 1.000000
f 7643/7643 7644/7644 7645/7645 7646/7646
v 0.276800 1.341184 0.833285
v 0.273388 1.346660 0.824179
v 0.267460 1.346528 0.830327
vt 0.000000 0.000000
vt 1.000000 0.000000
vt 1.000000 1.000000
f 7647/7647 7648/7648 7649/7649
v 0.500000 1.856611 1.059637
v 0.490660 1.861954 1.056678
v 0.496588 1.862087 1.050531
vt 0.000000 0.000000
vt 1.000000 0.000000
vt 1.000000 1.000000
f 7650/7650 7651/7651 7652/7652
v 0.273388 1.346660 0.824179
v 0.281315 1.343585 0.823366
v 0.504515 1.859011 1.049717
v 0.496588 1.862087 1.050531
vt 0.250000 0.000000
vt 0.375000 0.000000
vt 0.375000 1.000000
vt 0.250000 1.000000
f 7653/7653 7654/7654 7655/7655 7656/7656
v 0.276800 1.341184 0.833285
v 0.281315 1.343585 0.823366
v 0.273388 1.346660 0.824179
vt 0.000000 0.000000
vt 1.000000 0.000000
vt 1.000000 1.000000
f 7657/7657 7658/7658 7659/7659
v 0.500000 1.856611 1.059637
v 0.496588 1.862087 1.050531
v 0.504515 1.859011 1.049717
vt 0.000000 0.000000
vt 1.000000 0.000000
vt 1.000000 1.000000
f 7660/7660 7661/7661 7662/7662
v 0.281315 1.343585 0.823366
v 0.286597 1.339103 0.828363
v 0.509797 1.854530 1.054715
v 0.504515 1.859011 1.049717
vt 0.375000 0.000000
vt 0.500000 0.000000
vt 0.500000 1.000000
vt 0.375000 1.000000
f 7663/7663 7664/7664 7665/7665 7666/7666
v 0.276800 1.341184 0.833285
v 0.286597 1.339103 0.828363
v 0.281315 1.343585 0.823366
vt 0.000000 0.000000
vt 1.000000 0.000000
vt 1.000000 1.000000
f 7667/7667 7668/7668 7669/7669
v 0.500000 1.856611 1.059637
v 0.504515 1.859011 1.049717
v 0.509797 1.854530 1.054715
vt 0.000000 0.000000
vt 1.000000 0.000000
vt 1.000000 1.000000
f 7670/7670 7671/7671 7672/7672
v 0.286597 1.339103 0.828363
v 0.286140 1.335840 0.836244
v 0.509340 1.851267 1.062595
v 0.509797 1.854530 1.054715
vt 0.500000 0.000000
vt 0.625000 0.000000
vt 0.625000 1.000000
vt 0.500000 1.000000
f 7673/7673 7674/7674 7675/7675 7676/7676
v 0.276800 1.341184 0.833285
v 0.286140 1.335840 0.836244
v 0.286597 1.339103 0.828363
vt 0.000000 0.000000
vt 1.000000 0.000000
vt 1.000000 1.000000
f 7677/7677 7678/7678 7679/7679
v 0.500000 1.856611 1.059637
v 0.509797 1.854530 1.054715
v 0.509340 1.851267 1.062595
vt 0.000000 0.000000
vt 1.000000 0.000000
vt 1.000000 1.000000
f 7680/7680 7681/7681 7682/7682
v 0.286140 1.335840 0.836244
v 0.280212 1.335708 0.842391
v 0.503412 1.851134 1.068743
v 0.509340 1.851267 1.062595
vt 0.625000 0.000000
vt 0.750000 0.000000
vt 0.750000 1.000000
vt 0.625000 1.000000
f 7683/7683 7684/7684 7685/7685 7686/7686
v 0.276800 1.341184 0.833285
v 0.280212 1.335708 0.842391
v 0.286140 1.335840 0.836244
vt 0.000000 0.000000
vt 1.000000 0.000000
vt 1.000000 1.000000
f 7687/7687 7688/7688 7689/7689
v 0.500000 1.856611 1.059637
v 0.509340 1.851267 1.062595
v 0.503412 1.851134 1.068743
vt 0.000000 0.000000
vt 1.000000 0.000000
vt 1.000000 1.000000
f 7690/7690 7691/7691 7692/7692
v 0.280212 1.335708 0.842391
v 0.272285 1.338783 0.843205
v 0.495485 1.854210 1.069556
v 0.503412 1.851134 1.068743
vt 0.750000 0.000000
vt 0.875000 0.000000
vt 0.875000 1.000000
vt 0.750000 1.000000
f 7693/7693 7694/7694 7695/7695 7696/7696
v 0.276800 1.341184 0.833285
v 0.272285 1.338783 0.843205
v 0.280212 1.335708 0.842391
vt 0.000000 0.000000
vt 1.000000 0.000000
vt 1.000000 1.000000
f 7697/7697 7698/7698 7699/7699
v 0.500000 1.856611 1.059637
v 0.503412 1.851134 1.068743
v 0.495485 1.854210 1.069556
vt 0.000000 0.000000
vt 1.000000 0.000000
vt 1.000000 1.000000
f 7700/7700 7701/7701 7702/7702
v 0.272285 1.338783 0.843205
v 0.267003 1.343265 0.838207
v 0.490203 1.858692 1.064559
v 0.495485 1.854210 1.069556
vt 0.875000 0.000000
vt 1.000000 0.000000
vt 1.000000 1.000000
vt 0.875000 1.000000
f 7703/7703 7704/7704 7705/7705 7706/7706
v 0.276800 1.341184 0.833285
v 0.267003 1.343265 0.838207
v 0.272285 1.338783 0.843205
vt 0.000000 0.000000
vt 1.000000 0.000000
vt 1.000000 1.000000
f 7707/7707 7708/7708 7709/7709
v 0.500000 1.856611 1.059637
v 0.495485 1.854210 1.069556
v 0.490203 1.858692 1.064559
vt 0.000000 0.000000
vt 1.000000 0.000000
vt 1.000000 1.000000
f 7710/7710 7711/7711 7712/7712
v 0.413200 1.515908 0.476696
v 0.586800 1.515908 0.476696
v 0.586800 1.675804 0.409093
v 0.413200 1.675804 0.409093
vt 0.000000 0.000000
vt 1.000000 0.000000
vt 1.000000 1.000000
vt 0.000000 1.000000
f 7713/7713 7714/7714 7715/7715 7716/7716
v 0.586800 1.578682 0.625171
v 0.413200 1.578682 0.625171
v 0.413200 1.738578 0.557568
v 0.586800 1.738578 0.557568
vt 0.000000 0.000000
vt 1.000000 0.000000
vt 1.000000 1.000000
vt 0.000000 1.000000
f 7717/7717 7718/7718 7719/7719 7720/7720
v 0.413200 1.578682 0.625171
v 0.413200 1.515908 0.476696
v 0.413200 1.675804 0.409093
v 0.413200 1.738578 0.557568
vt 0.000000 0.000000
vt 1.000000 0.000000
vt 1.000000 1.000000
vt 0.000000 1.000000
f 7721/7721 7722/7722 7723/7723 7724/7724
v 0.586800 1.515908 0.476696
v 0.586800 1.578682 0.625171
v 0.586800 1.738578 0.557568
v 0.586800 1.675804 0.409093
vt 0.000000 0.000000
vt 1.000000 0.000000
vt 1.000000 1.000000
vt 0.000000 1.000000
f 7725/7725 7726/7726 7727/7727 7728/7728
v 0.413200 1.675804 0.409093
v 0.586800 1.675804 0.409093
v 0.586800 1.738578 0.557568
v 0.413200 1.738578 0.557568
vt 0.000000 0.000000
vt 1.000000 0.000000
vt 1.000000 1.000000
vt 0.000000 1.000000
f 7729/7729 7730/7730 7731/7731 7732/7732
v 0.413200 1.578682 0.625171
v 0.586800 1.578682 0.625171
v 0.586800 1.515908 0.476696
v 0.413200 1.515908 0.476696
vt 0.000000 0.000000
vt 1.000000 0.000000
vt 1.000000 1.000000
vt 0.000000 1.000000
f 7733/7733 7734/7734 7735/7735 7736/7736
usemtl body
v 0.450400 1.552397 0.340104
v 0.454176 1.569880 0.332712
v 0.454176 1.647140 0.515451
v 0.450400 1.629658 0.522842
vt 0.000000 0.000000
vt 0.062500 0.000000
vt 0.062500 1.000000
vt 0.000000 1.000000
f 7737/7737 7738/7738 7739/7739 7740/7740
v 0.500000 1.552397 0.340104
v 0.454176 1.569880 0.332712
v 0.450400 1.552397 0.340104
vt 0.000000 0.000000
vt 1.000000 0.000000
vt 1.000000 1.000000
f 7741/7741 7742/7742 7743/7743
v 0.500000 1.629658 0.522842
v 0.450400 1.629658 0.522842
v 0.454176 1.647140 0.515451
vt 0.000000 0.000000
vt 1.000000 0.000000
vt 1.000000 1.000000
f 7744/7744 7745/7745 7746/7746
v 0.454176 1.569880 0.332712
v 0.464928 1.584701 0.326446
v 0.464928 1.661961 0.509184
v 0.454176 1.647140 0.515451
vt 0.062500 0.000000
vt 0.125000 0.000000
vt 0.125000 1.000000
vt 0.062500 1.000000
f 7747/7747 7748/7748 7749/7749 7750/7750
v 0.500000 1.552397 0.340104
v 0.464928 1.584701 0.326446
v 0.454176 1.569880 0.332712
vt 0.000000 0.000000
vt 1.000000 0.000000
vt 1.000000 1.000000
f 7751/7751 7752/7752 7753/7753
v 0.500000 1.629658 0.522842
v 0.454176 1.647140 0.515451
v 0.464928 1.661961 0.509184
vt 0.000000 0.000000
vt 1.000000 0.000000
vt 1.000000 1.000000
f 7754/7754 7755/7755 7756/7756
v 0.464928 1.584701 0.326446
v 0.481019 1.594604 0.322259
v 0.481019 1.671865 0.504997
v 0.464928 1.661961 0.509184
vt 0.125000 0.000000
vt 0.187500 0.000000
vt 0.187500 1.000000
vt 0.125000 1.000000
f 7757/7757 7758/7758 7759/7759 7760/7760
v 0.500000 1.552397 0.340104
v 0.481019 1.594604 0.322259
v 0.464928 1.584701 0.326446
vt 0.000000 0.000000
vt 1.000000 0.000000
vt 1.000000 1.000000
f 7761/7761 7762/7762 7763/7763
v 0.500000 1.629658 0.522842
v 0.464928 1.661961 0.509184
v 0.481019 1.671865 0.504997
vt 0.000000 0.000000
vt 1.000000 0.000000
vt 1.000000 1.000000
f 7764/7764 7765/7765 7766/7766
v 0.481019 1.594604 0.322259
v 0.500000 1.598082 0.320789
v 0.500000 1.675342 0.503527
v 0.481019 1.671865 0.504997
vt 0.187500 0.000000
vt 0.250000 0.000000
vt 0.250000 1.000000
vt 0.187500 1.000000
f 7767/7767 7768/7768 7769/7769 7770/7770
v 0.500000 1.552397 0.340104
v 0.500000 1.598082 0.320789
v 0.481019 1.594604 0.322259
vt 0.000000 0.000000
vt 1.000000 0.000000
vt 1.000000 1.000000
f 7771/7771 7772/7772 7773/7773
v 0.500000 1.629658 0.522842
v 0.481019 1.671865 0.504997
v 0.500000 1.675342 0.503527
vt 0.000000 0.000000
vt 1.000000 0.000000
vt 1.000000 1.000000
f 7774/7774 7775/7775 7776/7776
v 0.500000 1.598082 0.320789
v 0.518981 1.594604 0.322259
v 0.518981 1.671865 0.504997
v 0.500000 1.675342 0.503527
vt 0.250000 0.000000
vt 0.312500 0.000000
vt 0.312500 1.000000
vt 0.250000 1.000000
f 7777/7777 7778/7778 7779/7779 7780/7780
v 0.500000 1.552397 0.340104
v 0.518981 1.594604 0.322259
v 0.500000 1.598082 0.320789
vt 0.000000 0.000000
vt 1.000000 0.000000
vt 1.000000 1.000000
f 7781/7781 7782/7782 7783/7783
v 0.500000 1.629658 0.522842
v 0.500000 1.675342 0.503527
v 0.518981 1.671865 0.504997
vt 0.000000 0.000000
vt 1.000000 0.000000
vt 1.000000 1.000000
f 7784/7784 7785/7785 7786/7786
v 0.518981 1.594604 0.322259
v 0.535072 1.584701 0.326446
v 0.535072 1.661961 0.509184
v 0.518981 1.671865 0.504997
vt 0.312500 0.000000
vt 0.375000 0.000000
vt 0.375000 1.000000
vt 0.312500 1.000000
f 7787/7787 7788/7788 7789/7789 7790/7790
v 0.500000 1.552397 0.340104
v 0.535072 1.584701 0.326446
v 0.518981 1.594604 0.322259
vt 0.000000 0.000000
vt 1.000000 0.000000
vt 1.000000 1.000000
f 7791/7791 7792/7792 7793/7793
v 0.500000 1.629658 0.522842
v 0.518981 1.671865 0.504997
v 0.535072 1.661961 0.509184
vt 0.000000 0.000000
vt 1.000000 0.000000
vt 1.000000 1.000000
f 7794/7794 7795/7795 7796/7796
v 0.535072 1.584701 0.326446
v 0.545824 1.569880 0.332712
v 0.545824 1.647140 0.515451
v 0.535072 1.661961 0.509184
vt 0.375000 0.000000
vt 0.437500 0.000000
vt 0.437500 1.000000
vt 0.375000 1.000000
f 7797/7797 7798/7798 7799/7799 7800/7800
v 0.500000 1.552397 0.340104
v 0.545824 1.569880 0.332712
v 0.535072 1.584701 0.326446
vt 0.000000 0.000000
vt 1.000000 0.000000
vt 1.000000 1.000000
f 7801/7801 7802/7802 7803/7803
v 0.500000 1.629658 0.522842
v 0.535072 1.661961 0.509184
v 0.545824 1.647140 0.515451
vt 0.000000 0.000000
vt 1.000000 0.000000
vt 1.000000 1.000000
f 7804/7804 7805/7805 7806/7806
v 0.545824 1.569880 0.332712
v 0.549600 1.552397 0.340104
v 0.549600 1.629658 0.522842
v 0.545824 1.647140 0.515451
vt 0.437500 0.000000
vt 0.500000 0.000000
vt 0.500000 1.000000
vt 0.437500 1.000000
f 7807/7807 7808/7808 7809/7809 7810/7810
v 0.500000 1.552397 0.340104
v 0.549600 1.552397 0.340104
v 0.545824 1.569880 0.332712
vt 0.000000 0.000000
vt 1.000000 0.000000
vt 1.000000 1.000000
f 7811/7811 7812/7812 7813/7813
v 0.500000 1.629658 0.522842
v 0.545824 1.647140 0.515451
v 0.549600 1.629658 0.522842
vt 0.000000 0.000000
vt 1.000000 0.000000
vt 1.000000 1.000000
f 7814/7814 7815/7815 7816/7816
v 0.549600 1.552397 0.340104
v 0.545824 1.534914 0.347495
v 0.545824 1.612175 0.530234
v 0.549600 1.629658 0.522842
vt 0.500000 0.000000
vt 0.562500 0.000000
vt 0.562500 1.000000
vt 0.500000 1.000000
f 7817/7817 7818/7818 7819/7819 7820/7820
v 0.500000 1.552397 0.340104
v 0.545824 1.534914 0.347495
v 0.549600 1.552397 0.340104
vt 0.000000 0.000000
vt 1.000000 0.000000
vt 1.000000 1.000000
f 7821/7821 7822/7822 7823/7823
v 0.500000 1.629658 0.522842
v 0.549600 1.629658 0.522842
v 0.545824 1.612175 0.530234
vt 0.000000 0.000000
vt 1.000000 0.000000
vt 1.000000 1.000000
f 7824/7824 7825/7825 7826/7826
v 0.545824 1.534914 0.347495
v 0.535072 1.520093 0.353762
v 0.535072 1.597354 0.536500
v 0.545824 1.612175 0.530234
vt 0.562500 0.000000
vt 0.625000 0.000000
vt 0.625000 1.000000
vt 0.562500 1.000000
f 7827/7827 7828/7828 7829/7829 7830/7830
v 0.500000 1.552397 0.340104
v 0.535072 1.520093 0.353762
v 0.545824 1.534914 0.347495
vt 0.000000 0.000000
vt 1.000000 0.000000
vt 1.000000 1.000000
f 7831/7831 7832/7832 7833/7833
v 0.500000 1.629658 0.522842
v 0.545824 1.612175 0.530234
v 0.535072 1.597354 0.536500
vt 0.000000 0.000000
vt 1.000000 0.000000
vt 1.000000 1.000000
f 7834/7834 7835/7835 7836/7836
v 0.535072 1.520093 0.353762
v 0.518981 1.510190 0.357949
v 0.518981 1.587450 0.540687
v 0.535072 1.597354 0.536500
vt 0.625000 0.000000
vt 0.687500 0.000000
vt 0.687500 1.000000
vt 0.625000 1.000000
f 7837/7837 7838/7838 7839/7839 7840/7840
v 0.500000 1.552397 0.340104
v 0.518981 1.510190 0.357949
v 0.535072 1.520093 0.353762
vt 0.000000 0.000000
vt 1.000000 0.000000
vt 1.000000 1.000000
f 7841/7841 7842/7842 7843/7843
v 0.500000 1.629658 0.522842
v 0.535072 1.597354 0.536500
v 0.518981 1.587450 0.540687
vt 0.000000 0.000000
vt 1.000000 0.000000
vt 1.000000 1.000000
f 7844/7844 7845/7845 7846/7846
v 0.518981 1.510190 0.357949
v 0.500000 1.506712 0.359419
v 0.500000 1.583973 0.542157
v 0.518981 1.587450 0.540687
vt 0.687500 0.000000
vt 0.750000 0.000000
vt 0.750000 1.000000
vt 0.687500 1.000000
f 7847/7847 7848/7848 7849/7849 7850/7850
v 0.500000 1.552397 0.340104
v 0.500000 1.506712 0.359419
v 0.518981 1.510190 0.357949
vt 0.000000 0.000000
vt 1.000000 0.000000
vt 1.000000 1.000000
f 7851/7851 7852/7852 7853/7853
v 0.500000 1.629658 0.522842
v 0.518981 1.587450 0.540687
v 0.500000 1.583973 0.542157
vt 0.000000 0.000000
vt 1.000000 0.000000
vt 1.000000 1.000000
f 7854/7854 7855/7855 7856/7856
v 0.500000 1.506712 0.359419
v 0.481019 1.510190 0.357949
v 0.481019 1.587450 0.540687
v 0.500000 1.583973 0.542157
vt 0.750000 0.000000
vt 0.812500 0.000000
vt 0.812500 1.000000
vt 0.750000 1.000000
f 7857/7857 7858/7858 7859/7859 7860/7860
v 0.500000 1.552397 0.340104
v 0.481019 1.510190 0.357949
v 0.500000 1.506712 0.359419
vt 0.000000 0.000000
vt 1.000000 0.000000
vt 1.000000 1.000000
f 7861/7861 7862/7862 7863/7863
v 0.500000 1.629658 0.522842
v 0.500000 1.583973 0.542157
v 0.481019 1.587450 0.540687
vt 0.000000 0.000000
vt 1.000000 0.000000
vt 1.000000 1.000000
f 7864/7864 7865/7865 7866/7866
v 0.481019 1.510190 0.357949
v 0.464928 1.520093 0.353762
v 0.464928 1.597354 0.536500
v 0.481019 1.587450 0.540687
vt 0.812500 0.000000
vt 0.875000 0.000000
vt 0.875000 1.000000
vt 0.812500 1.000000
f 7867/7867 7868/7868 7869/7869 7870/7870
v 0.500000 1.552397 0.340104
v 0.464928 1.520093 0.353762
v 0.481019 1.510190 0.357949
vt 0.000000 0.000000
vt 1.000000 0.000000
vt 1.000000 1.000000
f 7871/7871 7872/7872 7873/7873
v 0.500000 1.629658 0.522842
v 0.481019 1.587450 0.540687
v 0.464928 1.597354 0.536500
vt 0.000000 0.000000
vt 1.000000 0.000000
vt 1.000000 1.000000
f 7874/7874 7875/7875 7876/7876
v 0.464928 1.520093 0.353762
v 0.454176 1.534914 0.347495
v 0.454176 1.612175 0.530234
v 0.464928 1.597354 0.536500
vt 0.875000 0.000000
vt 0.937500 0.000000
vt 0.937500 1.000000
vt 0.875000 1.000000
f 7877/7877 7878/7878 7879/7879 7880/7880
v 0.500000 1.552397 0.340104
v 0.454176 1.534914 0.347495
v 0.464928 1.520093 0.353762
vt 0.000000 0.000000
vt 1.000000 0.000000
vt 1.000000 1.000000
f 7881/7881 7882/7882 7883/7883
v 0.500000 1.629658 0.522842
v 0.464928 1.597354 0.536500
v 0.454176 1.612175 0.530234
vt 0.000000 0.000000
vt 1.000000 0.000000
vt 1.000000 1.000000
f 7884/7884 7885/7885 7886/7886
v 0.454176 1.534914 0.347495
v 0.450400 1.552397 0.340104
v 0.450400 1.629658 0.522842
v 0.454176 1.612175 0.530234
vt 0.937500 0.000000
vt 1.000000 0.000000
vt 1.000000 1.000000
vt 0.937500 1.000000
f 7887/7887 7888/7888 7889/7889 7890/7890
v 0.500000 1.552397 0.340104
v 0.450400 1.552397 0.340104
v 0.454176 1.534914 0.347495
vt 0.000000 0.000000
vt 1.000000 0.000000
vt 1.000000 1.000000
f 7891/7891 7892/7892 7893/7893
v 0.500000 1.629658 0.522842
v 0.454176 1.612175 0.530234
v 0.450400 1.629658 0.522842
vt 0.000000 0.000000
vt 1.000000 0.000000
vt 1.000000 1.000000
f 7894/7894 7895/7895 7896/7896
usemtl dark
v 0.338800 1.503647 0.320327
v 0.661200 1.503647 0.320327
v 0.661200 1.572174 0.291354
v 0.338800 1.572174 0.291354
vt 0.000000 0.000000
vt 1.000000 0.000000
vt 1.000000 1.000000
vt 0.000000 1.000000
f 7897/7897 7898/7898 7899/7899 7900/7900
v 0.661200 1.551935 0.434538
v 0.338800 1.551935 0.434538
v 0.338800 1.620462 0.405566
v 0.661200 1.620462 0.405566
vt 0.000000 0.000000
vt 1.000000 0.000000
vt 1.000000 1.000000
vt 0.000000 1.000000
f 7901/7901 7902/7902 7903/7903 7904/7904
v 0.338800 1.551935 0.434538
v 0.338800 1.503647 0.320327
v 0.338800 1.572174 0.291354
v 0.338800 1.620462 0.405566
vt 0.000000 0.000000
vt 1.000000 0.000000
vt 1.000000 1.000000
vt 0.000000 1.000000
f 7905/7905 7906/7906 7907/7907 7908/7908
v 0.661200 1.503647 0.320327
v 0.661200 1.551935 0.434538
v 0.661200 1.620462 0.405566
v 0.661200 1.572174 0.291354
vt 0.000000 0.000000
vt 1.000000 0.000000
vt 1.000000 1.000000
vt 0.000000 1.000000
f 7909/7909 7910/7910 7911/7911 7912/7912
v 0.338800 1.572174 0.291354
v 0.661200 1.572174 0.291354
v 0.661200 1.620462 0.405566
v 0.338800 1.620462 0.405566
vt 0.000000 0.000000
vt 1.000000 0.000000
vt 1.000000 1.000000
vt 0.000000 1.000000
f 7913/7913 7914/7914 7915/7915 7916/7916
v 0.338800 1.551935 0.434538
v 0.661200 1.551935 0.434538
v 0.661200 1.503647 0.320327
v 0.338800 1.503647 0.320327
vt 0.000000 0.000000
vt 1.000000 0.000000
vt 1.000000 1.000000
vt 0.000000 1.000000
f 7917/7917 7918/7918 7919/7919 7920/7920
usemtl yellow
v 0.379720 1.624829 0.511421
v 0.382262 1.630482 0.509031
v 0.382262 1.635890 0.521823
v 0.379720 1.630237 0.524213
vt 0.000000 0.000000
vt 0.125000 0.000000
vt 0.125000 1.000000
vt 0.000000 1.000000
f 7921/7921 7922/7922 7923/7923 7924/7924
v 0.388400 1.624829 0.511421
v 0.382262 1.630482 0.509031
v 0.379720 1.624829 0.511421
vt 0.000000 0.000000
vt 1.000000 0.000000
vt 1.000000 1.000000
f 7925/7925 7926/7926 7927/7927
v 0.388400 1.630237 0.524213
v 0.379720 1.630237 0.524213
v 0.382262 1.635890 0.521823
vt 0.000000 0.000000
vt 1.000000 0.000000
vt 1.000000 1.000000
f 7928/7928 7929/7929 7930/7930
v 0.382262 1.630482 0.509031
v 0.388400 1.632824 0.508041
v 0.388400 1.638232 0.520833
v 0.382262 1.635890 0.521823
vt 0.125000 0.000000
vt 0.250000 0.000000
vt 0.250000 1.000000
vt 0.125000 1.000000
f 7931/7931 7932/7932 7933/7933 7934/7934
v 0.388400 1.624829 0.511421
v 0.388400 1.632824 0.508041
v 0.382262 1.630482 0.509031
vt 0.000000 0.000000
vt 1.000000 0.000000
vt 1.000000 1.000000
f 7935/7935 7936/7936 7937/7937
v 0.388400 1.630237 0.524213
v 0.382262 1.635890 0.521823
v 0.388400 1.638232 0.520833
vt 0.000000 0.000000
vt 1.000000 0.000000
vt 1.000000 1.000000
f 7938/7938 7939/7939 7940/7940
v 0.388400 1.632824 0.508041
v 0.394538 1.630482 0.509031
v 0.394538 1.635890 0.521823
v 0.388400 1.638232 0.520833
vt 0.250000 0.000000
vt 0.375000 0.000000
vt 0.375000 1.000000
vt 0.250000 1.000000
f 7941/7941 7942/7942 7943/7943 7944/7944
v 0.388400 1.624829 0.511421
v 0.394538 1.630482 0.509031
v 0.388400 1.632824 0.508041
vt 0.000000 0.000000
vt 1.000000 0.000000
vt 1.000000 1.000000
f 7945/7945 7946/7946 7947/7947
v 0.388400 1.630237 0.524213
v 0.388400 1.638232 0.520833
v 0.394538 1.635890 0.521823
vt 0.000000 0.000000
vt 1.000000 0.000000
vt 1.000000 1.000000
f 7948/7948 7949/7949 7950/7950
v 0.394538 1.630482 0.509031
v 0.397080 1.624829 0.511421
v 0.397080 1.630237 0.524213
v 0.394538 1.635890 0.521823
vt 0.375000 0.000000
vt 0.500000 0.000000
vt 0.500000 1.000000
vt 0.375000 1.000000
f 7951/7951 7952/7952 7953/7953 7954/7954
v 0.388400 1.624829 0.511421
v 0.397080 1.624829 0.511421
v 0.394538 1.630482 0.509031
vt 0.000000 0.000000
vt 1.000000 0.000000
vt 1.000000 1.000000
f 7955/7955 7956/7956 7957/7957
v 0.388400 1.630237 0.524213
v 0.394538 1.635890 0.521823
v 0.397080 1.630237 0.524213
vt 0.000000 0.000000
vt 1.000000 0.000000
vt 1.000000 1.000000
f 7958/7958 7959/7959 7960/7960
v 0.397080 1.624829 0.511421
v 0.394538 1.619176 0.513811
v 0.394538 1.624584 0.526603
v 0.397080 1.630237 0.524213
vt 0.500000 0.000000
vt 0.625000 0.000000
vt 0.625000 1.000000
vt 0.500000 1.000000
f 7961/7961 7962/7962 7963/7963 7964/7964
v 0.388400 1.624829 0.511421
v 0.394538 1.619176 0.513811
v 0.397080 1.624829 0.511421
vt 0.000000 0.000000
vt 1.000000 0.000000
vt 1.000000 1.000000
f 7965/7965 7966/7966 7967/7967
v 0.388400 1.630237 0.524213
v 0.397080 1.630237 0.524213
v 0.394538 1.624584 0.526603
vt 0.000000 0.000000
vt 1.000000 0.000000
vt 1.000000 1.000000
f 7968/7968 7969/7969 7970/7970
v 0.394538 1.619176 0.513811
v 0.388400 1.616834 0.514801
v 0.388400 1.622242 0.527593
v 0.394538 1.624584 0.526603
vt 0.625000 0.000000
vt 0.750000 0.000000
vt 0.750000 1.000000
vt 0.625000 1.000000
f 7971/7971 7972/7972 7973/7973 7974/7974
v 0.388400 1.624829 0.511421
v 0.388400 1.616834 0.514801
v 0.394538 1.619176 0.513811
vt 0.000000 0.000000
vt 1.000000 0.000000
vt 1.000000 1.000000
f 7975/7975 7976/7976 7977/7977
v 0.388400 1.630237 0.524213
v 0.394538 1.624584 0.526603
v 0.388400 1.622242 0.527593
vt 0.000000 0.000000
vt 1.000000 0.000000
vt 1.000000 1.000000
f 7978/7978 7979/7979 7980/7980
v 0.388400 1.616834 0.514801
v 0.382262 1.619176 0.513811
v 0.382262 1.624584 0.526603
v 0.388400 1.622242 0.527593
vt 0.750000 0.000000
vt 0.875000 0.000000
vt 0.875000 1.000000
vt 0.750000 1.000000
f 7981/7981 7982/7982 7983/7983 7984/7984
v 0.388400 1.624829 0.511421
v 0.382262 1.619176 0.513811
v 0.388400 1.616834 0.514801
vt 0.000000 0.000000
vt 1.000000 0.000000
vt 1.000000 1.000000
f 7985/7985 7986/7986 7987/7987
v 0.388400 1.630237 0.524213
v 0.388400 1.622242 0.527593
v 0.382262 1.624584 0.526603
vt 0.000000 0.000000
vt 1.000000 0.000000
vt 1.000000 1.000000
f 7988/7988 7989/7989 7990/7990
v 0.382262 1.619176 0.513811
v 0.379720 1.624829 0.511421
v 0.379720 1.630237 0.524213
v 0.382262 1.624584 0.526603
vt 0.875000 0.000000
vt 1.000000 0.000000
vt 1.000000 1.000000
vt 0.875000 1.000000
f 7991/7991 7992/7992 7993/7993 7994/7994
v 0.388400 1.624829 0.511421
v 0.379720 1.624829 0.511421
v 0.382262 1.619176 0.513811
vt 0.000000 0.000000
vt 1.000000 0.000000
vt 1.000000 1.000000
f 7995/7995 7996/7996 7997/7997
v 0.388400 1.630237 0.524213
v 0.382262 1.624584 0.526603
v 0.379720 1.630237 0.524213
vt 0.000000 0.000000
vt 1.000000 0.000000
vt 1.000000 1.000000
f 7998/7998 7999/7999 8000/8000
v 0.412407 1.697513 0.480691
v 0.414949 1.703166 0.478301
v 0.414949 1.708574 0.491093
v 0.412407 1.702921 0.493483
vt 0.000000 0.000000
vt 0.125000 0.000000
vt 0.125000 1.000000
vt 0.000000 1.000000
f 8001/8001 8002/8002 8003/8003 8004/8004
v 0.421087 1.697513 0.480691
v 0.414949 1.703166 0.478301
v 0.412407 1.697513 0.480691
vt 0.000000 0.000000
vt 1.000000 0.000000
vt 1.000000 1.000000
f 8005/8005 8006/8006 8007/8007
v 0.421087 1.702921 0.493483
v 0.412407 1.702921 0.493483
v 0.414949 1.708574 0.491093
vt 0.000000 0.000000
vt 1.000000 0.000000
vt 1.000000 1.000000
f 8008/8008 8009/8009 8010/8010
v 0.414949 1.703166 0.478301
v 0.421087 1.705507 0.477311
v 0.421087 1.710916 0.490102
v 0.414949 1.708574 0.491093
vt 0.125000 0.000000
vt 0.250000 0.000000
vt 0.250000 1.000000
vt 0.125000 1.000000
f 8011/8011 8012/8012 8013/8013 8014/8014
v 0.421087 1.697513 0.480691
v 0.421087 1.705507 0.477311
v 0.414949 1.703166 0.478301
vt 0.000000 0.000000
vt 1.000000 0.000000
vt 1.000000 1.000000
f 8015/8015 8016/8016 8017/8017
v 0.421087 1.702921 0.493483
v 0.414949 1.708574 0.491093
v 0.421087 1.710916 0.490102
vt 0.000000 0.000000
vt 1.000000 0.000000
vt 1.000000 1.000000
f 8018/8018 8019/8019 8020/8020
v 0.421087 1.705507 0.477311
v 0.427225 1.703166 0.478301
v 0.427225 1.708574 0.491093
v 0.421087 1.710916 0.490102
vt 0.250000 0.000000
vt 0.375000 0.000000
vt 0.375000 1.000000
vt 0.250000 1.000000
f 8021/8021 8022/8022 8023/8023 8024/8024
v 0.421087 1.697513 0.480691
v 0.427225 1.703166 0.478301
v 0.421087 1.705507 0.477311
vt 0.000000 0.000000
vt 1.000000 0.000000
vt 1.000000 1.000000
f 8025/8025 8026/8026 8027/8027
v 0.421087 1.702921 0.493483
v 0.421087 1.710916 0.490102
v 0.427225 1.708574 0.491093
vt 0.000000 0.000000
vt 1.000000 0.000000
vt 1.000000 1.000000
f 8028/8028 8029/8029 8030/8030
v 0.427225 1.703166 0.478301
v 0.429767 1.697513 0.480691
v 0.429767 1.702921 0.493483
v 0.427225 1.708574 0.491093
vt 0.375000 0.000000
vt 0.500000 0.000000
vt 0.500000 1.000000
vt 0.375000 1.000000
f 8031/8031 8032/8032 8033/8033 8034/8034
v 0.421087 1.697513 0.480691
v 0.429767 1.697513 0.480691
v 0.427225 1.703166 0.478301
vt 0.000000 0.000000
vt 1.000000 0.000000
vt 1.000000 1.000000
f 8035/8035 8036/8036 8037/8037
v 0.421087 1.702921 0.493483
v 0.427225 1.708574 0.491093
v 0.429767 1.702921 0.493483
vt 0.000000 0.000000
vt 1.000000 0.000000
vt 1.000000 1.000000
f 8038/8038 8039/8039 8040/8040
v 0.429767 1.697513 0.480691
v 0.427225 1.691859 0.483081
v 0.427225 1.697268 0.495873
v 0.429767 1.702921 0.493483
vt 0.500000 0.000000
vt 0.625000 0.000000
vt 0.625000 1.000000
vt 0.500000 1.000000
f 8041/8041 8042/8042 8043/8043 8044/8044
v 0.421087 1.697513 0.480691
v 0.427225 1.691859 0.483081
v 0.429767 1.697513 0.480691
vt 0.000000 0.000000
vt 1.000000 0.000000
vt 1.000000 1.000000
f 8045/8045 8046/8046 8047/8047
v 0.421087 1.702921 0.493483
v 0.429767 1.702921 0.493483
v 0.427225 1.697268 0.495873
vt 0.000000 0.000000
vt 1.000000 0.000000
vt 1.000000 1.000000
f 8048/8048 8049/8049 8050/8050
v 0.427225 1.691859 0.483081
v 0.421087 1.689518 0.484071
v 0.421087 1.694926 0.496863
v 0.427225 1.697268 0.495873
vt 0.625000 0.000000
vt 0.750000 0.000000
vt 0.750000 1.000000
vt 0.625000 1.000000
f 8051/8051 8052/8052 8053/8053 8054/8054
v 0.421087 1.697513 0.480691
v 0.421087 1.689518 0.484071
v 0.427225 1.691859 0.483081
vt 0.000000 0.000000
vt 1.000000 0.000000
vt 1.000000 1.000000
f 8055/8055 8056/8056 8057/8057
v 0.421087 1.702921 0.493483
v 0.427225 1.697268 0.495873
v 0.421087 1.694926 0.496863
vt 0.000000 0.000000
vt 1.000000 0.000000
vt 1.000000 1.000000
f 8058/8058 8059/8059 8060/8060
v 0.421087 1.689518 0.484071
v 0.414949 1.691859 0.483081
v 0.414949 1.697268 0.495873
v 0.421087 1.694926 0.496863
vt 0.750000 0.000000
vt 0.875000 0.000000
vt 0.875000 1.000000
vt 0.750000 1.000000
f 8061/8061 8062/8062 8063/8063 8064/8064
v 0.421087 1.697513 0.480691
v 0.414949 1.691859 0.483081
v 0.421087 1.689518 0.484071
vt 0.000000 0.000000
vt 1.000000 0.000000
vt 1.000000 1.000000
f 8065/8065 8066/8066 8067/8067
v 0.421087 1.702921 0.493483
v 0.421087 1.694926 0.496863
v 0.414949 1.697268 0.495873
vt 0.000000 0.000000
vt 1.000000 0.000000
vt 1.000000 1.000000
f 8068/8068 8069/8069 8070/8070
v 0.414949 1.691859 0.483081
v 0.412407 1.697513 0.480691
v 0.412407 1.702921 0.493483
v 0.414949 1.697268 0.495873
vt 0.875000 0.000000
vt 1.000000 0.000000
vt 1.000000 1.000000
vt 0.875000 1.000000
f 8071/8071 8072/8072 8073/8073 8074/8074
v 0.421087 1.697513 0.480691
v 0.412407 1.697513 0.480691
v 0.414949 1.691859 0.483081
vt 0.000000 0.000000
vt 1.000000 0.000000
vt 1.000000 1.000000
f 8075/8075 8076/8076 8077/8077
v 0.421087 1.702921 0.493483
v 0.414949 1.697268 0.495873
v 0.412407 1.702921 0.493483
vt 0.000000 0.000000
vt 1.000000 0.000000
vt 1.000000 1.000000
f 8078/8078 8079/8079 8080/8080
v 0.491320 1.727619 0.467962
v 0.493862 1.733272 0.465572
v 0.493862 1.738681 0.478364
v 0.491320 1.733027 0.480754
vt 0.000000 0.000000
vt 0.125000 0.000000
vt 0.125000 1.000000
vt 0.000000 1.000000
f 8081/8081 8082/8082 8083/8083 8084/8084
v 0.500000 1.727619 0.467962
v 0.493862 1.733272 0.465572
v 0.491320 1.727619 0.467962
vt 0.000000 0.000000
vt 1.000000 0.000000
vt 1.000000 1.000000
f 8085/8085 8086/8086 8087/8087
v 0.500000 1.733027 0.480754
v 0.491320 1.733027 0.480754
v 0.493862 1.738681 0.478364
vt 0.000000 0.000000
vt 1.000000 0.000000
vt 1.000000 1.000000
f 8088/8088 8089/8089 8090/8090
v 0.493862 1.733272 0.465572
v 0.500000 1.735614 0.464582
v 0.500000 1.741022 0.477374
v 0.493862 1.738681 0.478364
vt 0.125000 0.000000
vt 0.250000 0.000000
vt 0.250000 1.000000
vt 0.125000 1.000000
f 8091/8091 8092/8092 8093/8093 8094/8094
v 0.500000 1.727619 0.467962
v 0.500000 1.735614 0.464582
v 0.493862 1.733272 0.465572
vt 0.000000 0.000000
vt 1.000000 0.000000
vt 1.000000 1.000000
f 8095/8095 8096/8096 8097/8097
v 0.500000 1.733027 0.480754
v 0.493862 1.738681 0.478364
v 0.500000 1.741022 0.477374
vt 0.000000 0.000000
vt 1.000000 0.000000
vt 1.000000 1.000000
f 8098/8098 8099/8099 8100/8100
v 0.500000 1.735614 0.464582
v 0.506138 1.733272 0.465572
v 0.506138 1.738681 0.478364
v 0.500000 1.741022 0.477374
vt 0.250000 0.000000
vt 0.375000 0.000000
vt 0.375000 1.000000
vt 0.250000 1.000000
f 8101/8101 8102/8102 8103/8103 8104/8104
v 0.500000 1.727619 0.467962
v 0.506138 1.733272 0.465572
v 0.500000 1.735614 0.464582
vt 0.000000 0.000000
vt 1.000000 0.000000
vt 1.000000 1.000000
f 8105/8105 8106/8106 8107/8107
v 0.500000 1.733027 0.480754
v 0.500000 1.741022 0.477374
v 0.506138 1.738681 0.478364
vt 0.000000 0.000000
vt 1.000000 0.000000
vt 1.000000 1.000000
f 8108/8108 8109/8109 8110/8110
v 0.506138 1.733272 0.465572
v 0.508680 1.727619 0.467962
v 0.508680 1.733027 0.480754
v 0.506138 1.738681 0.478364
vt 0.375000 0.000000
vt 0.500000 0.000000
vt 0.500000 1.000000
vt 0.375000 1.000000
f 8111/8111 8112/8112 8113/8113 8114/8114
v 0.500000 1.727619 0.467962
v 0.508680 1.727619 0.467962
v 0.506138 1.733272 0.465572
vt 0.000000 0.000000
vt 1.000000 0.000000
vt 1.000000 1.000000
f 8115/8115 8116/8116 8117/8117
v 0.500000 1.733027 0.480754
v 0.506138 1.738681 0.478364
v 0.508680 1.733027 0.480754
vt 0.000000 0.000000
vt 1.000000 0.000000
vt 1.000000 1.000000
f 8118/8118 8119/8119 8120/8120
v 0.508680 1.727619 0.467962
v 0.506138 1.721966 0.470352
v 0.506138 1.727374 0.483144
v 0.508680 1.733027 0.480754
vt 0.500000 0.000000
vt 0.625000 0.000000
vt 0.625000 1.000000
vt 0.500000 1.000000
f 8121/8121 8122/8122 8123/8123 8124/8124
v 0.500000 1.727619 0.467962
v 0.506138 1.721966 0.470352
v 0.508680 1.727619 0.467962
vt 0.000000 0.000000
vt 1.000000 0.000000
vt 1.000000 1.000000
f 8125/8125 8126/8126 8127/8127
v 0.500000 1.733027 0.480754
v 0.508680 1.733027 0.480754
v 0.506138 1.727374 0.483144
vt 0.000000 0.000000
vt 1.000000 0.000000
vt 1.000000 1.000000
f 8128/8128 8129/8129 8130/8130
v 0.506138 1.721966 0.470352
v 0.500000 1.719624 0.471342
v 0.500000 1.725033 0.484134
v 0.506138 1.727374 0.483144
vt 0.625000 0.000000
vt 0.750000 0.000000
vt 0.750000 1.000000
vt 0.625000 1.000000
f 8131/8131 8132/8132 8133/8133 8134/8134
v 0.500000 1.727619 0.467962
v 0.500000 1.719624 0.471342
v 0.506138 1.721966 0.470352
vt 0.000000 0.000000
vt 1.000000 0.000000
vt 1.000000 1.000000
f 8135/8135 8136/8136 8137/8137
v 0.500000 1.733027 0.480754
v 0.506138 1.727374 0.483144
v 0.500000 1.725033 0.484134
vt 0.000000 0.000000
vt 1.000000 0.000000
vt 1.000000 1.000000
f 8138/8138 8139/8139 8140/8140
v 0.500000 1.719624 0.471342
v 0.493862 1.721966 0.470352
v 0.493862 1.727374 0.483144
v 0.500000 1.725033 0.484134
vt 0.750000 0.000000
vt 0.875000 0.000000
vt 0.875000 1.000000
vt 0.750000 1.000000
f 8141/8141 8142/8142 8143/8143 8144/8144
v 0.500000 1.727619 0.467962
v 0.493862 1.721966 0.470352
v 0.500000 1.719624 0.471342
vt 0.000000 0.000000
vt 1.000000 0.000000
vt 1.000000 1.000000
f 8145/8145 8146/8146 8147/8147
v 0.500000 1.733027 0.480754
v 0.500000 1.725033 0.484134
v 0.493862 1.727374 0.483144
vt 0.000000 0.000000
vt 1.000000 0.000000
vt 1.000000 1.000000
f 8148/8148 8149/8149 8150/8150
v 0.493862 1.721966 0.470352
v 0.491320 1.727619 0.467962
v 0.491320 1.733027 0.480754
v 0.493862 1.727374 0.483144
vt 0.875000 0.000000
vt 1.000000 0.000000
vt 1.000000 1.000000
vt 0.875000 1.000000
f 8151/8151 8152/8152 8153/8153 8154/8154
v 0.500000 1.727619 0.467962
v 0.491320 1.727619 0.467962
v 0.493862 1.721966 0.470352
vt 0.000000 0.000000
vt 1.000000 0.000000
vt 1.000000 1.000000
f 8155/8155 8156/8156 8157/8157
v 0.500000 1.733027 0.480754
v 0.493862 1.727374 0.483144
v 0.491320 1.733027 0.480754
vt 0.000000 0.000000
vt 1.000000 0.000000
vt 1.000000 1.000000
f 8158/8158 8159/8159 8160/8160
v 0.570233 1.697513 0.480691
v 0.572775 1.703166 0.478301
v 0.572775 1.708574 0.491093
v 0.570233 1.702921 0.493483
vt 0.000000 0.000000
vt 0.125000 0.000000
vt 0.125000 1.000000
vt 0.000000 1.000000
f 8161/8161 8162/8162 8163/8163 8164/8164
v 0.578913 1.697513 0.480691
v 0.572775 1.703166 0.478301
v 0.570233 1.697513 0.480691
vt 0.000000 0.000000
vt 1.000000 0.000000
vt 1.000000 1.000000
f 8165/8165 8166/8166 8167/8167
v 0.578913 1.702921 0.493483
v 0.570233 1.702921 0.493483
v 0.572775 1.708574 0.491093
vt 0.000000 0.000000
vt 1.000000 0.000000
vt 1.000000 1.000000
f 8168/8168 8169/8169 8170/8170
v 0.572775 1.703166 0.478301
v 0.578913 1.705507 0.477311
v 0.578913 1.710916 0.490102
v 0.572775 1.708574 0.491093
vt 0.125000 0.000000
vt 0.250000 0.000000
vt 0.250000 1.000000
vt 0.125000 1.000000
f 8171/8171 8172/8172 8173/8173 8174/8174
v 0.578913 1.697513 0.480691
v 0.578913 1.705507 0.477311
v 0.572775 1.703166 0.478301
vt 0.000000 0.000000
vt 1.000000 0.000000
vt 1.000000 1.000000
f 8175/8175 8176/8176 8177/8177
v 0.578913 1.702921 0.493483
v 0.572775 1.708574 0.491093
v 0.578913 1.710916 0.490102
vt 0.000000 0.000000
vt 1.000000 0.000000
vt 1.000000 1.000000
f 8178/8178 8179/8179 8180/8180
v 0.578913 1.705507 0.477311
v 0.585051 1.703166 0.478301
v 0.585051 1.708574 0.491093
v 0.578913 1.710916 0.490102
vt 0.250000 0.000000
vt 0.375000 0.000000
vt 0.375000 1.000000
vt 0.250000 1.000000
f 8181/8181 8182/8182 8183/8183 8184/8184
v 0.578913 1.697513 0.480691
v 0.585051 1.703166 0.478301
v 0.578913 1.705507 0.477311
vt 0.000000 0.000000
vt 1.000000 0.000000
vt 1.000000 1.000000
f 8185/8185 8186/8186 8187/8187
v 0.578913 1.702921 0.493483
v 0.578913 1.710916 0.490102
v 0.585051 1.708574 0.491093
vt 0.000000 0.000000
vt 1.000000 0.000000
vt 1.000000 1.000000
f 8188/8188 8189/8189 8190/8190
v 0.585051 1.703166 0.478301
v 0.587593 1.697513 0.480691
v 0.587593 1.702921 0.493483
v 0.585051 1.708574 0.491093
vt 0.375000 0.000000
vt 0.500000 0.000000
vt 0.500000 1.000000
vt 0.375000 1.000000
f 8191/8191 8192/8192 8193/8193 8194/8194
v 0.578913 1.697513 0.480691
v 0.587593 1.697513 0.480691
v 0.585051 1.703166 0.478301
vt 0.000000 0.000000
vt 1.000000 0.000000
vt 1.000000 1.000000
f 8195/8195 8196/8196 8197/8197
v 0.578913 1.702921 0.493483
v 0.585051 1.708574 0.491093
v 0.587593 1.702921 0.493483
vt 0.000000 0.000000
vt 1.000000 0.000000
vt 1.000000 1.000000
f 8198/8198 8199/8199 8200/8200
v 0.587593 1.697513 0.480691
v 0.585051 1.691859 0.483081
v 0.585051 1.697268 0.495873
v 0.587593 1.702921 0.493483
vt 0.500000 0.000000
vt 0.625000 0.000000
vt 0.625000 1.000000
vt 0.500000 1.000000
f 8201/8201 8202/8202 8203/8203 8204/8204
v 0.578913 1.697513 0.480691
v 0.585051 1.691859 0.483081
v 0.587593 1.697513 0.480691
vt 0.000000 0.000000
vt 1.000000 0.000000
vt 1.000000 1.000000
f 8205/8205 8206/8206 8207/8207
v 0.578913 1.702921 0.493483
v 0.587593 1.702921 0.493483
v 0.585051 1.697268 0.495873
vt 0.000000 0.000000
vt 1.000000 0.000000
vt 1.000000 1.000000
f 8208/8208 8209/8209 8210/8210
v 0.585051 1.691859 0.483081
v 0.578913 1.689518 0.484071
v 0.578913 1.694926 0.496863
v 0.585051 1.697268 0.495873
vt 0.625000 0.000000
vt 0.750000 0.000000
vt 0.750000 1.000000
vt 0.625000 1.000000
f 8211/8211 8212/8212 8213/8213 8214/8214
v 0.578913 1.697513 0.480691
v 0.578913 1.689518 0.484071
v 0.585051 1.691859 0.483081
vt 0.000000 0.000000
vt 1.000000 0.000000
vt 1.000000 1.000000
f 8215/8215 8216/8216 8217/8217
v 0.578913 1.702921 0.493483
v 0.585051 1.697268 0.495873
v 0.578913 1.694926 0.496863
vt 0.000000 0.000000
vt 1.000000 0.000000
vt 1.000000 1.000000
f 8218/8218 8219/8219 8220/8220
v 0.578913 1.689518 0.484071
v 0.572775 1.691859 0.483081
v 0.572775 1.697268 0.495873
v 0.578913 1.694926 0.496863
vt 0.750000 0.000000
vt 0.875000 0.000000
vt 0.875000 1.000000
vt 0.750000 1.000000
f 8221/8221 8222/8222 8223/8223 8224/8224
v 0.578913 1.697513 0.480691
v 0.572775 1.691859 0.483081
v 0.578913 1.689518 0.484071
vt 0.000000 0.000000
vt 1.000000 0.000000
vt 1.000000 1.000000
f 8225/8225 8226/8226 8227/8227
v 0.578913 1.702921 0.493483
v 0.578913 1.694926 0.496863
v 0.572775 1.697268 0.495873
vt 0.000000 0.000000
vt 1.000000 0.000000
vt 1.000000 1.000000
f 8228/8228 8229/8229 8230/8230
v 0.572775 1.691859 0.483081
v 0.570233 1.697513 0.480691
v 0.570233 1.702921 0.493483
v 0.572775 1.697268 0.495873
vt 0.875000 0.000000
vt 1.000000 0.000000
vt 1.000000 1.000000
vt 0.875000 1.000000
f 8231/8231 8232/8232 8233/8233 8234/8234
v 0.578913 1.697513 0.480691
v 0.570233 1.697513 0.480691
v 0.572775 1.691859 0.483081
vt 0.000000 0.000000
vt 1.000000 0.000000
vt 1.000000 1.000000
f 8235/8235 8236/8236 8237/8237
v 0.578913 1.702921 0.493483
v 0.572775 1.697268 0.495873
v 0.570233 1.702921 0.493483
vt 0.000000 0.000000
vt 1.000000 0.000000
vt 1.000000 1.000000
f 8238/8238 8239/8239 8240/8240
v 0.602920 1.624829 0.511421
v 0.605462 1.630482 0.509031
v 0.605462 1.635890 0.521823
v 0.602920 1.630237 0.524213
vt 0.000000 0.000000
vt 0.125000 0.000000
vt 0.125000 1.000000
vt 0.000000 1.000000
f 8241/8241 8242/8242 8243/8243 8244/8244
v 0.611600 1.624829 0.511421
v 0.605462 1.630482 0.509031
v 0.602920 1.624829 0.511421
vt 0.000000 0.000000
vt 1.000000 0.000000
vt 1.000000 1.000000
f 8245/8245 8246/8246 8247/8247
v 0.611600 1.630237 0.524213
v 0.602920 1.630237 0.524213
v 0.605462 1.635890 0.521823
vt 0.000000 0.000000
vt 1.000000 0.000000
vt 1.000000 1.000000
f 8248/8248 8249/8249 8250/8250
v 0.605462 1.630482 0.509031
v 0.611600 1.632824 0.508041
v 0.611600 1.638232 0.520833
v 0.605462 1.635890 0.521823
vt 0.125000 0.000000
vt 0.250000 0.000000
vt 0.250000 1.000000
vt 0.125000 1.000000
f 8251/8251 8252/8252 8253/8253 8254/8254
v 0.611600 1.624829 0.511421
v 0.611600 1.632824 0.508041
v 0.605462 1.630482 0.509031
vt 0.000000 0.000000
vt 1.000000 0.000000
vt 1.000000 1.000000
f 8255/8255 8256/8256 8257/8257
v 0.611600 1.630237 0.524213
v 0.605462 1.635890 0.521823
v 0.611600 1.638232 0.520833
vt 0.000000 0.000000
vt 1.000000 0.000000
vt 1.000000 1.000000
f 8258/8258 8259/8259 8260/8260
v 0.611600 1.632824 0.508041
v 0.617738 1.630482 0.509031
v 0.617738 1.635890 0.521823
v 0.611600 1.638232 0.520833
vt 0.250000 0.000000
vt 0.375000 0.000000
vt 0.375000 1.000000
vt 0.250000 1.000000
f 8261/8261 8262/8262 8263/8263 8264/8264
v 0.611600 1.624829 0.511421
v 0.617738 1.630482 0.509031
v 0.611600 1.632824 0.508041
vt 0.000000 0.000000
vt 1.000000 0.000000
vt 1.000000 1.000000
f 8265/8265 8266/8266 8267/8267
v 0.611600 1.630237 0.524213
v 0.611600 1.638232 0.520833
v 0.617738 1.635890 0.521823
vt 0.000000 0.000000
vt 1.000000 0.000000
vt 1.000000 1.000000
f 8268/8268 8269/8269 8270/8270
v 0.617738 1.630482 0.509031
v 0.620280 1.624829 0.511421
v 0.620280 1.630237 0.524213
v 0.617738 1.635890 0.521823
vt 0.375000 0.000000
vt 0.500000 0.000000
vt 0.500000 1.000000
vt 0.375000 1.000000
f 8271/8271 8272/8272 8273/8273 8274/8274
v 0.611600 1.624829 0.511421
v 0.620280 1.624829 0.511421
v 0.617738 1.630482 0.509031
vt 0.000000 0.000000
vt 1.000000 0.000000
vt 1.000000 1.000000
f 8275/8275 8276/8276 8277/8277
v 0.611600 1.630237 0.524213
v 0.617738 1.635890 0.521823
v 0.620280 1.630237 0.524213
vt 0.000000 0.000000
vt 1.000000 0.000000
vt 1.000000 1.000000
f 8278/8278 8279/8279 8280/8280
v 0.620280 1.624829 0.511421
v 0.617738 1.619176 0.513811
v 0.617738 1.624584 0.526603
v 0.620280 1.630237 0.524213
vt 0.500000 0.000000
vt 0.625000 0.000000
vt 0.625000 1.000000
vt 0.500000 1.000000
f 8281/8281 8282/8282 8283/8283 8284/8284
v 0.611600 1.624829 0.511421
v 0.617738 1.619176 0.513811
v 0.620280 1.624829 0.511421
vt 0.000000 0.000000
vt 1.000000 0.000000
vt 1.000000 1.000000
f 8285/8285 8286/8286 8287/8287
v 0.611600 1.630237 0.524213
v 0.620280 1.630237 0.524213
v 0.617738 1.624584 0.526603
vt 0.000000 0.000000
vt 1.000000 0.000000
vt 1.000000 1.000000
f 8288/8288 8289/8289 8290/8290
v 0.617738 1.619176 0.513811
v 0.611600 1.616834 0.514801
v 0.611600 1.622242 0.527593
v 0.617738 1.624584 0.526603
vt 0.625000 0.000000
vt 0.750000 0.000000
vt 0.750000 1.000000
vt 0.625000 1.000000
f 8291/8291 8292/8292 8293/8293 8294/8294
v 0.611600 1.624829 0.511421
v 0.611600 1.616834 0.514801
v 0.617738 1.619176 0.513811
vt 0.000000 0.000000
vt 1.000000 0.000000
vt 1.000000 1.000000
f 8295/8295 8296/8296 8297/8297
v 0.611600 1.630237 0.524213
v 0.617738 1.624584 0.526603
v 0.611600 1.622242 0.527593
vt 0.000000 0.000000
vt 1.000000 0.000000
vt 1.000000 1.000000
f 8298/8298 8299/8299 8300/8300
v 0.611600 1.616834 0.514801
v 0.605462 1.619176 0.513811
v 0.605462 1.624584 0.526603
v 0.611600 1.622242 0.527593
vt 0.750000 0.000000
vt 0.875000 0.000000
vt 0.875000 1.000000
vt 0.750000 1.000000
f 8301/8301 8302/8302 8303/8303 8304/8304
v 0.611600 1.624829 0.511421
v 0.605462 1.619176 0.513811
v 0.611600 1.616834 0.514801
vt 0.000000 0.000000
vt 1.000000 0.000000
vt 1.000000 1.000000
f 8305/8305 8306/8306 8307/8307
v 0.611600 1.630237 0.524213
v 0.611600 1.622242 0.527593
v 0.605462 1.624584 0.526603
vt 0.000000 0.000000
vt 1.000000 0.000000
vt 1.000000 1.000000
f 8308/8308 8309/8309 8310/8310
v 0.605462 1.619176 0.513811
v 0.602920 1.624829 0.511421
v 0.602920 1.630237 0.524213
v 0.605462 1.624584 0.526603
vt 0.875000 0.000000
vt 1.000000 0.000000
vt 1.000000 1.000000
vt 0.875000 1.000000
f 8311/8311 8312/8312 8313/8313 8314/8314
v 0.611600 1.624829 0.511421
v 0.602920 1.624829 0.511421
v 0.605462 1.619176 0.513811
vt 0.000000 0.000000
vt 1.000000 0.000000
vt 1.000000 1.000000
f 8315/8315 8316/8316 8317/8317
v 0.611600 1.630237 0.524213
v 0.605462 1.624584 0.526603
v 0.602920 1.630237 0.524213
vt 0.000000 0.000000
vt 1.000000 0.000000
vt 1.000000 1.000000
f 8318/8318 8319/8319 8320/8320
v 0.570233 1.552145 0.542151
v 0.572775 1.557798 0.539761
v 0.572775 1.563206 0.552553
v 0.570233 1.557553 0.554943
vt 0.000000 0.000000
vt 0.125000 0.000000
vt 0.125000 1.000000
vt 0.000000 1.000000
f 8321/8321 8322/8322 8323/8323 8324/8324
v 0.578913 1.552145 0.542151
v 0.572775 1.557798 0.539761
v 0.570233 1.552145 0.542151
vt 0.000000 0.000000
vt 1.000000 0.000000
vt 1.000000 1.000000
f 8325/8325 8326/8326 8327/8327
v 0.578913 1.557553 0.554943
v 0.570233 1.557553 0.554943
v 0.572775 1.563206 0.552553
vt 0.000000 0.000000
vt 1.000000 0.000000
vt 1.000000 1.000000
f 8328/8328 8329/8329 8330/8330
v 0.572775 1.557798 0.539761
v 0.578913 1.560140 0.538771
v 0.578913 1.565548 0.551563
v 0.572775 1.563206 0.552553
vt 0.125000 0.000000
vt 0.250000 0.000000
vt 0.250000 1.000000
vt 0.125000 1.000000
f 8331/8331 8332/8332 8333/8333 8334/8334
v 0.578913 1.552145 0.542151
v 0.578913 1.560140 0.538771
v 0.572775 1.557798 0.539761
vt 0.000000 0.000000
vt 1.000000 0.000000
vt 1.000000 1.000000
f 8335/8335 8336/8336 8337/8337
v 0.578913 1.557553 0.554943
v 0.572775 1.563206 0.552553
v 0.578913 1.565548 0.551563
vt 0.000000 0.000000
vt 1.000000 0.000000
vt 1.000000 1.000000
f 8338/8338 8339/8339 8340/8340
v 0.578913 1.560140 0.538771
v 0.585051 1.557798 0.539761
v 0.585051 1.563206 0.552553
v 0.578913 1.565548 0.551563
vt 0.250000 0.000000
vt 0.375000 0.000000
vt 0.375000 1.000000
vt 0.250000 1.000000
f 8341/8341 8342/8342 8343/8343 8344/8344
v 0.578913 1.552145 0.542151
v 0.585051 1.557798 0.539761
v 0.578913 1.560140 0.538771
vt 0.000000 0.000000
vt 1.000000 0.000000
vt 1.000000 1.000000
f 8345/8345 8346/8346 8347/8347
v 0.578913 1.557553 0.554943
v 0.578913 1.565548 0.551563
v 0.585051 1.563206 0.552553
vt 0.000000 0.000000
vt 1.000000 0.000000
vt 1.000000 1.000000
f 8348/8348 8349/8349 8350/8350
v 0.585051 1.557798 0.539761
v 0.587593 1.552145 0.542151
v 0.587593 1.557553 0.554943
v 0.585051 1.563206 0.552553
vt 0.375000 0.000000
vt 0.500000 0.000000
vt 0.500000 1.000000
vt 0.375000 1.000000
f 8351/8351 8352/8352 8353/8353 8354/8354
v 0.578913 1.552145 0.542151
v 0.587593 1.552145 0.542151
v 0.585051 1.557798 0.539761
vt 0.000000 0.000000
vt 1.000000 0.000000
vt 1.000000 1.000000
f 8355/8355 8356/8356 8357/8357
v 0.578913 1.557553 0.554943
v 0.585051 1.563206 0.552553
v 0.587593 1.557553 0.554943
vt 0.000000 0.000000
vt 1.000000 0.000000
vt 1.000000 1.000000
f 8358/8358 8359/8359 8360/8360
v 0.587593 1.552145 0.542151
v 0.585051 1.546492 0.544541
v 0.585051 1.551900 0.557333
v 0.587593 1.557553 0.554943
vt 0.500000 0.000000
vt 0.625000 0.000000
vt 0.625000 1.000000
vt 0.500000 1.000000
f 8361/8361 8362/8362 8363/8363 8364/8364
v 0.578913 1.552145 0.542151
v 0.585051 1.546492 0.544541
v 0.587593 1.552145 0.542151
vt 0.000000 0.000000
vt 1.000000 0.000000
vt 1.000000 1.000000
f 8365/8365 8366/8366 8367/8367
v 0.578913 1.557553 0.554943
v 0.587593 1.557553 0.554943
v 0.585051 1.551900 0.557333
vt 0.000000 0.000000
vt 1.000000 0.000000
vt 1.000000 1.000000
f 8368/8368 8369/8369 8370/8370
v 0.585051 1.546492 0.544541
v 0.578913 1.544150 0.545532
v 0.578913 1.549558 0.558323
v 0.585051 1.551900 0.557333
vt 0.625000 0.000000
vt 0.750000 0.000000
vt 0.750000 1.000000
vt 0.625000 1.000000
f 8371/8371 8372/8372 8373/8373 8374/8374
v 0.578913 1.552145 0.542151
v 0.578913 1.544150 0.545532
v 0.585051 1.546492 0.544541
vt 0.000000 0.000000
vt 1.000000 0.000000
vt 1.000000 1.000000
f 8375/8375 8376/8376 8377/8377
v 0.578913 1.557553 0.554943
v 0.585051 1.551900 0.557333
v 0.578913 1.549558 0.558323
vt 0.000000 0.000000
vt 1.000000 0.000000
vt 1.000000 1.000000
f 8378/8378 8379/8379 8380/8380
v 0.578913 1.544150 0.545532
v 0.572775 1.546492 0.544541
v 0.572775 1.551900 0.557333
v 0.578913 1.549558 0.558323
vt 0.750000 0.000000
vt 0.875000 0.000000
vt 0.875000 1.000000
vt 0.750000 1.000000
f 8381/8381 8382/8382 8383/8383 8384/8384
v 0.578913 1.552145 0.542151
v 0.572775 1.546492 0.544541
v 0.578913 1.544150 0.545532
vt 0.000000 0.000000
vt 1.000000 0.000000
vt 1.000000 1.000000
f 8385/8385 8386/8386 8387/8387
v 0.578913 1.557553 0.554943
v 0.578913 1.549558 0.558323
v 0.572775 1.551900 0.557333
vt 0.000000 0.000000
vt 1.000000 0.000000
vt 1.000000 1.000000
f 8388/8388 8389/8389 8390/8390
v 0.572775 1.546492 0.544541
v 0.570233 1.552145 0.542151
v 0.570233 1.557553 0.554943
v 0.572775 1.551900 0.557333
vt 0.875000 0.000000
vt 1.000000 0.000000
vt 1.000000 1.000000
vt 0.875000 1.000000
f 8391/8391 8392/8392 8393/8393 8394/8394
v 0.578913 1.552145 0.542151
v 0.570233 1.552145 0.542151
v 0.572775 1.546492 0.544541
vt 0.000000 0.000000
vt 1.000000 0.000000
vt 1.000000 1.000000
f 8395/8395 8396/8396 8397/8397
v 0.578913 1.557553 0.554943
v 0.572775 1.551900 0.557333
v 0.570233 1.557553 0.554943
vt 0.000000 0.000000
vt 1.000000 0.000000
vt 1.000000 1.000000
f 8398/8398 8399/8399 8400/8400
v 0.491320 1.522038 0.554880
v 0.493862 1.527692 0.552490
v 0.493862 1.533100 0.565282
v 0.491320 1.527447 0.567672
vt 0.000000 0.000000
vt 0.125000 0.000000
vt 0.125000 1.000000
vt 0.000000 1.000000
f 8401/8401 8402/8402 8403/8403 8404/8404
v 0.500000 1.522038 0.554880
v 0.493862 1.527692 0.552490
v 0.491320 1.522038 0.554880
vt 0.000000 0.000000
vt 1.000000 0.000000
vt 1.000000 1.000000
f 8405/8405 8406/8406 8407/8407
v 0.500000 1.527447 0.567672
v 0.491320 1.527447 0.567672
v 0.493862 1.533100 0.565282
vt 0.000000 0.000000
vt 1.000000 0.000000
vt 1.000000 1.000000
f 8408/8408 8409/8409 8410/8410
v 0.493862 1.527692 0.552490
v 0.500000 1.530033 0.551500
v 0.500000 1.535441 0.564292
v 0.493862 1.533100 0.565282
vt 0.125000 0.000000
vt 0.250000 0.000000
vt 0.250000 1.000000
vt 0.125000 1.000000
f 8411/8411 8412/8412 8413/8413 8414/8414
v 0.500000 1.522038 0.554880
v 0.500000 1.530033 0.551500
v 0.493862 1.527692 0.552490
vt 0.000000 0.000000
vt 1.000000 0.000000
vt 1.000000 1.000000
f 8415/8415 8416/8416 8417/8417
v 0.500000 1.527447 0.567672
v 0.493862 1.533100 0.565282
v 0.500000 1.535441 0.564292
vt 0.000000 0.000000
vt 1.000000 0.000000
vt 1.000000 1.000000
f 8418/8418 8419/8419 8420/8420
v 0.500000 1.530033 0.551500
v 0.506138 1.527692 0.552490
v 0.506138 1.533100 0.565282
v 0.500000 1.535441 0.564292
vt 0.250000 0.000000
vt 0.375000 0.000000
vt 0.375000 1.000000
vt 0.250000 1.000000
f 8421/8421 8422/8422 8423/8423 8424/8424
v 0.500000 1.522038 0.554880
v 0.506138 1.527692 0.552490
v 0.500000 1.530033 0.551500
vt 0.000000 0.000000
vt 1.000000 0.000000
vt 1.000000 1.000000
f 8425/8425 8426/8426 8427/8427
v 0.500000 1.527447 0.567672
v 0.500000 1.535441 0.564292
v 0.506138 1.533100 0.565282
vt 0.000000 0.000000
vt 1.000000 0.000000
vt 1.000000 1.000000
f 8428/8428 8429/8429 8430/8430
v 0.506138 1.527692 0.552490
v 0.508680 1.522038 0.554880
v 0.508680 1.527447 0.567672
v 0.506138 1.533100 0.565282
vt 0.375000 0.000000
vt 0.500000 0.000000
vt 0.500000 1.000000
vt 0.375000 1.000000
f 8431/8431 8432/8432 8433/8433 8434/8434
v 0.500000 1.522038 0.554880
v 0.508680 1.522038 0.554880
v 0.506138 1.527692 0.552490
vt 0.000000 0.000000
vt 1.000000 0.000000
vt 1.000000 1.000000
f 8435/8435 8436/8436 8437/8437
v 0.500000 1.527447 0.567672
v 0.506138 1.533100 0.565282
v 0.508680 1.527447 0.567672
vt 0.000000 0.000000
vt 1.000000 0.000000
vt 1.000000 1.000000
f 8438/8438 8439/8439 8440/8440
v 0.508680 1.522038 0.554880
v 0.506138 1.516385 0.557270
v 0.506138 1.521793 0.570062
v 0.508680 1.527447 0.567672
vt 0.500000 0.000000
vt 0.625000 0.000000
vt 0.625000 1.000000
vt 0.500000 1.000000
f 8441/8441 8442/8442 8443/8443 8444/8444
v 0.500000 1.522038 0.554880
v 0.506138 1.516385 0.557270
v 0.508680 1.522038 0.554880
vt 0.000000 0.000000
vt 1.000000 0.000000
vt 1.000000 1.000000
f 8445/8445 8446/8446 8447/8447
v 0.500000 1.527447 0.567672
v 0.508680 1.527447 0.567672
v 0.506138 1.521793 0.570062
vt 0.000000 0.000000
vt 1.000000 0.000000
vt 1.000000 1.000000
f 8448/8448 8449/8449 8450/8450
v 0.506138 1.516385 0.557270
v 0.500000 1.514044 0.558260
v 0.500000 1.519452 0.571052
v 0.506138 1.521793 0.570062
vt 0.625000 0.000000
vt 0.750000 0.000000
vt 0.750000 1.000000
vt 0.625000 1.000000
f 8451/8451 8452/8452 8453/8453 8454/8454
v 0.500000 1.522038 0.554880
v 0.500000 1.514044 0.558260
v 0.506138 1.516385 0.557270
vt 0.000000 0.000000
vt 1.000000 0.000000
vt 1.000000 1.000000
f 8455/8455 8456/8456 8457/8457
v 0.500000 1.527447 0.567672
v 0.506138 1.521793 0.570062
v 0.500000 1.519452 0.571052
vt 0.000000 0.000000
vt 1.000000 0.000000
vt 1.000000 1.000000
f 8458/8458 8459/8459 8460/8460
v 0.500000 1.514044 0.558260
v 0.493862 1.516385 0.557270
v 0.493862 1.521793 0.570062
v 0.500000 1.519452 0.571052
vt 0.750000 0.000000
vt 0.875000 0.000000
vt 0.875000 1.000000
vt 0.750000 1.000000
f 8461/8461 8462/8462 8463/8463 8464/8464
v 0.500000 1.522038 0.554880
v 0.493862 1.516385 0.557270
v 0.500000 1.514044 0.558260
vt 0.000000 0.000000
vt 1.000000 0.000000
vt 1.000000 1.000000
f 8465/8465 8466/8466 8467/8467
v 0.500000 1.527447 0.567672
v 0.500000 1.519452 0.571052
v 0.493862 1.521793 0.570062
vt 0.000000 0.000000
vt 1.000000 0.000000
vt 1.000000 1.000000
f 8468/8468 8469/8469 8470/8470
v 0.493862 1.516385 0.557270
v 0.491320 1.522038 0.554880
v 0.491320 1.527447 0.567672
v 0.493862 1.521793 0.570062
vt 0.875000 0.000000
vt 1.000000 0.000000
vt 1.000000 1.000000
vt 0.875000 1.000000
f 8471/8471 8472/8472 8473/8473 8474/8474
v 0.500000 1.522038 0.554880
v 0.491320 1.522038 0.554880
v 0.493862 1.516385 0.557270
vt 0.000000 0.000000
vt 1.000000 0.000000
vt 1.000000 1.000000
f 8475/8475 8476/8476 8477/8477
v 0.500000 1.527447 0.567672
v 0.493862 1.521793 0.570062
v 0.491320 1.527447 0.567672
vt 0.000000 0.000000
vt 1.000000 0.000000
vt 1.000000 1.000000
f 8478/8478 8479/8479 8480/8480
v 0.412407 1.552145 0.542151
v 0.414949 1.557798 0.539761
v 0.414949 1.563206 0.552553
v 0.412407 1.557553 0.554943
vt 0.000000 0.000000
vt 0.125000 0.000000
vt 0.125000 1.000000
vt 0.000000 1.000000
f 8481/8481 8482/8482 8483/8483 8484/8484
v 0.421087 1.552145 0.542151
v 0.414949 1.557798 0.539761
v 0.412407 1.552145 0.542151
vt 0.000000 0.000000
vt 1.000000 0.000000
vt 1.000000 1.000000
f 8485/8485 8486/8486 8487/8487
v 0.421087 1.557553 0.554943
v 0.412407 1.557553 0.554943
v 0.414949 1.563206 0.552553
vt 0.000000 0.000000
vt 1.000000 0.000000
vt 1.000000 1.000000
f 8488/8488 8489/8489 8490/8490
v 0.414949 1.557798 0.539761
v 0.421087 1.560140 0.538771
v 0.421087 1.565548 0.551563
v 0.414949 1.563206 0.552553
vt 0.125000 0.000000
vt 0.250000 0.000000
vt 0.250000 1.000000
vt 0.125000 1.000000
f 8491/8491 8492/8492 8493/8493 8494/8494
v 0.421087 1.552145 0.542151
v 0.421087 1.560140 0.538771
v 0.414949 1.557798 0.539761
vt 0.000000 0.000000
vt 1.000000 0.000000
vt 1.000000 1.000000
f 8495/8495 8496/8496 8497/8497
v 0.421087 1.557553 0.554943
v 0.414949 1.563206 0.552553
v 0.421087 1.565548 0.551563
vt 0.000000 0.000000
vt 1.000000 0.000000
vt 1.000000 1.000000
f 8498/8498 8499/8499 8500/8500
v 0.421087 1.560140 0.538771
v 0.427225 1.557798 0.539761
v 0.427225 1.563206 0.552553
v 0.421087 1.565548 0.551563
vt 0.250000 0.000000
vt 0.375000 0.000000
vt 0.375000 1.000000
vt 0.250000 1.000000
f 8501/8501 8502/8502 8503/8503 8504/8504
v 0.421087 1.552145 0.542151
v 0.427225 1.557798 0.539761
v 0.421087 1.560140 0.538771
vt 0.000000 0.000000
vt 1.000000 0.000000
vt 1.000000 1.000000
f 8505/8505 8506/8506 8507/8507
v 0.421087 1.557553 0.554943
v 0.421087 1.565548 0.551563
v 0.427225 1.563206 0.552553
vt 0.000000 0.000000
vt 1.000000 0.000000
vt 1.000000 1.000000
f 8508/8508 8509/8509 8510/8510
v 0.427225 1.557798 0.539761
v 0.429767 1.552145 0.542151
v 0.429767 1.557553 0.554943
v 0.427225 1.563206 0.552553
vt 0.375000 0.000000
vt 0.500000 0.000000
vt 0.500000 1.000000
vt 0.375000 1.000000
f 8511/8511 8512/8512 8513/8513 8514/8514
v 0.421087 1.552145 0.542151
v 0.429767 1.552145 0.542151
v 0.427225 1.557798 0.539761
vt 0.000000 0.000000
vt 1.000000 0.000000
vt 1.000000 1.000000
f 8515/8515 8516/8516 8517/8517
v 0.421087 1.557553 0.554943
v 0.427225 1.563206 0.552553
v 0.429767 1.557553 0.554943
vt 0.000000 0.000000
vt 1.000000 0.000000
vt 1.000000 1.000000
f 8518/8518 8519/8519 8520/8520
v 0.429767 1.552145 0.542151
v 0.427225 1.546492 0.544541
v 0.427225 1.551900 0.557333
v 0.429767 1.557553 0.554943
vt 0.500000 0.000000
vt 0.625000 0.000000
vt 0.625000 1.000000
vt 0.500000 1.000000
f 8521/8521 8522/8522 8523/8523 8524/8524
v 0.421087 1.552145 0.542151
v 0.427225 1.546492 0.544541
v 0.429767 1.552145 0.542151
vt 0.000000 0.000000
vt 1.000000 0.000000
vt 1.000000 1.000000
f 8525/8525 8526/8526 8527/8527
v 0.421087 1.557553 0.554943
v 0.429767 1.557553 0.554943
v 0.427225 1.551900 0.557333
vt 0.000000 0.000000
vt 1.000000 0.000000
vt 1.000000 1.000000
f 8528/8528 8529/8529 8530/8530
v 0.427225 1.546492 0.544541
v 0.421087 1.544150 0.545532
v 0.421087 1.549558 0.558323
v 0.427225 1.551900 0.557333
vt 0.625000 0.000000
vt 0.750000 0.000000
vt 0.750000 1.000000
vt 0.625000 1.000000
f 8531/8531 8532/8532 8533/8533 8534/8534
v 0.421087 1.552145 0.542151
v 0.421087 1.544150 0.545532
v 0.427225 1.546492 0.544541
vt 0.000000 0.000000
vt 1.000000 0.000000
vt 1.000000 1.000000
f 8535/8535 8536/8536 8537/8537
v 0.421087 1.557553 0.554943
v 0.427225 1.551900 0.557333
v 0.421087 1.549558 0.558323
vt 0.000000 0.000000
vt 1.000000 0.000000
vt 1.000000 1.000000
f 8538/8538 8539/8539 8540/8540
v 0.421087 1.544150 0.545532
v 0.414949 1.546492 0.544541
v 0.414949 1.551900 0.557333
v 0.421087 1.549558 0.558323
vt 0.750000 0.000000
vt 0.875000 0.000000
vt 0.875000 1.000000
vt 0.750000 1.000000
f 8541/8541 8542/8542 8543/8543 8544/8544
v 0.421087 1.552145 0.542151
v 0.414949 1.546492 0.544541
v 0.421087 1.544150 0.545532
vt 0.000000 0.000000
vt 1.000000 0.000000
vt 1.000000 1.000000
f 8545/8545 8546/8546 8547/8547
v 0.421087 1.557553 0.554943
v 0.421087 1.549558 0.558323
v 0.414949 1.551900 0.557333
vt 0.000000 0.000000
vt 1.000000 0.000000
vt 1.000000 1.000000
f 8548/8548 8549/8549 8550/8550
v 0.414949 1.546492 0.544541
v 0.412407 1.552145 0.542151
v 0.412407 1.557553 0.554943
v 0.414949 1.551900 0.557333
vt 0.875000 0.000000
vt 1.000000 0.000000
vt 1.000000 1.000000
vt 0.875000 1.000000
f 8551/8551 8552/8552 8553/8553 8554/8554
v 0.421087 1.552145 0.542151
v 0.412407 1.552145 0.542151
v 0.414949 1.546492 0.544541
vt 0.000000 0.000000
vt 1.000000 0.000000
vt 1.000000 1.000000
f 8555/8555 8556/8556 8557/8557
v 0.421087 1.557553 0.554943
v 0.414949 1.551900 0.557333
v 0.412407 1.557553 0.554943
vt 0.000000 0.000000
vt 1.000000 0.000000
vt 1.000000 1.000000
f 8558/8558 8559/8559 8560/8560
